tconst,review
tt0027800,"When you see Boris Karloff and Bela Lugosi as co-stars, you expect to find a well done horror movie, but this was actually quite different, representing as it did what I would describe as an early effort at science fiction. Karloff and Lugosi both play scientists (Rukh and Benet respectively) - competitors to an extent, until Rukh wins Benet over with a demonstration that proves his great theory. The science here was - to say the least - a bit rough around the edges (thus science fiction, with the emphasis on the fiction) but somehow Rukh harnesses some sort of ray from Andromeda that allows him to look at the earth ""several thousand million years ago."" In that pre historic time, a huge meteorite slammed into Africa, leaving deposits of a substance the scientists call ""Radium X"" - which can heal and destroy. A large portion of the movie is set rather tediously in Africa, on a search for the meteorite deposits, which Rukh eventually finds and harnesses to create a great weapon, unfortunately infecting himself with some sort of disease that makes him a great weapon as well.<br /><br />Karloff and Lugosi were both pretty good here. Lugosi pulls off a role in which he's the good guy pretty well, although I frankly found him a bit unconvincing - especially during the scenes set in Africa. The story also plodded along a bit, and while it held my attention it didn't captivate me. Given that this is really a sci-fi rather than a horror flick, and that sci-fi was in its very early stages, I suppose the movie needs to be cut a bit of slack. It was OK - nothing more, but also nothing less than that. 4/10"
tt0034613,"A number of brides are mysteriously murdered while at the altar, and later their bodies are stolen en route to the morgue. Newspaper writer Patricia Hunter decides to investigate these mysterious killings. She discovers that right before each ceremony, the bride was given a rare orchid (supposedly from the groom) which contained a powerful drug that succumbed them. Patricia is told that the orchid was first grown by a Dr. Lorenz, who lives in a secluded estate, with his wife. In reality, Dr. Lorenz is responsible for the crimes, by putting the brides in a suspended state, and using their gland fluid to keep his wife eternally young. Patricia, along with Dr. Foster (who is working with Dr. Lorenz on the medical mystery surrounding his wife) try to force Dr. Lorenz's hand by setting up a phony wedding, which eventually leads Patricia into the mad doctor's clutches. This movie had a very good opening reel, but basically ended up with too many establishing shots and other weak scenes. The cast is decent, Walters and Coffin deserved better, but that's life. Russell steals the show (even out hamming Lugosi- who does not give one of his more memorable performances, even considering his Monograms) as Countess Lorenz playing the role with the qualities of many of the stereotypical characteristics of many of today's Hollywood prima donnas. Weak and contrived ending as well. Rating, based on B movies, 4."
tt0038514,"A scientist (John Carradine--sadly) finds out how to bring the dead back to life. However they come back with faces of marble. Eventually this all leads to disaster.<br /><br />Boring, totally predictable 1940s outing. This scared me silly when I was a kid but just bores me now. I had to struggle to stay awake! With one exception, the acting is horrible. Such expressionless boring actors! Hopeless.<br /><br />There are some good things about this: Carradine, despite the script, actually gives a very good performance. And there are a few mildly creepy moments involving a ghost of a Great Dane walking through walls. There's also one of the worst-looking knockouts in cinema history. Still, none of this is fun enough to sit through this. Avoid."
tt0045064,"This serial is interesting to watch as an MST3K feature, but for todays audience that's all it is. I was really surprised to see the year it was made as 1952. Considering that fact alone makes this a solid (lowly?) 2 in my book. The cars used don't even look contemporary, they look like stuff from the 30's. It's basically Cody (the lone world's salvation? Sheesh talk about an insult to everyone else, like the military), anyway it's Cody in his nipple ring flying suit against Graber and Daley two dumb*ss henchman who sport handguns and an occasional ray gun thats pretty lame in its own right, enjoy. If you want to watch a really good serial see Flash Gordan, it's full of rockets that attack each other and a good evil nemesis and also good looking women, this has NONE of that. And Flash was made 15 or so years before this crap so you can give it some slack. Something made in 1952, this bad, deserves a 2. Nuff said. give it a 6 if your watching it as a MST3K episode, those guys have some good fun with it; a tweak of the nipples here, a tweak there and I'm flying! And now as an added bonus, I bring you the Commander Cody Theme song as originally sung by Joel and his two character bots Tom Servo and Crow aboard the satellite of love for episode eight The Enemy Planet:<br /><br />(Singing at the very beginning credits);<br /><br />(TOM SERVO SINGING) YOUR WATCHING COMMANDER CODY.... HE IS THE NEW CHARACTER FROM REPUBLIC,<br /><br />HE GETS IN TROUBLE EVERY WEEK... BUT HE'S SAVED BY EDITING,<br /><br />JUST A TWEAK OF HIS NIPPLES... SENDS HIM ON HIS WAY,<br /><br />A PUMPKIN HEAD AND A ROCKET PACK.... WILL SAVE THE DAY,<br /><br />(JOEL SINGING) HIS LABRATORY IS A BOXING RING... WHEN BAD GUYS COME TO MIX IT UP,<br /><br />SOMEBODY ALWAYS GETS KIDNAPPED... AND CODY HAS TO FIX IT UP,<br /><br />HE DRINKS HIS TEA AT AL'S CAFE... AND FLIES ALONG ON WIRES,<br /><br />HE BEATS THE CROOKS AND FLIES WITH HOOKS... AND PUTS OUT FOREST FIRES,<br /><br />(CROW SINGING)<br /><br />BAD GUYS BEWARE... CODY IS THERE,<br /><br />YOU'LL LIKE HIS HAIR IT'S UNDER HIS HELMUT... AND BECAUSE WE CAN'T THINK OF A GOOD RHYME,<br /><br />THAT'S THE END OF THE COMMANDER CODY THEME SONG... SO SIT RIGHT BACK WITH A WILL OF GRANITE,<br /><br />AND WATCH CHAPTER EIGHT, CAUSE THAT'S THE ENEMY PLANET"
tt0049223,"I liked how this started out, featuring some decent special-effects especially for a film 50 years old. There was some pretty impressive scenery. However, the film bogs down fairly early on with some very dumb dialog as the males all try to flirt with Anne Francis ""Altaira Morbius."")<br /><br />Viewing this in the '90s after a long absence, it was fun to see Francis again, an actress who has done mostly television shows since this film was released....and is still acting. It also was interesting to see a young-looking Leslie Nielsen (""Dr. John J. Adams""), who I wouldn't have recognized had it not been for this voice <br /><br />I watched half of this movie before the boredom came almost overwhelming and I had a strong desire to go to sleep. I appreciated them re-doing this VHS tape in stereo. but it was a weak effort. This is one those overrated film where ""elites"" think is so ""heavy"" and ""thought-provoking."" That's nonsense. It only appeared ""intelligent"" because the rest of the '50s sci-fi films were so stupid!!<br /><br />Some if the early scenes would have looked great on wideescreen, which I didn't have at the time of this writing. Perhaps another look - this time on the 2.35:1 widescreen transfer would make me change this review."
tt0051418,"This is the least scary film i have ever seen. How the blob manages to eat anyone is the biggest mystery of the film. The blob moves so slowly that an o.a.p in a zimmerframe could escape it. The blob has a large slice of luck coming across a typical horror film woman who instead of running away stands still for half an hour so that she can be eaten. If you havent seen this film i recommend you do, its far too funny to be taken seriously."
tt0052646,"The Brain (or head) that Wouldn't Die is one of the more thoughtful low budget exploitation films of the early 1960s. It is very difficult to imagine how a script this repulsively sexist could have been written without the intention of self-parody. And the themes that are expressed repeatedly by the female lead, Ginny Leith - a detached head kept alive by machines, I-Vs and clamps - seem to confirm that the film was meant to simultaneously exploit and critique gender stereotypes. Shades of the under-rated Boxing Helena.<br /><br />The genderisms are plentiful, and about as irritating as an army of angry ants. The dialog is hyperbolic, over-dramatic and unbelievable, and the acting is merely OK (but not consistent). Why have I given this film a 4? Because some thought clearly went into it. I am really not sure what point the film was really trying to make, but it seems clear that it strives for an unusually edgy and raw sort of horror (without the blood and guts today's audiences expect).<br /><br />Another unique and interesting aspect of the Brain is that there really are not any heroes in this film, and none of the characters are particularly likable.<br /><br />All considered, this is a fairly painful and disturbing look at early 1960s American pop sexuality, from the viewpoint of a woman kept alive despite her missing body after what should have been a fatal car crash. Her lover is threatening to sew a fresh, high quality, body onto her and force her to continue living with him. She is understandably non-plussed by all of this and forced to befriend a creature who is almost as monstrous as her boyfriend. Oh, there are also some vague references to the 1950s/60s cliché about the evils of science run amok.<br /><br />Recommended for B sci fi buffs and graduate students in gender studies. O/w not recommended."
tt0062159,"I remember this film, exhibit in Barcelona (Spain) in 1970, for the time of a week. Although it could seems incredible, and I can't offer any explanation for it, this movie was exhibit in a theater dedicated to... movies of art and big quality (that, is, Bergman, Resnais, Malle, Buñuel, and... The Projected Man). Few people saw it (luckly people, no doubt) and no reference about this very boring SF movie can be found in the Peter Nichols Science Fiction Encyclopidie, or about the author of the original novel. Very indicative. I remember of it, after all this years, a no-story, a lot of special effects that seems ridiculous effects in fact, and no more. It seems that in some countries the running time is 90 mm. and in anothers 77 min. Well, it means only a little more of pain."
tt0065738,"I loved ""The Curse of Frankenstein"" so much that I rushed out to get ""Frankenstein Must Be Destroyed"" to see Cushing at it again...even if it was without Chistopher Lee this time. To my great disappointment, this movie not only does without Lee, but it does without Frankenstein's Monster altogether! Was it a case of ""If we can't get Lee, we won't have a monster at all""? Why would they do that? The monster is half the fun of the whole thing!! This film is dedicated solely to the study of Baron Frankenstein and his quest to finish experiments he had begun in brain transplants before ending up in an asylum. I found the script extremely weak, with the need to suspend disbelief forced upon the audience a little too much. I'm willing to suspend a fair amount, but this movie got fairly ridiculous, which took me out of the film rather than immersing me in it.<br /><br />Peter Cushing, though, is absolutely brilliant playing pure evil in this film. For being one of the most beloved actors and notoriously sweet men, he sure could play menacing and malevolent extremely well. The supporting cast is competent, but has little to do, even the young doctor and his fiancée blackmailed into helping Frankenstein. A bumbling police chief is introduced, along with his put-upon sidekick, to generate some comic relief, then they are completely dropped from the movie! Why? We are led to believe that the police chief will be the main nemesis of the Baron, then we are led to believe it will be the young doctor, and then it ends up being the victim of Frankenstein's brain transplant experiment. There was no tension, we weren't invested in the ""creature"", and the ending was left so ambiguous as to leave one unsatisfied because it is so clear they are setting up another sequel.<br /><br />Also, there are virtually no ""horror"" elements. Yes, there is a beheading in the beginning (off-camera), and we are treated to the sounds of Cushing cutting the tops of two men's skulls off (again, off camera), and there is the most unsettling and thoroughly unnecessary rape scene (90% of which is, again, off-camera). I understand that there is a love of ""letting the audience imagine it all, for their imaginations are far worse than what we can show"", but come on, if you're not going to give us a Monster, then at least let us SEE the few ""horrific"" elements you do choose to include. Showing us a skeleton in the lab lit with a green light is just not scary.<br /><br />On top of a weak script, I thought the directing was mostly flat. There were a couple of nice shots, but otherwise no excitement, atmosphere, or suspense was generated. The same director did ""Curse"" back in 1958 and I thought it was brilliantly directed...guess he was as uninspired by this film as I was.<br /><br />The movie gets a 4 out of 10 from me strictly for Peter Cushing's powerful, nuanced performance...beyond that, I found little in this movie worth recommending. Instead, my suggestion is to watch ""The Curse of Frankenstein"" and see a truly great Hammer horror film."
tt0075781,"I bought this (it was only $3, ok?) under the title ""Grey Matter"". The novelty of seeing Sherriff Roscoe in a non-DukesOfHazzard role intrigued me. As the other reviewers warned, it's a pretty boring tale of a top secret government experiment gone awry.<br /><br />And yes, there are plenty of establishing shots, especially of a house with a pool in front of it. Some of the characters and interiors are so nondescript I guess the filmmakers worried we might forget who is who, so they keep tipping us off by first showing the outside of the buildings. It's actually kinda funny. After awhile the pool shot feels like a tv channel's station identification logo, reminding us that we are watching ""Grey Matter"".<br /><br />I also enjoyed two bouts of name-calling. At one point an angry test subject taunts somebody in charge by calling her a ""Scientific b*tch!"". It's just a very inadequate insult. Several scenes later a different subject lets off steam by muttering about that ""scientific b**tard!"". It just sounded very awkward to me.<br /><br />Someday this movie will disappear forever. Another decade from now it will likely be impossible to find any copies of it. Almost like it never happened.<br /><br />"
tt0075850,"This film is roughly what it sounds like: a futuristic version of the Cinderella legend but with songs and (fairly tame) sex scenes! The film is not sure what it wants to be and pretty much ends up a mess. It's more expensive looking than most of director Al Adamson's films but it's not at the same budget level that viewers have come to expect from sci-fi films. The actors are pretty bad and unlike most Adamson films, there are no former big namers or B actors. Some of the music is OK but it's easy to see why Cinderella 2000 has been forgotten for so many years."
tt0075990,"A good deal of running around. A badly conceived adversary with very little complexity. A scientist who works in communications sending off signals into space and receiving them, gets caught up with aliens. Along with his pretty wife, he invades their territory and is given secrets about them. He becomes rather traitorous in the process. Granted, he is given little choice anyway. There is a scene where he gives them everything they want. This is a dull movie with lots of long stretches where little happens. The plot isn't technically bad. It's just that we are usually following a car, a trip through a woods, investigating a building. This is what editing is all about. I suppose the story wouldn't technically support much more. Not much here."
tt0076191,"A truly unpleasant film. While Rick Baker's special effects are quite impressive (if stomach-turning), it has no other redeeming features. Like many 70s movies, it leaves you feeling as if you need to take a long shower, and scrub the slime off of yourself. The characters are uniformly unpleasant, and plot makes no sense."
tt0082642,"After watching this on the MST3K episode, I have to wonder how many movies this film borrows from. It seems to combine elements of Logans Run, Farenheight 451, Final Sacrifice and at least several others. At one point I was really expecting Cris Makepease to call Lee Majors ROWSDOWER. <br /><br />I wonder if the director has any clue how many holes there are in the plot. like the fact that, even though gas is unavailable, there is plenty of it in abandoned gas stations, and the stations are located close enough together to keep an F1 race car going all the way across the country."
tt0083050,"I'm sorry but this is just awful. I have told people about this film and some of the bad acting that is in it and they almost don't believe me. There is nothing wrong with the idea, modern day Japanese troops get pulled back in time to the days of Busido warriors and with their modern weapons are a match for almost everything. When the troops first realise something strange is happening does every single person in the back of the transport need to say ""Hey my watch has stopped""? Imagine lines like that being repeated 15+ times before they say anything else and you have the movie's lack of greatness in a nutshell."
tt0086967,"I was always curious about this film because it is so tough to find, so when I stumbled upon it on Ebay I forked over the $10 and bought it, now I understand why its so rare! This film is SO bad, so terribly written and hopelessly low budget that the ending credits, which show all of the cut scenes where they fumbled their lines, are literally the movie's highlight. The film is about a psychic (Pettyjohn, cast for one obvious reason, her topless scene) whom uses her powers with an experimental machine to pull objects from another dimension into this reality. When she pulls in some kind of box like object the military nonchalantly throws it into the open back of a truck with one soldier to guard it, and gee, what do you know? SURPRISE! A kid in a foam-rubber monster costume pops out, instantly kills the soldier with a scratch across his face, then escapes to a nearby city. But rather than deploy half the armed forces of the county to find it and protect the public those in charge just leave it up to Pettyjohn and Ray to find it on their own, but no matter, this movie blows all its credibility LONG before then. This barely escapes being voted a 1 by me only because of unintentional laughs, somebody needs to alert the producers of ""Mystery Science Theater 3000"" if they don't know about it already! 2 out 10, really, REALLY bad!"
tt0087799,"This movie was bad. This movie was horrible. The acting was bad. The setting was unrealistic. The story was absurd: A comet that appears once in eons is set to appear one night. Most of the world's population decided to watch this comet. Then, the next morning everyone but a select few of people has been turned to dust from the comet's radiation. People's clothes are still intact, there are plants which are still alive, but the people were turned to dust. No bones, nothing. Thats ridiculous. How can radiation incinerate people but leave their clothes and other biological substances intact?<br /><br />Even better, the comet mutated some people into zombie flesh eating monsters. Their makeup would not have even looked frightening to a newborn child. The Insane Clown Posse scare me more...and they're supposed to look stupid.<br /><br />Then there were the survivors. People who had been surrounded by steel when the comet passed were spared from zombie-dom and death. How can steel block a comet's radiation that supposedly incinerates people in their tracks?<br /><br />Equally insulting is the 60's horror music playing in the background through parts of the movie, or the 80's hair rock which serves no purpose in the film and makes you want to shoot your television.<br /><br />The stupidest part of the movie, however, are the characters it focuses on: two Valley Girls and Chakotay from Star Trek: Voyager. These three characters were totally unrealistic. Who would go looting the day after an apocalypse with flesh eating mutants running everywhere? There were four 5 minute horror scenes in the entire movie, and most of them were dreams. In between these scenes is unsophisticated dialog which makes South Park seem intelligent. The silence in between the elementary dialog was painful. I could have made a better movie with four monkeys and a bag of Cheetos. Don't see this movie, ever."
tt0087803,"I saw this movie literally directly after finishing the book, and maybe that was a neutral idea or a very stupid one. I think it was the latter. First of all, it was inaccurate in many small, yet important details. One of the first things I noticed was, during Winston's day to day life in his work, his conversations, eating in the cafeteria, etc. he feels free to look unhappy and make suggestive glances at people without immense fear. One of the most important parts of the book, was that even in small activities it was virtually impossible to safely show even a hint of his true emotions on his face AT ANY MOMENT. This is also shown in the scenes on the streets of the proletarions. In the book Winston knew that this was a huge risk to wander around there and was skeptical and frightened at every trip. While in the movie, he does it so often and without fear, that you lose the important feeling of heavy surveillance and risk right off the bat.<br /><br />Other minor inaccuracies included Winston hiding his diary in the wall, yes a very small change, but it begs the question, what's the point? There was also the most annoying thing a director can do with a book, and that is morphing characters.<br /><br /> The large inaccuracies were far more disturbing, however. First of all, one of the important pieces of the book is that Big Brother is a government based on an intelligent, yet crude philosophy. In the movie, they skip that and go straight to making you think that the government is run by Hitler with technology. Which is true, in a sense, when directed with its facism, but if that's all you get out of Big Brother, you really missed the point of the book. The terrifying thing about Big Brother is that, in a way, it has some points behind its philosophy. When O'Brien is picking at Winstons mind in the Ministry of Love, he is LISTENING to everything Winston says against Big Brother. The fact that he listens, and advances forward in his philosophy, is in effect what is most creepy and intriguing. In the end, (careful SPOILER ahead) when Winston says he loves Big Brother, the terrifying thing is that you are not sure whether it was souly the beating and torture that caused this, or the actual power behind the philosophy. I am in no way saying that the Big Brother's philosophy has points that appeal to me, but its intelligence and depth is what makes this book incredibly disturbing.<br /><br /> Also, how could anyone feel any connection between Julia and Winston in the film? It was awful, no connection whatsoever.<br /><br /> And where was O'Brien before he gave Winston his address? One of the things that carried the book was Winstons thoughts about O'Brien BEFORE he made contact with him. In the movie, they just jump the gun.<br /><br /> But that about sums up why this movie was a terrible adaption: because its impossible NOT to jump the gun and morph characters in less than two hours. How could anyone think this movie was watchable if it was under two hours? At the very least, the movie demands 3 hours to be able to capture some of the important moods and connections. Anything less is just pointless.<br /><br />If you loved the book, and I mean TRULY adored it, you will not approve of this movie, and chances are, you already knew you wouldn't. Because the book is unfilmable, and this movie just proves how impossible it is cram something decent into a small reel of film.<br /><br />Two stars out of ten"
tt0088760,"For those who are too young to know this or for those who have forgotten, the Disney company went almost down the tubes by the end of the 1980s. People were NOT seeing their movies anymore and the company was not producing the usual wholesome material....at least no what people expected. A major problem: profanity.<br /><br />Yes, the idiots running the Disney movies during that decade would produce films with swear words - including the Lord's name in vain, if you can believe that - interspersed in these ""family films."" In fact that happens twice here in the first 20 minutes! <br /><br />This movie, in addition to the language problems, has a nasty tone to it, too, which made it unlikeable almost right from the beginning. Thankfully, Disney woke up and has produced a lot of great material since these decadent '80s movies. (""Touchstone"" is Disney, just under another name.)"
tt0089280,"For starters, ""Hobgoblins"" tries to ape the more successful ""Gremlins"". That's bad enough but they don't even try to make anything that closely resembles a movie here. Instead, it's more like a bargain basement, everything-must-go clearance of embarrassing scenes, inappropriate sound FX, acting as bland as unflavored tapioca and a script that takes everything humans hold sacred in their motion pictures and throws 'em down the old tube-aroo.<br /><br />The plot? Grrrr.... Meddling kids track down gremlin-like creatures from movie lot before they kill people by projecting their fantasies. Sound cool, does it? Well, see that wall on the other side of your room? Run right at it, top speed, face first. See, THAT is cooler than this movie.<br /><br />You dare to doubt? Quick, name something else one of the leads has been in other than this. What other scripts have the writers done since ""Hobgoblins""? Name another Rick Sloane directoral effort. How many ""Hobgoblins"" action figures do you have? See? THANK you.<br /><br />I cannot believe I took so long to write about such a horrible film. I'd rather write about more important things; like the separation of church and state, economic restructuring in Europe, that kind of thing. But no, ""Hobgoblins"" it is and it is bad - bad like your grandparents' wallpaper, bad as pink flamingos on your lawn, bad like underwear that says ""Home of the Whopper""...and I think we'll stop there.<br /><br />Well, Mike and the robots fight valiantly but try as they might, they can do only so much with ""Hobgoblins"" before they realize that, yes, the director DOES need kicked in the shin.<br /><br />Real, real hard.<br /><br />One star for ""Hobgoblins"", seven stars for the MST3K version."
tt0090849,"It looks to me as if the creators of ""The Class Of Nuke 'Em High"" wanted it to become a ""cult"" film, but it ends up as any old high school B-movie, only tackier. The satire feels totally overshadowed by the extremely steretyped characters. It's very un-funny, even for a turkey."
tt0091631,"Nightmare Weekend is proof positive that some people are so desperate to be 'in the movies' they are prepared to do almost anything.<br /><br />I'm not referring to the countless women who seem quite happy to appear completely starkers in this dreadful piece of trash (after all, the naked female form is a beautiful thing and nothing to be ashamed of). No...I'm talking about those who are more than willing to co-star with a badly made hand-puppet called George. Now that is embarrassing!!!<br /><br />A bio-electronic being created by brilliant scientist Edward Brake (Wellington Meffert), George (who looks like a demented felt clown with green wool for hair) is the artificially intelligent interface for an advanced computer system that operates a revolutionary device (a silver sphere about the size of a golf ball) that, when ingested, can reverse character disorders.<br /><br />Edward's personality altering experiments have been successful on lab animals, but the cautious scientist is reluctant to carry out tests on human subjects, fearing that there may still be side effects. His evil assistant Julie (Debbie Laster), however, has no such qualms, and proceeds to use three beautiful young women as guinea pigs. Inevitably, they all turn into hideous killer mutants.<br /><br />With bargain basement special effects, a cast totally devoid of talent, and a plot that is almost impossible to follow (I took notes as I watched the film, and even then I am not entirely convinced that my synopsis is accurate), Nightmare Weekend is a complete and utter disaster that not even several soft-core sex scenes and a touch of gore can rescue.<br /><br />This film also features one of the most irritating characters I have ever seen in a horror movie: Tony (Bruce Morton), a Walkman wearing idiot who bops away to crap 80s music in a manner that makes me look like Justin Timberlake in comparison."
tt0092677,"Never even knew this movie existed until I found an old VHS copy of it, hidden deep in my dusty horror closet. The title on the box said ""Insect"" and the illustrations on the back made clear that it is just another insignificant and poorly produced 80's horror movie. They can surely be fun, of course, as long as don't expect an intelligent scenario and as long as you're not irritated by seeing a giant amount of cheesy make-up effects. Just about every important aspect that makes a horror movie worthy viewing is substandard here in ""Blue Monkey""! The plot is ridiculous and highly unoriginal, the acting performances are painful to observe and there's a total lack of suspense. Following the always-popular trend of ""big-bug"" movies, ""Blue Monkey"" handles about a new and unknown insect species that wipes out the doctors and patients of a remote hospital. The makers couldn't be more evasive about the actual origin of this gigantically over-sized critter! All we know is that it's not from outer space and it initially crawled out of a tropical plant. Other than this, there's absolutely no explanation for where this new type of insect all of a sudden comes from! Like I said, don't get your hopes up for an intelligent screenplay. The first half of the film is entertaining enough, with some nice gore and the introduction of a couple deranged characters (an 80-year-old blind and alcoholic lady!) but the second half (when the entire hospital is put to quarantine) is dreadfully boring. It is also near the end that ""Blue Monkey"" begins to exaggeratedly rip-off older (and better) films. Approaching the climax, they apparently ran out of budget as well, since the lighting becomes very poor and the guy in the monster suit isn't very well camouflaged anymore. ""Blue Monkey"" is worth a peek in case you're really bored or if you really want to see every 80's horror movie ever made. Fans of B-cinema may recognize John Vernon (""Killer Klowns from Outer Space"", ""Curtains"") in the small and meaningless role of Roger, who's in charge of the clinic."
tt0093741,"Sly Stallone is hardly the finest actor in the world but compared to his brother, Frank...well, roll out those awards now! Mullet haired, muppet Frank seems to think that every part he plays, calls for him doing the role as an American/Italian Wise-guy refugee from the 'Godfather.' Please, somebody make him an acting offer 'he can refuse!' This film just stinks the place out, even by the terrible overacting in this, Frank still steals the acting dishonours. All the people compensate for their lack of talent by shouting their lines and throwing their arms about, gesticulating wildly in a style that went out of fashion back with silent films.<br /><br />The plot, what there, is, makes no sense as a meteor lands and turns all the women into sex-crazed nymphets but as this is 15 certificate film, that just means they strip to their underwear and make moaning sounds like dogs on heat. What happens in the end, I'm not quite sure as I was losing the will to live long before the film finished.<br /><br />Avoid this like the plague and watch 'Deep Impact' for a reasonable film about a meteor about to hit the earth.<br /><br />N.B. Point of order: when one of the female leads strips down to her underwear, she has her knickers/panties under her suspenders/garter belt, it's knickers over the suspenders to allow women to go to the toilet with less fuss. A trivial point, perhaps, but shows how dumb this film is when they can't even get this right!"
tt0095043,"This movie features an o.k. score and a not bad performance by David Muir as Dr. Hackenstein. The beginning and end credits show along with the most of the actors and the ""special effects"" that this is a low budget movie. There is nothing in this movie that you could not find in other mad scientist, horror/comedy, or low budget movies. Not special for any nude scene buffs or bad movie lovers either. This movie is simply here. Anne Ramsey and Phillis Diller are nothing to get excited about as well. If you are curious as I was and can actually find this, you will realize the truth of the one line summary."
tt0096511,"Although the likeliness of someone focusing on THIS comment among the other 80+ for this movie is low, I feel that I have to say something about this one. I am not the kind of movie-watcher who pays attention to production value, thought-provoking dialog, or brilliant acting & directing. However, I claim that this movie sucks. I don't know why I don't like it... I mean it has almost everything i want out of a horror movie: blood, outrageousness, unintentional humor, etc. According to this evidence it should be my favorite. Still, Zombi 3 is a baaad movie.<br /><br />There are just too many things that compels you to yell at the screen. Like when the girl leaves the army guy when their car breaks down to find water (this spoils nothing so don't worry). She walks into what I see as an abandoned hotel or something. Did she not see that there was a friggin' lake in the middle of the building??? Yes she's looking for water and passes up a lake. Why? Cuz she wants to know why the people (who aren't there cuz the place is abandoned) won't answer her when she calls out: ""Is anybody there?"" Oh this is just a little, insignificant piece of the big picture I'm painting.<br /><br />There is a reason, though, why I gave this film more than 1 star. It's one of those movies where if you forget how bad it really is, like I have a few times, you'll want to watch it again because it's just so over-the-top in every aspect. I called it blood in the first paragraph, but this movie has no blood, it has an ocean of gore. Also, it has pretty weird creatures in it as well: a zombie-baby (with an adult-size hand???) and a magically flying head to name just two.<br /><br />You know when you try to think of the worst and cheesiest movies ever made and you come up with '50's sci-fi movies? I believe that Zombi 3 and movies like it should top those. It has all the elements: scientists arguing with the government, warnings of the apocalypse on the radio, armies battling monsters, and so on. This IS the Plan 9 of the '80's! While I won't say that this is a waste of money if you want to buy it, just expect the very worst. And when you find out that expecting the worst is underestimating Zombi 3, it won't be all that bad. You might actually like it, I'm not saying that's impossible.<br /><br />Don't think I hate this movie, I don't... really. Oh, P.S. Killing Birds (aka Zombie 5) rules! (did I just blow my credibility?)"
tt0097371,"In the first one it was mainly giant rats, but there were some wasps and a giant chicken too. This one, however, is just giant rats period, well giant rats and one really growing little boy. This one is about this growing boy and a scientist that is trying to help him so he accidentally creates giant killer rats...you know how it is. This movie has some kills and its moments, but I find it to be on par with the original, I just prefer some variety in my giant creature movies. Well, that is not true...I actually like ""Empire of the Ants"", maybe I just do not care for giant rodents. All in all a rather drab movie though it does have one rather odd turn of events in this one dream sequence that is truly bizarre. I just can't recommend this one."
tt0097630,"Journey to the Center of the Earth is the story of some tourists of Hawaii, three of them siblings, and one of them a young British nanny babysitting a dog. When the siblings accidentally drive off in their jeep with the basket of dog biscuits, the nanny follows them (it might've just been safer to purchase more) all the way to the cave the siblings intended to explore (I guess). For some reason, they actually go in the cave and then, when the place starts caving in, they try to get out to no avail, except for the six-year-old sister who they tell to go get help. Meanwhile, the more they move around in the cave, the more they continue to plummet further and further towards the earths cavernous core. And behold, it is here where they find the City of Atlantis and its bizarre alien habitants who are living under the oppressive rule of one alien that doesn't want them asking to many questions about the worlds external to their own.<br /><br />I see that Rusty Lemorande, the named director of the film has provided comments on this film, in which he explains that part of latter half of this film is actually the sequel to Alien in L.A. Well, whatever it was, it was an amazingly cheap movie that I would rank only slightly higher than City Limits (a 1988 sci-fi film also made on a non-existent budget) because at the least ending of this dreadful piece of mostly incoherent film-making that cuts corners where it can aims for some humor and amusement in the last 20 minutes when we finally see what life is like in the alien world at the center of the Earth. I also give it a two star rating rather than one because it was at times, funny, even if only in its subtleties. For example, the aliens asks the British girl if she's an alien and she explains that the Ministry should be sending her work visa shortly. Or when the alien girl finds Bryan and explains that he is in the city of Altantis and he mistakes this for Atlantic City, New Jersey. Little things like that make the idiocy of the first hour or so tolerable. Imagine how great the film could've been though if they had 1) actually intended to make it, and 2) actually had money to make it.<br /><br />I do like how in the end, no one wonders what happened to the little sister who was sent away in the beginning to get help. She'd just be wandering around the Hawaiian caves and not too far from the erupting volcano, mind you."
tt0097874,"As others have mentioned, this movie is similar to THE FLY (both versions) and the lesser known sci-fi flick ALTERED STATES. The big difference is that those two movies were well made by people who knew what they were doing and were good at it. METAMORPHOSIS did not have these advantages. METAMORPHOSIS is a potentially interesting science fantasy story that had the wrong people in charge of it and the wrong actors playing the roles.<br /><br />The story follows scientist Dr. Peter Houseman (Gene LeBrock), an obsessed man working on a genetic cure to aging and death. When the university he works for threatens to cut funding, he decides to inject the anti-aging serum into himself. As a result, Dr. Houseman spends the rest of the movie slowly turning into a lizard. And oh yes, watching the good doctor go through the process of becoming that lizard is a great joy. It really is so bad that it's good. Some of the lines are classic: ""What WAS it?"" ""A nightmare...from the past!""<br /><br />Many of the reviews that I've read for this point up how stupid and ridiculous the last five minutes of this movie are. I'm just going to go ahead and spoil it: the good doctor goes from being a shuffling half-man, half-lizard thing to being what appears to be a man in a rejected Godzilla costume, when the police finally gun him down. In the final scene, some obnoxious kid is seen with a little pet lizard which he claims will never die, and the movie's heroine, Sally Donnelly (Catherine Baranov) evidently decides that the little lizard is the final incarnation of Dr. Houseman. The camera then gives us a close-up of the lizard's face; this is, I assume, the director's way of showing us that the lizard is EVIL. Yes, it is goofy, but I fell over laughing so I can't complain.<br /><br />I watched this movie because it was a part of the Chilling Classics 50 Movie Megapack that I purchased. I'm sure many of those who are reading this did exactly the same thing, as the 50 pack is the only way to see this movie on DVD. If you have recently bought the boxed set and haven't watched this movie yet, it really is worth your time, even if I did just ruin the ending for you. It might also be possible to find this movie online for free."
tt0098375,how can a director that makes such great films as poltergeist and the texas chainsaw massacre make such rubbish as this? i got this film off a friend and he didnt want it back its so bad. how this can be classed as horror i will never know.<br /><br />2/10
tt0099173,"I felt brain dead, I'll tell you. This is the worst film I have ever bought. (in my ignorance I thought this was the Peter Jackson film of the same name). The performances are so terrible they are laughable. The special effects have not stood the test of time and look dire. The script promotes that kind of TV movie, stare into the middle distance kind of acting. The cast look as if they have been taking lessons from Joey Tribbiani, they have one look each, and stick to it. Plus I have never been confused by a movie until I sat down to watch this. The is it a dream or no plot is so terrible that frustration sets in within a few minutes. Avoid like a plague."
tt0099856,"Here's an interesting little movie that strictly gives the phrase ""low budget"" a horrible name. Our physics teacher who has about nine kids creates a strange serum that causes ""molecular reorganization"". Students are hopelessly killed from fake coincidences of submarine sandwiches and flying school supplies. Sounds like a resurrection of classic B-movies from the 50s, right? Nope! It's not an example of high camp fun, which is way, WAY off the mark. A glamorous showcase of breasts and butts ensues our desire for pleasure, opposing the horror that should have had 99.44% more in the first place. Bottom-of-the-barrel entertainment at its best, aided by pints of red blood and dead student bodies. Atrocious movies like this would make the ultimately catastrophic GURU THE MAD MONK (1970) the work of an intelligent genius who has a Master's degree in film production! It's an automatic ""F"", so rest easy!"
tt0101368,"A young scientist is trying to carry on his dead father's work on limb regeneration.His overbearing mother has convinced him that he murdered his own father and is monitoring his progress for her own evil purposes.A young doctor uses reptilian DNA he extracts from a large creature and when his arm is conveniently ripped off a few minutes later,he injects himself with his formula and grows a new murderous arm...Admittedly the special effects in ""Severed Ties"" are pretty good and grotesque,but the rest of the film is awful.The severed arm is behaving like a snake and kills few people.Big deal.The acting is mediocre and the climax is silly.3 out of 10."
tt0102800,"Title: Robot Jox (1990) <br /><br />Director: Stuart Gordon <br /><br />Cast: Gary Graham, Anne Marie Johnson, Paul Koslo <br /><br />Review: Stuart Gordon who we usually associate with extremely gory horror films such as Re-Animator, From Beyond, Dagon and Castle Freak, took a small detour here and did a little sci-fi flick. I stress the word ""little"" since this is a very low budget flick, and there in lies its main weakness.<br /><br />The story takes place in the future. A world in which the great superpowers (that according to this movie are the United States and Russia) duke out their differences not by going on a full blown world war...but by fighting gladiator style battles with gigantic robots. Our hero Achilles must go up against the evil Russian robot fighter called Alexander. Lots of cheap stop motion animation ensues.<br /><br />Well, the idea is awesome I guess. The great nations settleling territorial disputes with giant robots? Interesting premise and one that could have been handled properly if the proper budget had been available. Unfortunately what could have been a fun movie ends up being an embarrassment for an otherwise great director.<br /><br />I as a kid loved this movie, and I guess if you want any enjoyment out of this movie, you'll have to revert back to little kid mode to have some fun with it. I showed this film to some of my friends and as the movie progressed my friends where like ""what the hell is this piece of crap franco?"" And I'm like well this movie is a sci-fi by one of my favorite directors Stuart Gordon?"" But as the movie progressed into corny territory I almost felt like pressing stop and not having them go through that torture. I could go through it, cause I loved this film as a kid, and there's still a little nostalgia attached to watching it. But everyone else was just not going to get it.<br /><br />And I myself realized that the movie isn't really that good. First off. The movie is about giant robots kicking the hell out of each other. And in order to achieve this in a credible fashion you'd have to use some damn good special effects to make it work, expensive effects that would help us the audience suspend disbelief. But unfortunately this being a small scale movie, from a small scale company (Empire Pictures, which went bankrupt after making this film!)the effects only help us giggle and laugh at them. Heck even the sets and some of the wardrobe looks unfinished or half assed.<br /><br />OK granted, once you accept that you are watching a mixture of moderate stop animation and miniatures well you can sort of give in to the film and even enjoy the big robots kicking the hell out of each other. There are certain scenes when the robots are fighting that are kinda cool, and made me go ""thats why I liked thid movie!"" But every know and them, some crappy effect will take you right out of that protective little cocoon you were trying to hide in. And boom, your right back into realizing this film just doesn't live up to its premise.<br /><br />And heres another thing that sort of bothered me a bit about the movie. This movie is basically a movie for kids. You know, giant robots duking it out? Stop motion animation? Hello? But this movies dialogue had a lot of sexual innuendos and the violence gets a little bloody. So I kept asking myself is this a kids movie or not? After a while I just came to the conclusion that basically this was a kids movie with adult sensibilities, which really isn't a good mix.<br /><br />So for those of you who don't feel that certain naive childlike charm of watching two robots fighting each other and if you don't have a nostalgic connection to this movie (like I do) well Id suggest you steer clear away from this one. Gordons a great director, but this movie he made, just didn't do it for me. Well, at least not now that I'm a full grown adult.<br /><br />Rating: 2 out of 5"
tt0103336,"This review is based on the dubbed Shock-o-Rama video released on an undeserving world in 2002. How bad is it? It's awful, which is what a '1' represents on the IMDb scale--but it's much worse than that. It's nice to imagine that an original German-language print might improve matters--the comedic English-language dubbing isn't funny at all--but truthfully, this is one of the worst amateur films of any genre you're likely to see. The zombies in the film are as slow and clumsy as ever, and they don't seem to have the ability to speak or think about anything beyond their next meal. However, they're also intelligent enough to operate chainsaws and malicious enough to know that western taboos about genitalia will no doubt enliven their dinner table conversation. George Romero's Land of the Dead posited a zombie nation that retained a shred of social coherence; here, zombies are nothing more than an empty canvas for the perverse imaginings of director Andreas Schnaas. Utterly without redeeming social value, and even worse, entirely lacking as entertainment, Zombie '90 is a bad joke on anyone who wastes money on it."
tt0105410,"Warped take on the Pinocchio theme, and set during the Christmas season(..after the previous entry abandoned ties to Christmas) has booby-trapped toys sent to murder a child(..yet through this, other victims are accidentally harmed in the process)perhaps by a toy maker's ""son"". Screaming Mad George was responsible for the killer toys(..including a larvae which enters a victim's mouth and out his eye, another where soldier toys actually shoot real bullets at a babysitter after her boyfriend was practically strangled by a severed hand toy, operating from a remote control). The little target is a mute child named Derek(William Thorne)whose stepdad was murdered by a red ball with extending arms that ensnare his face, causing him to land on a fireplace poker. Mother Sarah(Jane Higginson)worries about her son's mental state, figuring his reluctance towards opening presents or, more importantly, talking, derives from watching her husband's horrific murder. Derek's real father, Noah(Tracy Fraim)fears for his son't safety, and informs, reluctantly, his ex-girlfriend Sarah that the local toymaker, Joe Petto(Mickey Rooney)once was arrested for setting traps in toys to harm kids due to the loss of an unborn child when his wife was killed in a car crash..kind of a retaliation in saying that if he couldn't have a son, then others shouldn't either. Still quite a heavy drinker(..often seen swigging Jack), Petto seems to have set aside his feelings towards kids, but his creepy son Pino(Brian Bremer)hasn't and Derek he harbors angst towards. Why? You'll soon understand.<br /><br />Pretty disappointing special effects and rather goofy premise. Rooney's name adds an allure to the film, gaining it a notoriety, but his histrionics can only help so much. Attractive lead actress Higginson(Slaughterhouse)and Fraim as the man who re-enters her life aren't so bad, but the lame plot that develops is hard to take seriously. I'm guessing that's the point, but Rooney has no reason to be in such a film as this..he has no room to bring any personality to his toymaker other than rage and desperation, quite volatile, barely holding himself together as he explodes in anger towards Pino, when not downing liquor. Bremer is appropriately weird and ""robotic"" as Pino, longing to have Sarah as his mama. The practical effects used during the attacks on victims are rather unconvincing..Screaming Mad George's work with Savage Steve Holland was far more effective than what we see in this film. The sex everyone talks about isn't as gratuitous as many would have you believe(..I can't even recall any nudity). Probably the best of the numerous sequels greenlighted, but that's not exactly an endorsement. I'm pretty sure written on paper, this was an entertaining concept, the idea of spoofing Pinocchio using horror elements, but the result doesn't exactly blow you away."
tt0106983,"Imagine a woman alone in a house for forty five minutes in which absolutely nothing happens. Then this goes on twice more. The writing is flat and lifeless, and jokes unfunny, and the bad acting keeps you from caring about any of the characters, even when they battle wolf packs and get beaten up by fraternity goons. Anyone that ranked this movie higher than a two is not fully sane."
tt0112762,"Years have gone by since Don Wilson used his martial arts expertise to take down a robot who was programmed to destroy him, he's also married to the blonde reporter (Stacie Foster) who led the rebellion in the first film, now a new conspiracy is in the works, one that involves look-alike droids who frame our two heroes, and a corporation looking to rule the world (There is no plot to back any of this up) and Cyber Tracker 2 becomes a virtual replay of the first movie. I admit that I have bought DVDs from the bargain bin that were made by PM, PM was a company that specialized in cheap-jack action flicks (like this) which had tons of explosions, little story and overall nothing but mean edged action. Some of these titles have been (mildly) enjoyable (Last Man Standing and The Sweeper) however Cyber Tracker 2 is stuck with the casting of the charisma-less Don Wilson. When comparing the protagonists of similar PM efforts both Jeff Wincott and C. Thomas Howell are Oscar nominees when compared to Don Wilson. Another telling sign is that this was directed by Richard Pepin who has none of the flair Joseph Merhi seems to have in crafting action sequences that feel much more expensive than their budgets. Then again though both C. Thomas and Wincott are probably more expensive to obtain. Cyber Tracker 2 is a rip off with a capitol R, there are so many steals from better movies (Robocop, Terminator, Universal Soldier to even Halloween III!) that it's almost as if Richard Pepin is trying to infuse a sense of identity to the pedestrian material yet without the intelligent ideas or at least the mindless zip of great action, Cyber Tracker 2 falls flat. There is literally no good idea that isn't borrowed from a better movie and the supporting cast overact. The only exception comes from Tony Burton who is miles better than the material. Also Stacie Foster looks like she could be better with far better material. However Cyber Tracker 2 comes off mainly as noisy, bland and lackluster as its leading man, however with no real martial arts sequences to fall back on, all there is, is lots of cars tipping over and that alone is no substitute for the bankruptcy of ambition expressed here.<br /><br />*1/2 out of 4-(Poor)"
tt0112974,"EPSILON, a.k.a. ALIEN VISITOR, is not what I expected. This is a no-budget Australian film with no special effects other than speeded-up film and quick scene cuts. The female alien (who comes over immediately able to speak perfectly accented Australian) can ""blip"" from place to place or time to time and alter her perception of the flow of time to match the ""faster"" humans.<br /><br />An elderly grandmother tells her two granddaughters about a story a wandering man told her 40 years before, when an unnamed ""She"" came to the planet naked and completely disoriented, unable to recognize which star in the sky she came from...She meets a man alone camping in the Australian Outback, apparently bewildering him. She is here by ""mistake"", and gets angry when she is told she is on Earth. The Earthlings are known as consummate despoilers of the environment and a metaphor for the most insulting thing imaginable to the rest of the universe: those who ""breathe the foul air"" but do nothing about it, sticking their heads under the sand like an ostrich. In another amusing metaphor, Earthlings are ""frogs"".<br /><br />From there, it is entirely a film about dialogue, as the perplexed man tries to understand She's peculiar psychology and viewpoints, even as She calls him unintelligent and ""quaint"". The man begins to realize maybe it's humans who are irrational and not thinking straight. Yet, while waiting to be ""beamed up"" back home, She sees that this human is not entirely faulty in his thinking and even falls in love with him.<br /><br />The dialogue about perspectives is in spots interesting, but it is all layered with a heavy-handed environmental message and a low-budget feel (there are only two main actors, who blip around various deserted scenes, and the evil despoiling humans on the planet are never seen at all). The environmental message offers no solutions, but paints one or two dire metaphors about what will happen to nature and man if something isn't done. The logic also doesn't hang together: the rest of the universe has ""given up"" on Earth, yet one space woman caught on Earth by mistake manages to effect some positive change by the conclusion of the movie. What would a battalion of aliens deliberately sent here manage to achieve against pollution and waste?"
tt0115834,"This is probably one of the worst ""wanna be a low budget hit films"" to credit the dinosaur genre. The film is so predictable you could go away, cook yourself dinner, go answer the phone or whatever and when you're back you'll know exactly what has happened. The special effects are so poor you would have thought Lego bricks were used and the ""super fast"" dinosaurs were so tame that it makes a pet dog look like a super predator. The acting is over cooked. They try so hard, yet there just isn't enough character behind them to get into the characters and as for the scientist... Yeah okay we know exactly whats going to happen to the blonde chick in glasses. Stereotypical was created for films like this. If you want to watch this film, I suggest you aren't in as a serious mood as the cast and crew obviously were. And if you are really really into dinosaurs and know everything in the world about them, don't watch it, you might break the screen - the facts are that far off."
tt0118882,"I'm the sort of person who went down to the local library and read books on Babbage's difference engine whilst my schoolmates were playing football etc.. So, if there is any such thing as a target audience for this film, then I guess I'd probably be included in that.<br /><br />Maybe I just need to watch it again. A previous reviewer mentioned not to watch this film whilst being tired. Maybe that was my mistake.<br /><br />I tried my best to enjoy this film, and there are aspects of it that I do like, but overall I found it amateurish and quite plodding.<br /><br />Being somewhat of a self confessed computer nerd, I just can't help but pick up on the exact time frame when the movie was actually made, and how the employed graphics reflect that time (i.e. 1997). Having played games of the era c.f. ""Mind Grind"" to cite one example, this film cannot escape that 16-bit colour low res multimedia explosion of that time. Now thankfully this has somewhat lessened in more recent years in the gaming world at least, in favour of actual game play.<br /><br />Having to resort to watching this movie via a German FTA satellite channel (as I don't think it's ever been aired on UK FTA TV, well not recently anyway), I was mildly amused to see the end credits note Gottdog (God dog) had 4 people working on it's design. Maybe it's mean spirited of me to be amused by this, given that ten years have elapsed since the movie was made, nevertheless the end result makes movie graphics from the eighties look good by comparison.<br /><br />But, as for the main story, I agree that the format isn't the best idea. Like others I agree that Ada deserves a film without the sci-fi angle, and a more straightforward biographical approach would perhaps be better suited to covering the life story of this remarkable lady.<br /><br />There are fundamental mistakes that undermine my enjoyment of this movie. First of all the underlying idea that somehow lost real-world information from the past can be accurately reconstructed through some sort of extrapolation via software based intelligent agents, seems somehow ludicrous.<br /><br />Also, the theme running through the movie that a computing device can indeed predict the mechanics of all things through the course of time (e.g. the winds) is now known not to be the case.<br /><br />OK, so the Victorians may have held this view, but the 20th century works of Gödel proving that no mathematical system can be complete, Turing's works on the limits of computability, not to mention chaos theory and quantum mechanics, have all completely undermined these ideas, which seem central to how the modern day researcher's software is supposed to work.<br /><br />Finally, the clicking of the mouse in the air to mean ""programming"" is also just plain wrong, as previously mentioned.<br /><br />This film maybe could have been OK, but at least some technical and scientific consultation would have given the film some much needed credit in the believability stakes.<br /><br />I won't forget the film though, as like ""Pi"", it is clearly a unique work, but with too many fatal mistakes for me to truly enjoy it, 3/10 from me."
tt0119380,"Here we are: two travelers from a distant futuristic world arrive on earth... one is on a desperate mission to preserve a life, another is an inhuman killing machine determined to eliminate the woman who will give birth to the saviour of an entire race.<br /><br />So what could we call this killing machine? It's almost like he's some kind of destroyer, or eradicator... sort of like an exterminator or something. What's the word I'm looking for... something that -terminates- things? Hmmmm....<br /><br />Anyway, the protector (who swiftly doffs the white tunic he stole from Luke Skywalker in favour of local clothing) finds the young woman first and impregnates her with a future-born hero-to-be. The evil uhhhh... ""exterminator"" kills some rednecks and steals their guns and clothes, then attempts to locate the woman by visiting her workplace and asking around by looking menacingly into people's eyes and repeating her name threateningly.<br /><br />Then begins a desperate race for survival as the seemingly deathless and unstoppable ""exterminator"" pursues the couple across the countryside. At some point he may acquire boots and a motorcycle, but I'm not sure.<br /><br />Perhaps, in an exciting finale, he will attempt to crush them under the wheels of an enormous tanker truck full of... acid. Then the truck will crash. They will be saved... but no! He will then re-emerge, as strong as ever. He will kill the protector and pursue the girl into a meat packing plant, where in a terrifying finish, he is pushed into a large piece of industrial chopping machinery, and destroyed once and for all.<br /><br />But maybe I'm extrapolating too much... after all, I did stop watching this movie after Mr. Protector magically impregnates Sean Young by kissing her at a bar, then tells her the child will be born in 3 days. <br /><br />The costumes and effects are great in this movie... I loved them the first time I saw them on Star Trek: Next Generation too! Sean Young does another great turn as an unemotive Replicant, and career sweat-hog Stephen Baldwin is also on board as Young's Fat Cop Boyfriend. Not sure where he fits into the plot though... maybe he's an import from a different James Cameron movie?"
tt0119700,"I watched this movie last night and already I am struggling to recollect very much about it. The story is about a group of criminals who escape from a space penal colony. They fly to the Moon in a space-age dustbin carrier; when there, they terrorise the dustbin men who work on the Moonbase.<br /><br />It strikes me that rubbish low-budget sci-fi films often involve either desert planets or, like this movie, criminals escaping from penal colonies. Why this is I have no idea. But I can say with some certainty that such films are always diabolical. This one is really no exception. It begins reasonably well with a decent credit sequence and a half-way alright dance music soundtrack. It then degenerates into a boring sci-fi thriller. So little of consequence actually happens in this movie that I am literally struggling to write a helpful review, so if you're reading this I apologise for not being able to enlighten you to the film's subtleties and nuances. For the record, I recall a tedious bunch of baddies, a tedious bunch of goodies, some nuclear warheads and a hologram of a naked woman. Other than that, I'm struggling.<br /><br />If you feel you could be interested in the activities of lunar dustbin men then I would not hesitate to recommend this film. I would also recommend it to those of you who wish to send their friends to sleep and steal their wallets."
tt0120764,"I saw this bomb when it hit theaters. I laughed the whole time. Why? Because the stupidity of it seemed to have made me go insane. I look back on it and realize there was not ONE funny thing in the whole movie. At leat nothing intentional. It IS awfully funny that Lizzie cn chew a piece of Nurplex and become a gigantic, carnivorous demon...yet her itty-bitty little dress is perfectly intact, despite the fact that she is now hundreds of times larger than she was when she first put it on. Or the kind of movie in which a man can be shocked with a defibulator and only fall unconcious, and return to conciousness without ANY medical attention. And don't let me get started on the ridiculous fate of the ""villain"" that they decided they needed to create ""conflict."" Uh huh.<br /><br />To the person complaining about Disney only targetting kids-The raunchy parts of this film seems to disprove that statement. Do we really need Daryl Hannah accusing Jeff Bridges of having kinky video tapes? You do if you're Disney and you're out of ideas for making the movie appeal to the above-8 crowd without writing a more intelligent script! I am thoroughly convinced that Disney pays off the ratings board so it's movies can get away with murder and still get family-friendly ratings.<br /><br />What a waste of the DVD format."
tt0160986,"Anyone who loved the two classic novels by Edward Ormondroyd will be disappointed in this film. All the magic and romance have been modernized out of his original story of a girl who does a good deed for a mysterious old lady, and given ""three"" in return. Three what? Not three wishes, but three rides into the 1800's on a rickety elevator...<br /><br />The first novel is Time at the Top. The second is All in Good Time."
tt0164052,"Within the realm of Science Fiction, two particular themes consistently elicit interest, were initially explored in the literature of a pre-cinematic era, and have since been periodically revisited by filmmakers and writers alike, with varying degrees of success. The first theme, that of time travel, has held an unwavering fascination for fans of film, as well as the written word, most recently on the screen with yet another version of the H.G. Wells classic, `The Time Machine.' The second theme, which also manages to hold audiences in thrall, is that of invisibility, which sparks the imagination with it's seemingly endless and myriad possibilities. And this theme, too, has again become the basis for a film adapted from another H.G. Wells classic, `The Invisible Man,' the realization of which, here, is `Hollow Man,' directed by Paul Verhoeven, and starring Kevin Bacon and Elisabeth Shue.<br /><br />Sebastian Caine (Bacon) and his colleagues have for some time been conducting experiments for the U.S. Government, exploring the possibility and practicality of invisibility, which they have, at last, achieved in a number of the primates upon which they have tested their method. They have, in fact, progressed to the point that effecting the invisibility is assured; their only problem now is bringing the subject back to the original `visual' state of being. It's a problem, however, that Caine, after diligent effort and too many hours in the lab, has solved-- or so he thinks. And when the application of his theory on a live subject is successful, he decides to present the results to the board of directors, in an effort to thereby maintain the funding necessary for the continuation of the project.<br /><br />At the last minute, though, Caine demurs, fearing that control of the project will be wrested from him before they can proceed to the next level-- the testing of a human subject. And he takes it upon himself to become that subject, securing the assistance of his research team by telling them that they've been given approval by the board to do so. But something goes wrong, and Caine becomes trapped in his cloak of invisibility; and as he and his team struggle to find the solution to his considerable dilemma before it's too late, it all begins to take a toll on Caine's mind. And suddenly, his fear of losing funding and control becomes inconsequential, as he finds himself facing the imminent danger of losing much more than that. Now there's a very real chance that he may lose everything-- Including himself.<br /><br />Verhoeven has crafted what is initially an exciting, even thought provoking film; he establishes a good pace and uses the F/X at his disposal to great effect, though he does tend to allow the striking visuals to overwhelm the character development. Anyone familiar with `The Invisible Man,' or actually anyone who can logically follow the progression of the story, will know early on that Caine is not destined for happier times. Still, Verhoeven has a style of storytelling that is definitely going to capture the attention and engage his audience. But he seems bent on rushing toward the climax, and along the way he abandons any and all of the nuance that has made his film thus far successful, opting to enter into a final sequence that is nothing more than a mindless blood-and-gore fest that betrays his audience and everything he's worked for earlier in the film. Rather than seeking an intelligent resolution to Caine's suffering, and using some inventiveness and imagination to take the film to it's inevitable conclusion, Verhoeven takes the low road, and though it may succeed on a purely visceral level, any meaning one could derive from the story dissolves like so many ashes in the wind, along with anything that would have made this a memorable film. And it's a shame, because Verhoeven has it at a higher level than much of what is offered in this genre, and he allows it to sink unnecessarily to one much lower.<br /><br />Kevin Bacon does a good job of creating a character that is believable, if only on the surface, which seemingly serves Verhoeven's purposes perfectly. There's little depth to Bacon's portrayal, but it has more to do with his director's agenda than his own acting abilities. Verhoeven simply does not allow Bacon the time to develop Caine to any extent; the character is mainly a vessel around which Verhoeven can build his story, and toward that end, it works. The film would have been better served, however, had Verhoeven and Bacon collaborated more closely on at least developing a bond between Caine and the audience that would have prompted some emotional involvement on the viewers part, something that would have drawn them in a bit, rather than leaving them at the gate, as it were, as mere observers of an F/X laden extravaganza.<br /><br />Elisabeth Shue comports herself well in the role of Linda McKay, Caine's willing accomplice in the ill-fated experiment, but it's basically a thankless part that offers little challenge, especially to an actor of Shue's caliber. The same can be said of Kim Dickens (so magnificent in the 2001 film, `Things Behind the Sun'). Her character, Sarah Kennedy, does little more than support the action and F/X. Both actors are capable of so much more, and deserve better than what they are given to work with here.<br /><br />The supporting cast includes Josh Brolin (Matthew), Greg Grunberg (Carter), Joey Slotnick (Frank), Mary Randle (Janice) and William Devane (Dr. Kramer). Entertaining to a point, and even successful on a certain (low) level, `Hollow Man' is one of those films that leaves you contemplating what could have been. Like an annual fireworks display, it will give you some momentary thrills, but after awhile it'll begin to blend in with all the others you've seen, without anything special to set it apart. And it's too bad, because given the talent and abilities of those involved here, it could have been so much more. I rate this one 4/10.<br /><br /> <br /><br /> <br /><br />"
tt0176269,"This was an atrocious waste of my time. No plot. The acting was so far below par, it should be used as an exemplar in acting classes of what NOT to do. It is merely a commercial rip-off of the earlier Universal Soldier, which also scrapes the bottom of the acting barrel. Its sad that VD needs to assert his ego every few years, and sadder still that people will pay good money to sit thru it. This kind of schlock gives Martial Arts movies a bad name. By comparison, it makes Segall, Norris, and Arnold look almost talented.<br /><br />Perhaps VD should take the Leslie Nielson track and do send-ups of his genre. At least then we could be laughing with him instead of at him."
tt0222817,"OK the plot is, wait you got me there is no true discernible plot here just a string of optically fogged sex scenes, strung together by scenes of photographers taking pictures of pretty ladies (Sometimes a combination of the two) Then a demon comes around kills the men, rapes and kills the women, and waxes poetic about the meaning of life. Moronic special effects, bad acting and bizarre philosophy aside, you get what you expect from a film with a title like this. I guess it would have to be someone's cup of tea, just not mine as I have yet to see a good Kazuo 'Gaira' Komizu directed film.<br /><br />DVD Extras: Subtitled Interview with Director Kazuo Komizu Part 1 (Part 2 is on the Entrails of a Beautiful Woman DVD); and Theatrical Tailer<br /><br />My Grade: F"
tt0234215,"As a fan of Science-fiction movies, I have been aware of The Matrix since its release in 1999. From the little bit I would allow people to tell me about it, I assumed it was highly original and sophisticated. I am also a devotee of Alice in Wonderland. I could never quite figure out how I missed The Matrix when it was released. With the imminent release of The Matrix Reloaded, it was time to buy the DVD and watch it.<br /><br />The disappointment was too great. The premise of the matrix (the controlling device as opposed to the movie) was clever. The philosophical premise of parallel worlds, alternate realities is shopworn. However, I could still have bought into the film, as science-fiction, if it stayed firmly in that genre. Unfortunately, it turned into a standard, ""will they or won't they escape, break through, rescue those in need of rescue, etc."" To make matters worse, it turned out to be another martial arts exercise. The problem is that science-fiction and martial arts films are really two different types. To the purest, the devotee of one or the other, mixing the two doesn't work. It is like mixing science-fiction with romance. You can have one or the other, but not both in the same film, or, at least, not both to the same extent in the same movie.<br /><br />If there were such problems with The Matrix, The Matrix Reloaded really compounded the problems. At least thirty minutes of the film were either martial arts sequences or the protracted car-chase. (This observation ignores the question, made in every professional, negative review of the movie: If Neo could do the Superman thing, why bother to fight at all? The answer, of course, is that's what draws the young, male demographic group into the theatre.) Then there is the ""redemption through love"" aspect. That plot device was worn out by Richard Wagner over a hundred years ago. It was actually handled better by him in Die Gotterdammerung.<br /><br />So where does that leave those who saw the Matrix Reloaded. Martial arts fans probably groaned through the trite, but arcane sci-fi philosophizing. Science fictions fans were wondering why they were sitting through a kung-fun fest. Most of the males in the audience where probably bored by the silly romance aspect of the film.<br /><br />Just what are you supposed to be getting for your bucks when you see The Matrix franchise films: Science fiction, martial arts, or soap opera? A bit of each does not make for a whole lot more of any of them, nor for a satisfying film for the afficionados of each."
tt0254199,"This is a movie about making a movie. Such movies may be entertaining, but they need some substance, to do so. It did not happen here, I am afraid. Mr Coppola did not inherit his father's skills, unfortunately (neither did his sister, who can however make movies which one might watch).<br /><br />I do wonder how this movie came to get such rave reviews. <br /><br />Let's see: the lead male actor, supposedly a director, is as expressive as a frozen squid and his voice has the same pitch whatever he says, the lead female actress has an expression on her face that never changes, the plot is totally segmented in bits with perhaps one single connecting element, the movie within the movie idea must be more stale than paleolithic rocks... Would that be enough?<br /><br />I regretted every single moment I watched this movie. A walk with the dog is far superior entertainment to this unbelievably lame movie. It's as if a François Truffaut plot were directed by Dick Cheney...<br /><br />Brazil, some other classic SF movies? You must be really joking..."
tt0255798,"Marvin(Rob Schneider)does not have the ingredients to be a cop which is his lifelong dream. But his luck changes when he has a car crush(a very bad one)and is found by a doctor. The doctor has to use animal organs to rebuild him. After this moment, he starts to have wild behaviours unconsciously and becomes a best cop one could ever be. By the time, he realises the changes and his animal instincts starts to take over his human side. In the mean time, he finds a lovely girl and try to be a perfect gentleman that means he has to control himself and behave civilised. I am not a big fun of Rob Schneider. In fact, this is the his first film I have seen. However, I can easily say that he is the best person to play the loser.(See his part in Ally Mcbeal, quite funny actually).There are some good parts in the movie such as his flirting with the goat. In such movies, the biggest problem is that the script is seems to make the viewer feel less intelligent. I am sure this movie is okay to watch as long as it is not taken too seriously. But very sad to see such films doing very good in the box office. The Animal is not the worst film I have seen to date but fails to get more than *."
tt0272202,"This is blatantly a futuristic adaptation of Jules Verne's ""Mysterious Island"". The sound editing is pretty bad. You hear the dialogue on set and you hear the voices being recorded on a recording booth at the same time! This is an amateur film with actors from Boston and shot around New Hampshire. For those living in New Engalnd and who is reading this comment will be wowed with a capital W. This film is full of flaws. You get to hear the director's voice giving directions and giving out directions to the actress. ""OK now stand up."" As for the other characters. There is this guy who talks with his mind instead of his voice and this blue alien. The alien guy talks with a deep voice. When he is yawning or grunting when he is fighting you hear the actor's voice. As for the special effects, man! This was Brett Piper's early work for crying out loud! The creatures are good but the animation is jerky. Really jerky. Sort of like Karl Zeman animation in JOURNEY TO BEGINNING OF TIME (1955). The special effects are imaginative. Thge music is good. Bottom line, this film makes EQUINOX or PLANET OF THE DINOSAURS look like a Ray Harryhausen epic. Did you know MYSTERIOUS PLANET was a home movie and was on a shoes string budget? A must watch for aspiring film makers."
tt0274518,"I was recently online looking at a site that featured public domain movies. In their long list of films was this film and I thought I must be hallucinating at such an offensive title and premise. But, no, that's really what it was. And since the film was only about 27 minutes long, I decided to give it a try. If it had turned out to be some porno movie, I would have stopped watching. Instead, it turned out to be the most bizarre film I have ever seen. The Danish production crew tried, with a budget of about $49, to make a Star Trek-style film about a crew of very gay men traveling about the galaxy wiping out female oppression by killing all the women--like they proceeded to do on the Earth! And in every case, they were met with cheers and thanks from the now gay men of the planet.<br /><br />Subtle, this ain't. With some of the most obscene and juvenile names of characters I've ever heard, I don't even think I can write them on IMDb without having my review removed! However, despite the utter crappiness of it all, it was strangely watchable and worth a peek. But, as I mentioned already, due to the crude names and odd subject matter (though no nudity), it's a film for adults only. <br /><br />By the way, this movie left me with 1001 questions as to WHO would make this, WHY make it and WHO was the intended audience?! It may not be the absolute worst thing I have ever seen, but it probably is the weirdest and possibly the most offensive!"
tt0275410,I found Horrorvision almost unwatchable. While only 70 minutes in length I still found myself hitting the fast forward button again and again. The acting was of the `if I scream and say ***k a lot I'm intense' school. And the story was at best a scenario that had yet to be fleshed out.<br /><br />While I never go to Full Moon for great film making I have never seen them produce as bad a piece of junk as this.
tt0284978,"'I'm working for a sinister corporation doing industrial espionage in the future and I'm starting to get confused about who I really am, sh*#t! I've got a headache and things are going wobbly, oh no here comes another near subliminal fast-cut noisy montage of significant yet cryptic images...'<br /><br />I rented this movie because the few reviews out there have all been favourable. Why? Cypher is a cheap, derivative, dull movie, set in a poorly realised bland futureworld, with wooden leads, and a laughable ending.<br /><br />An eerie sense that something interesting might be about to happen keeps you watching a series of increasingly silly and unconvincing events, before the film makers slap you in the face with an ending that combines the worst of Bond with a Duran Duran video.<br /><br />It's painfully obvious they have eked out the production using Dr Who style improvised special effects in order to include a few good (if a little Babylon 5) CGI set pieces. This sub Fight Club, sub Philip K Dick future noir thriller strives for a much broader scope than its modest budget will allow.<br /><br />Cool blue moodiness served up with po-faced seriousness - disappointingly dumb. This is not intelligent Sci-Fi, this is the plot of a computer game."
tt0295725,"I attempted to watch this film without being able to really sit through it, for while it is suppose to have a ""good"" message; the problem is that it is obviously produced according to one particular interpretation of scripture. An interpretation, in my opinion, will mislead a lot of people. In addition, I am a movie maniac and the acting in this film was completely unacceptable. Never before had I wished for a negative score to rate a movie. So, if you wish to be preached to incessantly by those without authority, then by all means, get this film. This comment is also a warning to people who like or love scifi, because the title will deceive a lot of people as well. This was an unfortunate film, because the basic idea had possibilities and those possibilities were squandered. The film's only redeemable quality is that it did make me realize that the character in the ""Time Machine"" probably should have shown a little more moral outrage at the odd behavior by those in his future."
tt0308132,"The original exploitation classic-though far from enjoyable on almost any level concerning some guys who turn cats into human flesh eating monsters because the cat food they make is made with people is remade with scifi elements added. The cats can't get enough and when the flesh tainted food runs out the cats turn on their owners. Poorly put together on almost every level this is an example of the absolute bottom of the barrel material that used to actually play movie theaters in the early 1970's updated with alien cat and dog races battling for supremacy. Director Ted Mikel is a hack, but is so lovable a person (I generally like the guy thanks to his smile inducing interviews and commentary tracks) that you can pretty much excuse the garbage he mostly turned out. Mikels wanted to make films and he didn't care how they turned out so long as he was producing something. More power to him, but I wish he wouldn't subject us to his home movies"
tt0312640,"The first 45 minutes of Dragon Fighter are entirely acceptable and surprisingly watchable. The characters are believable and interesting. The cloning lab looks really high-tech. After that, it all collapses. The characters start behaving idiotically, and a new subplot is introduced from nowhere about a fusion reactor (and this is supposedly ""present day"") going critical, the only plot justification of which is that it is required to kill the dragon - only it doesn't. The finish is incredibly weak. One wonders what made a movie that started out so well turn so wrong.<br /><br />All the characters except Dean Cain are played by Russians. This results in some weird situations and details, like the character being played by Vessela Dimitrova being called ""Bailey Kent"" despite her heavy accent (and despite her, on one occasion, inexplicably switching to *Spanish*!).<br /><br />Because of the decent start, I considered rating this movie a 5, but it really was more disappointing than that, so I only give it 4."
tt0314063,"My first attempt at watching this ended in 8 minutes, roughly after the TV report scene, which I couldn't handle. It went approximately like this:<br /><br />Reporter 1: Hmm, there's a pyramid in our skies. Reporter 2: I think it's aliens. *awkward silence* Reporter 1: In other news...<br /><br />A few days later I watched it to the end, and it wasn't as horrible as I've imagined, but there are serious problems with this. About half of the plot can be easily discarded. And the other half should be expanded to explain the background story or something.<br /><br />What use are the detective, the eugenics people, and the monsters which are disposed of momentarily by Horus? More amusing was the monopoly scene. ""We're all powerful ""Gods"", who have lived for aeons, and of all the games in the multiverse we happen to play monopoly."" Monopoly? Monopoly?! Even Erich von Dainiken looks coherent, compared to that.<br /><br />The other half is terribly lacking. What did our protagonist do to get himself cryo-frozen? Why was there no big event when he was released at the end? He had those pesky followers, remember? What happened to normal humans? What's the deal with the masked guy? How did the blue-haired girl appear? What's with her eyesight? Etcetera, etcetera.<br /><br />Visually it's OK, more or less, if you disregard the Egyptian Gods looking like walking turds with rotweiller heads."
tt0343818,"This is probably the most boring, worse and useless film I have seen last year. The plot that was meant to have some philosophical aspects emerged to me as a very bad hollow copy of the matrix, with plenty of clichés: the lone wolf cop, good looking, psychologically disturbed, sleeping with his gun... + nice hard worker and shy, but good looking she-scientist, you add a 2 cent plot and you have I, Robot! I was terribly disturbed by the obvious advertising of brands like FedEx,Audi,converse etc. This movie stinks the commercialization and tend to be more a poor ad spot that unfortunately will not end after 30 sec. I wouldn't recommend this to my worse enemy, if you have some spare time, watch a good TV program instead or better read a nice book."
tt0348150,"I saw the movie last night and I really wanted to like it. My expectations for the movie had been going up and down ever since I heard it was being made. Some days I'd see something spectacular and some days I'd be disappointed.<br /><br />Yet being the kind of fan I am, I had high hopes for this movie but in the end I was sorely disappointed.<br /><br />While I love the Richard Donner movies I didn't like their sometimes campy nature or the changes they made to Superman's character and his powers.<br /><br />Singer however chose to take the worst elements of the Donner movies and put them in his version.<br /><br />While his Lex Luthor is slightly darker he's still nothing more than a shyster, a conman and a common criminal. He's no more intelligent than when Gene Hackman played him. Kevin Spacey does his best to play Luthor well but ultimately he falls victim to shoddy writing and unremarkable dialog.<br /><br />His henchmen are more two dimensional than even comic book henchmen. Most of them literally have no dialog in the movie.<br /><br />****SPOILERS AHEAD**** Kitty Kowalski is almost exactly the same character as Ms. Tesmacher. She seems to be as evil and cold as Lex Luthor but she proves to be just an underling who melts after seeing Superman in trouble and quite predictably betrays Luthor.<br /><br />The biggest disappointment in the movie was Frank Langella as Perry White. I wasn't a huge fan of the over the top Perry White in the Donner movies but at least he had a soul. He was after all said and done, a veteran reporter who cared about the truth and a good story. Langella's Perry White is nothing but a corporate stooge. He wants everyone to concentrate on the Superman related stories because they sell papers even though every other paper is doing the same thing. He doesn't care about the real stories, the real mysteries like the black out and what Lex Luthor is up to now that he's out of prison.<br /><br />The worst thing about Langella is that he's DULL! Some actors can be quiet and sober and yet have an undercurrent that lets you know that still waters run deep. Frank Langella is puddle.<br /><br />Brandon Routh is not a bad actor. He's OK but again there is not a single memorable line in the whole movie. Not the actor's fault. His movements are clearly meant to look graceful, like even the slightest movement of his fingers effects the way he flies. But it still looks choreographed and artificial.<br /><br />Lois Lane while badly written was surprisingly well acted by Kate Bosworth. Unfortunately, again, for a Pulitzer Prize winning journalist and writer, she is about as eloquent as any teenage on Dawson's Creek.<br /><br />James Marsden was my favorite actor in the whole movie, mostly because he looks more like Superman than even Routh. Without any superpowers he manages to figure out Lois Lane's message, flies a plane to the location, gets on board Luthor's yacht and rescues Lois and her son.<br /><br />The only moving moment in the movie is when they are all trapped pantry as it is flooding with water and the ship is sinking. You see them slowly going being immersed in the water. You know Superman's going to come by at the last moment to rescue them but still you can't help but feel sorry for them.<br /><br />As I said before the plot is very haphazard. Unlike Singer has said, this is not a movie about a superhero returning and trying to find his place in the world. As soon as he returns the world welcomes him back with open arms. Lois is the only one who's not happy to see him back. Even Luthor is happy to have Superman back because it gives him a chance to settle the score with the man of steel.<br /><br />Superman is shown to be probably one of the dumbest heroes in the universe. A big green piece of meteorite is stolen from a museum, Lex Luthor is out of prison, he now has knowledge about Superman's powers and weaknesses, and yet he's still not able to connect the dots enough to know Luthor would be using kryptonite against him.<br /><br />According to the movie the only thing Superman is good for is lifting really, really heavy things. The action sequences are all incredibly predictable."
tt0365514,"I wasn't sure how to rate this movie, since it was so bad it was actually very funny. I'm not a Gackt fan by any means, though he is talented, despite the weird pseudonym that sounds like a cat coughing up a hairball. I always thought Hyde was talented though, Faith is an interesting album.<br /><br />But on topic here folks. This movie is ridiculous. It's so over the top and nonsensical it's almost like a parody of supernatural action films.<br /><br />The movie has almost no plot here, except it's just about vampires with gangster friends. In a way, this film almost reminded me of Spider-Man 3, with how there were too many ideas, which resulted in not enough time to pay attention on one of them.<br /><br />The action scenes were laughable. Quickly edited, almost hard to understand, with choreography that's so laughably bad. Though Hyde looked very stylish during the action scenes, but that's this film's only such redemption. I'm a sucker for good action movies, but the action was horribly done. Though the final shootout was OK and the highlight of this otherwise depressing movie.<br /><br />It keeps jumping between genres, not a good thing. It wants to be a drama, or an action flick, or a horror, or a romance... what the hell.<br /><br />If this review is making you mad, why? Is it because Gackt and Hyde are your love? Don't fool yourself, this MOVIE IS BAD."
tt0369226,"This movie succeeds at being one of the most unique movies you've seen. However this comes from the fact that you can't make heads or tails of this mess. It almost seems as a series of challenges set up to determine whether or not you are willing to walk out of the movie and give up the money you just paid. If you don't want to feel slighted you'll sit through this horrible film and develop a real sense of pity for the actors involved, they've all seen better days, but then you realize they actually got paid quite a bit of money to do this and you'll lose pity for them just like you've already done for the film. I can't go on enough about this horrible movie, its almost something that Ed Wood would have made and in that case it surely would have been his masterpiece.<br /><br />To start you are forced to sit through an opening dialogue the likes of which you've never seen/heard, this thing has got to be five minutes long. On top of that it is narrated, as to suggest that you the viewer cannot read. Then we meet Mr. Slater and the barrage of terrible lines gets underway, it is as if he is operating solely to get lines on to the movie poster tag line. Soon we meet Stephen Dorff, who I typically enjoy) and he does his best not to drown in this but ultimately he does. Then comes the ultimate insult, Tara Reid playing an intelligent role, oh help us! Tara Reid is not a very talented actress and somehow she continually gets roles in movies, in my opinion though she should stick to movies of the American pie type. <br /><br />All in all you just may want to see this for yourself when it comes out on video, I know that I got a kick out of it, I mean lets all be honest here, sometimes its comforting to revel in the shortcomings of others."
tt0377713,"The plot doesn't offer any new excitements, it even starts the same as cube I. This time there are no other enhancements for the cube machinery, except for having an extra exit, which is not guarded, very ingenious. The characters are also not so well elaborated as in the first episode, they just became ""flat"" as in a soap opera. <br /><br />If somebody makes it to the normal exit, the person would be asked some questions, like ""do you believe in god?"", its not really creative or original and especially in my opinion it doesn't fit into the mystery of the cube with it traps. Really there is nothing much else to say about it."
tt0383353,"Evil Aliens owes a huge debt to Peter Jacksons early films Bad Taste and Braindead.I must confess to never enjoying those films particularly and i say the same about this.Jake West is a director who clearly lacks inspiration of his own and chooses to steal from those whom he looks up to.I lost count of the amount of times a major Hollywood film was quoted most notably James Camerons Aliens.The amount of blood and gore on show here isn't funny either,the latter end of the film becomes tired and dragged out.Maybe it would have worked better as a short film.The actors a poor,the direction is weak and the plot is non existent.I can see what the director was trying to do,the homage he was trying to pay,but others have done the same thing a lot better than presented here. 4/10"
tt0386741,"For all its visual delights, how much better Renaissance would have been in live action. The animation is fantastic in the big picture, yes, but the characters are cold and hollow, much like the story and the style of this film. With real actors, perhaps the world of the film would not have felt so lifeless. There is much to admire here, but at the end I found that all I could do was admire. I did not enjoy the movie that much, and it clarifies something that I did not see before: that the visual elements can be the defining positive aspect of a film, but without a good story and strong characters, it can all be for nothing. I will not go so far as to say that this movie comes to nothing, but sometimes it comes dangerously close. I love Dark sci-fi thrillers. Blade Runner and Dark City are two films I thought were wonderful. But Blade Runner had its tragic villain and Dark City had its thought-provoking story arc. Renaissance has shadow and light, but little else. I wish I could have liked this movie more, but the weak story and the empty characters stood in the way of that. The Renaissance was a historical and artistic burst of color and life. How ironic, then, that one of the most bleak and lifeless movies I've seen this year takes its title from the Renaissance."
tt0404325,"Well this film has certainly had a fair amount of hype; From the buzz at the Toronto Film Festival to gushing reviews on CBC Radio. A refreshing, wacky, hilarious indie movie apparently. I'd been looking forward to it for months.<br /><br />How can I put it this simply? It sucked in a very big way. An exercise in cinematic lameness that makes Adam Sandler look like a comic genius.<br /><br />At best it was mildly amusing and at worst coma inducing. An amerterish script badly directed and shoddily edited into a ramshackle mess.<br /><br />And what was with the music being 500db louder than the rest of the sound track? That was about the only truly odd thing about it.<br /><br />If you want to see a genuinely funny, bizarre movie involving aliens then try Repoman. There is no comparison!"
tt0417191,"No scenario, bad actors (poor Melissa Gilbert)... Beurk Beurk Beurk ...<br /><br />Give a such budget to make this... In Belgium, we make ten films which win all prices in Cannes with this.<br /><br />Last time that I've seen a such NULL-Film was Hypercube. But scenario was better.<br /><br />Is anyone knows if the director was a graduate in school-film or a cop ?<br /><br />The better things in this film was the word ""End"".<br /><br />Why authorize to sell this ? 1ç is to expensive. <br /><br />I've pay ten dollars to buy this.<br /><br />For me, pay for this was my BIG MISTAKE of millennium.<br /><br />Too bad.<br /><br />Next time I'll break my arm but buy this type of sh*t."
tt0425638,"Wow...<br /><br />I picked this up at the local Wal-Mart after reading online that it had been released early. I've been following this online for some time, and just had to buy the film.<br /><br />Wow...<br /><br />I guess the thing that really struck me was the editing, or lack thereof. Time and again, characters (usually The Narrator and whoever he is with) are shown walking...and walking...and walking. I am not an editor, but I do know that you can cut between someone leaving point A to show them arriving at point B. There is no need to show almost the entire journey! Wow...<br /><br />I actually ended up feeling somewhat sorry for the actors involved in this. They seem to have been given no direction as to what to do during scenes other than to look scared or look happy, depending on what action was to be added at a later date.<br /><br />Wow...<br /><br />Why it was decided to do almost all the effects using CG is beyond me. Even ILM still employs miniatures sometimes. One of the most distracting uses of green screen in this film is the constant rushing about of (according to the end credits) the same group of people representing the citizenry of different towns and cities, including London. At times these folk are coming and going with no regard as to the angle of the shot or the distance they are from the camera. In one shot in London, there appear to be at least two men over six feet tall walking just behind the narrator's brother (played by star Anthony Piana without his distracting mustache). Not since GETTYSBURG have I seen such a fake piece of facial hair.<br /><br />Wow...<br /><br />Why Timothy Hines talked up this film the way he did is beyond me. It is a turkey, plain and simple. On the plus side (at least for me) it has provided some of the most genuine laugh-out-loud bits of hilarity I have seen in quite a while."
tt0430926,"Second movie in the boxset. Originally titled Bloodsuckers, This movie was pretty average. It is kinda boring in some parts but there is some good gore effects, but they're not great though. <br /><br />The movie takes place in the year 2210. Vampires have pretty much taken over the whole world. The V-SAN (Vampire Sanitation) Squad, which also has their own spaceship and is lead by Churchill, who is captured by the vampires, receives a message from an Earth and the team, formed by Quintana (Played by the very hot Natassia Malthe), the rookie officer Damian and the rebels Rosa and Roman (Roman being played by Aaron Pearl from Wrongfully Accused.) V-SAN later meets up with the leader of the vampires Muco, played by Michael Ironside from Total Recall. He has no plans of living peacefully with humans, as he is bent on world domination. <br /><br />While this movie was not a waste of time, I doubt I'll be putting back in the DVD player anytime soon."
tt0434964,"What's that there in the skies? Is it a plane? Is it Superman?? Errr, no It's a TURTLE!?! See, that's what becomes of the Cold War! Nothing but bad news and other issues! The Americans shoot down a Russian combat plane somewhere over Artic territory and the subsequent explosion defrosts & literally awakens the giant prehistoric turtle-creature named Gammera. He/she is not a very friendly critter as it promptly ensues to destroy everything and everyone on its path. The arguing governments finally decide to kill the ugly bastard with a brand new and super-sophisticated ice-bomb, but Gammera has another surprise in store The damn turtle can fly! The first time this happens results in a tremendously grotesque and hilarious sequence! Gammera lies on his back looking defeated when suddenly fire blows from his armpits and he skyrockets himself up in the air. How can you not love that? Then there's also a dire sub plot about an annoying kid who's able to telepathically communicate with the monster, but that's just not interesting enough. Flying turtle, people!! There's very little else to write about this Japanese (and American re-edited) Sci-Fi effort, apart from that it's an obvious and totally shameless rip-off of such classics like the original Godzilla and The Beast from 20.000 Fathoms. The effects and monster designs are extremely hokey and, unlike the aforementioned films, it never succeeds in creating an apocalyptic ambiance. Respectable actors like Brian Donlevy (""The Quatermass Experiment"") and Dick O'Neill (""Wolfen"") seem unaware of what film set they're on and even the original Japanese mayhem-scenes aren't very convincing. Gammera's very own and personalized theme-song is rather cool, though, so it gets one extra point for that."
tt0443678,"This is a movie of tired, yet weirdly childish, clichés. There's a Nazi witch master performing sf-related experiments in the basement? Oh please! <br /><br />Aiming for a creeping sense of horror and fear, the general impression of the film is that of a very immature conception of fright. Not having any expectations beforehand, I am left with: an aged Xander from Buffy and a heroine with ape-like face who doesn't seem to know how to act. Said Adrienne Barbeau have I only only encountered before in the much more enjoyable ""Cannibal Women in the Avocado Jungle of Death"".<br /><br />Camera and editing adds to the general impression of lame."
tt0445161,"I saw the film at the Belgrade Film Festival last week, and I'm still working off the trauma. Essentially my view seems to match a number of others - the first half hour was fresh, sharp, deep, entertaining and promising. Well acted too. Natural. My problem, however, is not simply with the fact that the final hour and a half of the film have nothing to do with the likable beginning, nor the fact that I spent most of this time convulsing in agony at sharp, grating industrial sounds and squinting at drunken, toothless, bread-chewing hags. It's rather with the fact that THEY NEVER WARNED ME!!! The festival brochure synopsis described only the (utterly intriguing-sounding) first half hour - a whore, piano tuner and meat seller chat in a bar, pretending to be an advertising agent, genetic engineer, and petty government administration official, respectively - making no mention whatsoever of the never-ending gum-smacking to come. Serves me right for not reading the reviews, you might say - but to my defense, a number of reviews I looked at post-fact um didn't at all stress the immensity and utter unbearableness of the greater part of the film.<br /><br />The first hint should have been the introductory words by the director (a bashful, tousle-haired Russian youth) who stepped in front of the crammed auditorium (the film seems to be doing incredibly well critically, and tickets were sold out well in advance of the screening, though most of the audience seemed as unaware as I was of the pain to come, judging by the plethora of unearthly moans and groans that utterly permeated the theatre during the last half hour, and many exasperated comments on exit) to say the following: 'Well, I... um, thank you very much for coming to see this film, and I just wanted to say... well, it's a very long film... it took me four years to make it, and... it's.. I suggest that you see it and immediately try to forget about it. It is very long. Thank you for coming.' This is what he said. Alarm bells should have been ringing. 'What's he talking about?' I thought in happy confusion. 'This is gonna be fun!' Of course, by the time his strangely apologetic comments started making sense to me, it was far too late to get out. All I could do is writhe in increasing agony until the lights came on again. And in the end I can't say I feel in any way improved by the experience. Yes, I absolutely loved the first half hour. It was intelligent, new, and had a lot to say. And yes, Russia is probably in a bad state. Yes, every society has many hidden faces. Yes, toothless life in barren wastelands is probably unimaginably hard. Yes yes yes. I get all of this. Really I do. But I see no earthly reason why art and meaning should be so agonisingly drawn out, and so painful to bear. If you want to see a film land somewhere between the extremes of glitzy Hollywood plastic fantastic and hours of muddy vodka swigging, try the Korean-Chinese Bin Jip (3-Iron). It's artsy and surprising, but also to-the-point and fun."
tt0457275,"I might not have been the biggest Blair Witch fan but nonetheless appreciated that effort, so I was looking forward to Altered, especially after reading the superlatives thrown around in various IMDb comments. ""Unique"", ""intelligent"", ""A future cult classic"" and so on... you gotta wonder where people come up with that stuff to describe such a poor effort.<br /><br />Because alas, Altered is a poor, weak movie that fails to engage in any and every respect. The silliness is not funny. The horror and gore is not scary. And whatever ""thinking"" aspect some poor fellows saw in this movie were due to severe delusions because there's certainly nothing profound or smart about this mess.<br /><br />OK, so we know nothing stands out. Is it at least bearable? Is the experience worthwhile in any way? Unfortunately, no. For starters, get very poor acting. It's not a stretch to say most B-movies these days feature better acting. The plot? Boring and messy. Dialogs? Many amateurs actually do better.<br /><br />It's really the direction that puzzles. I did not expect major improvements over Blair Witch but at least small steps forward. Instead, our director seems to have worsen over time, completely oblivious to previous experiences.<br /><br />If there is a major flaw in Altered, it's the main set. A major part of the plot takes place in a single location, where the main characters are confined but Sánchez has failed to give the place any personality whatsoever. Considering that in Blair Witch, the forest plays a major part and is as much a character (an antagonist, if you will) as the three students, you would think the director would realize the same thing was needed here. But no... this place has no personality whatsoever thanks to sloppy direction and no attention to details.<br /><br />There's nothing salvageable here. Die hard fans of ""Blair Witch"" are better off following Daniel Myrick. Although his output is far from being golden, it shows better structure than Sánchez and some lessons from Blair Witch are applied (unfortunately, in weak stories but still)."
tt0465624,"It's easy to see how this below-average screenplay got by in the early sales-pitch meetings at Regency Films (and later with Fox): cross the superhero genre with a comedic take on ""Fatal Attraction""...voilà! I don't know how on earth a talented director like Ivan Reitman got involved, unless the pay was just too tempting. A dateless employee at an architectural design firm in N.Y.C. meets a girl on the subway and asks her out; despite the fact she's distracted and unpleasant, he eventually gets her into bed--only to find out later she's the Big Apple's resident superhero, G-Girl. This distaff Superman, with powers bestowed upon her by a fallen meteorite, isn't a fantasy heroine, however...screenwriter Don Payne has conceived her as a needy, possessive, vindictive bitch (he telegraphs this to us from miles away, though Uma Thurman still plays the role for sassy laughs). This is the kind of worthless movie that can't let an insult slip by. Our introduction to leading man Luke Wilson, talking with Rainn Wilson on the train, is accompanied by a sour dig at gays (it prods at us to be assured these two buddies are strictly ladies' men). After being approached by G-Girl's nemesis, who wants to zap her powers, Wilson is told this will make her just an ordinary woman scorned...and isn't that better after all? Thurman's early performances in films like ""Henry & June"" and ""Jennifer 8"" showcased an intelligent woman with angular grace and hypnotic poise; her films with Quentin Tarantino helped expose her sinewy hardness and intensity, but that came at a price (the actress has seemingly lost her graceful touch). The picture is exceedingly well-produced and shot, with expensive-seeming special effects, yet nobody bothered to find the humor in this scenario. It's pushy, leering, ugly, and badly-cast. Bloated, frozen-faced Wilson can't tell any of his co-workers that he's dating G-Girl because she made him swear he'd rather have a chainsaw stuck up his rectum. I wonder if writer Payne actually thought that was hilarious...or, indeed, if anyone involved did? * from ****"
tt0493424,"Steven buddy, you remember when you said this: <br /><br />""Try to find the path of least resistance and use it without harming others. Live with integrity and morality, not only with people but with all beings."" <br /><br />you have not been doing that, you have mortally wounded your fans and their morality with these ""films"" I wouldn't even bother if I didn't know you are so much better than this, I've seen the videos of you teaching, you are so much better than this why why brother why...<br /><br />steamroller productions has been steamrolled I promise bro i am not afraid of you I will tell you the truth to your face so we can fix it.<br /><br />well I like some others fell asleep 90% in, but to be fair i was tired and had a large meal just an hour before hand Sensai, what are you doing. 12 million? really? do you have any idea what we could have done with $12,000,000 It could have been in the theaters and a blockbuster hit, if you wanted we could have donated money from the huge profit to a homeless shelter or something. These post production people are ripping you off man the choreography was non existent, we can do better man, the eye blinking thing was from the men in black movie, i half expected will smith to appear or tommy lee Jones to tell your they were gills not eyelids.<br /><br />Seagal you are an Aikido master, why are you doing this to yourself, to us? when you came on the scene, you had such a fresh direct style, and it was obvious you are a teacher cause the way your moves were so clear and crisp, watching your first three movies i felt like you were teaching me something, now i feel like you are just being ripped off or something i feel like I need to save you buddy, this time you are the one who was killed and I'm gonna go and get revenge for you by helping you make the best movie ever. bro i know who you really are, i know the truth about the Nico movie. let's talk.<br /><br />contact me man i got some fresh ideas I am a nit picker, I swear you will not be disappointed with my attention to detail and we'll do it for the fans man, your fans deserve better, we're hanging on, but the strand is about to snap. I swear I will not let your movie out the door with a single mistake in it I'm still trying to figure out if that was the worst dubbing ever, or you have laryngitis, but i promise you i can do a better impression of your voice than the lame **** who didn't even try. I sure hope you kicked him in the nuts as his payment. i can come up with a story and a plot that can be matched to your avenging the death of your student/daughter/wife/dog/house plant niche and I promise you we will bring you back, I promise, also I want to go in the direction, that makes people think, if you let me in i promise we will make a movie that people will walk away and have to have a discussion about it, a serious thought provoking, perception altering experience.<br /><br />Steven Seagal This is my official in writing permission for IMDb to release my contact info to you for the purpose of resurrecting one of the best martial arts heroes I have ever seen also, for the record hes not Italian, hes Irish and Jew so you call it bad acting i call it terrific acting, because you have believed for 20 years that Seagal is Italian :) kinda changes your perception doesn't it."
tt0758442,"I was really horrified by this eerie movie. What an unusual dark atmosphere. And such a creepy musical score. Really promising! Indeed, after ten minutes you really start sweating, and feeling uncomfortable, for you start fearing the worst. This movie has the atmosphere of a true nightmare, and what's worse-it all comes out. For one hour and a half I have been trying to fight complete boredom and falling asleep, but the monstrous soundtrack kept me awake. Nuit Noire is a truly horrifying picture - for your eyes, your ears, your intelligence, and most of all: your wallet, since the thought of spending precious money on a movie ticket for this cheap amateuristic homevideo is the biggest horror of all."
tt0799862,"I had to endure teen-aged, high school angst and family conflict for almost all of the show. I really do not care about high-school girls fretting about their relationships. I've spent my time in Hell dealing with such issues and I care nothing about fictional teenies going through ""lite"" versions of the horrors I endured. I want science fiction. That's the only reason I'm here. There were a few seconds of science fiction late in the show. We FINALLY see a proto-Cylon. It was good but with one problem. Its red eye-dot would lock onto an object of interest. We all know that Cylon eyedots always scan back and forth, giving the machine a map of the world. The red eye-dot does not ever stop moving back and forth.<br /><br />I really hope the writers fix this abuse before the second episode."
tt0807840,"As said before, the visual effects are stunning. They're breathtaking. I personally use Blender and graphics like that are not easy AT ALL. But that's all this movie is. Not only is the plot confusing, but the overall conflict is not clear. For example, in the first scene, Proog and Emo are trying to run away from who knows what. The conflict seems to be between man and nature here. Later, when they enter the room of the bottomless pit, Proog explains that ""one step out of place and (you're dead)"". Here, there's a more precise conflict between the careless man and nature. As the movie progresses, it's clear that a conflict exists between man and nature. But suddenly, a conflict exists between man and man when Proog, out of nowhere, murders Emo. Proog immediately changes from being a caring guardian looking after a lost child to being a ""sick man"". He betrays us. Not only is this depressing, but we don't care because the conflict between the character's thoughts and actions is not developed. It's not a story about someone, through struggle, emerging stronger. It's depressing and has not point because there's no great truth about the human soul or about the world brought to light like a great drama does. In my opinion, the movie is severely underdeveloped in all aspects. However, the graphics are stunning, but a movie is so much more than mere eye candy. There's no truth, no struggle and a bad surprise ending. In conclusion, an underdeveloped movie without a point. ...but the graphics are good."
tt0865957,"Will Farmer (Lanter) plays a computer game that simulates a terrorist attack, and Ripley, the super government computer, designed to profile potential terrorists, tracks him because Will borrowed (by hacking) some money from his next door neighbor's bank account to pay for a class trip to play chess in Philadelphia. The next door neighbor whose computer Will was fixing, has relatives in the mid-east who thru their bank send money to the neighbor's bank , and Ripley sees a terrorist connection. Ripley has the power to call up missile strikes. Oh, oh!<br /><br />This version of War Games has a much faster pace and more aggressiveness than the War Games movie in the early 1980s. Well, the electronic industry has so much more to work with these days. Makes sense. So the movie dazzles us with fantastic CGI on computer screens, and once Joshua, the forerunner to Ripley, is found operational, we are left with watching computer against computer and the humans are cringing, hoping, praying.sort of, oh-oh-ing, OMG-ing, and more cringing hoping things will go their way. In other words we are now experiencing a made-for-TV type movie, and it's Oh Hum Time. Go back to the 1980s and watch the original War Games movie. It's much better. <br /><br />But, we really have to ask ourselves: are we making computers too intelligent where one day, in time, they will rule us? Hmmm..<br /><br />Violence: Yes. Sex: No. Nudity: No. Language: No."
tt0026273,"Falsely accused, skirt-chasing chums John Wayne (as John Scott) and Eddy Chandler (as Kansas Charlie) change identities to become ""Alias Smith and Jones"". Mr. Wayne becomes ""John Jones"". Mr. Chandler's is supposed to be ""Rev. Smith"", but Wayne calls him ""Dr. Smith"". At no time are either of them as entertaining as Roger Davis, Pete Duel, Jonathan Harris, or Ben Murphy; although, Wayne can be considered infinitely more successful than any of them, career wise. Pretty blonde Mary Kornman (as Anne), grown-up from her days in ""Our Gang"", is a lovely interest for Wayne. She and Chandler have a couple of cute scenes with Wayne. If you're not a fan of low budget John Wayne films of the 1930s, this movie won't make you one."
tt0028313,"Apparently none of the previous reviewers,most of whom praise the film for its accuracy, have actually read a biography of Louis Pasteur.The most glaring inaccuracy is in the relationship between Pasteur and Napoleon III.Back in the 1930's the latter was invariably shown in a bad light.While far from an admirable character-he was an inept politician and a self-appointed ""military genius"" who allowed France to be dragged into a disastrous war,he was not the stupid reactionary depicted here. He had an intelligent interest in science,and like many other people in the 19th century saw a bright future because of the improvements it would bring.Far from exiling Pasteur, he was his PATRON,building him a laboratory and providing him with all the resources that he needed for his research.While the lab was under construction, Pasteur became gravely ill.A bureaucrat, deciding it was a waste of money to build a laboratory for someone who would soon be dead, ordered work halted on his own authority.When the emperor heard about this, his outrage shook the bureaucracy so that there was a flurry of buck-passing, and work promptly resumed.The Emperor personally visited Pasteur to comfort him and reassure him that he would get his lab.The emperor would often bring members of his court to admire Pasteur's projects,and it was obvious to everyone that Pasteur was one of the emperor's favorites.Pasteur's main worry concerning the Emperor was that Napoleon thought Pasteur was virtually a miracle worker who could do almost anything, and was constantly assigning him tasks outside of his previous experience.Pasteur, a very modest man, was always protesting this, but Napoleon would say that he had complete faith in him,and Pasteur despite his misgivings, always came through.They always had a close and friendly relationship,and after the Emperor was overthrown, Pasteur refused to say a bad word about him,grateful to the end of his life.<br /><br />The part about his daughter having the baby, and Pasteur sacrificing his principles to get a doctor, never happened.The part about the anthrax and rabies, for which he was famous, is generally correct, but the notion that the anthrax experiment raised him from obscurity to fame is false.He was famous and respected at the time this happened.This movie is OK from a dramatic standpoint,but very distorted as biography."
tt0029608,i should love this movie . the acting is very good and Barbara Stanwyck is great but the the movie has always seemed very trite to me . the movie makes working class people look low and cheap .the fact that the daughter is ashamed of her mother and that the daughter does not rise above it has always made me a bit uneasy . Barbara Stanwyck as the mother worships the daughter but the daughter forgoes a mothers love to find happiness with her well to do fathers family . i wonder how many others who have seen this film feel this way about it.again the acting was very very good and worth watching . i really don't like the story line . just a personal preference .thank you
tt0038621,"The peculiar charisma of Martin Kosleck brings a certain believability to his character of the frustrated artist. He imbues his dialog with an odd sense of realism, making the sculptor Marcel a convincing individual. The character manages to come across as a real person and not so much a typical B movie villain.<br /><br />The story line is nothing to write home about, and many scenes are dull. What makes it work is the strange chemistry between Kosleck and Rondo Hatton as the Creeper. Kosleck's talkative, philosophical character is contrasted with Hatton's low key, monosyllabic approach. The character of the Creeper isn't developed much beyond a basic monster level, but Hatton suggests undeveloped possibilities and makes you wonder about his back story.<br /><br />This movie was on Shock Theater a lot when I was a kid, so I have a certain nostalgic fondness for it. It's worth seeing once, anyway, for those who enjoy Forties horror movies."
tt0038873,"The author of numerous novels, plays, and short stories, W. Somerset Maugham (1874-1965) was considered among the world's great authors during his lifetime, and although his reputation has faded over the years his work continues to command critical respect and a large reading public. Published in 1944, THE RAZOR'S EDGE is the tale of a World War I veteran whose search for spiritual enlightenment flies in the face of shallow western values. It was Maugham's last major novel--and it was immensely popular. Given that the novel's conflicts are internalized spiritual and philosophical issues, it was also an extremely odd choice for a film version--but Darryl F. Zannuck of 20th Century Fox fell in love with the book and snapped up the screen rights shortly after publication.<br /><br />According to film lore, THE RAZOR'S EDGE was to be directed by the legendary George Cukor from a screenplay by Maugham himself--and it does seem that Maugham wrote an adaptation. When the film went into production, however, Cukor was replaced by Edmund Goulding, a director less known for artistic touch than a workman-like manner, and the Maugham script was replaced with one by Lamar Trotti, the author of such memorable screenplays as THE OXBOW INCIDENT. Tyrone Power, recently returned from military service during World War II, was cast as the spiritually conflicted Larry Darrell; Gene Tierney, one of the great beauties of her era, was cast as socialite Isabell Bradley. The supporting cast was particularly notable, including Herbert Marshall, Anne Baxter, Clifton Webb, Lucille Watson, and Elsa Lanchester. Both budget and shooting schedule were lavish, and when the film debuted in 1946 it was greatly admired by public and critics alike.<br /><br />But time has a way of putting things into perspective. Seen today, THE RAZOR'S EDGE is indeed a beautifully produced film--but that aside the absolute best one can say for it is that it achieves a fairly consistent mediocrity. As in most cases, the major problem is the script. Although it is reasonably close to Maugham's novel in terms of plot, it is noticeably off the mark in terms of character and it completely fails to capture the fundamental issues that drive the story. We are told that Larry is in search of enlightenment; we are told that he receives it; we are told he acts on it--but in spite of the occasional and largely superficial comment we are never really told anything about the spiritual, artistic, philosophical, and intellectual processes behind any of it. We are most particularly never told anything significant about the nature of the enlightenment itself. It has the effect of cutting off the story at its knees.<br /><br />We are left with the shell of Maugham's plot, which centers on the relationship between Larry and Isabell, a woman Larry loves but leaves due to the growing ideological riff that opens up between them. Tyrone Power and Gene Tierney were more noted for physical beauty than talent, but both could turn in good performances when they received solid directorial and script support. Unfortunately, that does not happen here; they are extremely one-note and Power is greatly miscast to boot. Fortunately, the supporting cast is quite good, with Herbert Marshall, Clifton Webb, and Lucille Watson particularly so; the then-famous performance by Anne Baxter, however, has not worn as well as one would hope.<br /><br />With a running time of just under two and a half hours, the film also feels unnecessarily long. There is seemingly endless cocktail party-type banter, and indeed the entire India sequence (which reads as faintly hilarious) would have been better cut entirely--an odd situation, for this is the very sequence intended as the crux of the entire film. Regardless of the specific scene, it all just seems to go on and on to no actual point.<br /><br />As for the DVD itself, the film has not been remastered, but the print is extremely good, and while the bonus package isn't particularly memorable neither is noticeably poor. When all is said and done, I give THE RAZOR'S EDGE four stars for production values and everyone's willingness to take on the material--but frankly, this a film best left Power and Tierney fans, who will enjoy it for the sake of the stars, and those whose ideas about spiritual enlightenment are as vague as the film itself.<br /><br />GFT, Amazon Reviewer"
tt0045815,"I often feel like Scrooge, slamming movies that others are raving about - or, I write the review to balance unwarranted raves. I found this movie almost unwatchable, and, unusual for me, was fast-forwarding not only through dull, clichéd dialog but even dull, clichéd musical numbers. Whatever originality exists in this film -- unusual domestic setting for a musical, lots of fantasy, some animation -- is more than offset by a script that has not an ounce of wit or thought-provoking plot development. Individually, June Haver and Dan Dailey appear to be nice people, but can't carry a movie as a team. Neither is really charismatic or has much sex appeal. They're both bland. I like Billy Gray, but his character is pretty one-note. The best part of the film, to me, are June Haver's beautiful costumes and great body."
tt0052169,"I am not a big fan of horror films, and have only seen a handful of them (and none of the ""Halloween""s or ""Friday the Thirteenth""s) - but I can appreciate a frightening horror film not because of gore. And I'm pretty sure this isn't scary.<br /><br /> What's so spooky about a little plastic skull that pops up everywhere? In all of its appearances there are faraway establishing shots, so there's no real surprise in any of this film. (Not that a skull in of itself is that scary anyway, but . . .)<br /><br /> The plot concerns Claus Von Bulow's third cousin (John Hudson), who marries a Donna-reed look-a-like (Peggey Webber, giving one of the worst performances ever) who begins seeing skulls and hearing the mysterious screams of a group of peacocks on her husband's mansion. Did I mention that her husband lost her first wife in a mysterious drowning incident? OOOOH!!!! Wonder who did it!!!!<br /><br /> This is the same old plot about a rich boy trying to kill and/or drive their wife insane. If you want to see a well-done version of this stuff, try ""Reversal of Fortune"". And BTW, Jeremy Irons is one hundred times more talented than John Hudson.<br /><br /> The MSTing was okay but nothing special; paired with the ""Gumby"" short, however, it makes for good viewing.<br /><br /> Two stars for ""The Screaming Skull""; eight stars for the MST3K version.<br /><br /> And now, to paraphrase Mr. Von Bulow himself: ""How bad is this film?"" ""You have no idea!"""
tt0052218,"But I doubt many were running to see this movie. Or ""Some Came Running Out Of The Cinema"". Okay, that's a bit harsh.<br /><br />The film starts in an unintentionally comical way: Frankie-boy comes back to his hometown after many years (this already smells of clichés) and the whole town is shaken by his arrival: he is talked about, everyone wants to talk to him, and every woman he meets flirts with him like there's no tomorrow - even his niece hints that she would gladly have dropped her date to chat with Frankie-boy a little longer! Even his pretty niece wants a piece of him! Sounds like one of those laughable ""Mike Hammer"" episodes where EVERY single female wants Stacey Keach. And, like Stacey Keach, Frankie-boy is anything but a good-looking woman's wet dream. In real life, someone like Sinatra (without the fame) wouldn't get within 100 m of someone as beautiful as MacLaine. But in this Hollywood movie it's the other way around: MacLaine is absolutely nuts about Frankie-boy, but HE couldn't care less! Sinatra plays his ""cool"" shtick much too often in his movies, and it is rarely credible. Dean Martin is kind of miscast; he isn't miscast as a card-player, but rather because of the accent which simply doesn't suit him. MacLaine is charming as ever, but she plays a caricature - and this reliance on caricatures is one of the basic problems with the film. The main characters are all some sort of stereotypes out of bad or seen-it-all-before movies and cheap novels; Frankie is the ""cool cat"" who comes back to town to get all the women, and he couldn't care less about his writing (which, predictably, eventually garners recognition); Martin is a sleazy but friendly card-player; MacLaine is the dumb, but very likable bimbo; Frankie's blond love-interest is a snotty literary expert; Frankie's brother is the successful guy who married into his wife's business and has a lousy marriage; and so on. Clichés.<br /><br />The story contains a couple of coincidences which are a little too far-fetched for my taste: Frankie just happens to bump into his niece in a locale; his niece just happens to be meters away from her daddy when the latter kisses his secretary for the FIRST time; and then there is the awful, stupid ending.<br /><br />In it, a drunk guy bent on killing Frankie-boy somehow manages to find him in a carnival of all places! The place is utterly crowded, with the typical noise and chaos - plus it's happening in the evening - and yet the guy somehow finds Frankie (in spite of being drunk as a doorknob) and shoots at him. But guess who he kills? MacLaine. She jumps in front of the bullet to save Frankie: a cliché which comic-book writers might cringe at. This utterly pathetic, over-dramatic, and annoying ending certainly cannot please any, even semi-intelligent, viewer. And this happens on the same day that MacLaine and Sinatra got married! The writer of this nonsense seems to have read crappy dime novels his whole life - how else is the writing of this movie to be explained? There is even a card game in which a brawl ensues with Frankie & Martin vs. some cliché caricatures out of the writer's ""vivid"" imagination. (It was like a damn Western suddenly.) Another dumb thing is the way Sinatra was crazy about the boring snotty-nosed bimbo and pretty much ignored MacLaine. As the movie progresses we find out that Sinatra finds MacLaine to be too dumb for him, just as the blond bimbo finds Sinatra to be too low-class for her. There is a certain snobbism and disdain to be detected in the script regarding MacLaine. MacLaine is treated as worthless by everyone, while the blond bimbo is treated as a princess and an intellectual; the ironic truth is that the latter's character comes off as rather dumb and not at all as intellectual; her behaviour, comments, and opinions are mostly clichéd, silly, confused, pretentious, and primitive. At least MacLaine's character KNOWS that she (MacLaine) is dumb. There is another irony that I didn't fail to notice: Sinatra had trouble finding an ending for his latest story - much like the writer of this movie, and that's why he came up with the corny, crappy finale.<br /><br />The film basically has a solid cast, and the photography is nice, but the script, though sometimes okay, relies to heavily on silly nonsense instead of on reality-based characters and events.<br /><br />If you're interested in reading my ""biographies"" of Shirley MacLaine and other Hollywood intellectuals, contact me by e-mail."
tt0053142,"Relentlessly stupid, no-budget ""war picture"" made mainly to show off the attributes of the spectacular Eve Meyer--not a bad idea in itself--but that should be an embarrassment to everyone connected with it. Laughable ""script"", performances that wouldn't pass muster in an elementary-school Christmas pageant, inept ""action"" scenes, confused direction by the normally competent documentary director Louis Clyde Stoumen--who is apparently not quite sure if he's making a comedy, a philosophical treatise on the futility of war or a leering T&A (by early 1960s standards, anyway) travelogue of Eve Meyer's magnificent body--and a general air of shoddiness and incompetence. Worth seeing in order to watch Eve Meyer strut her stuff, but that's pretty much it."
tt0062032,"I've come to realise from watching Euro horror, especially films made by cult luminary Jess Franco, that you can't expect a plot that makes much sense. However, Franco has gone overboard with this film; and despite a surreal atmosphere, and the film's reputation as one of the director's best - Succubus is unfortunately is a truly awful film. I've got to admit that I saw the American cut version, which runs at about 76 minutes; but unless it was just the logic that was cut, I'm sure the longer European version is just as boring. The plot has something to do with a woman marauding around; practicing S&M and talking rubbish, and it's all really boring. There's no gore and the sex is dull, and most of the runtime is taken up by boring dialogue and despite the fact that this is a short film; I had difficulty making it all the way to the end. I have to say that the locations look good and Franco has done a good job of using his surreal atmosphere; but the positive elements end there. Jess Franco is definitely a talented director that has made some classic trash films - but this looks like it was one he made for the money, and overall I recommend skipping it and seeing some of the director's more interesting works."
tt0063850,"if.... is the cinematic equivalent of Sgt. Pepper's: Revered by baby boomers as the pinnacle of creation, and viewed as rather a silly bit of business by preceding and subsequent generations. Now that the children of the middle classes the world over are seemingly super human due to the internet, and view the prospect of boarding school as a wonderful opportunity thanks to the Harry Potter books/films, the relevance of if.... couldn't be further from modern concern. In fact, many scenes appear so alien and exaggerated as to hint at an inspiration for Pink Floyd's The Wall.<br /><br />One should never hold personal bias against a film while reviewing, and the cemented date of this film aside, there are a few flaws which others have overlooked. Lindsay Anderson was known to be a fan of Luis Buñuel, on top of generally being too smart for his own good. And despite a straightforward narrative through the first and second acts, the latter portion of the piece it taken hostage by cod Buñuel surrealism and strained attempts at symbolism. Anderson wasn't capable of this feat due to his over-intelligent cynicism, failing to see that Buñuel was jovial in his work. I have not found a critic whom champions the 'Chaplain in a drawer', and am almost certain it still gets sideways looks from those who adore this film. The ending is not so much a concise punch to the established class/values system, as a wet slap on a moving target.<br /><br />The British public school system was firmly for the middle classes (the upper crust being educated at home by private tutors). And the modus operandi of if.... was to check the boxes of public school life which Lindsay believed had been unexplored in film, thereby savaging middle class pretense. Homosexuality, generational cutlery, cold showers et al. In reality, such issues HAD been covered in many other great British films, if.... merely brought them to the fore. The Browning Version was a more oblique damning of such pomp, to name but one.<br /><br />if.... is oddly quaint, and simply can not be viewed with modern (especially American) eyes. Kudos to Anderson for avoiding Mick and Kieth in favour of African chant, and a few brownie points for the latent homoerotic overtones. Points deducted for pretension, establishing characters who disappear, and inciting a glib revolution which came to naught."
tt0064888,"First be warned that I saw this movie on TV and with dubbed English - which may have entirely spoiled the atmosphere. However, I'll rate what I saw and hope that will steer people away from that version. I found this movie excruciatingly dull. All the movie's atmosphere is lost with dubbing leaving the slow frustration of a stalker movie. I'm sorry, but the worst movie sin in my book is to be slow except when the movie about philosophy. I didn't see any deep philosophical meaning in this movie. Maybe I missed something, but I have to tell it like I see it. I rated it a ""1"". What can I say, U.S. oriented tastes, maybe."
tt0065622,"Pier Paolo Pasolini, or Pee-pee-pee as I prefer to call him (due to his love of showing male genitals), is perhaps THE most overrated European Marxist director - and they are thick on the ground. How anyone can see ""art"" in this messy, cheap sex-romp concoction is beyond me. Some of the ""stories"" here could have come straight out of a soft-core porn film, and I am not even so much referring to the nudity but the simplistic and banal, often pointless stories. Anyone who enjoyed this relatively watchable but dumb oddity should really sink his teeth into the ""Der Schulmaedchenreport"" soft-porn German 70s movie series, because that's what ""Decameron"" looks like to me.<br /><br />Besides, the movie is sloppy on nearly all levels, from start to finish: <br /><br />1. Editing. An example: at 1 hour:15 minutes:45 seconds there is a chasing scene that is put quite clearly in the wrong place. It was supposed to be placed about a minute later, but I guess that Pasolini must have hired boozed-up editors who have little time for the ""fine details"" of movie-making. Pee-pee-pee's fans would probably counter this by saying that it was placed there intentionally - which I very much doubt. Besides, even if that were true, that would be even worse, because that story gains absolutely nothing by making it harder to follow. (This isn't exactly ""Eraserhead"" or one of Tarantino's broken-form films...) <br /><br />2. Acting. Vey sloppy. Triple Pee's fans (all 8 of them) proudly declare how 3P-O uses ""real people instead of actors"". (Aren't actors people? Or are they Martians? Sure, many actors have sub-par IQs but does that mean we should treat them with contempt...?) Other directors have used amateurs and succeeded (such as Alan Parker or De Niro), so why are PPP's amateurs so utterly awful in his movies? The answer is once again appalling sloppiness. Pasolini is sloppy in everything, and that includes trying to get as much out of his toothless amateurs as he can. He is a lazy director, an IMperfectionist if you like. The anti-Kubrick, I suppose... Pee-pee-pee's principal goal when casting must have been to find as many toothless old people as possible (and young men that are to his liking). In Pasolini's world there is a simple formula: lack of teeth + strange face = realism. It's all well and fine to have them toothless, but at least try to eke out some at least semi-decent performances out of these inexperienced neo-thespians, otherwise you're an amateur yourself - an amateur director, in Pasolini's case. Whether 3P-0 wasn't capable of this feat or simply didn't care doesn't change anything. (Who knows... maybe he didn't even notice the awful acting?) <br /><br />3. Audio. The synchronization. If 3P-0 felt that microphones are too much of a hassle when filming a movie, then he ought to have at least made a concerted effort in post-production, i.e. getting all these bum actors to say their lines on cue in the studio, so that we the viewers wouldn't have to watch mouths move while the elusive dialogue floats elsewhere in the movie.<br /><br />4. Lack of concept. We have close to a dozen stories which aren't connected in any meaningful way. Some are anti-Church (more on that later), while some are merely sex yarns i.e. cheap male (sometimes gay) fantasies designed to titillate and nothing else. The stories and characters are not amusing (if at all) on an intelligent level, but on the basest level. 10 year-old kids can laugh here... And there is nothing wrong with that, but then don't call it exalted, intellectual art! <br /><br />5. As a result of point 4, there is also a lack of logic in the order of the stories. That goes without saying. Pee-pee-pee could have arranged the order in any other way, and we would have had the exact same movie. This also means that you can feel free to start from the middle then go back to the beginning, etc. ""Decameron"" is like a bowl of spaghetti that way: when you start eating it you can begin with any thread you want, it makes no difference at all.<br /><br />6. The pointlessness of the stories' resolutions. Most stories end with a cheap gag/joke, i.e. some damn dumb punchline straight out of a porn comic-book, whereas some stories don't even have a conclusion: they merely end. Finito. At best, the stories are watchable semi-anecdotes, barely any deeper meaning there - unless you find ""deep"" meanings in a porno. There is, of course, nothing easier than looking for and finding ""meaning"" where there is an absence of it. Hence even any hardcore porn film can be philosophized/mused over endlessly. It's easy and fun. Try it, oh ye 8 PPP fans! <br /><br />As for the Church-bashing... Some viewers get all excited about his attack on Catholicism and what-not. In principal, that's all well and fine - after all, I'm an atheist myself - but what those people ignore is the simple but essential fact that Pasolini was a Marxist. It's like the pot calling the kettle black. A Marxist criticizing the Church for hypocrisy and stupidity? Where does he get the nerve? Besides, Pasolini wasn't an atheist, hence his high-and-mighty and self-righteous stance isn't justified. After all, Marxists are believers: they merely substituted the accepted god with the idea of a Utopia, which is merely another supernatural wishful-thinking fantasy. Hence I cannot get excited about PPP's anti-religion antics.<br /><br />This sophomoric humpdorama anthology ends with Pasolini saying rather pretentiously: ""I wonder... Why produce a work of art when it's nice just to dream about it?"" He wasn't actually referring to this silly little movie as art, was he...? In case he was - the poor deluded man - then I have to wonder why he didn't just leave it at dreaming, and NOT make all those bad movies...<br /><br />Wanna read my altered subtitles of Bergman movies? E-mail me."
tt0066384,"Skullduggery is a strange, strange film based on the novel ""Ye Shall Know Them"" by Vercors. To unleash criticism at the film feels really unkind, since it is a movie that deals with earnest themes like humanity, and pleas for upright moral standards and tolerance. But in spite of its honourable intentions and its well-meaning tone, Skullduggery simply isn't a very good film. For me, the main problem is the terribly disjointed narrative which can't make its mind up how best to convey its message. The first half of the movie is like watching a standard jungle expedition flick of the Tarzan ilk; later it teeters into sci-fi fable; by the end it slips into courtroom melodramatics. The differences in tone between each section of the movie are too great, too jarring, to overlook. They stick out like a sore thumb and remind you constantly that you're watching a muddled, disorganised movie.<br /><br />An archaeological expedition into the jungles of New Guinea is led by adventurer Douglas Temple (Burt Reynolds). One of the main archaeologists involved in the excursion is attractive lady scientist Dr Sybil Greame (Susan Clark). After an arduous trek they stumble upon a tribe of strange ape-like creatures. These primitive, long-lost people are covered in hair and have survived for centuries without being in any way touched or influenced by the developments of modern man. There is some evidence that they may the ancestors of early man  the ""missing link"" in the evolution of apes into humans. Or perhaps a race of humans who simply look and behave differently from usual? Or even a race of animals that have begun to develop human characteristics? The archaeologists call the tribe ""the Tropi"" and are initially thrilled by the implications of their discovery. But things take a devastating turn when nasty opportunist Vancruysen (Paul Hubschmid) declares his intention to exploit the tribe and their idyll on behalf of developers. He questions whether the Tropi are truly ""human"" and takes his argument to the courts, where he hopes to be granted legal backing so that his own greedy ambitions can be continued.<br /><br />This was a very early film in Reynolds' career, and he actually unbalances this movie by acting like he's in a comedy while the rest of the cast take it all very seriously. Not that Reynolds can be blamed  he has an impossible role, asked to play a charming adventurer who really belongs in a Tarzan flick. His character and the film are not relevant to each other. Clark fares much better as the earnest lady archaeologist, and there are nice supporting roles for British actors Edward Fox, Alexander Knox and Wilfrid Hyde-White. A major shortcoming in Skullduggery is the lame and ineffective make-up used to give the Tropi their strange hairy appearance. Rather than making the actors look like believable hominoids, the stuck-on hair merely makes them look unintentionally comical. and that's just not the right idea. We're meant to feel great sympathy for these creatures, but that's awfully hard when they look so unconvincing. Skullduggery is a failed attempt to tell a story that could have been poignant, philosophical and stimulating. The honourable intentions are there for all to see, but the end result doesn't do them justice. A worthy failure it might be but a failure nonetheless."
tt0070795,"This is an interesting treatment of a subject that is quite controversial, (just read the other comments on this film). Apparently, you either love it or hate it and it seems most people make that distinction based on whether they believe the tribulation and end times will happen as portrayed in the movie.<br /><br />Basically, the film - and its sequels - were made for about $1.30 each. The production values are right down there with ""Plan 9 From Outer Space"" and the acting is about on the same level as ""Glen or Glenda"", (my apologies to Ed Wood). Putting aside the religious message, the story is as scary as they come. Add in even the slightest thought that the story might actually be close to something that might happen in the future and it becomes even scarier.<br /><br />This movie, and its sequels, didn't try to bring in the reasons why the tribulation happened when it did. ""Left Behind"" and ""The Omega Code"" tried to get in everything ""Thief"" did and to explain all the politics and maneuvering in the Middle East leading up to it. The net effect was ""Thief"" did a much better job on the scary part of movie, instead of spreading itself too thin trying to explain what was happening in the Middle East at the same time. <br /><br />Forget the politics and watch this movie, and its sequels, for what they are - horror stories. That they may be horror stories told, indirectly, by God makes them just that much more frightening. If it makes you think about the subject, it has done its job - even if you never believe."
tt0072752,"Walerian Borowczyks La Bete (1975) was obviously received in different ways: Some were appalled, some were shocked others applauded the courage. I however am completely untouched, bored and cannot stop asking myself why the display of incoherent, inconsistent images which vaguely orbit around a central theme are considered an intellectual journey.<br /><br />What was this movie actually about? Growing sexuality in a woman? I've seen great films on this subject, but this is not one of them. How can one attempt to portray a growing sexuality in a girl without at least trying to characterize her as a person not only as a narrative device to dream (in the nude) of beasts. Where there are no characters, there is no character study. The woman persecuted by the beast was not adolescent, the girl having sex with the black butler (is he also characterized as a beast?) has a very grown up attitude to sexuality, so where is the consistency? Is it a movie about religion? If yes we would need a bit more thematic material than a priest without function, character and charisma, but with a strong desire towards two young boys.<br /><br />Is it about bestiality? The metaphoric feel of the movie forbids any realistic examination of bestiality, especially as realistic examination requires realistic characters. So no real bestiality here. Some mythic beast and two priests talking to each other about the sin of bestiality. Enough for a college essay on the topic? I don't think so.<br /><br />Is it about sex? Is it about anything? I don't know. I only know that showing a fired gun doesn't make a film a war movie. Dealing with a topic must mean more than displaying its own associations with the theme.<br /><br />So look across the controversy. Don't be scared by the bestiality, nudity, ejaculations, masturbation and stuff. I am not. Look at it as you look at any other story and you might discover that this is a poorly made, poorly edited, poorly acted, really poorly written (okay, some pictures are quite nice, and the main character is a really good looking girl) cerebral masturbation of a director who thinks beating around the bush in a hypnotic slow manner will make a story intelligent. It doesn't. It makes it boring."
tt0076504,"Many have stated that Orca  Killer Whale is a Jaws rip-off. This is not really true, though the enormous commercial success of Jaws undoubtedly made these man .vs. beast stories more attractive propositions for film-makers in the second half of the '70s. Orca  Killer Whale would be better described as a modern-day retread of Moby Dick. It's a story about obsession. On one hand a whale's obsessive quest to avenge the death of its mate; on the other a bounty hunter's obsessive quest to kill the whale before it can claim any more lives. Sadly, Orca- Killer Whale emerges a very disappointing film, its fundamentally interesting ideas somewhat ruined by hammy performances and preposterous plotting.<br /><br />Shark hunter Nolan (Richard Harris) encounters a marine-life researcher Rachel Bedford (Charlotte Rampling) diving off the Atlantic coast of Canada. Their meeting almost ends in disaster when Rachel's team are attacked by a Great White Shark, but a Killer Whale arrives in the nick of time to stop the shark. After this, Nolan becomes increasingly obsessed with capturing a Killer Whale and selling it to an aquarium. But his plans backfire when he accidentally kills a pregnant female of the species while the distraught male looks on. Rachel tells Nolan that a Killer Whale is an incredibly intelligent mammal with a strong memory and feelings just like a human. Worse still, native Umilak (Will Sampson) warns him that the whale will always remember its grief and do everything it can to have revenge. Nolan initially tries to forget about the whole regrettable incident, but the whale causes havoc in the fishing town and the disgruntled locals begin to demand that Nolan puts to sea to track it down and destroy it. Eventually Nolan is forced to pursue the Killer Whale the hunt leads all the way to the desolate ice floes of the Arctic Ocean, where man and beast play out their final fatal battle against each other.<br /><br />Two things stand out in this film. One is the haunting score by Ennio Morricone (perhaps the greatest composer of film music of all-time, his talents wasted on various tenth-rate clunkers during the 70s and 80s). The other is the amazing widescreen photography of Ted Moore, which makes the film consistently pleasing to the eye. In every other department, Orca  Killer Whale is a shoddy film that does nothing to enhance the reputation of its talented cast and crew. Harris appears extremely ill throughout the film, his hair bedraggled, black rings around his eyes and skin deathly pale. His performance lacks the usual vitality. Rampling strikes a lot of sexy poses but fails to convince with her long-winded and ill-informed explanations about the ways of whales. The rest of the actors are wasted in brief and undeveloped roles, the most memorable of which sees Bo Derek getting her leg bitten off by the vengeful whale. The plot is total nonsense from start to finish, with such preposterous sequences as the whale deliberately starting a fire in the fishing village that engulfs and destroys the local refinery! Although it's credible to suppose that whales are intelligent creatures with genuine emotions, the idea that a whale could plot revenge against a single human adversary and carry it out so calculatedly is utterly absurd. Orca  Killer Whale is really one for completists of the man .vs. beast cycle from the late 70s. Most will come away from the film shaking their heads in disbelief and grinding their teeth with despair."
tt0084021,"The tenuous connection between this film and the first Grease is established right at the beginning of the film when Didi Conn one of four cast members repeating their roles approaches young Maxwell Caulfield who is a British exchange student. Although in the previous film Olivia Newton St. John's foreign speech pattern is not explained, it's explained here Caulfield is her cousin. What's Conn still doing in school, I guess she just likes hanging around Rydell High even though now she's a beautician.<br /><br />Caulfield's a smart kid, so of course the hood types led by Adrian Zmed have him labeled as a nerd. And that's especially bad when Zmed's girl friend decides she likes Caulfield. But being a nerd just isn't going to cut it.<br /><br />That's when Caulfield decides to put on a modern day Zorro act. He gets a junked bicycle and puts it back together and teaches himself to ride. He gets himself a leather biker outfit with a set of goggles to hide his face. If getting Michelle Pheiffer is not in the cards, Caulfield won't have any trouble making friends at any gay male leather bar the way he's outfitted.<br /><br />Grease 2 introduced Michelle Pheiffer and Maxwell Caulfield and started them on the successful career paths both have enjoyed. If you saw the first Grease film, a much better film, than you definitely have an idea how this film will turn out.<br /><br />In addition to Conn, Eve Arden, Sid Caesar, and Dody Goodman, all faculty members from the original Grease return in their roles. The music score isn't remotely as good as the songs that come from the original.<br /><br />It's not that Grease 2 is bad, it's just not all that great."
tt0087127,"I don't recall walking out of a movie theater except this once. Not only that, but I was with 7 friends, and we all wanted to go. An uninteresting plot, characters made of clay, violence with no point. I didn't care when the good guys died; I didn't care when the bad guys got it. The fantasy and magic was laid on thick as liver pudding and there was no coherency. In short, fine entertainment if you happen to be spending an eternity in Hell."
tt0089880,"The ghost of the Vietnam war has haunted the American psyche for thirty years now. If not because of the fact that tens of thousands of American soldiers went MIA in Vietnam, or the manner in which those who returned were treated, then because it was the first war that America could be said to have lost. Many men came home from the war a shadow of their former selves, and the original First Blood managed to provide a small insight into their problems as they attempted to rotate back into the world, as the saying goes. First Blood Part II, on the other hand, is little more than a fist-pumping mess that goes to illustrate how sore America can be, both in victory and defeat. Stallone puts in another sluggish performance as the titular Special Forces commando, while Richard Crenna attempts to hold up the serious actor quotient. Where it all comes undone is in the script, which didn't do any better when it was called Missing In Action and starred Chuck Norris. What little semblance of logic there was in the original is now gone, as the filmmakers decide to paint a big S on Rambo's massive chest.<br /><br />The film picks up a little while after the end of First Blood. The film, that is - the novel didn't allow for the possibility of sequels. In this mediocre follow-up, Rambo has been put to work at what appears to be some sort of open-air mine. As he is breaking rocks and working up a sweat, a prison guard pulls him away to go and have a chat with Colonel Trautman, who advises him that his government is willing to offer him an early release if he goes on a covert mission. Rambo, never one to back down from a hard day's violent work, accepts, and is promptly shipped off to a covert base in what appears to be Cambodia or Thailand (I forget which). From there, he is commissioned to seek out a camp where American MIAs are supposedly being held, and photograph them. His mission quite clearly specifies that he is not to make any attempt to secure their release. Rambo being Rambo, however, has other ideas in spite of their possible political implications.<br /><br />Of course, things go somewhat awry when it turns out that the people commissioning Rambo's work have more interest in making sure no American MIAs are found. It is the age-old conspiracy theory, and makes no apologies for exploiting the plight of many an American family that was left without a son during the ten years that the official Vietnam war had been raging for. Of course, with the Jingoism that was inherent in American society during the 1980s, they could not help but work in a plot tangent about the Vietnamese army being in bed with what appears to be a single battalion of Russians. Together, the two antagonists attempt to extract what information they can from Rambo, but it backfires upon them in an orgy of bullets, arrows, rockets, and destruction. About the only thing missing is the moment when Rambo drinks from a grail-like chalice and declares himself invincible.<br /><br />To be honest, First Blood Part II is a well-photographed, and well-choreographed, action spectacle. The hand-to-hand combat with the larger Russian commander is one of the few battles in the film that has any dramatic tension whatsoever. The rest is simply a case of the lead actor and the director building a fantasy for Americans to pump their fist to. Fortunately, this fad of America über alles action films soon died down when more introspective and intelligent war films such as Platoon began doing the rounds. Some of the kills shown here are quite creative, despite all the problems. The Vietnamese commander meets an end that many an action film villain would envy. The Russian commander bites it in a manner that is as spectacular as it is ridiculous. Only in a 1980s action film would one see a LAW being used from inside a helicopter. Sure, there have been action film clichés rooted in contradictions of fact, but never this ridiculous before.<br /><br />I gave Rambo: First Blood Part II a one out of ten. It is so bad it is ridiculous, and so ridiculous that it is often funny. One doesn't even need to have served in the military to know how stupid some of the action sequences are. The only risk it takes is in trying to make a stupid political statement with what is a heartbreaking subject for those directly involved. Keep the tongue firmly in the cheek, and it might be watchable."
tt0090567,"The film ""52 Pick Up"" simply does not work. See it if you are at all interested in Elmore Leonard or John Frankenheimer, or anyone in the terrific cast, especially John Glover who's admittedly brilliant. But the book--a slow-burning, noir thriller with lots of pulp--should have translated into an Oscar-contending film instead of this dud that couldn't figure out whether it should faithfully portray the hard-boiled, gritty crime story of the book, or opt for a 1980s Schwarzenegger shoot-em-up spree. Shifting the scene from the original locale in the book, Detroit (an area where Leonard has resided for years and knows very well), to Los Angeles makes for a substantial problem that Leonard tries to fix in his script, but ultimately can't. It was, for example, a clever device making Mitchell's wife a City Councilwoman (she had no job in the book), if you think about it: that's the only way you could ever plausibly blackmail someone in a sex-crazed city like 1980s Los Angeles for adultery, or any type of potential sex scandal. Even then, it's more plausible in a more conservative Eastern state like Michigan to believe that a) its tiny porno ""industry"" is a sleazy, money-grubbing hell where three losers could desperately set up a not-so-stupid upper-middle-class fellow going through a mid-life crisis, and b) adultery alone might be something you could blackmail someone with, if their upstanding careers and old-fashioned wives couldn't handle the shock. As consultant Ron Jeremy will tell you, 1980s Los Angeles was a colorful, stylish porno Mecca, more like the movie ""Boogie Nights"" than Leonard's dark, shadowy world of hijacked tourist buses, grimy apartments, and drug deals in depressed urban squalor. Then again, Los Angeles could be the backdrop of such a tale if one arranged the scenery more carefully--there are still plenty of dark crannies and psychopaths there. Unfortunately, Roy Scheider's Harry Mitchell comes off in the film as a sexy, handsome Uebermensch dancing through his problems without even working up a sweat. In the book he was fending off a jerk union official while struggling with a business that was failing. He also had a skeleton in the closet during the war involving friendly fire that he was responsible for, but never appeared to come to grips with. Elmore Leonard's stories usually have a central image involving a bizarre civility between criminal and law-abiding citizen. Here, Harry Mitchell sitting in his office with his blackmailer, Alan Raimy, turning over his financial books to him and negotiating a more practical ransom, makes for such a central image. Glover's blackmailer plays the scene with convincing intelligence, but Scheider portrays the victim here as a cocky ""good guy,"" in charge of the situation as if he were more a Rambo with an M-16 than the everyman barely staying afloat as his world crumbles around him. ""52 Pick Up"" ends with one of the worst throwaway conclusions ever, considering all the thought that went into the original story and then the film. Trapping Raimy inside Mitchell's Jaguar and blowing him up with marching band music blasting out along with a sadistic monologue by Mitchell, plays to an audience wanting the ""sweet revenge"" conclusion of a Chuck Norris movie, not the intelligent balanced world of Leonard's book, where Mitchell barely escapes in the end and the conflict between good and evil could easily go either way. I left the theater shaking my head and depressed. What a waste of talent."
tt0091859,"I can just about understand why some people might wish to stress this film's link with the Eighties but I really wouldn't say it's an accurate depiction of most peoples' lives in that era - even on the poorest Bradford estates. It is however typical of the blunt agitprop rubbish the dear old Royal Court Theatre was churning out at that time. Plenty of 'right-on' artistry for small, small audiences but enough well-connected backslapping to ensure future commissions for turgid playrights. IThe simple fact is that if you want to reflect upon truer common experience you'll find millions more nodding in knowing agreement to love and live as depicted in 'Gregory's Girl'. <br /><br />I would be tempted to call this a 'kitchen sink' drama but that would be doing a great disservice to the plumbing industry. However, as far as having a decent script is concerned, this film is indeed all washed up. For some reason it has accrued an odd following amongst Guardian reading film-goers - I can only assume they get a visual frisson out of pretending to slum it. Steer clear my friends. It is a poor film with a poor script that likes to think it is breaking boundaries by adding humorous insights into grim life on the estates. it isn't..but it is grim. Do the washing up instead."
tt0095775,"(aka: DEMONS III)<br /><br />Made for Italian TV although shot in English and was never meant to be a sequel to the earlier DEMONS films. It was supposed to be simply titled, THE OGRE, which is how director Lamberto Bava had released it.<br /><br />An American family rents an Italian villa for the summer. The woman (Virginia Bryant) has recurring dreams of herself as a little girl going down to the old wine-cellar of this villa an encountering this cocoon-like structure hanging down from the ceiling. It glows and is covered in cobwebs and has what looks like spider or insect legs hanging down from it. It drips what looks like green paint.<br /><br />Of course the husband doesn't believe any of this. The villa just is old and creaks and makes strange noises in the middle of the night and she should just ignore it.<br /><br />But then the OGRE itself appears in what looks like some kind of 16th Centaury costume with what looks like a wolf's head attached to it and it's attracted to the scent of orchids.<br /><br />The films isn't really that bad and at least the dialog is halfway intelligent without the ridiculous awkward phrases that dubbing would bring. There's no real gore other than some skeletons rotting in a basement pond that really looks like the bottom of a modern swimming pool. The OGRE itself just simply fades away after it is run over by the family's Jeep Cherokee. <br /><br />The copy of the Shriek DVD I watched was defective, with the picture going black for a few seconds about a half an hour into the film, a flaw I hope Shriek has since corrected. Extras include a short interview with Lamberto Bava where he explains how this wasn't a sequel, etc..etc...along with some trailers to other Shriek DVD releases. This is pretty standard stuff.<br /><br />3 out of 10<br /><br />"
tt0096073,"The movie confuses religious ethics and ideals so much that it fails to create coherent argument against the death penalty on any level. By presenting the lawful execution of a convicted murder as the catalyst for the apocalyptic end of mankind the movie elevates a parent killer to the status of martyr for Christ. Somehow, according to the plot, god is outraged that society has chosen to rid it's self of a fanatic who killed his own parents by starting them on fire while they slept defenselessly in their beds. Yet this same god has no indignation for the acts of the killer. The lead character, an nonreligious pregnant suicidal woman, ultimately gives her own life in a defiant but implausible attempt to unsuccessfully save this convicted killer. In other threads of the underdeveloped plot Jesus comes back as a powerless and frustrated vagabond to symbolically unleash the wrath of God. The modern lackluster incarnation of Christ not just dehumanizes him but mocks the messianic ideal of all religions as well. He is unable to affect humanity for good and unemotionally skates the edges of life waiting for mankind to destroy it's self. Meanwhile, with little help from Jesus the mentally unstable pregnant woman finds herself with the ability to reincarnate herself into her newly born soulless child which somehow saves all of mankind from the wrath of the almighty. I also interpreted that as a statement in support of abortion on some levels. This movie which attempts to weave many religious themes into a thriller fails to make any religious point that I could clearly interpret except to mock people's beliefs. It raises many questions that it never even attempts to answer. It disregards the religious values of its audience while attempting to portray an asinine version of their fulfillment. Silly"
tt0096453,"There are many different versions of this one floating around, so make sure you can locate one of the unrated copies, otherwise some gore and one scene of nudity might be missing. Some versions also omit most of the opening sequence and other bits here and there. The cut I saw has the on-screen title WITCHCRAFT: EVIL ENCOUNTERS and was released by Shriek Show, who maintain the original US release title WITCHERY for the DVD release. It's a nice-looking print and seems to have all of the footage, but has some cropping/aspect ratio issues. In Italy, it was released as LA CASA 4 (WITCHCRAFT). The first two LA CASA releases were actually the first two EVIL DEAD films (retitled) and the third LA CASA was another film by the same production company (Filmirage), which is best known here in America as GHOSTHOUSE. To make matters even more confusing, WITCHERY was also released elsewhere as GHOSTHOUSE 2. Except in Germany, where GHOSTHOUSE 2 is actually THE OGRE: DEMONS 3. OK, I better just shut up now. I'm starting to confuse myself!<br /><br />Regardless of the title, this is a very hit-or-miss horror effort. Some of it is good, some of it isn't. I actually was into this film for the first half or so, but toward the end it became a senseless mess. A large, vacant hotel located on an island about 50 miles from Boston is the setting, as various people get picked off one-by-one by a German- speaking witch (Hildegard Knef). Photographer Gary (David Hasselhoff), who wants to capture ""Witch Light,"" and his virginal writer girlfriend (Leslie Cumming), who is studying witchcraft, are shacking up at the hotel without permission. Along comes real estate agent Jerry (Rick Farnsworth), who's showing off the property to potential buyers Rose (Annie Ross) and Freddie (Robert Champagne) Brooks. Also tagging along are their children; pregnant grown daughter Jane (Linda Blair) and very young son Tommy (Michael Manchester), as well as oversexed architect Linda Sullivan (Catherine Hickland - Hasselhoff's wife at the time). Once everyone is inside, their boat driver is killed (hung) and the boat disappears, so they find themselves trapped and basically at the mercy of the ""Lady in Black.""<br /><br />So what can you expect to find here? Plenty of unpleasantries! One of the characters has their lips sewn shut and is then hung upside down in the fireplace and accidentally slow-roasted by the rest of the cast. There's also a crucifixion, witches eating a dead baby, a swordfish through the head, someone set on fire, a possession, a Sesame Street tape recorder, the virgin getting raped by some demon, a guys veins bulging and exploding thanks to voodoo doll pokes and some other stuff. From a technical standpoint, it's a nice-looking film with pretty good cinematography, a decent score and good gore effects. The hotel/island setting is also pretty nice. Blair (particularly at the end) and Ross both seem like they're having fun and Knef is great as the evil witch. Even though people like to ridicule Hasselhoff these days, he's not bad in his role, either.<br /><br />On the down side, despite all the gore, the film seems somewhat dull and it gets monotonous after about an hour. The supernatural themes are muddled and confusing, too. When characters are being swept into the witches lair to be tortured and killed, the filmmakers unwisely decided to superimpose the screaming actors over some silly looking red spiral vortex effect that looks supremely cheesy. And the witch lair itself is vacant and cheaply designed with unfinished lumber. And while most of the cast is at least decent, a few of the performances (particularly the ""actress"" who plays Hasselhoff's girlfriend and the kid) are so bad they're constantly distracting."
tt0096870,"...okay, maybe not all of it. Lured by the false promise of bikini-clad women on the movie's cover...but the HORROR...THE HORROR... ...whatever you do, do NOT watch this movie. Gouge out your eyes, repeatedly bash your skull in...do what it takes. Never again--never forget!<br /><br />"
tt0097635,"This film really disappointed me. The acting is atrocious. Unbelievable. And it's about actors. The story is incredibly obvious: A group of independent actors stage a Passion Play and, in turn, they start to live out the lives of the characters they play. I've been watching a lot of movies lately, thanks to Netflix, and this is the first one I haven't watched all the way through in a long time. I felt I didn't need to see the end; we all know the end of this story.<br /><br />For some, it seems, this ""modernization"" of the Gospels is either sacrilegious or enlightening. I cannot speak to any of this as I wasn't raised in the Christian church. That being said, I was raised in the US and I live in an increasingly Christian culture. I'm curious enough about Jesus and about the modernization of the religion, for better or worse. I haven't seen Mel Gibson's version, but I'm guessing that those who liked that one will like this, except for the most conservative. I just wish this was a better film.<br /><br />Lots of these reviews praise Arcand's direction and especially the cinematography. I liked neither. The film itself is rather prudish and preachy. I didn't believe the characters' personae and I was never involved with their on screen lives. The play within the play is very much dated and would not, I think, carry it's own weight in a real time production. But that's beside the point. What I really needed for this to work would have been stronger development of the characters and the plot to support the philosophical and theological questions the film would like to be about. And the musical choices are obvious and unoriginal.<br /><br />There were two examples of this that come easily to mind. Firstly, there is a reenactment of the parable of Jesus driving the money lenders from the temple: the lead actor, who has fallen for the woman who will play Magdalene and who is also a model and dancer, becomes enraged that she must debase herself by auditioning for a commercial (with a wicked producer and plenty of panting men in the audience) with her pants off. He trashes the place and chases them all out. I guess this is the level that the film wishes to reach. The romance between these two is entirely arbitrary and not at all emotionally realized and the scene is played out like a high-school rendering of Death of a Salesman, i.e., not well. Please stop hitting me over the head with this high-handed ""significance."" The other is the relationship between the other female lead and the priest who has asked them to do the play and who, eventually, turns against them and betrays them to the nowadays-corrupt Church. Why. Why does she sleep with this guy. ""It brings him so much pleasure and me so little pain."" Ah, the saintly whore and the lovable old coot. It seems to be just enough for Arcand to signify but not worth the trouble to enrich and enliven these characters. They are going through the motions and I'm reaching for the eject button.<br /><br />Feel free to write me off as bored, jaded or just not interested. Feel free to watch this movie and see the Passion, in all its beauty, sadness and inspiration, delivered as an amateurish and gimmicky charade. Feel free to have all your preconceived ideas affirmed and see any shred of artistic integrity forsaken for monotonous drivel. But don't say I didn't warn you."
tt0099260,"I actually saw China O'Brien II before I ever saw the original China O'Brien. And I have to say that the first incarnation is actually worse. But: worse = funnier! And funnier = better. If you're a bad movie fan like I am, this is great material. If, however, you are looking for any sort of meaningful plot, acting ability, or movie-making skill, this is best avoided. The best part is how they filmed all the fighting sequences in stuttering fast-forward. Hilariously bad. See it for a laugh, see it for mindless entertainment, but whatever you do, see it for free on TV."
tt0105699,"This is another typical unbelievable and non-sensical piece of Hollywood dreck.<br /><br />Kurt Russell, as Snake Pliskin in a business suit, convinces me he was a better 2nd baseman. Ray Liotta as the psychotic cop is totally predictable and absurd. Madeline Stowe is her usual cardboard self, and does little to be a convincing victim.<br /><br />Every scene in this persiflage is absolutely predictable all the way to the end when Kurt clouts Ray with a vase or something, knocking him down and out. Kurt and Madeline then do their obligatory end-of-the-movie embrace, and EVERYBODY--- except Russell and Stowe, KNOWS Liotta is going to get back up and menace the couple again.<br /><br />He does, of course, and Russell drills him 10 times with his 9mm, which was ENTIRELY unnecessary. This movie could just as well ended with the bludgeoning scene--- EXCEPT Hollywood dotes on unnecessary violence, and the more they can add, or ""enhance"", the more slobbery they get."
tt0113305,"MINOR SPOILERS!<br /><br />Well i just sat up late and watched this film, mainly because i enjoyed and rated some of Singleton's earlier work like ""Boyz n the hood"". However, i have to say this was a major disappointment and is everything i hate about contrived, clichéd, so-called ""message"" movies. <br /><br />The acting is mainly poor,(pop stars and models do NOT necessarily make good actors...take note), the situations hard to swallow, (rape victim becomes overnight lesbian?...please!), but worst of all it reinforces every screwed up stereotype you can think of. By the second half of the film it has become cartoon like in its characterisation, making you lose any shred of empathy you may have had for its one-dimensional players.<br /><br />Not once is any valid point made about the inherent causes of racism and cultural, sexual and political ignorance. As a result it merely ends up sensationalising the results of these problems. It's message is contradictory, resulting in a sense of confusion and a general lack of plot cohesion. As for the films conclusion i found it predictable, embarrassing, exploitative and mildly offensive. For a film called ""Higher Learning"" i have to say all i learned is to avoid seeing this ever again.<br /><br />If you want a true comment on some of the themes that this film completely fails to elaborate upon then go hire ""American History X""....unless you were just watching it for Tyra Banks then go hire a life."
tt0114057,"Working with one of the best Shakespeare sources, this film manages to be creditable to it's source, whilst still appealing to a wider audience.<br /><br />Branagh steals the film from under Fishburne's nose, and there's a talented cast on good form."
tt0115907,"Admittedly, I find Al Pacino to be a guilty pleasure. He was a fine actor until Scent of a Woman, where he apparently overdosed on himself irreparably. I hoped this film, of which I'd heard almost nothing growing up, would be a nice little gem. An overlooked, ahead-of-its-time, intelligent and engaging city-political thriller. It's not.<br /><br />City Hall is a movie that clouds its plot with so many characters, names, and ""realistic"" citywide issues, that for a while you think its a plot in scope so broad and implicating, that once you find out the truth, it will blow your mind. In truth, however, these subplots and digressions result ultimately in fairly tame and very familiar urban story trademarks such as Corruption of Power, Two-Faced Politicians, Mafia with Police ties, etc. And theoretically, this setup allows for some thrilling tension, the fear that none of the characters are safe, and anything could happen! But again, it really doesn't.<br /><br />Unfortunately, the only things that happen are quite predictable, and we're left with several ""confession"" monologues, that are meant as a whole to form modern a fable of sorts, a lesson in the moral ambiguity of the ""real world"" of politics and society. But after 110 minutes of names and missing reports and a spider-web of lies and cover-ups, the audience is usually treated to a somewhat satisfying reveal. I don't think we're left with that in City Hall, and while it's a very full film, I don't find it altogether rich."
tt0116308,"Few movies have dashed expectations and upset me as much as Fire has. The movie is pretentious garbage. It does not achieve anything at an artistic level. The only thing it managed to receive is a ban in India. If only it was because of the poor quality of film making rather than the topical controversy, the ban would have been more justifiable.<br /><br />Now that I've got my distress out of my system, I am more able to analyse the movie: <br /><br />* From the onset the movie feels unreal especially when the protagonists start conversing in English. The director, of course, did not make the movie for an Indian audience; however it underestimated its international audiences by over simplifying it. Watching the character of the domestic help conversing in perfect English is too unreal to be true.<br /><br />* Next we get regular glimpses into Radha's dreams. These scenes are not very effective. They coming up as jarring and obstruct the flow of the movie. I'm still wondering how that philosophical dialogue connected to the story. I felt that the surrealism was lost.<br /><br />* The love scenes felt voyeuristic and are probably meant for audience titillation rather than being a powerful statement. In any case, they do not achieve either of the two.<br /><br />* The names chosen for the women, Radha and Sita, are names of Hindu deities and hence been selected to shock the audiences. However, since the film wasn't meant for Indian audiences in the first place, the shock-through-name-selection is not meant to achieve its goal, which is absurd.<br /><br />* The quality of direction is very poor and some key and delicate scenes have been poorly handled. A better director could have made a powerful emotional drama out of the subject.<br /><br />* The acting felt wooden although Nandita Das brought some life into the role, the others were wasted. I always thought that Shabana Azmi was a good actress but her talent is not evident in this film. The male leads were outright rubbish.<br /><br />In case you are a fan of Earth and wish to see more of the director, stay away from this one. Please."
tt0117283,The Pallbearer is a disappointment and at times extremely boring with a love story that just doesn't work partly with the casting of Gwyneth Paltrow (Julie). Gwyneth Paltrow walks through the entire film with a confused look on her face and its hard to tell what David Schwimmer even sees in her.<br /><br />However The Pallbearer at times is funny particularly the church scene and the group scenes with his friends are a laugh but that's basically it. Watch The Pallbearer for those scenes only and fast forward the rest. Trust me you aren't missing much.
tt0117894,"You'll notice that the chemist, who appears in two scenes and gets to speak, is played by Stephen King. ""Don't give up your day job"" is the standard thing to say, but that's not fair. King acquits himself reasonably well: he's no worse than any other member of the cast, and better than most. The story, on the other hand, is pure rubbish. Please, give up your day job.<br /><br />Never have I seen so many dreadful performances - of which the lead actor's (the LEAD ACTOR'S!) is probably the worst - gathered together in the one film. Everyone acts hammily, but not in any entertaining way; they all somehow manage to go over-the-top without expending, or manifesting, energy. I blame screenwriter/director Tom Holland. It can't be that ALL the actors are REALLY this bad. What are the odds against that? Admittedly, I've never heard of any of them before, but still, I don't think I could walk into a talent agency and walk out with this many bad performers if I tried: ONE actor, despite my best efforts, would turn out to have talent. So what's more likely - that Tom Holland rolled a dozen consecutive snake-eyes, or that he wrote a lousy script and then directed it poorly? That would also explain why actors are bad in direct proportion to their prominence in the script. The more direction an actor got, the worse he performed. (""You want me to bend over like a hunchback, talk from the back of my throat, show all my teeth, and look bored, all at the same time? Okay..."")<br /><br />This theory is confirmed by the fact that Holland undeniably managed to co-write a lousy script. Several writers here have commented on the fact that Billy Halleck is not a likeable character, but that's a misleading way of putting it. He's not a knowable character. All we find out about him before the supernatural stuff starts happening is that he's fat, and that all he can think about is food. (""All I can think about is food,"" he tells us, helpfully.) And in the end...<br /><br />(Sigh) I suppose I ought insert a spoiler warning here...<br /><br />In the end he becomes evil. Why? I can only shrug. Perhaps he's under some kind of enchantment. Yeah, that's probably it. By ""evil"" perhaps I mean ""inexplicable"" - it's not so much badness as a socially undesirable suspension of ordinary means-end psychology. Anyway, his actions at the end make no sense, nobody's actions make much sense, and this is despite the fact that the characters do little but explain their motivation for the benefit of the audience.<br /><br />By the way, here's my nominee for hammiest line/delivery: ""I don't think you'd like it. IN FACT..."" [big dramatic pause] ""...I don't think you'd like it at all."""
tt0117979,"Janeane Garofalo has been very public in her displeasure about this film, calling it, among other things, anti-feminist. She has also said on her radio show she hates making ""romantic comedies"" because she doesn't believe in them. I wholeheartedly agree with Janeane here. This film is a trifle at best. She does her best, but overall, it was just another boring, unbelievable ""romantic comedy"" that has no basis in the real world. Whereas there will be some who will say ""suspend your disbelief"", one grows tired of having to suspend it nearly every time you get a romantic film from Hollywood. Janeane's character, for some reason, is usually filmed in shadows and darkness, which makes her look unattractive, while Uma's character is filmed in lighter tones (which probably displeased Janeane and is probably one of the reasons she detests this film). That really hurts the film if we are to buy the premise that Janeane is supposed to be the better looking of the two. As many have said here and on other comment threads, Janeane is not ugly, but in fact, quite beautiful. I haven't read one review where someone said Uma was better looking. Having said that though, I believe that Ben Chaplin's character would more than likely stay with Uma, not Janeane. Many men don't like really intelligent women (and many women don't like really intelligent men), and sadly, Ben probably would have stayed with Uma. And despite the director's attempt to make Janeane unattractive, it doesn't work. Her natural beauty comes through anyway.<br /><br />I think a lot of Janeane's male fans who are obsessed with her like this film because they like to think of themselves in the Ben Chaplin character, and actually scoring with Janeane. Janeane is a lot more complicated than the character she plays here (real life is always much more complex than Hollywood can imagine), so take a cold shower gentlemen. This is the role that Janeane is best known for, and that's a shame, as this really isn't that good of a film."
tt0119173,"This is easily the worst Ridley Scott film. Ridley Scott is a wonderful director. But this film is a black mark on his career. Demi Moore and Viggo Mortensen, both totally miscast in an overaggressive film about a girl going to the army. Very stupid. And there is never one scene that is convincing in any way. It is really not difficult to make a film such as this. Everything the crew makes could have been an idea of just anybody. The writers didn't have much inspiration either; many foolish dialogs that made no sense at all; and some brainless action. I strongly recommend to stay away from this rubbish. I hope that the many talented persons involved in this project realize this type of film does not deserve their attention, and that in the future they will work on more honorable and more intelligent movies than this useless mess."
tt0119196,"I think I've seen all of the Grisham movies now and generally they're all very poor, except for The Rainmaker, but this one is so bad it's unbelievable<br /><br />WARNING SPOILERISH<br /><br />It's one of those movies where the character does the stupid irrational things that no one would ever do. He's a lawyer for Christ's sake. Why when his children go missing does he not call the Police. Oh yes it's because all the Police hate lawyers so they're just ignore him and let him be attacked.<br /><br />When he's arrested for murder they just let him go free, he would be locked up in a cell pending a bail hearing. <br /><br />Why would you drag your kids halfway across the country when you could easily protect them at home.<br /><br />The Police don't bother to try and find an escaped mental patient, they don't bother to interview his daughter.<br /><br />As for the ridiculous ending.<br /><br />In summary, silly, very unrealistic and a complete waste of time.<br /><br />0/10  One of the worst films ever made."
tt0119303,"Home Alone 3 is one of my least favourite movies. It's the cream of the crop, or s*** if you tend to be more cynical, as it ranks up (or down) there with stuff like Battlefield Earth and Flinstones: Viva Rock Vegas. In fact, it could even be worse than those two, since those two at least intermittently made me laugh at their stupidity. This just made me cringe in pain constantly and clap when the credits started rolling. No other movie has made me cringe in pain. Now I will point out exactly why this movie is so incredibly atrocious.<br /><br />First off, the plot is ridiculous. It revolves around a chip in a remote control car (?!) that is misplaced and how these terrorists want it. Dumb stuff.<br /><br />The action that ensues is similar to that of the other two Home Alones, with boobytraps and all, but watching these boobytraps being executed is, rather than being funny, incredibly unpleasant to watch. I didn't laugh (or even so much as smile) once, rather, I cringed constantly and hoped that the terrorists would nail the kid. The bird, rather than providing comic relief, was unfunny and annoying.<br /><br />The acting, as done by a bunch of no names, ranges from poor to atrocious. There is not a single good performance here. Alex D.Linz is absolutely unlikeable and unfunny as the kid, while the terrorists act (and judging by their movie credits, look) as they've been hastily picked off the street...and well, that's it.<br /><br />I can see some people saying: ""Man, it's for the kids. Don't dis it, man."" Well MAN, kids may like this, but they can get a hell of a lot better. See Monsters Inc. and Toy Story before even considering getting this out. Hell, even Scooby Doo and Garfield (which suck - see those reviews for more) are better than this! <br /><br />So in short, this is an irredeemably atrocious movie. This was clearly recycled for the money, as it almost completely rips off the first two; the only thing is, it completely insults the first two as well. No human, kid or otherwise, should find any reason to see Home Alone 3. Ever. It's THAT bad.<br /><br />0/5 stars"
tt0119453,"In spite of sterling work by the supporting actors, and an intelligent script by Alan Plater, this film suffers from a fatal flaw - the lack of charm of the central character/actor. One of the characters describes Richard E Grant's character as ""a whining little turd"" and unfortunately this sums him up perfectly. There is nothing about him or his performance to make it credible that his girlfriend and upper-class publisher/friend would spend so much time and emotional effort on him. He is rude, arrogant, selfish, self-destructive and thoroughly annoying. The part called for an actor who can make you love him even when he is being a prate - a Ewan McGregor, for example.<br /><br />All of the witty satire on the class system etc was wasted, thanks to this irritating and thoroughly unlikeable performance. All I wanted to do was shake him and tell him to get over himself."
tt0120430,"Oh, dear lord.... They've turned what was a fairly thought provoking movie into a swaggering testosterone fest.<br /><br />The original 1971 version of this movie was beautifully vague about our hero Kowalski. He was a man trying to drive from Denver to San Fransisco to win a bet. Why was he willing to risk his life for the price of a handful of uppers? We're not really sure.<br /><br />We had a few flashbacks that gave us the picture that he was an adrenaline junkie, and presumably he had led his entire life trying to make it to the vanishing point. That point you see off in the distance where the left and right shoulders of the road come together, and the road itself vanishes. He lives only to be free, and means no ill on anyone. We saw several times when there were accidents he stopped to make sure the other driver was okay before moving on, even the cops that were chasing him.<br /><br />When he saw the futility of his quest he took his life rather than be arrested and live a life of captivity. He died like he lived, running wide open.<br /><br />In the remake Kowalski has a whole history (including a first name, even.) He's trying to get to the hospital where his wife is suffering from complications to her pregnancy. He is a devoted husband, and excited expectant father. He comes to the decision to take his life after hearing his wife died in delivery, but they even leave THAT in question when they suggest that he may have jumped out of the car before it ran into the bulldozers. They even gave the part of ""super soul,"" the blind DJ (brilliantly portrayed by Clevon Little in the original) to JASON PRIESTLY?!?!?!?!?!? Give me a break."
tt0120620,"I had been looking forward to seeing this film for a long time, after seeing ""Return to Paradise,"" which I found to be gritty. I was so disappointed. The most realistic thing about it was the unpredictable ending which I think was partly stolen from ""Return to Paradise."" <br /><br />Maybe I was expecting too much. <br /><br />On the positive side Danes, Beckinsale and Pullman were fantastic in their roles. Although I didnt like Danes's character and first and found her very annoying. <br /><br />I couldnt see anything realistic about the film. It could of been done so much better, for example there could of been more emphasis on the prison conditions and the sheer horror. It was too cheery a movie to be realistic. There could also of been more action and tension<br /><br />The best thing about this film is the ""tragic"" ending. I couldnt of predicted that. But by that time I really didnt care what happened to them.<br /><br />3/10"
tt0120626,"Okay, I'm not going to critique this film in depth. I note the many elogious reviews in advance of me, and as I generally like Maria de Medeiros, I have been long hesitant to make a disparaging comment - and in such fashion nearly a year has passed. But each time I see that DVD on my shelf, I sense an inner groan. Anyway, let the elogious voices override me! But for other cinephiles like me - beware.<br /><br />Expressed in simplest and gentlest terms, here's my stance:<br /><br />The political turmoil and overthrow providing the backdrop for this film also served as a backdrop for a certain period of my life - via newspapers I read daily in my local middle-European pub. At that time, I followed the newsreports, but never fully grasped what the heck was transpiring. The reporters tended to report either in non-partisan terms, or with a conservatism which frowned upon any groups disturbing the peace or fomenting rebellion against the establishment. Those were times when other winds of unrest swirled through Paris, Berlin, Prague, and various places in the U.S., all of whose issues I understand clearly at the time - but dictatorship or not, my papers tended to treat the govermentment of Portugal simply as the establishment - not as a well-fleshed out ""evil empire"", to use flippant Star War terms.<br /><br />So, week after week, I read of disturbances, but never found an intelligent editorial that might provide the history behind them, or evaluate the practices and social-economic impacts of the dictatorship, etc.<br /><br />So, in purchasing this film, I had at least two hopes: to finally understand the details leading up to the social unrest, and to enjoy a well-conceived drama. This film gave me neither.<br /><br />The film presupposes that viewers already have ample knowledge and deep emotions regarding the historical facts. And the drama - well, as I said, I want to encourage Maria de Medeiros and the Portugues film industry, but - it was trite and shallow.<br /><br />I obtained my copy of the DVD from France - ""Selection Official Cannes 2000 - Un Certain Regard"". The box shows smiling clean-shaven actors, the lead giving the victory sign in a fashion that reminds me more of the Playboy bunny. After seeing the work, I wondered what the French could have thought of it - though as a shallow piece of ""cinema verite'"" with sensitive ethnic content, I can understand their natural inclination to praise it for its ""honesty"" but...<br /><br />Look at the back of the box: ""Un regard chaleuruex sur la Revolution"" - a warm regard? Try describing Allende's overthrown and murder with a a ""warm regard""! Try it with Czechoslovakia in 1968! Try it with the whole line-up of overthrows, and civil rebellions!<br /><br />Another review: Maria de Medeiros a renoue' avec son pays, son enfance et son histoire."" Rubbish, rubbish, rubbish! At least for me.<br /><br />I love Portugal. In all of Europe, Lisbon, Barcelona and Prague are my favorite cities. But my love for a city and a country doesn't flesh out a vacuous film. I'll hang on to my ancient VHS tapes of Capas Negras and A Cancao de Lisboa - meanwhile, I'm stuck with a zone 2 by the above title that might as well go in the trash."
tt0138322,"From the first time I saw the box cover of the movie and the stretched out photography I thought this guy, this friend of the 'Scwarz' must be like 6 foot or 6ft 2in. <br /><br />Not 5 feet tall. Not that, it's his fault. <br /><br />At any rating, I turned on the movie one cool night in Tucson, out on the second story-deck with a good cigar and let it roll. At that time my wife was having an affair and things were going down hill for me, so I needed a good diversion. But, as bad as the movie was...I totally enjoyed it, with a bottle of Merlot too, I might admit. <br /><br />Truly, I have watched this movie many times. It always makes me feel good!! It's not that it 'tries too hard' to be cool or that 'It's so close' to hitting the mark for an action film....It's frantic. And then truly clueless. Then frantic again. It's the best of the best when it comes to a slow speed chase scene. Wow!! I never felt safer in my life. Warm and happy too. I was thankful that they conserved on the gasoline during the chase, due to less production in the summer months...anywho <br /><br />The direction was 'uninspired' the action and fight sequences needed to be choreographed, or re-choreographed and tightened up, the sound was off the delivery didn't hit you, it just kept on going, the other way. The 'locals' of that village that they were in, the town rather, were 'Off cue' they also did not seem to follow what was happening very well, the would look and even 'stare' into the camera lens. Like a deer in the head lights kind of thing only some of them with a smile, a smiling deer. <br /><br />I feel bad because 'Columbu' I just bet has a good heart and a caring spirit for people in America as well as for his own countrymen. <br /><br />However ""Baretta's Island"" is very lethargic and unbelievable. Even still I like it a lot. My now x-wife hates it, but I love it! <br /><br />The funny thing is, I am pretty discriminating when it comes to movies I like or even 'love'. All in all, I like Franco. So there it is. <br /><br />As a movie adding addendum to this if you like killing a few hours with truly fun to watch, straight to video-B movies or 'bad' movies for your little library collection then, if you can find it, check out 'The Big Sweat' (1991) with Robert Z' Dar..you know the big guy from 'TANGO & CASH'. 'The Big Sweat', a bomb of a cop story with no real plot discovery and acting that is so lame, it might as well be 'on crutches' and at the end of 'The Big Sweat' I think they ran out of money, because they had a picture of the cast and just set it on fire and let it burn during the credits. -Good fun. <br /><br />But all in all, not as good as Baretta's Island', I gave it a '1' and an overall rating of 'awful' for awful-good B' movie. I'm waiting for the sequel, maybe like 'Baretta's revenge on Montazuma' (Franco takes a Mexican vacation and gets sick on the water then, declares war on the water co.) or 'Baretta's powder war' where as he would stake out a large drug lord in his country and chemically gene-splice and create a hybrid super bug (insect) that would be bred and dropped into the cocaine fields and eat the coke and upon passing it through the bug, it forms a chemical reaction that turns the coke to pure powdered sugar. Then another sequel he would have to get the young people rescued from excessive sugar addiction and so on. He could get a major tooth paste company to endorse and partially fund the project with careful product placement in the feature. Right?(*)"
tt0141369,"I was a huge fan of the original cartoon series, and was looking forward to finally seeing Gadget on the big screen -- but I never in my wildest dreams expected something so extremely extremely terrible. The pace was WAY too fast, there was no plot, and 'wowser!' - what the hell is that?? It was 'WOWSERS!!'."
tt0143096,"Brief summary: This movie demeans everyone it touches. That means you.<br /><br />First off, let me say I'm not a purist, and this might have been funny for a few minutes. The impersonations are not bad. But overall it's just dull and excruciatingly not funny. A few simple jokes are repeated over and over again.<br /><br />It's clear that this movies only exists to squeeze the last few dollars out of the now-trademarked Laurel and Hardy. The producers cannot have any real regard for their place in film history, or their talents. This is what offended me the most.<br /><br />Of course, my daughter liked it, so I'm also a failure as a parent ;)"
tt0145531,"I find it hard to believe that anyone would put this movie in the same context as the Exorcist. Where the Exorcist was subtle and creepy, Stigmata was blunt, clumsy, and way too formulaic.<br /><br />This is one of the most visually beautiful films I've seen in a while, but the imagery does not make up for the downward spiral of patronizing exposition that makes it unbearable. <br /><br />My interest in this movie was peaked when it was compared to The Exorcist, and my visit to the official web site increased that interest. The web site had many tales of ""actual"" stigmata throughout history. However, scene by scene, the movie is so obsessed by its quest for ""genuineness"" that it becomes comical at first, then outright hard to watch toward the end. I began getting suspicious when the priest charged with investigating potential miracles walks into the beauty parlor where our would-be heroine cuts hair and, evidently, flirts with priests.<br /><br />The plot: A woman without faith in God begins receiving the wounds of Christ (the Stigmata) and is baffled and upset about the ordeal. A priest is sent straight from the Vatican to investigate the case. Is Frankie possessed by Satan, or a vessel for Jesus Christ?<br /><br />The only miracle in this film is that it finally ends."
tt0161023,We've all seen this story a hundred times. You can see each plot turn coming a mile away. The relationship between the mother and daughter is way too sweet and understanding to pass for realistic. Janet Mcteer's performance is stock southern hot- ticket mother in vintage clothes. Should have been made for the Lifetime Channel.
tt0171363,"Effect(s) without cause is generally not possible in the real world but in the world of Hollywood remakes, not only is it possible, it's required. The Haunting has been given the computer treatment courtesy of a 1st-class cinematographer-turner-director who once showed promise (Jan de Bont- Speed) but has since produced a string of big budget garbage (Twister, Speed 2).<br /><br />Actor are superfluous in a movie of this type and they seem to realize it. Liam Neeson and Cathrine Zeta-Jones act like they wish they were anywhere but in this film. Lili Taylor makes an attempt to add something to the proceedings but whatever that something might be is unknown since the script feels like half of it is missing. Events just happen, good and bad ghosts show up with no rhyme or reason and then the story just ends with a most unsatisfying non-event meant to wrap up the previous 90 minutes of inanity.<br /><br />There really isn't even reason to see this for the effects since we all know that anything can be put on screen now. Why not watch effects in the service of a good story instead of just for their own sake?"
tt0175880,"Great cast. Great acting. Unpredictable story line for the first half<br /><br />hour or so. I was really wanting to know what was going to<br /><br />happen to each of these unredeeming characters, and how their<br /><br />seemingly disparate lives would become intertwined. But when<br /><br />the writers took out the glue to start connecting the players, they<br /><br />mistakenly used super glue and brought the movie to a standstill<br /><br />for the last two hours. I kept thinking it would get better, but it only<br /><br />got worse. Don't believe the reviews. This is a waste of time. <br /><br />Think about it -- Tom Cruise made ugly -- why? The gorgeous<br /><br />hunky bartender wearing braces -- why? I know it had to do with<br /><br />the plot, but without them, at least there would have been one<br /><br />attractive cast member to remember."
tt0179443,We know from other movies that the actors are good but they cannot save the movie. A waste of time. The premise was not too bad. But one workable idea (interaction between real bussinessmen and Russian mafia) is not followed by an intelligent script
tt0184463,"Twenty years ago, the five years old boy Michael Hawthorne witnessed his father killing his mother with an axe in an empty road and committing suicide later. On the present days, Michael (Gordon Currie) invites his girlfriend Peg (Stacy Grant) and his best friends Chris (Myc Agnew), Jennifer (Emmanuelle Vaugier), Lisa Ann (Kelly Benson), Ned (Brendon Beiser), Mitch Maldive (Phillip Rhys) and Trish (Rachel Hayward) to spend the Halloween in the country with his grandparents in their farm. He asks his friends to wear costumes that would represent their greatest innermost fear, and together with his Indian friend Crow (Byron Chief Moon), they would perform an ancient Indian celebration using the carved wooden dummy Morty (Jon Fedele) that would eliminate their fears forever. The greatest fear of Michael is to become a serial killer like his father, but something goes wrong and Morty turns into his father, killing his friends.<br /><br />""The Fear: Resurrection"" is a disappointing and pointless slash movie that uses the interesting concept of eliminating the greatest innermost fear of each friend before it grows, but in a messy screenplay full of clichés. There are some exaggerated performances, like for example Ms. Betsy Palmer; others very weak, but in general the acting is good. Unfortunately there is no explanation why the dummy is brought to live; further, in spite of being surrounded by close friends, the group does not feel pain or sorrow when each one of them dies. The low-pace along more than fifty minutes could have been used to built a better dramatic situation. In the very end, Michael shows a charm that his father was interested that I have not noticed along the story. I do not know whether the previous reference was edited in the DVD released in Brazil with 87 minutes running time. The special effects are very reasonable for a B-movie. My vote is four.<br /><br />Title (Brazil): ""Fear 2: Uma Noite de Halloween"" (""Fear 2: One Night of Halloween"")"
tt0192766,"While some performances were good-Victoria Rowell, Adrienne Barbeau, and the two Italian girlfriends come to mind-the story was lame and derivative, the emphasis on the girlfriend's racial background was handled clumsily at best, and the relatives were mostly portrayed as stereotypes, not as real people. I found myself wincing uncomfortably at many moments that were supposed to be funny. I can hardly comprehend why the local paper here in SF said this was a good movie, and wonder WHO posted the glowing review here on IMDb. Very disappointed in this movie, and mad I actually went to a theatre to see it, based on the faulty connection to Garden State, which is a far funnier, more inventive, and touching movie than this one. I must especially mention the emotional climax in the church, which was so wooden and by-the-numbers that I nearly left, and some in the audience actually DID. THAT was followed by a silly climax at the graveyard, which I saw coming 10 minutes before it happened. I really don't like being misled to spend my money so uselessly."
tt0197570,"I have to agree with some of the other comments and even go a step further. <br /><br />Nothing about this film worked, absolutely nothing. Delmar our central character makes the decision to become a surrogate mother in order to earn enough money to buy a restaurant but along the way fall for a wise ex-jailbird. At the same time her friend Hortense is trying to get her lawyer boyfriend to finally marry her. She also happens to be sleeping with Marlon who is desperately in love with her. Then there's Delmar's brother Jethro who gets involved with a former coke addict, Missy who reveals she was sexually abused by her adopted father. On the sidelines we also have the eccentricmother who has an assortment of equally odd friends, one of whom dies on the couch at the beginning of the film. So far so good but after introducing these characters and story lines addressing life, death, grief and love in the first half, the film simply loses direction. <br /><br />If the writer had only selected one or two characters and allowed us to follow their stories maybe things would have been fine but equal screen time is given to all with the result that no one story or character is fully developed. For instance, why does Delmar think she will be able to hand over her child in exchange for money, especially when the prospective parents are a creepy bigoted lawyer and his semi alcoholic and depressed wife? Why is Hortense so desperate to marry a man who is a jerk and clearly doesn't love her? How is it Missy manages to kick her coke habit overnight? Is Jethro regularly drawn to women with overwhelming problems, or is Missy the exception? Has Delmar and Jethro's mother always been on the eccentric side, or is it a more recent development? Why is Jethro so keen on Cadillacs that he has one in the middle of his living room? Why did Moses spend years in prison for stealing a car, a relatively minor crime? How does Delmar manage to end up giving birth to Moses' baby when there is no suggestion that they ever had sex? <br /><br />These questions are posed in the screenplay but sadly are never answered. I can only assume they were answered in the original novel and that is why the writer felt the need to include it all in the script. Big mistake. Losing several subplots especially the Hortense and Marlon story, which adds nothing to the overall film, would have tightened things considerably and allowed more time to develop the Delmar, Jethro and Moses characters who are clearly more central to the plot and underlying themes than anyone else. <br /><br />Add to that the most pedestrian directing style seen outside of the average soap opera and the result is a huge missed opportunity for all, including Jorja Fox who does her best to rise above the material. I'm not surprised that this appears to have been the director's last film as this effort shows no evidence of a visual style or ability to tell a moving and intelligent story."
tt0200374,"Amen to Magsel. There was a lot of confusion going on. First off, how do you know which movie you are purchasing? Henry Cele stars in every one of them. I bought this movie thinking it was the miniseries...WHAT A LETDOWN!! It would have been a comedy but for the young girl being raped. David Hasselhoff (spelling?) is OK for popcorn TV but he was not believable in this film (where was his English accent?) AND WHAT'S WITH THE LOVE STORY??? The movie was supposed to be about a young man's rise to military power - not the slave ship captain getting jiggly with the English maiden looking for her daddy...<br /><br />If I had paid more than $7 for this movie, I would have to call the police - because that would be a crime!"
tt0201538,"Strange... I like all this movie crew and dark humor movies; but didn't like this one at all! It's awful, horrible and surely not funny at all. Pity cannot do a whole movie plot, disgust either. And it was really boring. Long empty moments fills the movie; it could have been removed. It should have been in another shorter format, surely. Maybe i expected too much from the crew - like saving the movie lol -. It's also filled with overused clichés of characters and situations... I don't get it why people liked it... ""Poetry"", ""hope""; nope 'mam, didn't see anything like that! ^^ All in all, it's empty and crude, pitiful and hopeless. Oh darn this one........"
tt0202458,"It is a pity that you cannot vote zero stars on IMDb, because I would not have hesitated! In fact I would go so far as to say that this film was in the negative stars. <br /><br />I, like many others, bought this film thinking that because it has Michael Madsen in it, it could be good... No chance! This film was shocking! Imagine a movie length 'The Bold and the Beautiful', well, Primal Instinct did not even come close to that good, and I had previously thought that there would be nothing worse than a movie length 'The Bold and the Beautiful'. <br /><br />Michael Madsen, how could you do this to us? The worst part is, I didn't fast forward a bit, I was hoping that at the end they would reveal that it was all some sort of sick joke, that they thought it would be funny to make us watch such a horribly bad film.<br /><br />Where do I start...? Directing - Zero Stars, Screenplay - Zero Stars, Acting - Zero Stars, Cinematography - Zero Stars, Digital Effects - Zero Stars, Production Design - Zero Stars, Make-up - Zero Stars, Casting - Zero Stars, Editing - Zero Stars, Trailer - Half a Star, Graphic Design - Half a Star, DVD Menu - Half a Star.<br /><br />However I think that it is very important to have seen bad films just so that you know what a really bad film is, so for that reason I am happy that I saw this film, just so that I have a bad film to put at the bottom of my list."
tt0203408,"I truly wish I was not writing this review. I'm a Christian, so I waited anxiously to see this movie. It seemed great -- a Christian movie with some fairly famous stars and a plot that seemed intriguing (not that I buy the Bible Code itself -- you can make it say anything you want. I do, however believe everything inside the Bible). So I'm sitting on the edge of my seat enjoying the previews, when the movie comes on and manages to destroy my mood in a matter of minutes. I had to bite my lip to stop from commenting on the terrible writing and acting while I was in the theater (I would have been torn to pieces by the people cheering at the rather clumsy but basically uplifting scenes and gasping at the insanely obvious and predictable Tension Scenes, I'm sure). Once the final credits began to roll, however, I could reflect. There were many parts of the movie I liked -- some mostly unexpected plot twists, some effects that were indeed special (I'm not counting the Visions. Those were poorly done), and some interesting technical work -- fades, sets, that type of thing. Unfortunately, I got the distinct impression that if I read the book of Revelation to a monkey and set the monkey in front of a typewriter for an hour, I could've gotten a better script. And the music was beyond cheesy (even for a Bond fan who likes kinda cheesy music in scenes of action and intrigue). So I wish I could be like everyone else in the theater -- like the people who came out crying and breathless because of how incredible it was -- but I'm not someone who can be appeased by a writer who throws some words over a Biblical shell and slaps a Christian stamp on it. I need a good plot and believable dialogue before I can enjoy most movies, and this just didn't have either. I'm sorry, but I wouldn't recommend this film to anyone. And that's the tragedy. When will we see some intelligent Christian fiction? It has to be out there somewhere..."
tt0211181,"...because this was simply awful. 101 Dalamatians was funny even if formulaic, but this is nothing more than puerile drivel. The same plot except with the story excised from it; the world's most intelligent and horribly annoying macaw; Tim McInnerny proving that he really can't do comedy (everone remembers Percy in Blackadder but that was his high spot - it's all been downhill since then); direction so poor that if a group of college students had made this you'd throw it in the bin and tell them to do it again - properly this time. Ieuan Grufford better go back to Hornblower sharpish, whilst Glenn Close and Gerard Diepardieu ought to go into hiding for several years.<br /><br />Perhaps I could be too harsh; after all I didn't manage to sit through the whole film. It gets 1/10; only because I can't give it 0."
tt0218619,"Inept, boring, and incoherent supernatural ""thriller"" in which college student Cassie (Melissa Sagemiller) is the constant victim of hallucinations and nightmares after a car accident claims the life of her boyfriend Sean (Casey Affleck).<br /><br />I can't begin to tell you how bad this is...nothing of any importance ever happens nor is there ever any sort of actual entertainment value. I did not like this cast in this particular film - they are all sadly unconvincing (then again, their roles are no good). To promote this as a horror film is a joke. Where are the scares? There's no sense or suspense - there are a few good songs but that's about it.<br /><br />How on Earth did this project get the green light? Writer-director Steve Carpenter has no discernible vision or talent that I can sense. Worst of all, the conclusion really makes the whole movie pointless.<br /><br />The alleged ""killer cut"" that I watched is 86 minutes of pure tedium.<br /><br />1/10"
tt0219400,"I've seen some crappy movies in my life, but this one must be among the very worst. Definately bottom 100 material (imo, that is).<br /><br />We follow two couples, the Dodds (Billy Bob Thornton as Lonnie Earl and Natasha Richardson as Darlene) and the Kirkendalls (Patrick Swayze as Roy and Charlize Theron as Candy) in one car on a roadtrip to Reno.<br /><br />Apparently, Lonnie isn't too happy with his sex-life, so he cheats on his wife with Candy, who's despirately trying to have a baby. Roy, meanwhile, isn't too sure if his sperm is OK so he's getting it checked by a doctor.<br /><br />Now, I had read the back of the DVD, but my girlfriend didn't, and she blurted out after about 20 minutes: 'oh yeah, she's gonna end up pregnant but her husband can't have any baby's'. Spot on, as this movie is soooo predictable. As well as boring. And annoying. Meaningless. Offensive. Terrible.<br /><br />An example of how much this movie stinks. The two couples set out in their big car towards Nevada, when they are stopped by 2 police-officers, as they didn't stop at a stop-sign. The guys know each other and finally bribe the two officers with a case of beer. Not only is this scene pointless and not important (or even relevant) for the movie, it takes about 5 minutes! It's just talk and talk and talk, without ever going somewhere.<br /><br />I still have to puke thinking about the ending though. Apparently, Roy ISN'T having problems down there so he IS the father of the child. How many times does that happen in the movies... try something new! The cheated wife ultimately forgives her husband and best friend for having the affair and they all live happily ever after. Yuck.<br /><br />Best scene of the movie is right at the end, with a couple of shots of the Grand Canyon. Why couldn't they just keep the camera on that for 90 minutes?<br /><br />One would expect more from this cast (although Thornton really tries), but you can't really blame them. Writers, shame on you!<br /><br />1/10."
tt0237616,"I went to school with Jeremy Earl, that is how I heard of this movie, I don't really know if it was in the theater's at all. I don't recall the name. I have seen it, it is like one of those after school specials. The acting is OK, not great. The plot was kind of weak and the lines were pretty corny. So the only comment I can give this movie is ""Eh"" I borrowed the movie from Jeremy, if I was in a movie rental place, this is one that I would walk past and after watching it I wouldn't recommend it to anyone past middle school age. I've also noticed that many times when urban kids are portrayed, the slang is overused or just outdated. Many times I think thats what makes their characters unbelievable."
tt0240684,"Disney goes to the well one too many times as anybody who has seen the original LITTLE MERMAID will feel blatantly ripped off. Celebrating the birth of their daughter Melody, Ariel and Eric plan on introducing her to King Triton. The celebration is quickly crashed by Ursula 's sister, Morgana who plans to use Melody as a defense tool to get the King 's trident. Stopping the attack, Ariel and Eric build a wall around the ocean while Melody grows up wondering why she cannot go in there.<br /><br />Awful and terrible is what describes this direct to video sequel. LITTLE MERMAID 2 gives you that feeling everything you watch seemed to have come straight other Disney movies. I guess Disney can only plagiarize itself! Do not tell me that the penguin and walrus does not remind you of another duo from the LION KING!<br /><br />Other disappointing moments include the rematch between Sebastien and Louie, the royal chef. They terribly under played it! The climax between Morgana and EVERYONE seemed to be another disappointment.<br /><br />I will not give anything away, but in 75 minutes, everything seemed incredibly cramped and too much to handle. An embarrassment to Disney, LITTLE MERMAID 2 is better left to rent and laugh at. Then you can prepare for the rest of the other sequels Disney is going to drown you in later on."
tt0245407,"I was gifted with this movie as it had such a great premise, the friendship of three women bespoiled by one falling in love with a younger man.<br /><br />Intriguing.<br /><br />NOT! I hasten to add. These women are all drawn in extreme caricature, not very supportive of one another and conspiring and contriving to bring each other down.<br /><br />Anna Chancellor and Imelda Staunton could do no wrong in my book prior to seeing this, but here they are handed a dismal script and told to balance the action between slapstick and screwball, which doesn't work too well when the women are all well known professionals in a very small town.<br /><br />And for intelligent women they spend a whole pile of time bemoaning the lack of men/sex/lust in their lives. I felt much more could have been made of it given a decent script and more tension, the lesbian sub-plot went nowhere and those smoking/drinking women (all 3 in their forties???) were very unrealistic - even in the baby scene - screw the baby, gimme a cigarette! Right.<br /><br />Like I said, a shame of a waste. 4 out of 10."
tt0249624,"I almost made a fool of myself when I was going to start this review by saying "" This movie reminded me of BILLY ELLIOT "" but then I looked up the resume of screenwriter Lee Hall only to find out that he was the guy who wrote BILLY ELLIOT so it's Mr Hall who's making a fool of himself not me <br /><br />Am I being a bit cruel on him ? No because Lee has something most other aspiring screenwriters from Britain don't have - He has his foot in the door , he has previously written a successful British movie that won awards and made money at the box office and what does he do next ? He gives the audience more of the same <br /><br />Young Jimmy Spud lives on some kitchen sink estate . He is bullied at school and no one loves him . The only thing keeping him going is that he has aspirations to be a ballet dancer . No actually he has aspirations to be an angel but considering his household he may as well be a ballet dancer . He has a macho waster of a father who thinks "" Ballet dancers are a bunch of poofs while his granddad says "" Ballet dancers are as tough as any man you could meet . I remember seeing the Bolshoi ballet ... "" Yup Ballet is a main talking point on a run down British council estate those days - NOT . Come to think of it neither is left wing politics which seems to be the sole preserve of middle class do gooders who live in nice big houses , so right away everything about this set up feels ridiculously false <br /><br />Another major criticism is that this is a film that has no clue who it's trying to appeal to . I have often criticised Channel 4 for broadcasting movies at totally inappropriate times ( THE LAND THAT TIME FORGOT at 6 am for example ) but they showed this at 2 am and for once they've got it spot on . Considering the story involves politics , ballet dancing ( Gawd I hate it ) lung cancer and poverty there's no way this can be deemed suitable for a family audience but since the main protagonist is an 11 year old child and features angels and ballet dancers ( Don't blame me if I seem obsessed with the subject - there was no need to refer to them ) there's not much here for an intelligent adult audience either . <br /><br />Of course if Lee Hall had been told at the script development stage by the producers that he should write a story featuring a schoolboy and an angel and had flatly refused saying that he wanted to write about other themes and stories then I will apologise but throughout the movie you do get the feeling that once the film was completed it was going to be marketed to the exact same audience who enjoyed BILLY ELLIOT"
tt0252028,"May contain spoilers.<br /><br />I say that, but anyone savvy enough to be reading this can probably figure out every plot turn right from the start.<br /><br />This is not a movie that I liked. I didn't hate it in the way of some movies that insult your intelligence, but it all felt too predictable on its trudge to the requisite happy ending. There were funny bits along the way to be sure, but few were original. At least it didn't go for the gutter.<br /><br />Christina Applegate looks fresh, and Ben Affleck works hard. Their scenes together are actually the only redeeming feature. Everyone else is a cardboard cutout, including, surprisingly, James Gandolfini, who must have made this as a favor to someone.<br /><br />All in all, it's a harmless, but not inspiring, 90 minutes."
tt0253335,"Heavy-handed moralism. Writers using characters as mouthpieces to speak for themselves. Predictable, plodding plot points (say that five times fast). A child's imitation of Britney Spears. This film has all the earmarks of a Lifetime Special reject.<br /><br />I honestly believe that Jesus Nebot and Julia Montejo set out to create a thought-provoking, emotional film on a tough subject, exploring the idea that things are not always black and white, that one who is a criminal by definition is not necessarily a bad human being, and that there can be extenuating circumstances, especially when one puts the well-being of a child first. However, their earnestness ends up being channeled into preachy dialogue and trite situations planted to move the plot along. The decent production values and interesting use of documentary-style camera footage are not enough to accomplish their aim when the script and the acting fall flat.<br /><br />Logic is often compromised for the sake of creating tension: Soid first tries to blackmail Pablo into participating in her documentary in exchange for helping them escape, then in the same breath basically tells him not to trust her because she's not helping them out of altruism. Well, duh. And for a man on the run, Pablo is far too swayed by a temper tantrum. Cristina's well-being is so important to him that he's fleeing capture and jail or deportation for her, but he's willing to risk all that to appease her when she doesn't want to go to Mexico. Right. Talk above over-permissive parenting. Third, when Pablo's employer Charlie gives the phone to Detective Bright, she is remarkably unprofessional, especially given her seniority - did she really think she was persuasive? Oh, yeah, I would have turned myself in. CCH Pounder's Detective Wims could wipe the floor with her.<br /><br />To be fair, I'd like to list the things I liked. Um, I liked the midget. And I liked the fact that the midget was named Sexy. There's cross-dressing, always a plus; juvenile cross-dressing, no less! Harry is infinitely cuter than Cristina. But my favorite moment in the film has to be when Cristina kicks Detective Not-So-Bright. I also find it interesting that, in a heavily minority cast (which I much appreciate, by the way), the black character is the racist one. Too bad it's just thrown out there and not further explored.<br /><br />There's a distinctive, unconventional score, but it's nonetheless generally context-unspecific, not enhancing mood or tension in any scene, except the pathetic, anguished wailing every time the main character is in anguish, as though they think his acting doesn't show it enough: 'Just in case you weren't sure, he's upset, and we have the musical cues to prove it.'<br /><br />Stilted, clichéd dialogue results in a depressing lack of subtext; everything has to be spelled out in dialogue, even when the body language had been up 'til then conveying it just fine. For example, every impassioned speech Pablo makes, and Mrs. Knight's lament that her child won't be crawling into bed with them in the morning.<br /><br />'Papi, tell me about Mama again' - what shameless, blatant exposition introducing the generic dead wife! (She's always the most beautiful woman the widower had ever seen, the kindest he had ever met. Why can't we see a man cry over a woman like Shakespeare's - she may be fat, ugly, obnoxious, but his love for her is deep as oceans? Now _there's_ a story which would move me.)<br /><br />The police always being literally one step behind them gives many scenes the out-of-place feeling of a French farce. Most boring foot chases ever - Bright and Lightning are so out-of-shape and easily-fooled (he certainly isn't quick as lightning, and she, well, I don't feel the need to spell things out). Some guy dragging along a small child outrunning a bicycle cop, complete with macho biker picking a fight but then being felled by a child? To quote Margaret Cho, that's so sad. Would we ever see this on 'Cops '?<br /><br />Hackneyed and over-the-top deus ex machina: as an employer, would you really waive checking his green card just because he can quote the author of the inspirational saying on a poster behind your desk?<br /><br />Plus several scenes, including the above, threaten to devolve into porn: 'Well, I'll do this favor for you, as long as you do something for me...' I can almost hear the bowm-chicka-bowm-bowm.<br /><br />When the parents view the footage shot of Pablo's remorse, the grieving mom's freak-out is the most real the movie feels. Unfortunately, this is diminished by the fact that she looks completely swayed by his emotional speech right up until she goes ballistic. A more ambivalent look would be more convincing here.<br /><br />I'm in constant awe of the stupidity of the main character doing things for the sake of plot: holding up a convenience store without a mask, visiting the dead girl's grave. And why doesn't the mother recognize his face from when she saw him before he drove off?! 'You seem awfully familiar...'<br /><br />What is the purpose of that wholly unnecessary, somewhat gratuitous scene with Soid and the artificially-enhanced bartender? Character development? Tch. Too little, too late.<br /><br />Speaking of unnecessary traits that never went anywhere, Detective Lightning's saying skeptical Detective Bright must be a Scorpio shows how little he really knows about the occult. And I don't think that believing in fate quite qualifies as voodoo mumbo jumbo.<br /><br />At the end, when Bright holds Pablo as he dies - wait, why does she care now? Her character is as inconsistent as Soid's. What, she has to shoot him just because she said 'Stop, or I'll shoot'? (She's cared _so_much_ about her integrity thus far.) He was unarmed. There was no need for lethal force. What's wrong with shooting him in the leg to immobilize him?<br /><br />Finally, Cristina's childlike acceptance of her mother's death giving Dr. Knight peace over his daughter's death - so forced. And the contrivance of the family whose child was killed becoming Cristina's new family... It angers me that she could be a 'replacement' for their little girl. It's also unrealistic that a white couple would take in the Latino daughter of the man who killed their own daughter. I'm not saying there aren't generous, loving people who would do that. I'm just saying that the characters here are never developed far enough for me to believe that _they_ would do that.<br /><br />I find it offensive that another IMDb reviewer said that of course as a woman she was moved by the sappy scenes. I am a woman who reserves my emotional movements for moments that don't wax sentimental in a manufactured manner.<br /><br />Co-writer, co-director, co-star Nebot said himself he wore too many hats during this production. Too many cooks may spoil the broth, but one cook alone just might end up making an after-school special.<br /><br />In conclusion, this film's title has less to do with the story and more to do with the feeling of regret, helplessness, and loss accompanying the revelation that you will never see your money again."
tt0257044,"This film is overblown, predictable, pretentious, and hollow to its core. The settings are faithful to the era but self-conscious in their magnification by prolonged exposure. The lingering over artifacts stops the action and cloys almost as much as the empty dialogue. Tom Hanks seems to be sleepwalking much as Bruce Willis did in Hart's War. Tom, you can't give depth to a character simply by making your face blank! The content did not warrant the histrionic acting by Paul Newman. This is a dud wrapped in an atomic bomb casing."
tt0257106,"I *loved* the original Scary Movie. I'm a huge fan of parody- it is my favorite form of humor. It is sometimes regarded as the most intelligent form of humor. The Wayans boys seemed to grasp that concept perfectly in the original film, then temporarily forgot it when making the sequel. I think the Wayans' are a family of comical geniuses. Alas, even geniuses make mistakes.<br /><br />The movie begins with promise. I liked ""The Exorcist"" parody, especially the ""come on out, ma"" gag. Now, that's Wayans-quality material. But, other than that, I can only think of two other times I laughed: 1) when Tori Spelling is seduced in the middle of the night by a spirit, then becomes clingy and starts talking about marriage with him. Meanwhile, he's saying, ""It was just a booty call!!"" That was kinda funny. 2) The ""Save the Last Dance"" parody where the Cindy character inadvertently beats up a girl while practicing her new moves. But even the short-lived giggles are no match for the side-splitting laughs of the first Scary Movie.<br /><br />The rest of the movie is pure trash, filled with cheap gross-out gags. Jokes from the first movie which were subtle or implied are magnified and overdone. For example, in Scary Movie I, several innuendos are made to imply that the character Ray is gay. This was hilarious. But, in Scary Movie II, the whole penis-strangulation scene with Ray under the bed was mind-numbing and incredibly unfunny. This is the pattern of the whole film. Shock humor *alone* doesn't take a movie very far. This was a trend in 2000 and 2001, unfortunately. <br /><br />As much as it pains me to rate a Wayans movie so low, I have to give this one a 2 out of 10."
tt0275067,"This movie is S-L-O-W. Spent most of the movie actually waiting for it to 'begin'.<br /><br />The setting was bleak, the script was bleak, the cinematography was bleak, the plot was bleak, the budget was low (not that all low budget movies are bad, but this one had no redeeming features).<br /><br />The plot was more consumed with a vengeful, slightly deranged hunter than the actual Wendigo which made a very brief appearance toward the end of the movie. This in itself was disappointing as this 'Wendigo' was just a bizarre mix of a tree and a stag. Everything about the movie was uninspiring.<br /><br />The parents of the little boy appeared to be rather aloof and at times seemed completely detached from their son. Whether this was down to bad acting or a bad script I'm not sure, but it only heightened my disappointment and boredom levels.<br /><br />There was no food for thought, nothing to pique an interest. With no real intrigue or chill factor, this movie creaked along so painfully, you just couldn't care less what happened by the end.<br /><br />Wendigo's ambiance reminds me of the dull movie shown at the awards ceremony toward the end of 'Mr Bean's Holiday': a movie which is artistic and nonsensical, trying too hard to to be deep and meaningful, but coming across as pretentious and boring.<br /><br />I would never want to watch this again. I only watched it to the end in the vain hope that something interesting might happen ... but it didn't."
tt0286610,"While it's early to say how the series will evolve, I can say that the pilot was less than I thought it would be. There is still potential for the series, however. Of course when I first saw Voyager I thought it had potential, too - but was sorely disappointed. My gut tells me Enterprise won't be as bad as Voyager, however.<br /><br />As for the impressions of the pilot...<br /><br />The pilot had some good ideas and good themes. I liked the introduction. The show's opening credits were interesting, with the progress of exploration and a fitting theme song. Scott Bakula is excellent in the role of captain.<br /><br />Where it fell short for me was largely that the story lacked the ""feel"" of setting out on a grand adventure. The plot of the episode itself was more a ""generic"" Trek story with the themes of ""exploration"" and ""first step towards space"" merely subplot and subtext. Were you to edit out the references to this being the first deep space mission, the plot would be hard to differentiate between the eras of Enterprise, TOS or TNG. The central plot didn't reflect or do justice to the grand theme of the series.<br /><br /> The plot of launching the first mission would have been grand enough without the ""action"". Instead of isolated references to the newness of exploration, they could have been the story. Get a little more nostalgic and philosophical about it (oh, for a TV show that once again would make us THINK). Make us feel the excitement of ""the wind"" and being on ""the sea"" instead of distracting us with a rescue and a plethora of gunplay. There was WAY too much gunplay.<br /><br />We had the feeling more that humans were the ""freshmen"" in an established school. New kids on the block, as opposed to venturing into a largely unknown universe. Sadly, the Klingons landed on our doorstep instead of us finding them. That meeting could have been far more historic and far more sociological. Just how DO two such different societies interact? Don't just hint about it, SHOW it!<br /><br />I had to think of it more as `Trek with an akward crew and limited technology' as opposed to `the first brave steps into the unknown'. I wanted to see something newer and fresher. The series promises to have a new concept but so far I haven't seen this new, great concept.<br /><br />I will conclude with reiterating the sentiment that the series has potential. There are some interesting characters. Bakula is wonderful. Blalock has potential. The overall theme is the most interesting since we first saw Kirk in a world before Apollo 11. If only future episodes can do justice to this grand and wonderful theme, we will have a show which will create new legends.<br /><br />You shoot an arrow into the air... Good luck Capt. Archer.<br /><br />To the producers: TAKE MORE RISKS AND MAKE US *THINK*! :-)"
tt0295529,"There are some great philosophical questions. What is the purpose of life? What happens when we die? And WHY DO THEY MAKE MOVIES THIS BAD??? The premise is absurd. Thre acting is one dimensional. The special effects are overdone. And the movie is one unending gun battle among some of the lousiest shots Hollywood ever produced. But then, if they had been good shots, everybody would have been dead in the first five minutes and there would be no movie. Too bad it didn't happen that way. Tempted to turn it off several times, I stuck with it to see just how bad it could get. Glad I did because (SPOILER?) the last line is the crowning stupidity of the whole dopey, dismal scenario.It is not even worthy of second feature status at a third rate drive-in in off season. Apart from the general awfulness of the film, I worry deeply about its impact on young audiences. The Americans crank out crap like this and then wonder why events like Columbine happen. This is truly banal cinema on a Brobdingnagian scale!"
tt0300214,"When a movie of a book seems pointless and incomprehensible, the cause can invariably be found in the book: either it was pointless to start with, or the point is one not easily conveyed to film, or the movie missed the point, which is the most frequent of these results, and the easiest to happen, especially when the point is one not easily defined. The book ""Morvern Callar"" has a point; every reader of the book must have felt this, and felt as if he had gotten it; but I suspect most of them could not state it in words. I'm not sure I can, myself, but perhaps it comes to this, or something like it: Things come, things go, such is life, but we carry on; or at any rate some of us--people like Morvern--do. No doubt a more erudite critic could construct a more adequate definition. But the important fact is that there is a point--possibly the sum of the entire story is the point--and that this would have been the main thing to keep in view, and to carry over, in adapting the story to film. The maker of this film evidently missed the point, and doesn't substitute one of her own; and so the film is about nothing.<br /><br />This is not the usual complaint of a book-lover that his favorite text has been violated. The merit of the book is something I conceded grudgingly: in reading it I found it a bloody nuisance, and an occasion for kicking the author in the pants and getting him in to finish the job properly. The narrative is supposed to be the work of the half-educated Morvern, but that illusion is constantly dispelled by a dozen different types of literary effect, as if the author were poking at her with his pen; there are inconsistencies of style and tone, as if different sections had been composed at different times; and any conclusions I could reach about Morvern had to remain tentative because it was uncertain which implications the author intended and which he did not: for instance, despite Morvern's own self-characterization as a raver, am I wrong that in the end she remains essentially a working-class Scots girl, and beneath her wrapping of music downloads not so different from those of generations past? In any case, despite my irritation at the author, I couldn't deny that his book stuck with me; and what I couldn't get out of my head was his character's attitude, her angle on the world, which was almost as vivid as a Goya portrait. Morvern is the kind of person who's always encountering situations at once rather comic and rather horrible; occasionally she invites them but more often they land on her, like flies, so that much of her life consists of a kind of gauche but graceful slogging-through, unconsciously practical and unconsciously philosophical--and that doesn't begin to describe it idiosyncratically enough. The complex of incidents and of Morvern's responses to them are the substance of the book, and its achievement, in exposing a cross-section of existence it would be difficult to illuminate otherwise; for all my dislike of the book, I can see this.<br /><br />The Morvern just described is not the Morvern of the movie; or if it is, most of her is kept offscreen. An actress who might have been a good fit for the character, had she been the right age at the right time, is Angharad Rees, from the old TV series ""Poldark"". Samantha Morton, then, would seem like good casting: she's rather the same sort of actress, and in one of her earlier movies, ""Jesus' Son"", she played a girl who with a few adjustments could have been turned into this one. Unfortunately, as the film turned out, she doesn't have the character from the book to play. For one thing, the book is one that, if it is to be dramatized, virtually cries out for monologues by the main character to the audience; without her comments, her perspective, her voice, the story loses most of its meaning. It has lost more of it in that the adaptor has expurgated it of its comic and horrible elements: the most memorable incidents from the book are curtailed before they turn grotty, and so Morvern's responses (whether of amusement or distaste, depending on her mood) are missing too, and the incidents no longer have a reason for being in the story. In short, the filmmaker chose for some reason to turn a brisk, edgy serio-comic novel into a genteel art TV film, and chose as her typical image one of Ms. Morton languishing in a artistically shaded melancholy; as if the outing Morvern signs up for were a tour of the Stations of the Cross. This isn't at all what the book, or the Morvern of the book, was about. For another thing, the Morvern of the movie isn't Scottish (the actress said in an interview she hadn't had time to study up the accent), and she ought to be: it's important that she, her family, and her mates are all from a single place. And finally the film is missing the end of the story: Morvern's spending all she has and coming home to icy darkness: it's winter, the dam has frozen, the power has gone out, and the pub is dark. Minus this, and minus all of the rest, what's left is a failed art film, a dead film, about a subject whose strength lay precisely in her refusal, or native inability, ever to give in to being dead."
tt0306063,"0.5/10. This movie has absolutely nothing good about it. The acting is among the worst I have ever seen, what is really amazing is that EVERYONE is awful, not just a few here and there, everyone. The direction is a joke, the low budget is hopelessly evident, the score is awful, I wouldn't say the movie was edited, brutally chopped would be a more appropriate phrase. It combines serial killings, voodoo and tarot cards. Dumb. Dumb. Dumb. It is not scary at all, the special effects are hopelessly lame. laughably bad throughout. The writing was appallingly bad. The cinematography is real cheap looking, and very grainy sometimes, and the camera-work is dreadful. Again, what really does the movie in is how badly all the actors are. Cheesy."
tt0306568,"Trash/bad movies usually ain't bad because I will find them enjoyable. This one is so bad that I am out of words to describe it - its below ""bad"". There is an instruction in the beginning of the film that tell you what to do during the movie. Needless to say, the instruction and a dozen of beer couldn't help me seat through the entire film. One tagliner compares this one to KILLBILL which is certainly unthinkable and an insult to our intelligent. Obviously. this tagliner had a plan to tempt you into buying this DVD.<br /><br />If you are considering renting this one, put it down! If you are thinking of buying, Dont think! If you unlucky to have this dvd, dont play it, throw it in trash bin immediately."
tt0319147,"(Spoilers)<br /><br />I was very curious to see this film, after having heard that it was clever and witty. I had to stop halfway because of the unbearable boredom I felt.<br /><br />The idea behind the film would have been acceptable: depicting the way the relationship between a man and a woman evolves, through all the problems and difficulties that two people living in a big city can experience. What made me dislike the whole film were two things.<br /><br />First of all, the film was so down-to-earth that it looked as if, by describing the problems that a couple must solve on a day-to-day basis, it became itself ordinary and dull.<br /><br />Secondly, the overall sloppiness of the production, with dialogues that were barely understandable.<br /><br />Too bad."
tt0332658,"This was no Trainspotting or Guy Ritchie film. It was a big wannabee. It wanted to be an edgy, nervous-laughter, urban-life affirming film, but it's more of a camera jerky, mess. It's a lot easier to imitate something else, than to create a real story with real characters. From the beginning, I couldn't care less about the characters or what they were involved in. They were always always hitting, pissing, or crying on each other. Only, there wasn't any substance to what they were doing. The dialog between characters is meant to be hip, revealing, instead it comes out trite, and one scene after another is predictable. I know there are viewers out there that really liked this movie, so I could be wrong."
tt0334541,"Well...tremors I, the original started off in 1990 and i found the movie quite enjoyable to watch. however, they proceeded to make tremors II and III. Trust me, those movies started going downhill right after they finished the first one, i mean, ass blasters??? Now, only God himself is capable of answering the question ""why in Gods name would they create another one of these dumpster dives of a movie?"" Tremors IV cannot be considered a bad movie, in fact it cannot be even considered an epitome of a bad movie, for it lives up to more than that. As i attempted to sit though it, i noticed that my eyes started to bleed, and i hoped profusely that the little girl from the ring would crawl through the TV and kill me. did they really think that dressing the people who had stared in the other movies up as though they we're from the wild west would make the movie (with the exact same occurrences) any better? honestly, i would never suggest buying this movie, i mean, there are cheaper ways to find things that burn well."
tt0337640,"Ouch! This one was a bit painful to sit through. It has a cute and amusing premise, but it all goes to hell from there. Matthew Modine is almost always pedestrian and annoying, and he does not disappoint in this one. Deborah Kara Unger and John Neville turned in surprisingly decent performances. Alan Bates and Jennifer Tilly, among others, played it way over the top. I know that's the way the parts were written, and it's hard to blame actors, when the script and director have them do such schlock. If you're going to have outrageous characters, that's OK, but you gotta have good material to make it work. It didn't here. Run away screaming from this movie if at all possible."
tt0339531,"This is the biggest piece of lamo I've ever watched. It is excruciatingly boring I would have rather sat through a seminar on creationism than have watched this if i had known it was going to be as boring as it was. Not even the 40 seconds of the hot chick in the bikini with the big ta tas redeems this of anything lower than a 1.<br /><br />The reviews of this movie claiming that this movie is ""unintentionally funny"" are absurd and just plain WRONG. Not one thing is funny about this movie. they spend the first 50 or so minutes walking through the woods talking about stuff you wouldn't understand nor care about and it is just as lame when the people start dying because you don't even know who the people are because they are so UNINTERESTING. Honestly though, I didn't watch it to the ending, but that should say something about how horrible it is. WORST MOVIE EVER.<br /><br />Immediately after ejecting this filth from my DVD player I started scraping it against the cement in front of my house, not wanting other blockbuster customers to have to fall upon the same mistake i had made as to rent this movie. Then Zach peed his pants. Thankyou for your time."
tt0340883,"The premise is amazing and the some of the acting, notably Sally Kellerman and Anthony Rapp, is charming... but this film is near unwatchable. The music sounds as if it comes from some sort of the royalty free online site and the lyrics as if they were written with a rhyming dictionary open on the lap. Most of the singing is off-key. I think they may have filmed with the singing accapella and put in the music under it... The dialogue is really stupid and trite. The movie works best when it is actually talking about the real estate but unfortunately it strays to often into stupid farcical sub-plots. I found myself checking my watch after ther first twenty minutes and after 40 wondering 'when is it ever going to end.'"
tt0366555,"This was truly dreadful! It had a terrible storyline, was poorly acted, and was like an amateur remake of evil dead but not nearly as good.<br /><br />It took all my tenacity to make it through this one, it's a good job I didn't have to visit the toilet else I doubt I would have come back! This one makes Hammer House of Horror look like a big screen Hollywood epic. <br /><br />The only value to this movie was the never ending supply of beautiful women. Not a bad one among them! <br /><br />If you want to letch with your friends after a night on the beer then this one's for you ... else avoid it like the plague!"
tt0367817,"Hey everyone...<br /><br />There really isn't much to say for this movie at all. The basic plot is that a guy (Brandon) takes a few friends on a trip to his cabin in the woods for a weekend holiday away from work. After picking up a girl on the way there, things start going badly wrong for all of them.<br /><br />The storyline alone (written by the actor playing Brandon, I believe, although I could be wrong here) is unlikely and unconvincing, and is acted out accordingly. The ""Clown Killer"" himself is a rather a sad excuse for a psychotic killer. Far from being a dark, mysterious but most of all, intelligent predator, we are instead offered a rather clumsy, nursery rhyme-singing buffoon who appears to be going through a minor mid life crisis. The only thing that warranted the writing of this comment were the sex scenes and whatever gore there was in the film (the quality of the film led me to derive some enjoyment out of such things).<br /><br />In short, this film falls below every possible set standard. Admittedly, I was sharing a few beers with a close friend as I watched this, so we managed to scrape together some relative entertainment value out of this film and it is therefore only fair to mention that S.I.C.K did fall just shy of a two rating. However, in reality, (and with the benefit of hindsight) the one star rating is a more than legitimate score for this film.<br /><br />1 star out of ten."
tt0374569,"(48 out of 278 people found this comment useful, and counting...)<br /><br />People are such suckers for image and looks - as much as for the intellectually hollow ""idealism"" that lurks behind Communism. Che's charisma and looks have as much to do with his iconic stature as the misinformation that has been spread by Leftist propaganda (such as this movie) about him.<br /><br />I don't know what's worse: being captured by one of Che's murder-squads or having to sit through 4 hours of this typically Soderberghian garbage. The question isn't why this pet-project was made but what took them so long. By ""them"" I'm referring, of course, to Left-wing Hollywood and its ""secret"" love of Marxist tyrants (Lenin, Castro... take your pick). I am fascinated that it took decades for one of Tinseltown's least talented liberal directors to finally take on such an irresistibly biased propaganda project. Where was Oliver Stone all these years? Robert Redford? Tim Robbins? Warren Beatty? Alan Pakula? George Clooney? Barbra Streisand even? It's a mystery. All these overrated ""artists"" have often indulging themselves in similar, politically one-sided projects, yet somehow Che Guevara, who is arguably the most popular and well-known Communist, hasn't been a film topic of theirs yet.<br /><br />""Guerrilla"" has all the hallmarks of an American truth-bending story of an epic scale; there is as much factual detail to be found here as in other similar Hollywood big-budget political fairy-tale bios such as ""Malcolm X"" or ""Gandhi"", i.e. almost none. The movie stars Del Toro as the famous Argentinian revolutionary. Nevertheless, however controversial and criminal this man's actions may have been, one thing nobody could take away from him: he was an intelligent manipulator who came from a rich family - which is why Del Toro fits the bill only visually. Del Toro may be an interesting, charismatic actor and he may resemble Guevara physically, but he exudes no intellectual qualities whatsoever, hence he makes Guevara come off as too primitive. Casting such mediocrities as Bratt, Philips and Franka Incompetente only underlines the director's lack of sound judgment.<br /><br />The movie is to the most part extremely slow (no surprise there), and visually uninteresting. Even a director as brilliant as Kubrick would have carefully considered releasing a movie that goes beyond the 3-hour mark, so it's quite telling that this Soderbergh, who has only made one or two solid movies and early on in his career, would think that His Oceanic Grandness was up to the task. If you think the film's length indicates that a bulk of Che's life has been shown here - then think again. Soderbergh focuses on Che's last phase, and a lot of the movie is tedious jungle nonsense, full of Guevara's alleged idealism. (Psychopaths don't have ideals.) I do wonder what kind of a mind this highly esteemed director has to have to actually choose to ignore some of Che's earlier life. Did he actually consider it too uninteresting? A massacre of 600 people holds no interest for the viewer, huh? Amazing. Some much better directors than this over-praised charlatan would have easily fit not one but two complete biographies into a 4-hour movie.<br /><br />Soderbergh, in a sense, becomes an accomplice by never addressing the negative, dark side - which is more than 90% - of Guevara. By spreading this kind of historical inaccuracy, consciously ignoring the ugly truth (God forbid he should taint the holy image of Che), Soderbergh proves himself not a humanist - a fake image which most Hollywood and pop music personalities struggle very hard all their careers to uphold - but the opposite: that he cares only about ideas, never about the people on whom these ideas are tested (like on guinea pigs). Soderbergh and the like are elitists of the worst kind; such people often have a latent contempt for the ""proleteriat"" (what a stupid term) they're supposedly siding with.<br /><br />Half of all students around the world wear Che's image on their red and orange shirts, but without ever knowing why. He has become an iconic figure for clueless, uninformed, very often young people, who think that by having this man's face on their chest that somehow makes them appear ""edgy"", intellectual, hip or interesting. In reality, wearing a Che shirt only underlines one's overall shallowness and total disinterest in self-education. (Wouldn't YOU want to find out more about a person before you start advertising his/her face to the world?) Wearing Che's by-now cliché image has become as common as having a Bart Simpson coffee cup. All those ""Che-wearers"" probably know more about Marge's blue hair than they'll ever read up on about Fidel Castro's dead ally.<br /><br />After everything that'd been done in the name of Marx, one would think that these mongrel ""ideals"" would be finally laid to rest. It seems mankind will never learn. Stalin, Mao, Kim Il, Pol Pot, Castro, Milosevic, Ceausescu, the Iron Curtain, a hundred million dead, more than a billion ruined physically and/or mentally through this system... so none of that matters, huh? <br /><br />The fact that Del Toro won a Cannes Award should only surprise those who are absolutely clueless as to how Cannes and other European festivals work - and vote. Hint: Sean Penn headed a jury not long ago.<br /><br />For my music-related rants, go to: http://rateyourmusic.com/collection/Fedor8/"
tt0375210,"Absolutely one of the worst movies of the year. The plot is ridiculous, the characters poorly developed, and the premise irritatingly stupid. It all begins when Michael Keaton, fresh off of doing nothing noteworthy since Batman, loses his beautiful author wife, Anna, to a car accident, possibly caused by her driving one of those convertible VW bugs even though she's supposed to be rich. In his grief, Batman moves to a new apartment and takes up a hobby: recording nothing and then watching it. He learned this from a really fat pathetic guy who got murdered by three tall shadowy fellows who lived in his TV. Pretty soon, he starts to see dead people, thanks to EVP, or Electronic Voice Phenomenon, which is evidently this deal wherein dead people can send messages to living people through tape recorders, video cameras, dead cell phones (""Anna cell calling? But she's...DEAD!...Must be ghosts. Mhmmm. No other possible explanation. I'd better start messing around with this indiscriminately."") etc. Why they can't just write something down on a piece of paper or knock over some stuff to form creative pictograms is never explained. ANyway, eventually Batman discovers that he's actually seeing the future, and he decides to go help this woman he doesn't know. He gets out of his house just in the nick of time, because the tall dark guys enter just after he leaves (""D*mn it! Can travel between the living and dead using electronics, but I'll be d*mned if we can be on time! Am I right guys? (They nod in bemused agreement).""). He tracks this lady to a warehouse and finds out that this character from the first ten minutes of the movie (look hard, or you'll miss him!) is actually a serial killer working for three tall shadowy demons, who in Raiders of the Lost Ark style swoop down and kill him, looking like the cartoons that they are. Just then some detectives show up and save the lady. After Batman's funeral, he decides to send a message from beyond the grave apologizing to his son for being an idiot, evidently feeling that the best way to protect his kid from the horrors of EVP is to expose him to it. The little kid just smiles. Nothing phases that dude, not even when his dad, Batman of course, starts talking to TV's. The high-point of the movie was when someone's phone rang and some guy yelled out, ""It's Anna!"""
tt0381966,"Honestly, I went to see the movie, not because of the actors, not because of the plot but because it was rated 17 here in Luxembourg and a movie has to be really brutal or pornographic to be put in this category. Believe me, being a movie-freak, I have seen quite a lot of brutal films in my lifetime (Ichi the killer, Irreversible, Hellraiser) but this movie was by far the most disturbing and brutal picture I have ever seen. <br /><br />The plot is plain stupid, the directing is awful, acting was mediocre even the music was a cheap copy of so-called ""Horror Soundtracks"". There isn't a single intelligent aspect in the whole movie, and some of the scenes are really hard to stand. (especially the scene, where you see the embryos in the glasses and hear the baby cries--horrible). I can't understand why the movie was rated 16 in Germany, where normally the criteria are real tough (e.g. kill-bill (brutal but it made fun of itself and had great allusions to Asian cinema and besides a magnificent directing) even a movie like state of grace is rated 18). No one can call this a Horror movie, because actually it was more about showing gore than about scaring the public (Showing the ""Creep's"" face in the middle of the movie was a very bad decision); for me (excuse my expression) it is just one insane director living out his disturbing fantasies. In some scenes you see violence, that has absolutely nothing to do with the plot nor does it explain anything. The plot has holes and flaws, the dialog is boring, honestly I can't mention a single positive aspect of the movie except for the British and Scottish accent.<br /><br />If I had something to say, I would ban this movie from the theaters, I fully understand why none of the big production companies invested their money in this crap.<br /><br />I'm looking forward to getting feedbacks to my thread and I'd be happy to discuss about one or the other topic.<br /><br />""Livin' the dream baby, livin' the dream"" David Aames"
tt0384814,"The 1930' were a golden age of Los Angeles with its film industry and great potential of various other possibilities to become rich and famous and happy. People were arriving there hoping to fulfill their dreams. Expecting open arms and welcoming offers there were only a few who managed to succeed and find their way to stardom, majority then condemned to live starving, disillusioned and unwanted, searching for a bit of respect in dirty bars and nasty hotel rooms. <br /><br />Young Italian-American writer Arturo Bandini arrives to LA on a similar quest - to spread his charms around to get one of those beautiful wealthy women and to write an excellent novel that would set him on a career path, having so far written a single short story published in an obscure anthology. Wishing to create a romantic masterpiece he seems to be unable to produce anything without experiencing it himself though, occasionally, he sends pieces of magazine stories to a local editor that helps him survive. He is proud to present himself as an Italian but deep in his heart he truly feels his Italian origin as a burden. The little money and the courage to conquer the world he once had are all long gone and watching his dream turning into a hangover he holds a last single nickel to spend. <br /><br />The coffee she brought him was cold and sour and spitting a curse on her triggers a never-ending relationship of insults, unspoken excuses and a love concealed beneath. Camilla being an uneducated girl trying to receive US citizenship through a marriage also carries her heavy cross of a non-perspective racial heritage. Though she is much of a stronger and life experienced person her situation as a beautiful Mexican woman is much harder to deal with than Arturo is able to realize. <br /><br />Is it obvious that Arturo eventually finds his inspiration to work on the novel? Is it possible that their love finally finds its place in the sun? Is it likely that their romance takes an unlucky turn?<br /><br />It is very surprising to find out that the chemistry between the two main characters, performed by Salma Hayek and Colin Farrell, does not work. The relationship lacks the raw and authentic feelings. Hayek though livelier a character compared to Farrell's forgot to arm Camilla with the passion and strength of her once brilliant character Frida. Also it is hard to have faith in a character which being intelligent but uneducated and illiterate uses quite difficult vocabulary and complicated sentences. A tougher character of a Phil Marlowe sort would definitely suit Farrell better, though he looks stunning in a period costume, he seems very lost trying to find the fragile world of a twenty-year old dreamer balancing between a hidden love and desire to be true to himself. <br /><br />Feeling embarrassed watching the two on the screen is not right. Their relationship might have been wild but it is more likely what a thunder and a lightning are without a storm, far from real passion, feelings just described not felt inside. It is very sad that such a potential of an interesting script and good actors was wasted, turned into a grey average of soon-to-be-forgotten."
tt0390614,"I cannot believe that the Indian film industry still puts out such third-rate dross as Waqt. For starters, the storyline is totally implausible  spoilt son gets thrown out of family home so as to teach him some self-sufficiency. So what does he do? He promptly goes on to win some national talent contest by doing some star jumps in front of a panel of judges (I honestly am not joking here). In the meantime, his dad is dying of lung cancer, but keeps it a secret from the son, but he survives long enough to see his son become famous, to see his new grandson and also make a new toy giraffe with his own hands.<br /><br />The acting is cringe worthy in its hamminess  no effort was made to try and act in any convincing manner by any of the main players in this film. As usual for Indian films, the family lived in a huge mansion and seemed relatively untouched by the concerns of the real world.<br /><br />To be honest, the main losers when such dire films are made are the intelligent viewers who made the mistake of seeing such a film. The actors, such as Amitabh Bachchan and Akshay Kumar, will still be revered as Gods by those people who have nothing but blind faith in Bollywood."
tt0399877,"I'm still trying to decide if this is indeed, the worst film I have ever seen - A very disturbing problem with this film is that real scientists are interviewed, but their footage is edited to make it look as though they support the ideas of the many BSers who populate this film. The BS to signal ratio of the interviews is about ten thousand to one - at the end, the interviewees seem to be saying, ""We want you to _think_ !!"", but they themselves are too lazy to do simple research about things they assert as fact.<br /><br />If you feel that you are open-minded, and wish to expand your consciousness, please be open-minded enough to read some actual books about quantum theory: ""Einstein's Universe"", Nigel Calder (a slim volume, not a challenge), ""The Cosmic Code"", by Heinz Pagels. If you can't bring yourself to read a book, please don't complain to reviewers about being ""open-minded"".<br /><br />To recap, this film is just unbelievably bad.<br /><br />You know what's a really good film which questions the nature of reality? ""Thirteenth Floor"", directed by Roland Emmerich, with Craig Bierko, Gretchen Mol, Vincent D'onofrio. Smart, sexy, thought-provoking."
tt0400497,"There are few uplifting things to say about this, but I can mention Matt Dillon doing his best to make something out of nothing and the many split screens and graphics that are worthwhile. As most race movies suffer from the premise that car lovers are not that intelligent, we end up with movies like this.<br /><br />Lindsay Lohan who surprised so much in Mean Girls has to make better decisions which roles to take. Here she can only fail.<br /><br />Children will only be mildly entertained because it tries to appeal more to adults than children (although still pretty dumb). The ones in the theater I saw it with showed no real interest after a couple of minutes. And as a family sports movie this is horrible. The better moments are in the beginning at the scrapyard creating some sentiment and later in the car-bash fest creating some tension. If you develop a car as a central character you have to develop it better than here. After a few obligatory race scenes you are in for the best part: being able to leave the multiplex in your own car."
tt0408309,"Feature of early 21 century cinema of lets pit different evil creatures and bad guys against each other. We haven't seen stuff like this since Godzilla v King Kong and the like. Always sounds great on paper when you're splicing up and in a haze of the good stuff you have an inspired idea and see the whole playing out before you like Beethoven's symphonies. Then you come to writing it. Great ideas like all vampires are female. Ergo hot, seductive deadly but in a way I want to perish sort of way. And all zombies are men. well thats what men are like to a woman just after shes been dumped or cheated on right? So it all looks good up to actually making it. Then the rot starts to set in. Mosters have fight. Nothing much happens. Another fight. Philosophical noodling and cods wallop. Eureka we've found how to win. Big fight again and the End. Sounds great doesn't it? If it was made an indie company it would be great. But this is Hollywood with the eye on the bucks: gloss instead of what the fans want. It all could have been gore soaked beautiful."
tt0410162,"THE KING MAKER will doubtless be a success in Thailand where the similar (but superior) 'The Legend of Suriyothai' set box office records. The film directed by Lek Kitaparaporn after a screenplay by Sean Casey based on historical fact in 1547 Siam has some amazingly beautiful visual elements but is disarmed by one of the corniest, pedestrian scripts and story development on film.<br /><br />The event the picture relates is the arrival of the Portuguese soldier of fortune Fernando de Gamma (Gary Stretch) whose vengeance for this father's murderer drives him to shipwrecked, captured and thrown into slavery and put on the bloc in Ayutthaya in the kingdom of Siam where he is purchased by the beautiful Maria (Cindy Burbridge) with the consent of her father Phillipe (John Rhys-Davies), a man with a name and a past that are revealed as the story progresses. There is a plot to overthrown the King and Fernando and his new Siamese sidekick Tong (Dom Hetrakul), after some gratuitous CGI enhanced choreographed martial arts silliness, are first rewarded by the King to become his bodyguards, only to be imprisoned together once Queen Sudachan (Yoe Hassadeevichit) reveals her plot to kill the king and son to allow her lover Lord Chakkraphat (Oliver Pupart) to take over the rule of Siam. Yet of course Fernando and Tong escape and are condemned to fight each other to save the lives of their families (Tong's wife and children and Fernando's now firm love affair with Maria) with the expected consequences.<br /><br />The acting (with the exception of John Rhys-Davies) is so weak that the film occasionally seems as though it were meant to be camp. The predominantly Thai cast struggle with the poorly written dialog, making us wish they had used their native Thai with subtitles. The musical score by Ian Livingstone sounds as though exhumed form old TV soap operas. But if it is visual splendor you're after there is plenty of that and that alone makes the movie worth watching. It is a film that has obvious high financial backing for all the special effects and masses of cast and sets and shows its good intentions. It is just the basics that are missing. Grady Harp"
tt0417148,"I chose to see this movie because it got a good score here on IMDb. But a lot of people either have really poor taste or someone's been fixing the score.<br /><br />Either way it was a real disappointment. The movie is exactly as stupid and far fetched as the title would suggest. There really is no reason to give a summary of the plot - but here goes: it felt like someone had been thinking: ""Wouldn't it be cool to make a movie where there were snakes on a plane? And then the snakes for some reason would go crazy and start biting and stuff?!?"" And that's about it! The plot is thin and unoriginal. The snakes are bad CGI (but it makes sense to cut corners on a movie that no one in their right mind will recommend to anyone!). The acting is poor, and all people are unbelievable stereo types.<br /><br />To sum it up: It's one of the worst movies I've ever seen - stay away!"
tt0420223,"STRANGER THAN FICTION angered me so much, I signed up on IMDb just to write this review. STRANGER THAN FICTION is a surprisingly complex, touching and thought-provoking movie until the very end. Once you suspend multiple lapses of logic (why didn't Will Ferrell hear Emma Thompson's voice 10 years ago when she fist started writing her book? ""The phone rang. The phone rang again."" How could she not know it's him calling? etc.), the movie challenges one's thoughts about mortality, fate, and sacrifice.<br /><br />The brief history of literary themes provided by Dustin Hoffman should especially entertain former English majors. And Maggie Gyllenhaal is always a pleasure, even though Will Ferrell might just as easily be an ax murderer as a bumbling soul. Her quick trust of him is a mighty big leap of faith.<br /><br />Ah, but the ending. Until the very end, I would have given 9 out of 10 stars to this movie. The movie as a metaphor for life's journey, as a tribute to the notion of 'writing true,' as a reminder that great literature is either comedy or tragedy, but not both, is outstanding. The entire movie leads the viewer to understand and accept the moment of Will Ferrell's fate. And no matter how endearing a character he may have become, we know full well why we will accept the ending. The last act occurs, the screen goes white, the credits roll. A profound and powerful end to an almost perfect film. An end that would have been debated for weeks.<br /><br />NO!!!!!!!!!! No credits rolled. Say it isn't so. Say Hollywood didn't tack on another 10 minutes of crap that completely undermined the integrity and heart of the movie. Dustin Hoffman got it right when he said, ""It's no longer a masterpiece; it's OK."" An apt review of the movie. Except to me, it wasn't even OK. I was so offended about the betrayal of 'writing true,' about the decision to pander the film that I actually burst into angry tears explaining this on the ride home from the movie. I don't often cry. I could care less about most movies, but I am still angry about this one.<br /><br />My questions for Zack Helm, the writer, are this: did the original movie end when the screen went white? And were you forced by the vapid movie powers-that-be to tack on an ending unfaithful to the core of the movie? Or did you tack that maudlin ending on yourself? I've read you're brilliant. I hope your original script ended the movie the first time.<br /><br />I know Zack Helm will never see this review, and I've been unable to find a contact for him to ask myself. But, please, movie-goers, am I the only one who feels this way about STRANGER THAN FICTION? One good thing came from me seeing this movie: I doubly admire LOST IN TRANSLATION now."
tt0427038,"Quote: theurgist: Anyone with an I.Q. over 50 would have seen this film what it is, an intelligent well acted prequel to a modern day classic, yes it doesn't have a blockbuster cast or a huge budget BUT it is still very well done and had me hooked for the full duration.<br /><br />An I.Q. over 50 you say.. that most mean you have an I.Q. lower than 50.. its name is CARLITOS WAY: Rise to power !!! meaning it should have something whit the first one to do.. <br /><br />all and all its a OK movie if.. YOU CHANGE THE TITLE AND NO CHARACTERS NAMED CARLITO BRIGANTE!!!<br /><br />P.s don't comment on a movie if you don't know anything about movies. but i guess an I.Q. under 50,, you wont know what the hell i am yelling about...<br /><br />Peace out!!"
tt0430304,"Comes this heartwarming tale of hope. Hope that you'll never have to endure anything this awful again. *cough* Razzie award *cough*<br /><br />I disliked this movie because it was unfunny, predictable and inane. While watching I felt like I was in a psychology experiment to determine how low movie standards could get before people complained. When I requested my money back at the end of the movie I was informed that because I watched the whole thing 'I wasn't entitled to reimbursement'. I was told by the assistant manager that several people had complained and gotten refunds already though.<br /><br />The movie summary is pretty basic. The midget thief steals a diamond and the poses as a baby to elude police. Underneath this clever outline however, lies a repertoire of original, fresh and hilarious skits. Or not.<br /><br />Ask yourself the following: Do you like to see people getting hit by pans? Do you like fart jokes? Do you like to see midgets posing as babies threatened with a thermometer in the anus? Do you like tired racial jokes? Do you think babies say 'goo goo goo goo goo gaa gaa'? Do you drool?<br /><br />If you answered 'yes' to any of the above then this movie is definitely for you. Although it has been billed in some places as 'The Worst Movie of the Decade', there is probably a movie or 2 that are worse...somewhere. I can't say for sure. I gave this movie 2 stars because we all know a review with only one star would indicate bias on the part of the reviewer and then the review wouldn't be taken seriously. <br /><br />This lowbrow comedy is intended for a less intelligent audience and I cannot in good conscience recommend it to anyone. Save your money for something funny.<br /><br />Respect"
tt0430768,"One would think that a film about a young person's coming to terms with his burgeoning homosexuality would be anything but boring. Think again. This production should be bottled and sold as a cure for insomnia because it's about ten times as potent as any sleep aid on the market. It's almost as if the film maker *considered* making a movie, but got lazy and decided instead to run a series of random (and randomly BORING) images and go-nowhere scenes, throw in a couple of actual scenes featuring actual acting, pretend that good lighting ins't important in the film-making process, and wrap it up under the auspices of an ""arthouse"" film. This is exactly kind of crappy product that makes it easy for a lot of traditional film-makers to poo-poo the indie film movement, and which keeps the general public from more easily embracing indie films.<br /><br />If you're interested in films covering this subject matter, you'd be much better off tuning in to some of the great short films available at Logo's website or renting Get Real. Better yet, read Stone Butch Blues. Whatever you do, skip this long-winded piece of dreck."
tt0432283,"I went in not knowing anything about this movie and I walked out in an half hour knowing everything about it. It was one of worst movies I've ever seen. I'm a generally a nice person but if somebody told me they liked this movie, I would probably never talk to them again. Anybody who likes it throughly is most likely to have an extremely dry, hermit type personality. I'm gonna also include that they think they are pretty intelligent too, just like the self-centered fart bags who do the voices for the movie. I know everyone has different types of humor, some people may not even like mine, but that's okay; I don't think this covers any range of humor though. This movie is as flat and dull as Wes Anderson's mind. Go in and get ready to walk out; it's best to get your money back too."
tt0439932,"Here's why the Jane Show won't work. Once again Canadian bonehead producers and writers can't create a sitcom without putting some kind of different spin on it. I guess these people don't watch a lot of T.V. from the U.S. which has the sitcom model down pat. No, here we have to do something different, we have to make the A story absolutely absurd and then have a meaningful B story to try to make up for it. The characters are two dimensional and the story lines are way over the top: Forklift races??? give me freaking break. Here's a little advice for the writers of the show, Don't write funny situations, find the funny in situations. And remember, you have to be born with a sense of humor to write truly funny stuff, not just be an improv monkey."
tt0444628,"It's hard to believe that this is a sequel to Henry Fool. Hard to believe that the same director and actors were involved in both movies. While Henry Fool is refreshing, witty, comical, Fay Grim is slow, boring, and doesn't go anywhere. Where has the wit gone? I am baffled.<br /><br />It is 10 years since I saw Henry Fool and many of its dialogs and scenes are still vivid in my memory. Fay Grim is painful to watch. This is no fault of the actors, who are good (Parker Posey) or great (Jeff Goldblum) -- the blame lies entirely with the plot, the dialog, and even some of the filming (low budget is no excuse). A huge disappointment. <br /><br />Sorry I couldn't pay attention to the plot, I was so bored, so disappointed... if you enjoyed this one you might not enjoy Henry Fool so much... the two movies have absolutely nothing to do with each other... there is no continuity in the characters' personalities... it's all a fraud to entice fans of Henry Fool to watch the sequel.<br /><br />I'm switching this off now -- Henry in some sort of jail with a Taliban?!?!"
tt0450345,"If Edward Woodward was the the flicks watching this film then that's what he would scream out in horror. <br /><br />I'm sorry folks but enough's enough. We had Get Carter, The Italian Job, Alfie and now this. What's the similarities? No. It's not exactly a coincidence that three of the originals star Maurice Micklewhite and the other stars another great British actor. The main common ingredient in those originals IS the britishness of the films. They weren't made to impress Hollywood. They were quirky English films with a unique charm/atmosphere that just cannot be replicated in the USA. The word is CULT and what better way to destroy a cult film than to bastardise it with a remake or even a sequel. <br /><br />Wicker 06 had a tough task before it even hit the road. Wicker 73 is even more enigmatic that other said cult films; it defies genre, intelligent scripts, A-grade actors, the music score, set-pieces that defy description and all the stories surrounding the film.<br /><br />So here comes a remake. Don't worry. No originals were harmed in the making of this remake. Some major aspects of the story needed to be reworked for the modern USA - communications, paganism, virgins. But that's just about the whole premise. So we give the cop a Nam style trauma past complete with shock music flashbacks for the cheap scares. Then with no mobile phone mast on the island that sorts the communication out - but in the real world this wouldn't happen. Cops just don't go missing. Give him a blood link for motivation rather than the clash of beliefs and you have the remake. Wafer thin though, isn't it?<br /><br />It's just that it was all laid on with a trowel. The name alterations were simply hammy, almost Carry On, there was no sense of community on the island, no centre of town to catch your bearings, just a few houses dotted about a forest and that was it. Willow was just annoying by not giving out any info at all and Cage was useless to let her get away with it. When he went into the well you just knew he would get locked it. The screenplay was signposted all the way to the end - and you just wanted it to hurry up and end. The epilogue was absolutely hilarious and didn't know when to stop. <br /><br />That ending is probably the best way to summarise the difference between the two. One ends in the most beautiful sunset after the most horrific day. The other ends with a post-production explain-it-all-to-the-thickies type conclusion.<br /><br />I loved the original but went to the cinema with an open mind and was excited to see the film. I left thankful in the knowledge that this film will probably end up beneath a highway somewhere only this time mercifully forgotten forever."
tt0455538,"If you have read the book - do not set your hopes high, if you have not - go read it, and never watch the film. It is strange to learn that Toby Young was actually involved a lot in the writing of the script (as he claims himself in the post script of the book). Because the film is very different from the book.<br /><br />What the film seems to be aiming at - taking a rather thought provoking and entertaining piece that combines philosophical ideas with plain funny sarcasm and simplifying it so that everyone would understand it - it achieves with perfection. The film is full of bad and cheap jokes suitable for a sitcoms, and has lost any meaningful message that it could have had.<br /><br />You are better off not seeing it."
tt0459387,"This movie commits what I would call an emotional rape on the viewer. The movie supposedly caused quite a stir among the critics in Cannes, but for me the final scene was just a pathetic attempt for a newbie director to get himself noticed. Hardly a voice in the discussion on the issue of violence, drug abuse or juvenile delinquency (or any other issue, for that matter).<br /><br />The main character's metamorphosis from good, but troubled boy to the vicious rapist is virtually nonexistent, whereas the rape scene (being an over-dragged, exaggerated version of the rape scene from ""A clockwork orange"") is unbearable and I refuse to comment on its aesthetic values. There are some things an artist should not do to try and achieve his/her goal. At least in my opinion.<br /><br />To wrap it up: shockingly brutal, revolting and NOT WORTH YOUR TIME. See ""A clockwork orange"" or ""Le pianiste"" instead."
tt0461642,"Despite what a lot of other people thought about the first movie, I really liked it. This one however. How to sum it up in one word?: This movie is (and here comes the word): CRAP!<br /><br />But let's look at it part by part: Here is the plot: Finally the old queen has been removed from her castle, but her successor: Snow white has problems of another sort: The Court-Jester, Father of her son, has gone astray, as the super, Spliss, goes to the extreme, to battle his gray hair and sells the royal offspring for some blond and full hair. In her desperation Snow white seeks the help of Bubi (Otto Walkees),who must first find his other six dwarf companions and then try to find the royal offspring or at least try to find the name of Rumpelstiltskin.<br /><br />The whole plot seems to have been written on a weekend, where the writers were very drunk but were just under pressure from the studio to write the screenplay. <br /><br />Yes, there are some good jokes. Even for fans of the first part, or for fans of any of the other actors, it's really not worth buying the the DVD. Believe me. <br /><br />The only thing, that at least kind of saves the movie from complete oblivion, are the performances of some of the actors. That's why I gave the move 3/10. Sadly, the script is so bad that none of the actors or all of them combined can make up for the bad story.<br /><br />For example, at one point, they even cross over in our reality, and sadly.. they don't do anything funny while being here. <br /><br />Still, a lot of great actors in this movie: Otto Waalkes, Ralf Schmitz, Martin Schneider, Nina Hagen, Cosma Shiva Hagen, (Especially funny): Rüdiger Hoffmann as the mirror, Helge Schneider and many more but sadly all these comedians aren't able to bring this really bad script to life. <br /><br />Maybe it is a treat for some hardcore fans but for regular movie goers or by now DVD Renters or buyers it's not worth the money. <br /><br />I even regret renting the movie."
tt0461887,"I've just visited Russian forum of our TV-channel that had showed this film. Well... 99 per cent of active Russian audience is disappointed. We wanted to see more true facts of our space achievements in this film. But authors had in mind something else... :( We are big and beautiful country with intelligent people living here. We are proud of all our space dreams, real achievements on the one hand in this field and in science on the other hand. So I'd like to ask authors: Where is our LUNOHOD? And where, the Hell our MIR station? Ah? I'm quite sure, that LUNOHOD events took place much earlier Armstrong's ""walk on Moon"". And to comment numerous technical and science mistakes - I really have no time and enough space here! Se our constructive critics in Russian forum on www.1tv.ru"
tt0463392,"This film has to be the worst I have ever seen. The title of the film deceives the audience into thinking there maybe hope. The story line of the film is laughable at best, with the acting so poor you just have to cringe. The title 'Zombie Nation' implies a hoard of zombies when in fact there are six in total. This cannot be categorised as a horror film due to the introduction of cheesy 80's music when the zombies 'attack'. The zombies actually talk and act like human beings in the film with the only difference being the make up which looks like something out a La Roux video. If you ever get the chance to buy this film then do so, then burn the copy."
tt0468482,"This was just horrible the plot was just OK, but the rest of the was was bad . I mean come on puppet and then they even tried to make the movie digital and that made it even worse! Normally I would like low-budget movie but this was just a waste of time and almost made me want to return the set that it came on. I have about ten low-budget movie set with like 6-8 movies on them and I would have to say this is the worse movie out of all of them. Also the wording is off and they use a fake plastic machetes that doesn't even look like a real one, they could of used one that looked even a little close to a real one so save your time and money and don't watch this horrorible movie."
tt0472033,"My thoughts on the movie, 9<br /><br />It was not good, not good at all. Visually, it was great. I was pleased with the pacing, the camera angles, etc. However, the characters? eh, kinda bland. Plot? It sucked.<br /><br />This movie seemed more new age crap than anything else. Organized religion is presented as cowardly and fearful. Science isn't portrayed any better. It creates a monster weapon that kills everything... but ""souls"" have the power to destroy monsters and bring life? Really?<br /><br />That's something that bites my ass a bit too. Here we have a CGI movie... created with science... and they're using it to give us the message that science will destroy the world while promoting the idea that spirituality will save us? At least they had the decency to have one of the characters ask,<br /><br />""Okay, so now what?"" (or something similar). I couldn't hear it too well because of the crowd immediately getting up and making a break for the exit. It was a ""okay... it was just barely entertaining enough to sit here for the entire movie but now let's get out of here as fast as possible!"" type of exit.<br /><br />This is one of those movies where you can't think if you want to enjoy it. Just look at the visuals and nod your head prettily. Any thought as to, ""what's the point of that?"" will suck you out of disbelief and make you eye the exit sign with longing.<br /><br />Okay... SPOILERS follow.<br /><br />So, basically, a scientist creates ""the Machine"" that is capable of creating other, intelligent, robotic life. Evil humans use it as a weapon. However, the scientist realizes that he is also at fault. He gave the Machine his intellect, but didn't give it his heart. <br /><br />The Machine goes Skynet on humanity's collective ass and wipes out all life on earth, finally slowly powering down. However, the scientist manages to survive and create walking sock-puppets. Each one, containing a piece of the scientist's soul.<br /><br />The last one, #9 wakes up not knowing anything about the world. He sees a strange device nearby and picks it up. He meets up with another like himself, #2. <br /><br />Well, #2 gets captured by a last surviving robot of the Machine. #9 finds more like himself ands sets off to rescue #2. <br /><br />They succeed.<br /><br />#9 notices that there is a matching hole that fits the device perfectly. He inserts it and the Machine comes back to life... pulling out #2's soul in the process.<br /><br />The movie then continues with action scenes with #9 trying to rescue his soul-yanked compatriots. <br /><br />They eventually succeed and destroy the Machine. They release the souls of their fallen friends, who go up into the clouds. It then rains and we see life returning back to the planet.<br /><br />Hunh?!?<br /><br />That makes no sense. None at all. Why the heck did the scientist want to split his soul into 9 homunculi? What did it accomplish? Were they created to stop the machine? Everything is dead! The machine was dead! Why bother?!?<br /><br />Why did he expect nine little critters to succeed when nothing else had? Why not create a second intellectual machine, but with a ""soul"" to fight the first.. at least that would have seemed like it would have had a reasonable chance at success.<br /><br />Why did they have to have their souls sucked into the device by the Machine and then destroy the Machine and then release the souls in order to bring life back to earth? Why not just wait for the machine to power down and bring life back without all the rest of the insane steps?"
tt0479651,"I normally only write reviews for movies I really hated or really liked. And, as you can probably tell from the number of stars up there, I didn't like it. By now, I assume you have read about the plot or maybe even seen the movie, so I'll skip the summary. Let's break this down, pros and cons:<br /><br />Cons: The concept: The premise was set up to be interesting. Using Chaos theory as a theme was interesting. However, it wasn't carried out so well. Correct me if I'm wrong, but it seems to me that Chaos theory was kind of misrepresented. The event that occurred in the movie seemed more like contrived coincidence than anything. I guess the Butterfly effect was represented by the whole ""God(s) causes Tsunami to bring back statue."" The presentation comes off as really sloppy though. Some people call this intelligent, but it just seems to be another souped up action film.<br /><br />Storyline: Is it just me, or does it seem that Kamal just threw this together to give him an excuse to play ten roles? The plot is extremely contrived; Govind kept losing the vial so many times in obscure accidents (his friend just happens to mix up the vial with a package he was sending to India, a crazy old lady just happens to throw the vial into an idol, half the cast just happens to unexpectedly meet up in the same hospital, and the case with the idol just happened to get mixed up with one that belonged to a famous singer.)<br /><br />CGI: Oh god, the CGI. It was even worse than the special effects in Jaws 3, and those sucked. Right away, I could tell which parts were animated. Even my ten-year-old cousin knows that underwater cars don't look like that. <br /><br />Stunts: Yes, I now that action scenes in Tamil movies aren't realistic, but the stunts in this one were horrid and actually distracted me from the story.<br /><br />Make up: I have to admit, they did a better job than expected. I thought Kamal would be playing people with similar skin tones, so the two fake white guys and the fake Japanese Aikido guy caught me off guard. However, it was still pretty bad, I could easily tell which ones were wearing masks.<br /><br />The songs: The music was distracting and out-of-place in many instances.<br /><br />Asin: Her character was possibly the most annoying one in the movie. She was loud, ditsy, and obsessed irrationally about that idol. I actually found myself wishing she would die.<br /><br />Plot holes and Fridge Logic: Let me get this straight: a lab monkey was smart enough to get past a password-locked door, but not intelligent enough to tell the difference between a bar of chocolate and a vial with a deadly virus in it. And then, an ex-CIA agent who's after the vial figures out it's headed for India. Instead of immediately following it, he marries a pole dancer first. A famous Punjabi singer with cancer checks into a small town hospital in the third world when he could easily afford the best medical treatment available. Furthermore, he gets shot in the throat with a bullet. You'd think he would be killed, but instead, the magic bullet has cleared his tumor. You read that right, a BULLET knocked out the tumor. <br /><br />Pros... The Naidu Character: Possibly the only likable part of the movie was his comedy."
tt0494230,"I watched this movie last week sometime and had the biggest laugh i've had in a long while. The plot of the film is pretty dumb and convoluted in a badly crafted way. The only plus to be found anywhere in the film are Corey Savier's impressive abs. Alexandra Paul (i think that's her name) is horrendous as the preacher's wife who has a history of depression. Ted McKenzie is gross and his character's a twit on top of it all. And as if the fact that you think she's having sex with her son isn't enough, they throw in needless sax solos at every opportunity! The end and climax of this film is absolutely abysmal and also laughable. I mean who the hell wants to carry the child of a con who tried to make you think he was your son and that you were having an incestuous relationship with him!"
tt0758781,"The name Uwe Boll is automatically linked to bad horror/cult cinema and every new movie he releases  which is about two, three per year  immediately always receives negative ratings and harsh criticism. You're actually almost tempted to think this is just a contemporary hype. You know, like it's popular to hate Uwe Boll whether you liked his movies or not. Let me just assure you that this is NOT the case. Uwe Boll is a terrible writer/director and quite frankly a menace to the entire film-making industry. ""Seed"" is another most unfortunate of proof that. In here, Boll tries so desperately hard to come across as controversial and shocking that he overlooks numerous other elements that any movie essentially needs to exist, like a plot, a narrative structure, character development, tension building ""Seed"" is a hideous movie, full of gratuitous filth and incompetent padding footage. I once read that ""Seed"" was Uwe Boll's interpretation of the nowadays popular horror trend of Torture Porn flicks, but that's not even close. The film inarguably does borrow some influences from ""Saw"" and ""Hostel"", but basically it's just another umpteenth dull slasher with an indestructible killer and video game violence. <br /><br />The first 45 minutes of ""Seed"" are beyond boring and actually just confirm all the obvious things you already knew were going to happen. For you see, Boll was stupid enough to begin his film with a (hyper- fast) scrolling text explaining there's a federal US law claiming that death row prisoners have to be set free if three attempts to electrocute them fail. So you know this will happen later on, but still the first three quarters are wasted on catching a serial killer and bringing him to the electric chair. Seed is a mute serial killer who supposedly slaughtered 666 victims (exaggerate much?) who wears a bag over his head. He watches real-life animal cruelty footage (and thus WE watch real-life animal cruelty footage; thanks for that Mr. Boll) and videotapes people as the slowly decompose in their cellar (including a crying baby which is really sick and twisted). When he's finally captured, during the most amateurish and implausible police manhunt ever filmed, and put on death row, the film even becomes more retarded. After being buried alive because the electric chair couldn't fry him, Max Seed crawls back to the surface and goes on a brand new killing spree; this time mainly focusing on the people who arrested and executed him. <br /><br />The senseless plot twists and complete lack of story depth of this movie go way past being just bad; they're downright infuriating and insulting the intelligence level of the average horror movie fanatic. Multiple twists and sub plot in ""Seed"" are simply impossible to accept by the reasonable functioning human mind because they're just too dumb! Nobody believes that cops and prison staff members will just bury a mass murderer alive without shooting a few bullets through his head first. Nobody will accept that a fugitive convict cannot be found for another six months even though he went straight back to the exact same hideout place where they first caught him! ""Seed"" is full of retarded little things like these and the movie gets dumber with each minute that passes. Personally, I refuse to accept that the cast & crew members didn't notice this as well. It really makes you think that Uwe Boll simply neglects all advice and criticism, and just stubbornly shoots his movies the way he wants to. I imagine his yelling stuff like ""shut up and do as you are told"" to his actors whenever they remark that the scene they're shooting doesn't make a lick of sense. <br /><br />Just for the fun of upsetting people, there's a gigantically overlong sequence where Max Seed smashes an elderly lady to death with a hammer whilst she's tied up to a chair in the middle of her own living room. Instead of shocking, as Boll intended it to be, this sequence masterfully epitomizes how pathetic and wannabe controversial the whole film in fact is. ""Seed"" is horrendous, it's disgusting, it's pitiable, it's  Boll."
tt0765447,"Some of these viewer comments are just ridiculous. Not painful to watch with your significant other? I was apologizing to my boyfriend the entire movie. <br /><br />It was so slow and awfully strange. <br /><br />Both Redgraves,Vanessa and Natasha were unfit for this, especially with Vanessa doing that ridiculous brash American accent. <br /><br />Claire Danes was the same wiggly-lipped awkward girl that she was in My So-Called Life. She has yet to push herself in any way. Girl, find a new way to pretend to cry! <br /><br />Meryl Streep was one of the only redeeming part of this movie, she was on screen for five minutes, and I swear to God, she reached out of the movie screen and slapped me awake. <br /><br />Oh! And Hugh Dancy, who gets better every time I see him. <br /><br />Glenn Close and Eileen Atkins were also great in their two and a half scenes. <br /><br />I mean, this was a well-shot movie, it was very pretty, the settings were interestingly dressed, providing relief for the intense boredom I was feeling. <br /><br />I don't know, It's just pretty pathetic when a movie that boasts a cast comprised of ""The greatest actresses of our time"" sucks so much. It sure had more than a few noticeable editing errors, and the main character (Ann) was a huge jerk. I was glad she died. But that's because I felt bad for Lila, Ann's friend -- mostly because these two ladies were better actors and made me feel a little empathy. <br /><br />Ugh. BAD job, Evening the film. You weren't entertaining and you weren't even thought-provoking. I sure hope the book was better, so it didn't waste even more of people's time. 3/10"
tt0783608,"The film is bad. There is no other way to say it. The story is weak and outdated, especially for this country. I don't think most people know what a ""walker"" is or will really care. I felt as if I was watching a movie from the 70's. The subject was just not believable for the year 2007, even being set in DC. I think this rang true for everyone else who watched it too as the applause were low and quick at the end. Most didn't stay for the Q&A either.<br /><br />I don't think Schrader really thought the film out ahead of time. Many of the scenes seemed to be cut short as if they were never finished or he just didn't know how to finish them. He jumped from one scene to the next and you had to try and figure out or guess what was going on. I really didn't get Woody's (Carter) private life or boyfriend either. What were all the ""artistic"" male bondage and torture pictures (from Iraq prisons) about? What was he thinking? I think it was his very poor attempt at trying to create this dark private subculture life for Woody's character (Car). It didn't work. It didn't even seem to make sense really.<br /><br />The only good thing about this film was Woody Harrelson. He played his character (Car) flawlessly. You really did get a great sense of what a ""walker"" may have been like (say twenty years ago). He was great and most likely will never get recognized for it. <br /><br />As for Lauren, Lily and Kristin... Boring.<br /><br />Don't see it! It is painful! Unless you are a true Harrelson fan."
tt0787475,"Quite possibly the worst movie I've ever seen; I was ready to walk out after the first ten minutes. The only people laughing in the theater were the tweeners. Don't get me wrong, I love silly, stupid movies just as much as the next gal, but the whole premise, writing and humor stunk. It seemed to me that they were going for a ""Napoleon Dynamite"" feel - strange and random scenes which would lead to a cult audience. Instead, it ended up being forced, awkward and weird.<br /><br />The only bright light was Isla Fisher and I just felt utterly awful that she (and Sissy Spacek) had signed up for this horrible thing.<br /><br />Thank gosh I didn't pay for it."
tt0791304,"I haven't seen this, & don't plan to see this movie or any other that includes Lindsay......unless & until ""poor little rich girl"" straightens out her life for a 2 year period beginning with her most recent arrest in July 2007.<br /><br />In fact, I don't know anyone that has gone to see ANY of Lindsay's recent movies. I rather imagine 2007 will be the high water mark in her movie making career, until she cleans up her act. All of the recent publicity has only hindered her movie making career, if she has any further aspirations to make any more movies <br /><br />Up to this time, movie producers have actively sought Lindsay for roles in their upcoming production. Now, Lindsay will probably have to go to auditions & actually compete for ANY role. Her reputation is currently ""poison"" & quite possible could have a negative effect on box office ticket sales on any movie she is in.<br /><br />Sooooo....now Lindsay is going to have to deal with ""not being wanted"".....is she going to be able to handle this?<br /><br />I wonder if even Jay Leno will want to have Lindsay back on his TV Show?<br /><br />All of the foregoing is merely my OPINION. I have no inside information."
tt0800069,"The premise of this awaited sequel was really good and after the huge success of the remake I expected a lot sincerely.<br /><br />The sad truth is that this movie is really absurd and inept. The situations are dumb and beyond reason and the acting is truly awful.<br /><br />This time there aren't likable characters or violins unlike the remake. Also, the gore is not that abundant and when it happens it's truly bad.<br /><br />The violence is minimal and it's a shame because there are many arguments that make you think that there's room for heavy violence. I mean, there's a SWAT team that is hunting a family of cannibal mutants. You surely expect something different! When I watched it on the movies I wanted my money back.<br /><br />Anyways this is a clear example of how rushed out movies turn out to be a mess and demonstrate poor quality on all aspects.<br /><br />A mess that let down the fans of the remake like me. That's why sequels are never welcomed; at least this movie isn't as terrible as the 1985 sequel to the original."
tt0806203,"""Carriers"" follows the exploits of two guys and two gals in a stolen Mercedes with the words road warrior on the hood hightailing it down the highway for the beach with surfboards strapped to the top of their car. Brian (Chris Pine of ""Star Trek"") is driving and his girlfriend Bobby (Piper Perabo of ""Coyote Ugly"")has shotgun, while Brian's younger brother, Danny (Lou Taylor Pucci of ""Fanboys"") and his friend--not exactly girlfriend--Kate (Emily VanCamp of ""The Ring 2"") occupy the backseat. This quartet of twentysomething characters are living in a nightmare. Apparently, a viral pandemic--which co-directors & co-scenarists Alex Pastor and David Pastor tell us absolutely nothing about--has devastated America. Naturally, the lack of exposition shaves off at least fifteen minutes that would have slowed down this cynical melodrama about how humans degenerate in a crisis and become their own worst enemies.<br /><br />This lethal virus gives you the shingles and then you bleed and die. Most everybody runs around wearing those white masks strapped to their nose and mouth by a thin rubber band. Initially, this foursome encounters a desperate father, Frank (Christopher Meloni of ""Runaway Bride""),and his cute little daughter Jodie (Kiernan Shipka of ""Land of the Lost"") blocking the highway with their SUV. Brian swerves around Frank when he tries to waylay them, but in the process, the oil pan in their Mercedes ruptures and they wind up on foot. Reluctantly, they hitch a ride with Frank after they seal Jodie up in the rear of the SUV. She wears a mask over her nose and mouth and it is speckled with blood. Frank has heard that doctors are curing ailing people at a hospital and they head to it. Sadly, somebody has lied to Frank. The hospital physician is giving the last couple of kids some Kool-Aid that will put them out of their misery. The cure did not improve their condition. Everybody else in town is dead. Kate tries without success to get a dial tone on every phone. Frank realizes that there is no hope for his daughter and he lets the heroic quartet appropriate his SUV and take off.<br /><br />Indeed, ""Carriers"" qualifies as a relentlessly depressing movie about the effects of a pandemic on four sympathetic people who degenerate into homicidal murderers to protect themselves. They reach a country club and frolic around on a golf course until another four show up in suits and masks with pump-action shotguns. Incredibly, our protagonists manage to escape without getting shot, but Brian has a scare when he almost falls into the water with a floating corpse. Eventually, they discover that one of them has become infected. Later, as they are about to run out of gas, Brian blocks the highway like Frank did at the outset. Danny tries to stop a pair of older Christian women driving the car. Danny lies that his pregnant wife is about to give birth and he needs their help. Brian throws caution to the wind and blasts away at the ladies with his automatic pistol when they refuse to help them. Brian catches a slug in the leg from the passenger, but he kills her. <br /><br />No,""Carriers"" is not a beer & pizza movie that you can either laugh off or laugh with because the humor is virtually non-existent. By the end of this 84-minute movie, our heroes have turned into villains who only care only for themselves and their plight. Chris Pine makes quite an impression as fun-loving Brian and his energetic performance is the only reason to hang with this hokum, while the only other well-known actress, Piper Perabo, is relegated to an inconsequential girlfriend role. As Bobby, she makes tragic the mistake of showing compassion to a dying little girl and pays an awful price. It is a testament to Pine's performance that he can change his character to the point of putting himself before others. Essentially, Pine has the only role that gives him the ability to pull a one-eighty from happy-go-lucky guy to heartless guy. <br /><br />The two directors are Spanish brothers, and they never let the momentum flag. Since there is no relief in sight, ""Carriers"" sinks into predictability. ""Irréversible"" cinematographer Benoît Debie does a fantastic job with his widescreen lensing and as unsavory as this road trip becomes, Debie makes it look like a dynamic film. Aside from the lack of a happy ending or closure in any sense of the word, ""Carriers"" suffers because it is so horribly cynical. The scene when the German shepherd attacks Danny conjures up the most suspense, but even it could have been improved. Unfortunately, the Pastor brothers do not scare up either much tension or suspense. By fade-out, you really don't care what happens to anybody."
tt0815241,"Some funny bits, but come Bill! A film? Quoting Zeitgeist? Keep the TV Show and the interviews, but a film? I'm probably overreacting but what a unnecessary provoking film... I don't know. I laughed, disagreed, agreed... this film is very confusing and inconsistent.<br /><br />Bill's a funny guy... but also very cocky... Bill's rhetoric is similar to Bill Hicks, a brilliant comedian. But like many comedians, the borderline between comedy and preaching can be annoying. I think that the major problem in this film is his lack of sensibility. This might be just a personal taste, but comedy that constantly demeans somebody cannot be taken as truth. Bill is obviously emotionally reactive to religious fundamentalism. I agree with Bill that religious fanaticism is not sensible, but the response to it cannot be sensible. It will create unnecessary turmoil. We can do better than just react to fundamentalism. His conclusion is that ""we don't know"" and he fervently tries to convince the spectator that nobody knows anything, to the point that the agnostic community has been concerned with his lack of serious research in comparative religion. His humility that he only knows that he doesn't, is a contradiction as he tries to insist that all religious thought is non-sense.<br /><br />I had great trouble seeing bits of Zeitgeist, the movie in Bill's film. All the astrotheology-influenced non-sense that simplifies all religions as the same is simply disappointing. Zeitgeist has provoked a lot of controversy and has messed up the validity of so much of the valuable Religion Studies scholarship. It is very sad how wrong facts have been tossed around with no reliable scholarly sources. Astro-mystic sources that reduce everything to ""the stars say it all"" seem to be from the Middle Ages. This film is a confusing statement from a confused ""agnostic"". Agnosticism is far more complex and philosophically academic than defending every single issue as ""we don't know"".<br /><br />This film is an obvious proof of how postmodernism has been able to oversimplify and generalize major issues in human history.<br /><br />Watch the film (it has hilarious interviews and bits) but PLEASE do not behave like Bill. You cannot expect anybody to have a mature conversation if you are making sardonic comments in every other line. His arguing techniques are demeaning and insulting, provoking emotional reactions rather than rational and logical argumentation.. There needs to be a more mature way of dealing with these issues."
tt0818682,"It is not obvious from viewing this film (so I recommend viewers research the people who present their case in it) but this presentation on the realities of Islam, and its encouragement of violence and intolerance against all non-Muslims is lacking objectiveness, and also completely fails to factor in the human condition. It is one thing to document that the Koran says many things about how a devout Muslim is required to interact with non-Muslims, but any realist is able to realize that not every human who feels himself or herself to be a follower of Islam, will agree with and comply with all tenets of that faith and system. There is reason to call much about the presenters into question, such that viewers need to see the presentation with a healthy skepticism; don't swallow it all, hook, line, and sinker, without some thinking of your own.<br /><br />One specific, for instance, is researching the person Walid Shoebat; who claims to be a former Muslim who perpetrated an act of terrorism in Bethlehem. There are many wise people in the world who believe neither of these assertions. I am not nor have I ever been a Muslim. I have never read the Koran. I am not a Christian, nor a member of _any_ faith. But I am an intelligent and discerning human. While the film is quite disturbing, in its presentation of how SOME Muslims view their obligation to Islam; I remind you that there is more to Islam than the views of the fundamentalists. Just as their are fundamentalists and evangelical Christians, so, too, there are variations in the intensity of belief and obligation among Jews and Muslims.<br /><br />When you watch this film, you need to have the salt shaker on hand. One grain will not be enough, you'll need more. Please use your own mind and think for yourself, research what is presented, and evaluate the state of the world and how Islam fits within it based on more than what is said in 98 minutes of video. There is a common thread of political affiliation among those who put this film together, indicating a definite bias. Be your own brain."
tt0974959,"First off to get my own personal feelings out of the way let me start by saying that I hate so called comedies where every single character is written and played as being so stupid that you wounder if they're all the result of inbreeding.<br /><br />Now I will say this I did see the first three American Pie movies and while they weren't the most amazing movies that I'd ever seen they were all right (and outright masterpieces compared to the three ""American Pie Presents"" films), I still feel compelled to ask what the hell were they thinking when they made this movie?<br /><br />I also have a few other questions too.<br /><br />Who thought that this was an acceptable use of studio funds and production resources? <br /><br />who approved the final script (and what was that person smoking when they approved it)? <br /><br />And lastly why did anyone think that it deserved to be released into theaters where the average cost of admission is between 10 and 15 dollars depending on where you live when it should have gone straight to the discount bin at Blockbuster or Wal Mart?<br /><br />There is so much wrong with this movie that I can't write a really comprehensive review of it because it would exceed the maximum allowed words on this forum so I'll just touch on the biggest things wrong with it.<br /><br />The plot is generic uninspired and stupid and characters are all about as interesting as watching paint dry for eighty minutes but the biggest thing that I can see wrong with this movie is the acting.<br /><br />While most of the cast are talentless no namers who will probably be forgotten in a few years,<br /><br />the one and only big name in this movie is Eugene Levy who spends almost all of the time he is on screen with this knowing smirk on his face that says to the viewer ""I know this isn't funny and I'm wasting my talents but hey I'm getting payed for it so who cares"" he doesn't even try to make any of his jokes funny (he really deserves better than this garbage). <br /><br />As I mentioned above most of the rest of the cast are horrible even though some of them have been in some really great TV shows, Tyrone Savage (from the classic Canadian series Wind At My Back) plays a character who is so unbearable unlikeable and irritating (there are things that he could teach to tropical skin diseases)that you almost wish he'd die a slow and painful death on screen, Christopher McDonald (NCIS, Law & Order) just hangs around on screen and wastes what talent he does have by being in this film.<br /><br />Maybe the next film in this series will just be a soft core porn with a story line so they can get around the MPAA and get an R rating this movie goes all out with pointless nudity vulgarity and pointlessly offencive sexual content that it should have gotten the X rating (the ratings board must have been drunk or on drugs when they reviewed this film for its rating). <br /><br />It's interesting that twenty five years ago when Wes Craven submitted A Nightmare On Elm Street to the MPAA for a rating review they forced him to cut twenty five seconds of footage (I believe that it was part of a death scene that had a silicone casting of a breast in it) to avoid getting an X rating and he had no other choice but to do it or the film wouldn't have been released, <br /><br />but this kind of needlessly offensive trash can get the R rating today because it's all done in the name of comedy, if this movie was a drama or horror film with this kind of content there would have been a huge stink over the content and it would havegotten the dreaded X rating.<br /><br />The last thing that really annoys me is the writing, this movie is written to play out like the wet dream of some twelve year old kid with an extremely overactive sexual imagination its quite juvenile and extraordinarily crass, nearly every expository situation that is supposed to move the corpse that this movie calls a plot along is so telegraphed that any intelligent viewer can see it coming a mile away and and the so called characters are just stereotypes of stereotypes of stereotypes, never mind the often repulsive sexual references and constant unnecessary scenes of deviant sexual behavior it feels like this film was written by some incompetent first year hack in a low rent film school script writing class.<br /><br />the long and short of it is its time to kill this series before it gets any stupider more crass and offensive, this pie is filled with road apples."
