movie_id,title,director,year,runtime,genres,review
tt0001032,The Sealed Room,D.W. Griffith,1909,11,"Drama,Short,Thriller","Early film directed by D.W. Griffith; it features a gloriously happy King (Arthur V. Johnson) and his Queen (Marion Leonard) - but, wait! When the King leaves the scene, his Queen makes music with the palace's Minstrel (Henry B. Walthall). When the King discovers the lovers, he decides to enact a horrific Edgar Allen Poe-type revenge. It's difficult to believe the lovers can't hear those plotting against them; although the actors are trying to look alternately noisy (the lovers) and quiet (the cement mixers). The sets make ""The Sealed Room"" look very staged. The performances are okay, and the story is easy to follow. <br /><br />*** The Sealed Room (9/2/09) D.W. Griffith ~ Arthur V. Johnson, Henry B. Walthall, Marion Leonard"
tt0019074,"Laugh, Clown, Laugh",Herbert Brenon,1928,73,"Drama,Romance","""Laugh, Clown Laugh"" released in 1928, stars the legendary Lon Chaney as a circus clown named Tito. Tito has raised a foundling (a young and beautiful Loretta Young) to adulthood and names her Simonetta. Tito has raised the girl in the circus life, and she has become an accomplished ballerina. While Chaney gives his usual great performance, I could not get past the fact that Tito, now well into middle age, has the hots for the young Simonetta. Although he is not her biological father, he has raised her like a daughter. That kind of ""ick"" factor permeates throughout the film. Tito competes for Simonetta's affections with a young and handsome 'Count' Luigi (Nils Asther). Simonetta clearly falls for the young man, but feels guilt about abandoning Tito (out of loyalty, not romantic love). The whole premise of the film is ridiculous, and I find it amazing that no one in the film tells Tito what a stupid old fool he is being (until he reveals it himself at the end). The film is noteworthy only because of Loretta Young, who would go on to have a great career. While I adore Chaney's brilliance as an actor, this whole film seems off to me and just downright creepy."
tt0021873,Five Star Final,Mervyn LeRoy,1931,89,"Crime,Drama","Warner Bros. made many potboilers in the 1930s and most of them are fast paced, economical and very entertaining. I really love how the studio exploited the less glamorous elements of our daily life. This is one of Warner's few hard-edged melodramas that simply doesn't work. Edward G. Robinson plays a ruthless editor of newspaper who resurrects the 20-year old story of a murderess with tragic consequences. Robinson gives a lively performance but he is surrounded by actors that don't cut the mustard. H.B. Warner, Aline MacMahon and Boris Karloff are good, but the bad acting of Frances Starr and Anthony Bushell in the second leads really hurts the movie. Starr is particularly bad during her big dramatic scene near the end of the movie. In addition, the moralistic tone of the film seems ridiculous in the context of pre-code Hollywood. LeRoy's direction is full of innovative visual touches but he cannot overcome the bad acting and the unintentionally funny situations. Sol Polito's camera work is strong. Somehow, this piece of dreck got an Oscar nomination for Best Picture (in a year that gave us ""M,"" ""Dracula"" and ""Frankenstein"")."
tt0025173,The Girl from Missouri,"Jack Conway, Sam Wood",1934,75,"Comedy,Drama,Romance","I'm a Jean Harlow fan, because she had star quality. I don't think her movies are good and I don't even think that she was a good actress, but she certainly was Great in comedies. Every bit of comedy in The Girl from Missouri is very good. But this movie is perhaps more like a love story. Jean Harlow is wonderful in this one and you can forget the rest of the cast - their performances bring nothing new. It always impresses me much to think that Harlow's beautiful body was that of an ill woman. Well, in this movie she does look beautiful."
tt0025420,The Lost Jungle,"David Howard, Armand Schaefer",1934,243,"Action,Adventure,Drama","The only reason I watched this film was because I had recently read Robert Hough's less than perfect, but interesting, fictionalised account of the life of Big Cat trainer Mabel Stark. Beaty appears as a character in the book, in a less than flattering light.<br /><br />I hadn't realised until checking the movie out later on the IMDb that it was originally a serial. Whoever edited the original running time of 233 minutes down to the 68 minuted version available on DVD has done a hell of a good job. The shortened version plays just as well as any B movie of the period despite the many 'duh-what?' moments. For instance are we really expected to believe our hero dug that twenty foot deep tiger trap in a morning without even getting his jodhpurs dirty? Looking over the chapter titles I see that number five is titled ""Gorilla Warfare"" and number eleven is called ""The Gorilla"". There were no gorillas at all in the movie. I guess that's where some of the cuts were made.<br /><br />Historicaly interesting."
tt0028313,The Story of Louis Pasteur,William Dieterle,1936,86,"Biography,Drama,History","Apparently none of the previous reviewers,most of whom praise the film for its accuracy, have actually read a biography of Louis Pasteur.The most glaring inaccuracy is in the relationship between Pasteur and Napoleon III.Back in the 1930's the latter was invariably shown in a bad light.While far from an admirable character-he was an inept politician and a self-appointed ""military genius"" who allowed France to be dragged into a disastrous war,he was not the stupid reactionary depicted here. He had an intelligent interest in science,and like many other people in the 19th century saw a bright future because of the improvements it would bring.Far from exiling Pasteur, he was his PATRON,building him a laboratory and providing him with all the resources that he needed for his research.While the lab was under construction, Pasteur became gravely ill.A bureaucrat, deciding it was a waste of money to build a laboratory for someone who would soon be dead, ordered work halted on his own authority.When the emperor heard about this, his outrage shook the bureaucracy so that there was a flurry of buck-passing, and work promptly resumed.The Emperor personally visited Pasteur to comfort him and reassure him that he would get his lab.The emperor would often bring members of his court to admire Pasteur's projects,and it was obvious to everyone that Pasteur was one of the emperor's favorites.Pasteur's main worry concerning the Emperor was that Napoleon thought Pasteur was virtually a miracle worker who could do almost anything, and was constantly assigning him tasks outside of his previous experience.Pasteur, a very modest man, was always protesting this, but Napoleon would say that he had complete faith in him,and Pasteur despite his misgivings, always came through.They always had a close and friendly relationship,and after the Emperor was overthrown, Pasteur refused to say a bad word about him,grateful to the end of his life.<br /><br />The part about his daughter having the baby, and Pasteur sacrificing his principles to get a doctor, never happened.The part about the anthrax and rabies, for which he was famous, is generally correct, but the notion that the anthrax experiment raised him from obscurity to fame is false.He was famous and respected at the time this happened.This movie is OK from a dramatic standpoint,but very distorted as biography."
tt0028944,The Good Earth,"Sidney Franklin, Victor Fleming, Gustav Machatý, Sam Wood",1937,138,"Drama,Romance","Well I'm probably about to be lambasted by everyone on this site, but The Good Earth is one of the worst structured films I've seen in a long time. We have a 2 and a half hour film that feels like its three and a half because it has two films in one. The first film tells the story of a family that has to move form their home because of drought and famine. They have to travel south to the cities to find food or work of some kind. Conveniently they happen to find a bag of jewels and at the same time they find out that the drought has ended. Yeah OK. With this knowledge they return home with their riches and everything is fine and wonderful again. <br /><br />Well that takes about an hour and a half of film and while its incredibly lifeless at this point it does have a nice arc to it. You would think this would be a fantastic place to end the film. However, the film then continues on for a whole other hour. And in this remaining time, its takes a simple story about a family dealing with the hardships of the world and turns it into a sappy melodrama about betrayal and jealousy between lovers. Oh yea and the age old, money is the root of all evil blah blah blah. Just because you know your making an epic film doesn't mean that your story can go on needlessly for more than it has to. Also the main idea I would gather about this film is that the earth is good to this family and holds them together. Then why do we spend an hour telling a story about a rich man falling in love with another woman, and why is the final moment of the film dedicated to a wife that our main character hasn't even cared about through most of the film. <br /><br />Oh wait and the film isn't the only thing thats poorly written, the main characters wife makes absolutely no sense. She complains a lot about how she was a slave and she never wants to have a slave and yadda yadda yadda. Then why at the drop of a hat is she willing to sell her only daughter into slavery. Even if they are starving at the time of this idea, it still doesn't make sense when 20 minutes later in the film she is complaining about not wanting a slave again. <br /><br />There are other films from the thirties that should be paid attention to. The only thing this one has going for it is the cinematography. The land is shot beautifully, oh and the sequence with the locusts is quite impressive. Too bad that were in a film that had nothing to say. <br /><br />One last thing. I know that at this point in time Hollywood was focused mostly on stars and they figured that a good actor can portray anything. For most of the film Paul Muni does portray an Asian man to the best of his ability, but once it hits the half point where the film goes on for no reason he loses it and just becomes regular old Italian Paul, they even cut his hair so he looks like Tony from Scarface(also a better film than this). Of all the main characters in the film I think maybe three are actually Asian, the rest are just Americans being silly. Oh and please Ms. Rainer that was a really nice one note performance, not, if i could i rip the Oscar out of your hands, oh i would. <br /><br />The Good Earth is one epic waste of time. If you want something along this vain to watch on nice evening get The Grapes of Wrath, a film that truly deserves all the praise it gets. Mainly because it wasn't written by a monkey."
tt0029608,Stella Dallas,King Vidor,1937,106,"Drama,Romance",i should love this movie . the acting is very good and Barbara Stanwyck is great but the the movie has always seemed very trite to me . the movie makes working class people look low and cheap .the fact that the daughter is ashamed of her mother and that the daughter does not rise above it has always made me a bit uneasy . Barbara Stanwyck as the mother worships the daughter but the daughter forgoes a mothers love to find happiness with her well to do fathers family . i wonder how many others who have seen this film feel this way about it.again the acting was very very good and worth watching . i really don't like the story line . just a personal preference .thank you
tt0032474,The Flag of Humanity,Jean Negulesco,1940,19,"Biography,Drama,Family","This was a less than exciting short film I saw between features on Turner Classic Movies recently. While the film popped out due to its very intense Technicolor, the film itself just wasn't that moving and at times the plot looked pretty cheesy--like this was made for classroom use and capturing the attention of a wider audience WASN'T even a consideration. In particular, I really hated how many times in the film things were reiterated--such as when the characters talked to her, they usually said ""Clara Barton"" instead of ""ma'am"", ""Miss Barton"" or ""Clara"". Plus, one sickly confederate soldier said that he was a ""Johnny Reb, A Confederate a Rebel,...""--almost like he was the cartoon character Mojo Jojo from the Powerpuff Girls. This was just sloppy writing--period.<br /><br />It was interesting to see John Hamilton (later, ""Perry White"" on the SUPERMAN TV show) in a beard as President Garfield. Yep--it's him under that beard."
tt0033105,Strange Cargo,Frank Borzage,1940,113,"Adventure,Drama,Romance","Hollywood always had trouble coming to terms with a ""religious picture."" Strange Cargo proves to be no exception. Although utilizing the talents of a superb cast, and produced on a top budget, with suitably moody photography by Robert Planck, the movie fails dismally on the credibility score. Perhaps the reason is that the film seems so realistic that the sudden intrusion of fantasy elements upsets the viewer's involvement in the action and with the fate of the characters. I found it difficult to sit still through all the contrived metaphors, parallels and biblical references, and impossible to accept bathed-in-light Ian Hunter's smug know-it-all as a Christ figure. And the censors in Boston, Detroit and Providence at least agreed with me. The movie was banned. Few Boston/Detroit/Providence moviegoers, if any, complained or journeyed to other cities because it was obvious from the trailer that Gable and Crawford had somehow become involved in a ""message picture."" It flopped everywhere.<br /><br />Oddly enough, the movie has enjoyed something of a revival on TV. A home atmosphere appears to make the movie's allegory more receptive to viewers. However, despite its growing reputation as a strange or unusual film, the plot of this Strange Cargo flows along predictable, heavily moralistic lines that will have no-one guessing how the principal characters will eventually come to terms with destiny."
tt0033771,Jesse James at Bay,Joseph Kane,1941,56,"Drama,Western","Roy Rogers stars as Jesse James and his look-alike, gambler man Clint Burns. George ""Gabby"" Hayes is Mr. Rogers's ex-pal, Sheriff Gabby. Gale Storm (Jane Fillmore) and Sally Payne (Polly Morgan) are a noteworthy team, as two reporters on the lookout for stories about the elusive outlaw hero.<br /><br />Of course, mistaken identity / impersonation is a plot development, since Rogers essays a ""dual role"". Rogers is charming, as usual; but, there is nothing really elevating this his performance above the ordinary - any potential to deliver a memorable Jekyll/Hyde performance is done in by poor material. The better pair to watch are Ms. Storm and Ms. Paye as the St. Louis Journal reporters - they are the film's highlight. The songs are fine, though badly synched. <br /><br />*** Jesse James at Bay (1941) Joseph Kane ~ Roy Rogers, George 'Gabby' Hayes, Gale Storm"
tt0037382,To Have and Have Not,Howard Hawks,1944,100,"Adventure,Comedy,Drama","Or ""Marlowe At Sea"". Yet another ridiculously overrated old film with Bogey. Quite talky, too. Bogey basically plays the same character as in the Marlow films; always in control of a situation, never nervous - no matter how dangerous a situation, calls women ""slim"" and ""dames"" and other such nonsense, is the only ""real male"" i.e. alpha male in the movie (the only other alpha male male being the head of Gestapo - but he is only a fat alpha male male), and - naturally - every attractive young woman who comes his way cannot resist his charms and wants his penis within hours of their initial introduction. The character clichés are all here. Bogey is supposed to be the same type of cynic-about-to-reform as in ""Casablanca"", and naturally he often refuses money or other valuables when being offered them - but how does that fit in with the tough cynic in him? It doesn't, so he can't be a cynic; Hawks wanted it both ways: a character who is both the ""cool lone cynic"" and yet a well-meaning humanitarian. I don't think so... Bacall does her non-chalant ""cool babe"" routine for the first time, and there are plenty of overrated, not all-too interesting so-called ""sexual innuendo"" exchanges between her and Bogey; these dialogues sound silly by today's standards. ""Just purse your lips and whistle..."". A load of crap... She was 19 when this was made but looks a lot older, and is far less attractive than the female stars of the day. Her bony face, with its sharp features, is nowhere even close to radiating the kind of feminine beauty of a de Havilland, the cuteness of a Myrna Loy, let alone the likability of an Irene Dunne. Bacall was more suited for playing vampires, not femme-fatales. (In real life she is very much like her face: a Hollywood bitch.) There is a scene in which Bacall breaks into tears; very unsuitable for her character. There are two or three bad musical numbers - but my fast-forward button was ready.<br /><br />If you're interested in reading my ""biographies"" of Bogart, Bacall, Huston, and other Hollywood personalities, contact me by e-mail."
tt0039111,The Yearling,Clarence Brown,1946,128,"Drama,Family,Western",I don't know if the problem I had with this movie is that I was not able to capture the way movies were done in the past but I believe that this one did not miss to make use of any of the the fashionable conventions available in the 40s to make a film. If you don't have anything better to do my advise is not to watch this movie but to read a book or to go out for a walk.
tt0040331,Every Girl Should Be Married,Don Hartman,1948,85,"Comedy,Drama,Romance","Maximally manipulative Anabel Sims (Betsy Drake) sets out to trap her ideal man, aided by her co-worker, Julie. Esteemed pediatrician Madison Brown (Cary Grant) goes from bemused to betrothed in the space of 90 minutes on film, but to the viewer it's all eternity. Can a movie receive less than one star? This one is a prime candidate."
tt0043027,The Tattooed Stranger,Edward Montagne,1950,64,"Crime,Drama,Film-Noir","Very low-budget police procedural film about homicide detectives trying to solve the murder of a woman whose body turns up in a stolen car in Central Park, and their only clue is a tattoo on her arm. Although released by RKO, this has the look of an independent production that was picked up by the studio for distribution. The cast and crew, with a few exceptions--among them a young and uncredited Jack Lord, director Edward Montagne and cameraman William Steiner--are comprised of complete unknowns, and it shows. The performances are universally sub-par and wouldn't pass muster in a high school training film, the direction is stodgy and choppy and, as mentioned previously, there's no chemistry whatsoever between the lead actors. However, despite the film's many shortcomings, it does have a few good points. The location shooting in New York City, and the film's ultra-low budget, gives it a gritty authenticity much like that of the far superior ""The Naked City"", a shootout in a dark basement is decently handled, and some of the investigating procedures are clever. Otherwise, it's not much to write home about. It is worth a look, however, for a glimpse at the seamier sections of New York City in the early 1950s, and old-car buffs will be ecstatic to see the legions of '30s and '40s cars in the streets.<br /><br />."
tt0043147,The Wooden Horse,"Jack Lee, Ian Dalrymple",1950,101,"Drama,History,War","This film is about British prisoners of war from the World War II escaping from a camp in Germany.<br /><br />I find ""The Wooden Horse"" disappointingly boring. The subject could have been thrilling, suspenseful and adrenaline fuelled, but ""The Wooden Horse"" is told in a very plain way. It's a collection of plain and poorly told events, with no suspension and thrill. The first half plainly tells how the prisoners of war dug a tunnel, but the events are so plain, with not enough blunders and close shaves to make me on edge. The latter half of the film is even worse, they are just moving from one place to another without any cat and mouse chase. And could the characters talk a bit less and have more action in an action film! I am disappointed by ""The Wooden Horse"", it wasted the potential to be a great film."
tt0044070,Starlift,Roy Del Ruth,1951,103,"Comedy,Drama,Music","This oddity in the new DORIS DAY COLLECTION doesn't really need to be included as she is only in the film for less than 30 minutes. What she does do however, is shine when she's on screen. The near plot less movie is just an excuse to showcase some Warner contract players of the day. JANCIE RULE shows promise and it's a shame she didn't become a big star. RUTH ROMAN handles the role of the ""go-getter"" with aplomb. Better if this was in color. The Travis Air force base locations with some rear projection work well. What's best about the movie are some wonderful musical interludes. If you enjoyed THANK YOUR LUCKY STARS and Hollywood CANTEEN you'll like this one."
tt0047834,Animal Farm,"Joy Batchelor, John Halas",1954,72,"Animation,Drama","I am a big fan of the original book and this adaption is simply bad. First of all, it had trouble deciding if it is a kiddie toon or an adult one, that caused a strange mix of an adult story and some pretty violent scenes with a silly little duck that keeps giving ""funny"" moments in the beginning.<br /><br />But that's hardly important, the film is simply boring, unmoving and not true to the original story. It simply fails to transfer to the picture all the points Orwell tried to make to his book.<br /><br />{SPOILER}<br /><br />Second revolution?!! Haven't they guys learned anything?? Who be the next Napoleon then? Benjamin?!!"
tt0050135,April Love,Henry Levin,1957,97,"Comedy,Drama,Musical","If you can imagine Mickey Mouse as a New York street pimp, or John Wayne as a Communist spy, then you might believe Pat Boone as a juvenile delinquent on his uncle's farm in Kentucky and you could conceivably enjoy this movie.<br /><br />This film is so stupid that it isn't even campy for a mid 1950s sexless love story. And the problem is that Hollywood made such a big deal about Pat Boone's refusal to kiss a woman not his wife on screen before its release that the audience knows he won't kiss Shirley Jones so you cannot build any anticipation for the ""screen consummation"" of their love. It's sort of like watching a western in which the cowboys don't have guns.<br /><br />The story is pointless. Even the title song is sung with pained enthusiasm.<br /><br />April Love belongs in the worst film bargain bin along with Ishtar and Plan 9 from Outer Space."
tt0051114,The True Story of Jesse James,Nicholas Ray,1957,92,"Biography,Crime,Drama","That word 'True' in this film's title got my alarm bells ringing. They rang louder when a title card referred to America's Civil War as the 'War Between the States' (the circumlocution preferred by die-hard southerners). Jesse James -- thief, slave-holder and murderer -- is described as a quiet, gentle farm boy.<br /><br />How dishonest is this movie? There is NO mention of slavery, far less of the documented fact that Jesse James's poor widdered mother owned slaves before the war, and that Jesse and his brother Frank actively fought to preserve slavery. According to this movie, all those Civil War soldiers were really fighting to decide whether Missouri is a northern state or a southern state ... that's ALL. (Missouri: It's a candy mint! It's a breath mint!) Black people are entirely absent from this movie, except for two glimpses of a pair of beggars, one of whom wears a ""HELP THE POOR"" sign that's very implausibly typeset instead of handwritten. (Some shots of 19th-century newspapers are inaccurate too, with 20th-century type fonts.)<br /><br />This film has a weird flashback structure. There's some very impressive stunt riding (and some fine work by stunt horses), and one excellent montage. I savoured one line of dialogue: 'Some of those boys will never taste beans again.' The movie gets a few facts straight: Agnes Moorehead, as Jesse's mother, conceals her right arm in the scenes following the raid by the agents of Pinkerton (here called 'Remington') in which Jesse James's real-life mother suffered injuries requiring the amputation of her lower arm. Some errors here are pardonable: during his bushwhacking days, the real Jesse James accidentally shot off part of his left middle finger, but Robert Wagner (in the title role here) does not have a stumpfinger. I've seen a photo of Jesse James's real wife; if she had looked half as glamorous as Hope Lange looks in this movie, Jesse James might have stayed home more.<br /><br />There's plenty of revisionism here, and most of the male actors wear 1950s hairstyles. But many of this movie's errors were avoidable. Jesse James's mentor William Quantrill is mentioned several times, but all the actors mispronounce his name. We see Jesse and his wife moving into an elaborate two-storey house (where he will soon die) after paying a rent of $18. Actually, Jesse James's last residence (at 1318 Lafayette Street, St Joseph, Missouri) was a simple one-storey cottage, renting for $14. There was no upper storey ... so, when Jesse James is killed, his wife could not come running from upstairs as Hope Lange does here. (She was actually in the kitchen.)<br /><br />One continuity error: Robert Wagner (with no stunt double) does an impressive job of taking a slug to the jaw and falling over while his hands are tied behind his back ... but when he gets up, the rope binding his wrists has vanished.<br /><br />The screenplay does some weird and unnecessary juggling of dates. Following the Northfield robbery attempt, Jesse says he expects to get home by his birthday. The actual Northfield bank raid by the James Gang (7 September, 1876) was two days AFTER Jesse James's birthday. (Maybe he meant next year's birthday.) Later, we see Jesse and his wife moving into their St Joseph home on a fine summer day, while Jesse tells her what he plans to do when Christmas Eve arrives ... but in real life, Mr and Mrs Jesse James moved into that house on 24 December, 1881 ... so this scene should *BE* on Christmas Eve! These errors were entirely avoidable.<br /><br />Some of the fictionalisations here don't make sense. According to this movie, the Northfield bank raid failed because one (fictional) henchman was late in cutting the telegraph wires. If this had actually happened, it would indeed have hampered the James Gang's getaway ... but it wouldn't have affected the robbery itself, which failed for other reasons.<br /><br />There are good performances here by Jeffrey Hunter (as Frank James), Moorehead, Alan Hale Jnr (as Cole Younger) and by stage actress Marian Seldes in a rare screen role. I was disappointed by Robert Wagner, normally an under-rated actor. Elsewhere, Wagner has proved his impressive range by convincingly portraying heroes, villains and morally ambiguous characters. Here, he can't seem to decide whether to depict Jesse James as a goodie or a baddie ... so he doesn't much bother. John Carradine phones in his performance in a brief role as a fictional jackleg preacher who baptises Jesse and his wife at their wedding. In fact, Jesse James was baptised in childhood by his uncle, a Methodist minister ... but perhaps this second baptism is a topping-up.<br /><br />Jesse James was no Robin Hood. (I doubt that Robin Hood was Robin Hood either, but that's another story.) There is not one single documented instance of Jesse James ever sharing his loot with anyone beyond his own family. After some of his hold-ups, he didn't even split the swag with the rest of his gang. In this movie, Jesse gets gunned down right after he vows to give up his bandit ways forever. In reality, the night before his death, Jesse James and the Ford brothers stole horses that Jesse planned to use the next day in a robbery of the Platte City bank. As preparation for most of his robberies, Jesse James stole horses from local farmers ... the same poor folk who (in the inaccurate legends) were supposedly the beneficiaries of his largesse. I cringed at one scene here, in which the fictional Jesse James is so gol-durn refined that he disapproves of an oil painting which tastefully depicts nudes.<br /><br />'The True (not much!) Story of Jesse James' is wilfully dishonest about a thieving murderer, and likewise dishonest about the Civil War. For the very impressive stunt work, one good montage and a few fine acting turns, I'll rate this obscenely dishonest movie 2 points out of 10."
tt0051398,The Barbarian and the Geisha,John Huston,1958,105,"Adventure,Drama,History","If I had realized John Wayne was in this movie, I would not have watched it. It's demeaning to the Japanese, unfortunate for Hollywood and embarrassing to any thinking person. But then, most John Wayne movies are like that. Hollywood in the fifties still believed that everybody in the world loved Americans when the truth was (and still is) somewhat different. The movie deals with the nineteenth century isolationism of Japan. Maybe it's Hollywood that should be isolated.To put it as succinctly as possible, this film is appalling jingoistic claptrap.(Sort of a Madama Butterfly with bad music.)"
tt0052564,The Angry Red Planet,Ib Melchior,1959,83,"Action,Adventure,Drama","A spaceship returns from Mars; about a couple of months earlier, a 4-person expedition had been sent to the red planet. Most of the picture is a flashback to what transpired over there. The picture is saddled by inane, melodramatic dialog, typical of many sci-fi efforts of the fifties & sixties. Note, for example, how the ship's commander (Mohr) tells another crew member to 'stay there' for no reason; as if moving to another spot inside the ship will cause a problem. Later, the commander orders two of the crew to remain in the ship while he and another go outside. The two he ordered to stay say 'no way' and follow out; I didn't have high hopes for the expedition's success by this point. There's much talk of 'ears twitching' and hugging a freeze-ray gun named 'Cleo' (short for Cleopatra, of course). It would at least be pretty funny, unintentionally, if the story didn't drag.<br /><br />There's a very slow pace to the whole thing; the astronauts spend as much time looking out the ship's window portals (which change color from red to blue), commenting on what they see, as they do outside actually exploring. The martian landscape, advertised as filmed in 'Cinemagic,' usually resembles animation cut-outs, or drawings, shot through an orange-red filter to give the illusion of interacting with the actors, who do take on an odd surrealistic appearance due to the process. But I don't think it fools anyone over 10 years old. The one clever mention I did notice was that the memories of the surviving astronaut would be tinged with unreality, so that would explain the unreal nature of the martian vista. Oh, okay...<br /><br />I was amused by some of the astronauts' actions as they begin to explore; right off the bat, they test their freeze gun on a plant, killing it, just for the hell of it. Then the female member hacks with a machete at what she thinks is a tree but turns out to be the leg of the spider-rat monster. Nice going, lady. Look up next time. No wonder the 'intelligence' on Mars gets upset and doesn't mind that one of the lower lifeforms, a giant amoeba, attacks the explorers. The acting isn't too impressive. Mohr especially, had a very annoying technique, saying a line and then abruptly erupting into a huge grin which always creeped me out - reminded me of It! the Terror From Beyond Space. The ending is fairly anti-climactic; don't expect any huge revelations beyond the 'no more expeditions' with freeze guns named Cleo."
tt0053142,Operation Dames,Louis Clyde Stoumen,1959,74,"Drama,Romance,War","Relentlessly stupid, no-budget ""war picture"" made mainly to show off the attributes of the spectacular Eve Meyer--not a bad idea in itself--but that should be an embarrassment to everyone connected with it. Laughable ""script"", performances that wouldn't pass muster in an elementary-school Christmas pageant, inept ""action"" scenes, confused direction by the normally competent documentary director Louis Clyde Stoumen--who is apparently not quite sure if he's making a comedy, a philosophical treatise on the futility of war or a leering T&A (by early 1960s standards, anyway) travelogue of Eve Meyer's magnificent body--and a general air of shoddiness and incompetence. Worth seeing in order to watch Eve Meyer strut her stuff, but that's pretty much it."
tt0053198,The 400 Blows,François Truffaut,1959,99,"Crime,Drama","This movie bewilders me. It may be that I'm just a stupid American, but I really just don't get 400 Blows. Everything I've read about this movie has been a total rave, but I just couldn't stay interested. I'm sure that it was as revolutionary in film-making as all the critics say, but when it boils right down to it, it's just really really boring. Maybe it's the language barrier, may I'm just not ""sensitive"" or ""artsy"" enough, but whatever the case is, I hated this movie. The story itself isn't bad; it's about a young French boy who is treated unfairly by his parents and his teachers, and eventually he ends up in a juvenile facility. That in itself ought to be interesting, and it was, at first. There was nothing wrong with the dialogue, but then again it's hard to say because half of the conversations weren't subtitled and for no apparent reason, so I didn't always know what was going on. But for the dialogue we could understand, it made enough sense. The actors were believable enough, but it's hard to say what a real person would do in these situations. So you feel for the main character, but only in the sense that when he gets into trouble you think, well that sucks. The plot isn't even your typical plot. Each time he gets in trouble, he gets into more trouble than the last time, but the reasons never vary too much. And through the entire film you realize that there's nothing the main character can really do about it. So it's more like just waiting to see how it ends. The ending, by the way, was completely over my head. It's way too artsy for me, and I just didn't get it. Leading up to the end was easy enough to follow. The structure was certainly there, and it made sense as well, but everything was really drawn out. For the amount of dialogue and significant moments, the movie could have been an hour shorter. It just didn't end. Part of it was the unnecessarily long shots, none of which were especially memorable; for example, the ending was a clip of the main character running down a country road that lasted a good thirty seconds. Now, I'm sure that had some deeper meaning in it somewhere, but for the average viewer, I'd rather have gotten up to get some more food during that time. Or at least done something a little more useful than sit and watch this boy running, like doing my laundry, or taking a nap. <br /><br />Final Verdict <br /><br />The feeling throughout the whole movie was that this probably would be very moving and just amazing and that it would teach me some great life lesson, if I could only get what the director was trying to say by his unique decisions. As it was, I just felt cheated out of a good two hours of my life."
tt0061834,I Am Curious (Yellow),Vilgot Sjöman,1967,121,"Drama,Romance","""I Am Curious: Yellow"" is a risible and pretentious steaming pile. It doesn't matter what one's political views are because this film can hardly be taken seriously on any level. As for the claim that frontal male nudity is an automatic NC-17, that isn't true. I've seen R-rated films with male nudity. Granted, they only offer some fleeting views, but where are the R-rated films with gaping vulvas and flapping labia? Nowhere, because they don't exist. The same goes for those crappy cable shows: schlongs swinging in the breeze but not a clitoris in sight. And those pretentious indie movies like The Brown Bunny, in which we're treated to the site of Vincent Gallo's throbbing johnson, but not a trace of pink visible on Chloe Sevigny. Before crying (or implying) ""double-standard"" in matters of nudity, the mentally obtuse should take into account one unavoidably obvious anatomical difference between men and women: there are no genitals on display when actresses appears nude, and the same cannot be said for a man. In fact, you generally won't see female genitals in an American film in anything short of porn or explicit erotica. This alleged double-standard is less a double standard than an admittedly depressing ability to come to terms culturally with the insides of women's bodies."
tt0062873,The Young Girls of Rochefort,Jacques Demy,1967,125,"Comedy,Drama,Musical","Before writing this review, I went back and reread the reviews of others. This movie was a particular disappointment to me, since it features two of my favorite dancers, Gene Kelly and George Chakiris, boasts a score by the often wonderous Michel LeGrand (""Wuthering Heights,"" ""Ice Station Zebra,"" ""The Thomas Crowne Affair""). The dancing was stilted, unmotivated and unoriginal, the songs forgettable, the story a joke. Even the costuming was not particularly flattering. Only the photography correctly captured the proper mood and spirit. I'm glad other people enjoyed ""The Young Girls of Rochefort,"" though I most certainly did not."
tt0063665,One + One,Jean-Luc Godard,1968,115,"Documentary,Drama,Music","It utterly defeats me why Godard is taken so seriously - and One Plus One is a great example of his ineptitude as both a filmmaker and an 'intellectual' polemicist. It's hard to credit that Godard actually believed all that Marxist and Maoist kant. Anyone with half a brain could work out the bankruptcy of those 'isms' and how many people they had destroyed and were continuing to destroy even as Godard was making his films supporting them. As a filmmaker, ask yourself: would you have boring voice-overs reading tedious political diatribes at your audience, and then, when you couldn't think of anything else to do, layer another voice-over to the first voice-over, which had lost its listeners after the first 100 words in any case? Brilliant, Jean-Luc! As for Godard insisting on making a film with the Rolling Stones: of course he did; wouldn't you? It was the only guarantee of getting such mindless rubbish seen in the first place: the genius of the Stones eclipsing a talentless and babbling political idiot set loose with a camera. The bookshop scene wasn't worthy of even the worst fringe theatre, and was an insult to the intelligence of even the young children who were used to play in it - as could be readily seen. Copping-out by allowing friendly critics to claim that all this artless crap was a satire on mainstream film-making is no more than a safe get-out to offer those who clearly see Godard's poverty of intellect and arrogant contempt for his audience. Ironic that Godard's one-time great friend, Truffaut, with Nuit Americain, made the best film about film-making ever, and Godard made the worst with Le Mepris! Incidentally, Godard didn't choose the Stones' track of Sympathy With the Devil. It just happened to be the track they were working on when the 'film' started shooting at Barnes Olympic Studios."
tt0063850,If....,Lindsay Anderson,1968,111,"Crime,Drama","if.... is the cinematic equivalent of Sgt. Pepper's: Revered by baby boomers as the pinnacle of creation, and viewed as rather a silly bit of business by preceding and subsequent generations. Now that the children of the middle classes the world over are seemingly super human due to the internet, and view the prospect of boarding school as a wonderful opportunity thanks to the Harry Potter books/films, the relevance of if.... couldn't be further from modern concern. In fact, many scenes appear so alien and exaggerated as to hint at an inspiration for Pink Floyd's The Wall.<br /><br />One should never hold personal bias against a film while reviewing, and the cemented date of this film aside, there are a few flaws which others have overlooked. Lindsay Anderson was known to be a fan of Luis Buñuel, on top of generally being too smart for his own good. And despite a straightforward narrative through the first and second acts, the latter portion of the piece it taken hostage by cod Buñuel surrealism and strained attempts at symbolism. Anderson wasn't capable of this feat due to his over-intelligent cynicism, failing to see that Buñuel was jovial in his work. I have not found a critic whom champions the 'Chaplain in a drawer', and am almost certain it still gets sideways looks from those who adore this film. The ending is not so much a concise punch to the established class/values system, as a wet slap on a moving target.<br /><br />The British public school system was firmly for the middle classes (the upper crust being educated at home by private tutors). And the modus operandi of if.... was to check the boxes of public school life which Lindsay believed had been unexplored in film, thereby savaging middle class pretense. Homosexuality, generational cutlery, cold showers et al. In reality, such issues HAD been covered in many other great British films, if.... merely brought them to the fore. The Browning Version was a more oblique damning of such pomp, to name but one.<br /><br />if.... is oddly quaint, and simply can not be viewed with modern (especially American) eyes. Kudos to Anderson for avoiding Mick and Kieth in favour of African chant, and a few brownie points for the latent homoerotic overtones. Points deducted for pretension, establishing characters who disappear, and inciting a glib revolution which came to naught."
tt0064400,Hamlet,Tony Richardson,1969,117,Drama,"Williamson's accent is tough to wade through. He speaks incredibly quickly, like he is in a rush to get through the lines. During the soliloquies he acts as if he is talking to someone, when he is supposed to be talking to himself. All that and his bald spot just annoyed me. He was just too old for this role. In reading other accounts of Williamson, maybe he got this role because he was mad and the director decided to do a bit of life-imitates-art or forced method acting. When the actors declare Hamlet mad you believe it! Marianne Faithful is a stunning beauty and could botch the role of Ophelia and still get a pass. The set is dark and foreboding but it does look as if shot in a real castle especially the scenes in the tunnels/corridors where the dead king shines as a great light in the sky."
tt0064645,Mayerling,Terence Young,1968,140,"Drama,History,Romance","As good an advert for republicanism as you're ever likely to see,""Mayerling""is an everyday story of royal folk in late nineteenth century Austria.Set during one of Europe's seemingly incessant internal turmoils it concerns itself with the Emperor Franz Joseph (Mr James Mason),his rebellious son,the Crown Prince Rudolf (Mr Omar Sharif)the Empress(Miss Ava Gardner) and various mistresses,secret policemen,spies,extravagantly-uniformed popinjays,gypsies,dancers,wives, soldiers,swans,horses and the bizarre inbred web of European royalty at the time of Franz Joseph's Austro-Hungarian Empire. Filmed in what the old movie posters used to call ""A Riot of Color"" it resembles nothing more than an expensively-dressed but intellectually-challenged production of ""The Student Prince"" .Mr James Mason,wearing a very natty little white number,utilises his all-purpose mittel-European accent whenever he remembers.I am a great admirer of his and I sincerely hope the remuneration was comensurate with the distaste he clearly felt for the character he was playing. Mr Omar Sharif,who built a career largely founded on looking directly at the camera with his big brown eyes and looking soulful,gives a stupefyingly monotonous performance as his son the Crown Prince.He is utterly unconvincing as a man who -in the movie at least-cut a swathe through the distaff side of the Austrian aristocracy.With his well-buttered locks firmly in place he preens and poses in ever more unlikely uniforms.As a rebel he talks the talk but conspicuously fails to walk the walk,leaving a bottom button undone on one of his tunics is about as far as his defiance goes.Unhappily married,he falls in love with a commoner.""Forbidden Love"" is one of the movie's come-ons.As she is played by the most uncommon Miss Catherine Deneuve he is scarcely pushing the envelope there.Miss Deneuve has a profile to die for and we see rather a lot of it,particularly in the sequence set at the ballet. Now I love ballet as much as the next man,but this sequence does seem to go on for an excessive amount of time,a more cynical critic might consider it to be ""padding"". Rudolf's mother,the Empress is played by Miss Ava Gardner.She gives the part some good old American oooomph,making her a bit like ""Auntie Mame"",but it's done with undeniable style.Rudolf is certainly very fond of his mother - I'll put it no more strongly than that. The only performance worth watching is that of Mr James Robertson Justice as Sir Lancelot Spratt - sorry,Edward,Prince of Wales.He is so wonderfully unconcerned about everything going on around him it's a joy to behold.I waited vainly for him to ask Rudolf the immortal question ""What's the bleeding time?"". I am not qualified to dispute ""Mayerling"" 's historical accuracy,but,in my opinion,everything else about it is risible. It is a Ruritanian Opera Buffa without the tunes to send you home from the theatre whistling."
tt0065622,The Decameron,Pier Paolo Pasolini,1971,111,"Comedy,Drama,History","The tragedy is that this piece of rubbish was part of my curriculum while I was studying cinema. So imagine how I was forced to watch it in complete. Believe me going through hell is much much easier. Our professor told us that this is some film ???, but he never thought that we'd disagree or assume the apposite. I don't think that there is any gods on earth, we're only humans, so all the filmmakers, therefore they CAN make mistakes, bad movies.. Or very bad too. The main problem wasn't that art, by all means, is susceptible to endless points of view, but that a lot of people just don't get it, that every single human got his own genuine taste, his own opinion, hence what I suppose it the greatest movie ever made, can also be your worst one ever, and how that is right both ways, but how many people can understand this correctly?. So my professor believes in this movie, and simply I don't. However, the only way to evaluate this ""thing"" is by measuring it by its original intent to show us different kinds of old folk stories or whatever to catch on this society's mentality, imagination, and nature. To tell you the damn truth Mr. Pier Paolo Pasolini as the scriptwriter and the director made it too unbearable to watch in the first place. The movie is so UGLY. I can't stand this, so how about analyzing it, then discovering the potential beauty in it !! It's beyond your mind hideousness, and strangely not for the sake of the movie's case or anything, it's for the sake of the unstable vision of (Pasolini). His work is so primitive to underdeveloped extent. The deadly cinematic technique, the effective sense of silliness, and the incredible horribleness made everything obnoxious. Look at the atrocious acting, the unfruitful cinematography, the awfully poor sets, .. OH MY GOD I've got the nausea already. It can terminate your objectivity violently as watching this movie is one true pain like taking the wisdom tooth off by a blind doctor. There are dreadful nightmares which could be more merciful than this. So originally, how to continue THAT just to review it fairly ? Actually, you don't. As this very movie doesn't treat you fair at all. There is really memorable scene in here where some boys are peeing into the eye of the camera (!) I'm trying to connect some things like that with Pasolini's end as murdered."
tt0065738,Frankenstein Must Be Destroyed,Terence Fisher,1969,101,"Drama,Horror,Sci-Fi","I loved ""The Curse of Frankenstein"" so much that I rushed out to get ""Frankenstein Must Be Destroyed"" to see Cushing at it again...even if it was without Chistopher Lee this time. To my great disappointment, this movie not only does without Lee, but it does without Frankenstein's Monster altogether! Was it a case of ""If we can't get Lee, we won't have a monster at all""? Why would they do that? The monster is half the fun of the whole thing!! This film is dedicated solely to the study of Baron Frankenstein and his quest to finish experiments he had begun in brain transplants before ending up in an asylum. I found the script extremely weak, with the need to suspend disbelief forced upon the audience a little too much. I'm willing to suspend a fair amount, but this movie got fairly ridiculous, which took me out of the film rather than immersing me in it.<br /><br />Peter Cushing, though, is absolutely brilliant playing pure evil in this film. For being one of the most beloved actors and notoriously sweet men, he sure could play menacing and malevolent extremely well. The supporting cast is competent, but has little to do, even the young doctor and his fiancée blackmailed into helping Frankenstein. A bumbling police chief is introduced, along with his put-upon sidekick, to generate some comic relief, then they are completely dropped from the movie! Why? We are led to believe that the police chief will be the main nemesis of the Baron, then we are led to believe it will be the young doctor, and then it ends up being the victim of Frankenstein's brain transplant experiment. There was no tension, we weren't invested in the ""creature"", and the ending was left so ambiguous as to leave one unsatisfied because it is so clear they are setting up another sequel.<br /><br />Also, there are virtually no ""horror"" elements. Yes, there is a beheading in the beginning (off-camera), and we are treated to the sounds of Cushing cutting the tops of two men's skulls off (again, off camera), and there is the most unsettling and thoroughly unnecessary rape scene (90% of which is, again, off-camera). I understand that there is a love of ""letting the audience imagine it all, for their imaginations are far worse than what we can show"", but come on, if you're not going to give us a Monster, then at least let us SEE the few ""horrific"" elements you do choose to include. Showing us a skeleton in the lab lit with a green light is just not scary.<br /><br />On top of a weak script, I thought the directing was mostly flat. There were a couple of nice shots, but otherwise no excitement, atmosphere, or suspense was generated. The same director did ""Curse"" back in 1958 and I thought it was brilliantly directed...guess he was as uninspired by this film as I was.<br /><br />The movie gets a 4 out of 10 from me strictly for Peter Cushing's powerful, nuanced performance...beyond that, I found little in this movie worth recommending. Instead, my suggestion is to watch ""The Curse of Frankenstein"" and see a truly great Hammer horror film."
tt0066344,Scrooge,Ronald Neame,1970,113,"Drama,Family,Fantasy","now don't get me wrong, i do enjoy christmas movies. i love its a wonderful life and i really enjoy the versions of a christmas carol with george c. scott and alistair sim. but this particular movie is awful. i think the i love life song the ghost of christmas present sings is especially painful. albert finney sings fairly well in annie. i don't know whats wrong with him in this movie but it sounds as though someone is trying to sing through a mouthful of dead gerbils. the only thing that saved this movie for us was shutting the sound off and watching the dance numbers accompanied by the south park christmas cd."
tt0067328,The Last Picture Show,Peter Bogdanovich,1971,118,"Drama,Romance","I gave this movie a very fair chance, and it betrayed me. This is very little more than a black and white excuse to bore the hell out of the audience even as the egotist Bogdanavich (who did way better with TARGETS) gets ""great performances"" out of a ton of hams in their debuts. Lots of teenage sex clichés come out of this movie, such as Doing the Teacher's Wife, Impotence, Doing the Ugly Prostitute(which is very awkwardly shot and grinds things to a complete halt, not that things were really going anywhere anyway) and skinny dipping.<br /><br />I suppose this movie is supposed to be funny because of all the sex nonsense, to me, it was just annoying. I was seriously much more entertained by cleaning my finger nails than watching this mess."
tt0067870,A Town Called Hell,"Robert Parrish, Irving Lerner",1971,95,"Action,Drama,Western","""A Town Called Hell"" (aka ""A Town Called Bastard""), a British/Spanish co-production, was made on the heels of Clint Eastwood's success in the Italian made ""Man With No Name"" trilogy. The template used in most of these films was to hire recognizable American actors, whose careers were largely in decline and dub their voices. This film is no exception except for the fact that they used some British actors as well.<br /><br />It's difficult to summarize the plot, but here goes. The story opens with rebels or whatever, led by Robert Shaw and Marin Landau raiding a church and killing everyone inside, including the priest. Fast forward to the subject town a few years later where the Shaw character is masquerading as a priest. The mayor of the town (Telly Savalas) is a brutal leader who thinks nothing of meting out justice with his gun.<br /><br />Throw into the mix a grieving widow Alvira (Stella Stevens) who is searching for her husband's killer. Add to this the fact that she rides around in a hearse lying dead like in a coffin for God knows why. After the mayor is murdered by his henchman La Bomba (Al Lettieri) the town is invaded by a federale Colonel (Landau) in search of a rebel leader (I'm sorry but the name escapes me). The Colonel takes over the town and begins summarily executing the townsfolk to force them to reveal the identity of the leader.<br /><br />Even though they opened the film side by side, its difficult to tell from the dialog that the Landau and Shaw characters know each other. A blind man (Fernando Rey) claims he can identify the rebel leader by touching his face. He does so and..............................................<br /><br />I'm sure the principals regretted making this film. It's just plain awful and well deserving of my dreaded ""1"" rating. Shaw spends most of the film fixating his trademark stare at whomever is handy. Even Landau can't salvage this film. The beautiful Ms. Stevens is totally wasted here too. Having just made Peckinpah's ""The Ballad of Cable Hogue"" the previous year, I found it odd that she would appear in this mess of a movie. Savalas made several of these pictures, (""Pancho Villa"" and ""Horror Express"" come to mind) during he pre-Kojak period.Michael Craig is also in it somewhere as a character called ""Paco"".<br /><br />Fernando Rey appeared in many of these ""westerns"" although he would emerge to play the villain in the two ""French Connection"" films. Al Lettieri would also emerge with a role in ""The Godfather"" (1972) and go on to other memorable roles before his untimely death in 1975.<br /><br />In all fairness, the version I watched ran only 88 minutes rather than the longer running times of 95 or 97 minutes listed on IMDb, however I can't see where an extra 7 or 8 minutes would make much difference.<br /><br />Avoid this one."
tt0068152,$,Richard Brooks,1971,121,"Comedy,Crime,Drama","How the hell did they get this made?! Presenting itself as a caper comedy, the misbegotten ""$"" is essentially two hours of people mumbling sentence fragments. The usually dependable Warren Beatty looks drunk, and the usually hilarious Goldie Hawn acts like she's on depressants. As for Gert Frobe, his most famous role - Goldfinger - was infinitely more admirable than his character here. Not even the guy with the champagne bottle of LSD can save this litany of worthlessness.<br /><br />Am I comparing this movie to ""Plan 9 from Outer Space""? I wouldn't do such a thing even if someone paid me. ""P9FOS"" was idiotically made but ended up hilarious; this was idiotically made and causes you to feel like your brain just melted out of your ears. Warren Beatty and Goldie Hawn made up for this when they co-starred in ""Shampoo"", but then they co-starred in the dreadful ""Town & Country"". Maybe they just shouldn't co-star in movies. All in all, I would rather have my skin torn off than have to watch this again. Awful.<br /><br />Maybe they should remake it with Jackie Chan. Then I would pay to see it."
tt0068509,"Drive, He Said",Jack Nicholson,1971,90,"Comedy,Drama,Sport","I went to see this movie at our college theater thirty years ago because I liked Bruce Dern in Silent Running and Family Plot. To this day (sorry Jack Nicholson), it is still the dullest movie I've ever seen. It just went on and on with no discernible point and then - it just ended. The lights came up and I watched everyone looking around in confusion. Had the projectionist missed a reel? I've never had the urge to find out. All I remember about the movie is that it was a non-drama about some annoying college basketball players and their coach. The most enjoyable part of the movie was watching the totally mystified audience afterwords. Fortunately, this was just an exception for Jack, Bruce, and Karen Black."
tt0069446,The Master Touch,Michele Lupo,1972,112,"Action,Crime,Drama","A not bad but also not so great heist film. Kirk Douglas is a recently released from prison safe-cracker who, after turning down an offer from the Mob, decides to pull the job himself. He recruits circus gymnast Giuliano Gemma. Mayhem ensues. Douglas and Gemma soon find themselves pursued by mafia goon Romano Puppo as well as entangled in a really goofy love triangle with Douglas's infinitely patient girlfriend (Florinda Bolkan). Director Michele Lupo keeps the pace moving quickly and there's at least one excellent and creative car chase sequence involving Puppo & Gemma. Though an Italian production, most of the filming appears to have been done in Germany. Douglas is fine, not just slumming it in an Giallo quickie. The striking Bolkan gives a terrific performance. The music is by Ennio Morricone and the cinematography is by the great Tonino Delli Colli, who managed to work with everyone in Italy (from Wertmuller and Fellini to Pasolini and Leone)."
tt0070000,Double Indemnity,Jack Smight,1973,74,"Crime,Drama,Romance","This 1973 remake of the classic 1944 Billy Wilder film, ""Double Indemnity,"" is a textbook example of how to destroy a great script. This grade-B TV fodder also illustrates the folly of remakes in general. While Hollywood has gone after greedy executives that colorize black-and-white films and sought disclaimers on wide-screen movies that are shown in pan-and-scan versions, the industry has ignored the hacks that insist on taking a classic film and diminishing it with a shoddy remake.<br /><br />The first step in producing a bowdlerized version of a classic is to edit the script. The Billy-Wilder-Raymond-Chandler work was cut by a half hour to fit the finished film into a specified time-slot with room for commercials. Then update the production with bland, color photography, smart, upscale sets, and TV-familiar actors. Thus, the brand-new ""Double Indemnity"" eliminates the atmospheric black-and-white film-noir cinematography that enhanced the mood and characterizations of the original. Gone are the dusty, shadowy, claustrophobic sets that explained the protagonists' desires to escape their situations at whatever cost. Gone are the close bond between Keyes and Neff and the erotic attraction between Neff and Phyllis.<br /><br />The look of Jack Smight's take on ""Double Indemnity"" is more ""Dynasty"" than film noir. Phyllis Dietrickson has a designer home to die for, and Neff's comfy pad would be hard to afford on an insurance salesman's salary, not to mention the sporty Mercedes convertible that he drives. Neither character has any apparent motive to murder for a paltry $200,000. If not money, then perhaps murder for love or lust? Not in this version. Richard Crenna shows little interest in Samantha Eggar, and their kisses are about as lusty as those between a brother and a sister. Crenna fails to capture the cynicism of Neff, and his attempts at double-entendre and sexual suggestiveness fall horribly flat. Eggar is little better and lacks sensuality and the depth to suggest the inner workings of a supposedly devious and manipulative mind. Only Lee J. Cobb manages a creditable performance as Keyes. Director Jack Smight and his three principals have all done much better work.<br /><br />There was no conceivable reason to produce this wretched remake except to fill time in a broadcast schedule. There was no conceivable reason to resurrect this dud on DVD and package it with the original film except to fill out a double-disc package. The only lesson that can be learned from this misfire is that even a great script and great dialog can be ruined with poor casting, lackluster direction, and TV grade production values. The 1973 ""Double Indemnity"" should be titled ""10% Indemnity,"" because viewing it only underscores the 100% perfection of the original movie."
tt0070359,The Mother and the Whore,Jean Eustache,1973,210,"Drama,Romance","Well, as Goethe once said, there really isn't any point in trying to pass a negative judgement that aspires to be objective on ""something that has had a great effect"". ""La Maman et La Putain"" has surely passed into history as an influence on much of what's been done in France and elsewhere in the past thirty years and no one interested in the history of film, certainly, should be dissuaded from watching it. To express a purely subjective judgement, however, I feel compelled to disagree with almost every other review posted here and say to people: ""Don't watch it; it's a waste of hours of your time that will just leave you feeling rather sick and angry."" And by that I don't mean ""sick and angry"" about ""the human condition"" or anything so general and profound as that, because that is exactly the line that most critics have adopted in their fulsome praise of the film - ""an ordeal to watch in its ruthless dissection of our emotional cowardice and cruelty"" and so on - and, if it really managed to put across a universally or even broadly relevant message of this sort, then the director would have good reason to be satisfied with himself, however pessimistic his conclusions may be. My beef with the film is rather that I don't see this hours-long record of empty vanity and petty treachery as being justified or excused by any GENERALLY relevant message at all. All three main characters are deeply morally unattractive individuals: Alexandre to the greatest degree, of course, because we see by far the most of him and because he seldom shuts up for more than thirty seconds; Marie perhaps to the least degree, because we see the least of her. Alexandre's affected and pretentious monologues have a kind of amusement value, of course, but the amusement wears thin as one comes more and more clearly to realize that Jean-Pierre Léaud is most likely not even acting and that, with absurd remarks like ""un homme beau comme un film de Nicholas Ray"", he really was just reproducing word-for-word opinions that were accepted as authentic and profound by the milieu in which he, along with the director Eustache, had been living for about ten years by the time of the making of the film. I suppose if the tone of relentless superficiality and triviality had been sustained throughout 100% of the film, it might have worked as a long sardonic comedy about a particularly shallow, worthless and despicable post-'68 milieu. What made, however, this viewer at least extremely angry with the director was his granting of at least one lengthy scene each to Alexandre and Veronika in which we are clearly expected to empathize with and feel for them as if they shared a moral universe with us. If a man can get away with living in the flat of and professing to love one woman, sleeping (mostly in this very flat) with another, and running around Paris proposing marriage to yet a third, well, I suppose I can wish him the best of luck in the dog-eat-dog world he's chosen to create for himself. What I can't, however, in all conscience do is listen even for a moment to maudlin monologues from him in which he speaks about his ""anxiety"" and his ""despair"". The same goes double for the even more despicable Veronika, whom we are shown barging drunk into the apartment and even the bed shared by Marie and Alexandre and behaving there with an infantile inconsistency tantamount to the most savage and heartless cruelty. As I say, if ""La Maman et La Putain"" is intended to be nothing more nor other than a portrait of Alexandre, Veronika and Marie, three individuals whom any even halfway decent person would never admit into their company let alone their home, then I suppose there is a kind of legitimacy in praising the director for being ""unflinching"" (though why one should even feel like ""flinching"" once one had consciously opted to create such thoroughly repellent characters to filmically observe I can't imagine). The problem, however, is that the director is clearly convinced - and appears to have succeeded in convincing generations of critics - that Alexander, Veronika and Marie are somehow representative of human beings in general and of the limits of human beings' emotional capabilities. This latter idea, however, is arrant and offensive nonsense. There may indeed be an inherent fallibility and tendency to tragedy in human relations in general and sexual relations in particular. But the nature and degree of this fallibility and tendency to tragedy can only possibly be determined by people who make a sincere and serious effort to make such relations work. It surely needs no cinematic or authorial genius to convey to us the information that a man who behaves like Alexandre is going to end up hated, miserable, and alone, or that women who insist on expecting love from a man like Alexandre are going to end up disappointed and bitter. Watch ""La Maman et La Putain"" if you're historically interested in what passed for culture and human interaction in a certain post-'68 Parisian milieu which was probably, unfortunately, not restricted to just a few particularly anti-social types like these. But please don't make the mistake of believing that what is recorded here has any general relevance for humanity in the way that a film by Jean Renoir or Martin Scorsese might be argued to have."
tt0070795,A Thief in the Night,Donald W. Thompson,1972,69,"Drama,Fantasy,Horror","Written and acted by sincere amateurs, produced by some exploitation monger, this is dull and hard to watch.<br /><br />Not the worst movie ever, but at least schlock like _Plan 9 From Outer Space_ usually had a real actor or two. I'd recommend _A Thief In The Night_ only to hardcore ironists and hardcore Dispensationalists. I'm neither.<br /><br />Don't believe me? Watch it for free (albeit sourced from poor VHS) here: http://www.archive.org/details/Thief-In-The-Night<br /><br />Relevant links added mostly to reach IMDb's 10-line minimum: http://en.wikipedia.org/wiki/Dispensationalism http://www.dvdtalk.com/reviews/3199/thief-in-the-night-se-a/"
tt0071477,The Execution of Private Slovik,Lamont Johnson,1974,120,"Biography,Drama","It was 1974 and it starred Martin Sheen.<br /><br />That alone says what to expect of this movie.<br /><br />And it was a movie. According to the movie, Slovik had reformed, got a good woman, and didn't want to fight.<br /><br />In real life, Slovik may have been a naive innocent, or he may have just wanted to manipulate the system.<br /><br />Whoever Slovik was or wasn't is for history to decide, but this was a movie that dealt with dessertion at a time when a country was questioning why it was fighting, and the movie took sides.<br /><br />With no regard to servicemen who were in Viet Nam either in 1974 (as Willie Nelson would say, let's tell the truth, it was about the Viet Nam war, not WWII), EoES was as propagandistic as Gung Ho was in the forties.<br /><br />According to this movie, Slovik stated his position, plain and simple. He had a nervous problem. Heck, I have a clinical nervous condition, and trust me, if I had done military duty, it would have been no problem for me to either just let my nerves go and fail at my tasks and get a demotion or put on KP duty or latrine duty with no problem.<br /><br />If we believe the teleflick, Slovik didn't have that option, no doubt because of his criminal history.<br /><br />Whatever the viewer wants to believe is up to the viewer. I've learned that movies from this decade or that decade, in dealing with service or military duty, will pretty much take the same stance over and over.<br /><br />1940s and 1950s, serve your country.<br /><br />1960s and 1970s, mock your country.<br /><br />This is the history.<br /><br />The whole movie seemed predictably Hollywood to me. He refused to serve and only when he was being strapped up to be executed does he show emotion.<br /><br />Such an emotional outburst could have easily worked to his advantage in his declaration of his nervous condition, but obviously the movie wanted to show him as a human being and only when he is about to die does he become sorrowful.<br /><br />I'm not a Catholic, but I thought the recital of the hail Mary by Ned Beatty and Sheen at the end, with the Lord's prayer, was funny as it sounded like they were trying to see who could say it faster.<br /><br />I don't see how this movie could be watched without realizing it was aimed at Tricky Dick Nixon and the Viet Nam war.<br /><br />I hope it was all worth it for Slovik and anyone who chose to follow his example."
tt0072130,The Second Coming of Suzanne,Michael Barry,1974,90,Drama,"....because if I was, I may have wished it was me being crucified on a wooden cross! I'm still trying to determine the plot of this movie - and I'm being ""generous"" that there was even a plot to begin with. As previously mentioned, it's a misnomer on the cover of the DVD that Richard Dreyfuss is actually the star. He was barely in the movie. And if he was indeed ""frustrated"" as the back cover indicated he was, well, that's probably because he said YES to be in this disaster of a movie and couldn't get out of it! The movie really seemed to focus on Jared Martin, and what his role in the movie was supposed to be, other than the extreme close -ups, was not as big of a mystery as to what Gene Barry's role actually was - or wasn't. And speaking of ""big""...whomever had the bright idea to fit Gene Barry in the Humpty Dumpty attire, which showcased his trousers literally pulled up to his chin, should be sentenced to hard time by watching this movie stoned sober. I could go on and on about how horrendous this movie was, from the dialogue not matching the ""actors'"" mouths (think Clutch Cargo), to the erratic jumping from scene to scene (again, being generous even calling the frames of pictures ""scenes""), to the lack of a plot.... However, if you're into bad early 70s genre and if you're in a cottage in Michigan with nothing but this movie and a box of kid & cat pictures, I recommend having a good bottle of wine before you embark on this weird ride of a movie because you'll be thankful that you may not remember it the next day!"
tt0072417,A Woman Under the Influence,John Cassavetes,1974,155,"Drama,Romance","In A Woman Under the Influence Mabel goes crazy, but I can see why she does go crazy. If I lived the kind of life she lived with the family she has I would go crazy too. Everyone in her family is off their rocker and not completely with it. She is constantly surrounded by people yelling at her and telling her what is best for herself and people that aren't the sharpest knifes in the drawer.<br /><br />To start with the one person closest to her in her life, her husband, Nick, is a little off his rocker. He is always yelling at her when he is home telling her how to live her life and to stop acting like an imbecile. The rest of the time he is working long hours at his job and he isn't there to support her when she needs support. The one person in her life that should always be there for her is never there and if he is, he is just making her feel worse. She relies on him for support and always goes to him first when she feels she is acting wrong and he does nothing to support her. When she comes home from the hospital all he does is tell her how to act, instead of comforting her, he just yells at her and tells her what to do.<br /><br />The other major people in her life are her parents. Her parents do nothing in her life for her. Mabel basically runs their lives because they are afraid to stand up to her and stand up for her. In the end she even asks her father to stand up for her and he doesn't understand, and when he does get it he still does nothing. They do nothing to help Mabel recover or to keep her from going crazy because they do nothing for her period. The only person that tries to do something for her is Nick's mom. Nick's mom is adamant about having Mabel committed. She doesn't want to have Nick deal with it so she has the doctor commit her. It seems as though everyone is against Mabel and they feel that having her committed is a good idea because then they won't have to deal with it anymore. They all want to live their own lives and do nothing for Mabel except for yell at her and make her feel like she is doing something wrong when she really isn't. That is why she went crazy, and why she had to be committed, it was her family's entire fault."
tt0072705,Bite the Bullet,Richard Brooks,1975,132,"Action,Adventure,Drama","Gritty, dusty western from director Richard Brooks, who seems thoroughly engrossed in the genre while keeping all the usual clichés intact. Early 1900s horse race attracts a low-keyed cowboy (Gene Hackman), a suave gambler (James Coburn), a cocky kid (Jan Michael Vincent), and even a FEMALE (a surprisingly game Candice Bergen). Once the preliminaries are out of the way (with the predictable arguments over whether or not a woman should take part), this becomes a fairly engrossing entry, though one which breaks no new ground (it instead resembles something from Gary Cooper's era). Good-looking, if overlong piece has macho verve and a fine cast, yet the mechanisms of the plot get tiresome rather quickly. ** from ****"
tt0072752,The Beast,Walerian Borowczyk,1975,98,"Drama,Fantasy,Horror","Nope, I am just not going to get with it here. I refuse to go along with the program. Don't you supposed that perhaps this movie is just a tad over-rated? Look at the reader comments and their star ratings: Most are 6/10, 7/10 or better. I think this is an instance when the ratings may say more about the people rendering them than the movie itself, which is unique. How many other sex fantasies about simulated bestiality complete with horse couplings have become mainstream hits as catalog DVD titles? I watched this movie with a pervading sense of anticipation, expecting fireworks, and instead got someone popping a Gucci shopping bag. It looked great, but once the thrill had been spent even the twist ending didn't do much to save it.<br /><br />The film's background story says it all: Director films about 25 minutes of borderline hardcore fake bestial sex for another movie, is informed the footage will not be appropriate, sets it aside, waits two or three years for a smattering of critical acclaim to build up, then constructs an entire feature around that 25 minutes, filming roughly 70 minutes of otherwise unrelated, excruciatingly boring footage and inserting the 25 minute chunk in as a dream sequence. That the 25 minutes of film in question is strikingly odd, original and shocking in a deliberate, calculated manner goes without saying. But we aren't here to evaluate that 25 minutes alone, we must consider the entire film, and ask ourselves why people are so enthusiastic about the movie? Or are they just enamored by it's background story and history of having been banned by people who were stupid enough to be offended by it?<br /><br />Perhaps it is an anti-clerical agenda that appeals to them. Hating the western religions of catholicism and Christianity is one of the few remaining socially acceptable bastions of intolerance -- Just today it was revealed that the BBC routinely skews their broadcasts with anti Christian & anti Western sentiment in the furtherance of political correctness. You can say anything you want about the Bible, pedopheliac priests, the institutionalized cruelty of the church, and how much white men and their inhuman religions suck the dimpled skin off a golf ball ... But say one negative thing about non-westernized religions, and you are toast. This movie was tailor made for such a sentiment, with a wrinkly old dried up priest who has an entirely unwholesome on screen relationship with two pretty 14 year old French boys complete with inappropriate touching, fawning, fondling, fumbling, groping, and patting of the backsides. Ewww.<br /><br />And then there is the horse couplings, photographed in such fetishistic closeup detail that portions of the film could be used as visual aids for a biology class on animal husbandry. Yes I understand the thematic relevance of the imagery -- large animal phallus's with a wealth of reproductive fluids just waiting to be unleashed like fire extinguishers -- but if I wanted to watch horses, you know, do it, I would like go live on a farm. Having their genitals in my face is about as entertaining as watching someone use a bathroom.<br /><br />Is this movie just a sort of artsy diversion for social deviants? Probably, though I will grant the artistic execution of most of it, filmed in a kind of arty Euro detail that even has a dappled forest pond right out of a Monet painting, complete with a spanning arched bridge. And the ending (which even I managed to be surprised by) does sort of wrap it all up into a neat if distasteful package. But you have to remember that there are certain things that cannot be deconstructed for their design elements and many artists are guilty for exploiting them in their work to lend a sort of gravitas that would not have been achieved without it. That isn't fair, and even Clint Eastwood has fallen prey to the urge with his new movie about Iwo Jima. Whether or not his film is any good stands as a separate consideration from whether or not that battle was a noble cause fought by men who were heroes. The problem is that most people will not be able to separate out the two aspects of the movie and will be lining up to give it Oscars because of it's noble message -- not because it is a particularly good or original movie.<br /><br />While it may seem like an odd parallel, I see one with THE BEAST: How can anyone not see the basic beauty of nature in the sight of two horses mating? And who cannot see the logical culmination of the repressed sexuality from fairy tales in the film's explosive set-piece where Beauty and the Beast finally do the nasty? Somehow I managed to miss both points, and am delighted that I have seen this film so that I can trash it as being what it really is: 25 minutes or so of eye opening over the top adult fairy tale imagery surrounded by 70 minutes of skull drainingly boring artsy-fartsy Euro Trash dreck about some guy getting a haircut, and a great ending. It's art for sure, but it sucks hard.<br /><br />3/10"
tt0074331,Old Fashioned Murder,Robert Douglas,1976,72,"Crime,Drama,Mystery","Curiously, Season 6 of the Columbo series contained only three episodes and there is very little evidence of quality in at least two of the scripts, based on this outing for the ""man-in-the-mac"" and also ""Fade into Murder"".<br /><br />Furthermore, it is not a coincidence that Peter S. Feibleman penned both the aforementioned scripts (incidentally he plays the part of the murdered security guard here).<br /><br />This adventure is very rarely compelling and many of the performers just look disinterested with the material. The story is rather weakly developed with some protracted periods of boring conversation.<br /><br />Columbo is also shadowed by a colleague here(similar to ""Last Salute to the Commodore"") but the entertainment value is minimal. To add to this, Celeste's Holm characterisation, which is intended to provide comedy, induces embarrassment rather than laughs.<br /><br />The script wavers off to deal with the family history and the murderess does enough to gift Columbo the case, though there is never a credible discussion relating to the motives of her crime.<br /><br />Ironically, what turns out to be, arguably, Columbo's worst adventure produces the funniest moment in the series. He quizzes a male hairdresser and has a haircut/manicure at the same time. The next 5 minutes are hilarious - it's just that Columbo's hair is so perfectly groomed, then he can't afford to pay the bill and then, when he makes enquiries at a jewellers he keeps glancing in the mirror to admire his hairstyle!<br /><br />Sadly, this is the only decent moment from a script that looks like it has been cobbled together in ten minutes. <br /><br />For Columbo completionists only."
tt0075265,A Star Is Born,Frank Pierson,1976,139,"Drama,Music,Romance","Really an amazing pile of pap! <br /><br />A predictable, slow moving, soul destroying, mind numbing movie to which, slitting your own wrists with a rusty bread knife seems... well, almost necessary.<br /><br />The acting is over done for the thin dialogue, every scene is at least twice as long as it needs to be, the intricate details of how this career is collapsing or that career is rising is just far too dreary and mundane for words. The music would be good if you didn't have to sit through the movie, but really, three good songs is not enough reward for the effort required to watch the movie.<br /><br />Watching this film I prayed to God for narcolepsy or for someone to shoot me.<br /><br />Never, ever, ever again."
tt0075614,The Psychic,Lucio Fulci,1977,90,"Drama,Horror,Mystery","A story of amazing disinterest kills ""The Psychic"" over and over again. The characters and plot are completely uninteresting (as is Fulci's mad camera work, which is usually a redeeming factor in his films), and any grasp of suspense is nowhere to be found. It's padded out to an insufferable degree--by the end, you won't be clamoring with excitement but stricken with boredom (and, like me, maybe an uncontrollable urge to fall asleep). Jennifer O'Neill's performance deserves occupancy in a better movie. Fulci gorehounds beware--there's just not much going on in ""The Psychic.""<br /><br />3/10"
tt0075774,Bobby Deerfield,Sydney Pollack,1977,124,"Drama,Romance","One of the most peculiar oft-used romance movie plots is this one: A seriously messed-up man falls in love with a terminally ill woman, who turns his life around before dying. Occasionally this story is done well and realistically (as in ""The Theory of Flight"", an excellent weepie), but more frequently it's done like it is here, where as usual the heroine dies of ""Old Movie Disease"". You know, the terminal illness that has no symptoms but one fainting spell and a need to lie down as you're telling your lover goodbye forever; and your looks aren't affected one bit (and since this is the 70's, neither is your sex life). This is one of the worst versions made of that particular story, where a very silly script puts two incompatible and unbelievable characters together, and they're played by actors who are completely at sea.<br /><br />This has got to be the worst performance of Al Pacino's career, and I say that after having seen ""The Devil's Advocate"" only two days ago! He plays a control-freak, emotionally constipated race-car driver, and plays an unlikeable character lifelessly. He seems to constantly be asking himself why he's staying around the grating Marthe Keller (so does the audience), and spends most of the movie just... standing there, usually with his mouth hanging open. The only time he shows any sign of life is towards the end, where his character proves that he's changed from uptight to liberated by doing a hilariously bad Mae West imitation. Hey, it *was* the seventies!<br /><br />Marthe Keller is equally terrible as the dying love interest; her character was conceived as bold and free and touching and uninhibited and full of life even though dying, and was probably meant to be played with an actress with the sensitivity of, say, Vanessa Redgrave or Julie Christie. Instead, they got the expressionless face and heavy German accent of Ms. Keller, who comes across as more of a scary Teutonic stereotype (""You VILL eat ze omelet!"") than anything like lovable. She's supposed to be reforming Pacino and filling him with courage and spirit and all that, but it doesn't work that way, it's more like she's harping on his faults in the most obnoxious possible fashion. This makes for one of the least convincing romances in movie history, where you can't believe she'd be with someone she finds so worthless, and you can't believe he's with someone who gets on his nerves that much.<br /><br />Some bad-movie fans call this a cult classic, mostly because of Pacino's silly ""liberating"" Mae West imitation. The scene is a scream, especially in context, but not worth sitting through the rest of the film for. No, only see the film if you're a serious bad-movie aficionado who is especially interested in studying Extreme Lack of Chemistry between leading actors, or Very Bad Casting (not only are the leads terrible, but Pacino's other girlfriend is played by an actress who looks and sounds just likes Keller with shorter hair, I got them totally confused). This isn't one of those laugh-a-minute bad movies like ""The Conqueror"", it's just a really, really bad movie.<br /><br />"
tt0075950,The Domino Principle,Stanley Kramer,1977,100,"Drama,Thriller","""The Domino Principle"" is, without question, one of the worst thrillers ever made. Hardly any sense can be made of the convoluted plot and by the halfway point you'll want to throw your arms up in frustration and scream ""I give up!!!""<br /><br />How Gene Hackman and director Stanley Kramer ever got involved in this mess must only be summed up by their paychecks.<br /><br />I hope they spent their money well."
tt0076131,The Curious Case of the Campus Corpse,Douglas Curtis,1977,90,"Comedy,Drama,Horror","This movie is pretty awful but I have some interesting information about it:<br /><br />It was filmed in 1976 at Northern Arizona University in Flagstaff, AZ, as well as at Oak Creek Canyon near Sedona, AZ. A good bulk of the extras in the film are then-drama students from NAU. I was a freshman there that year, minoring in theatre, but for some reason I didn't get involved with the production. I did however know several people who did and can supply this rather odd fact:<br /><br />There is a scene in this movie where two of the principals, as part of their hazing ritual, have to run naked into the woods. They are seen from behind in the movie, doing just that. The thing is, those aren't the actors at all but two guys I knew from the theatre department. The identity of these ""stunt posteriors"" will remain anonymous, at least to this website, unless they decide to, um, ""reveal"" themselves!"
tt0076504,Orca,Michael Anderson,1977,92,"Adventure,Drama,Horror","This is only a response to the yahoo who says this movie is more realistic than the classic, genre defining MASTERPIECE, Jaws. Yes, brainiac, great whites(and other species of shark, bull, black-tip, oceanic white-tip, tiger)have been known to populate areas where easy prey is found. Humans don't often make it onto that menu, granted, but the shark in the film was repeatedly pointed out to be exhibiting abnormal behavior. It's not like it's never happened. The odds of a killer whale destroying nearly a whole town, singling out a human nemesis, sinking several dozen thick hulled North Atlantic fishing boats and knowing when certain people, all friends of the aforementioned ""nemesis"", are close enough to the water for it to reach, are so slim as to be laughable. Much like this turd of a Jaws knock-off. Laughable. Great white sharks are also known to frequently chew on boats, protective underwater cages and people on rafts and surfboards, as they look like seals from below. A shark the size of Bruce(if you don't know, look it up)would be more than capable of sinking a boat like The Orca(hey! that's the name of the blatant rip-off we're discussing!), as it would weigh upwards of 6,000 lbs. I could go on, but I don't need to. Jaws is amazing(better acting, better effects, better music, better writing), Orca is crap(BLATANT rip-off of Jaws, lousy writing, abominable effects, most ridiculous plot this side of an Olson Twins flick). It doesn't take a masters from Columbia University to see that. Watch better movies."
tt0076749,Playing with Love,Pier Giuseppe Murgia,1977,94,"Drama,Romance","the tortuous emotional impact is degrading, whether adult or adolescent the personal values shown in this movie belong in a bad psychodrama if anywhere at all. This movie has a plot, but it is all evil from start to end. This is no way for people to act and degrades both sexes all the way through the movie. teen killing - bad preteen sex - bad emotional battering - bad animal cruelty - bad psychological torture - bad parental neglect - bad the only merit if any is the excellent color shots of contrasting red, blond and green leaves a bad feeling for anyone that respects life and peace, what a bad mistake to make, or to watch... it is UGLY"
tt0076794,Tail Gunner Joe,Jud Taylor,1977,145,"Biography,Drama,History","The title says it all. ""Tail Gunner Joe"" was a tag given to the Senator which relied upon the ignorance of the public about World War II aircraft. The rear facing moving guns relied upon a latch that would prevent the rear gunner from shooting off the tail of the airplane by preventing the gun from firing when it pointed at the tail. When the Senator was practicing on the ground one day, he succeeded in shooting off the tail of the airplane. He couldn't have done that if the gun had been properly aligned. The gunnery officer responsible for that admitted, in public, before a camera, that he was responsible -- he had made the error, not the Senator. The fact that the film did not report that fact, shows how one-sided it is. This film was designed to do one thing, destroy the reputation of a complex person.<br /><br />A much better program was the PBS special done on him. He was a hard working, intelligent, ambitious politician who overcame extraordinary disadvantages to rise to extraordinary heights. He made some mistakes, some serious mistakes, but shooting the tail off an airplane was not one of them.<br /><br />The popularity of this film is due to the fact that the public likes simple stories, one=sided stories, so that they don't have to think."
tt0078159,Return to Boggy Creek,Tom Moore,1977,85,"Adventure,Drama,Family","Has to be one of the worst wastes of 35mm movie film ever unleashed on the public, the sequel to the at least entertaining pseudo-documentary original film ""The Legend of Boggy Creek"". Bad script, worse acting, etc., etc., Dawn Wells had to be hoping that Gilligan would come rescue her and take her back to the island just to escape from this piece of clap-trap."
tt0078176,Romeo & Juliet,Alvin Rakoff,1978,168,Drama,"Have to admit, this version disgraces Shakespeare upfront! None can act except the nurse who was my fav! Juliet had good skills as a teen but she can't give emotional depth to her lines and we really can never connect to her. She's worse doing the scene when she is contemplating drinking the sleeping potion...god stop whining! I would have poured it in her mouth to shut her up! Anthony Andrews...yikes! Considering his other great movies (Brideshead Revisited, Ivanhoe, Scarlet Pimpernel), he's quite a shocker in this one. And don't get me started on Romeo...puhleasssssee! It's still good to see if you're on the hunt to see every Romeo and Juliet ever made in the history of film. Olivia and Leonard's version is still the best, followed by Leslie Howard's version and then the current Leo and Clare!"
tt0078801,Ashanti,Richard Fleischer,1979,118,"Action,Adventure,Drama","Michael Caine has always claimed that Ashanti was ""the only film (he) did purely for the money"" as well as ""the worst film he ever starred in"". Hold on, Michael, weren't you in The Swarm and Hurry Sundown? And weren't both of those films a good deal worse than Ashanti? Perhaps Caine remembers only too begrudgingly the physically punishing demands of filming an action film in searing 130 degrees Fahrenheit temperatures (the director, Richard Fleischer, was hospitalised as a result of sun-stroke during the shoot). What Ashanti actually emerges as is not the career low-point of Michael Caine. Instead, it is a very average chase thriller with a talented cast, exotic locations, boring stretches and a highly formulaic storyline.<br /><br />Dr. David Linderby (Caine) is a W.H.O medic who is left devastated when his black wife Anansa (Beverly Johnson) goes missing during an aid trip to an African tribal village. Linderby gradually realises that his wife has been snatched by slave traders - led by Suleiman (Peter Ustinov) - and he sets off on a continent-wide pursuit which eventually leads to the Middle East.<br /><br />Along the way, big stars pop in for ineffective and superfluous guest roles. William Holden has a poor cameo as a chopper pilot; Omar Sharif displays little of his customary charm or grace as a pampered Arab millionaire; Rex Harrison looks rightfully bored during his brief role as a helpful contact who assists Caine in his quest. The film is based on a best-seller entitled Ebano, by the little-known author Alberto Vasquez-Figueroa, but the suspense that made the book so popular is largely absent in this adaptation. Ustinov is charismatic as the slaver (he seems in all his movies to be incapable of giving bad performances), and Caine generates believable anguish as the man who thinks he'll never see his wife again. There are occasional flashes of action, but on the whole Ashanti is quite slow-moving. All in all, it is a resistible piece of action hokum - not by any stretch as awful as Caine has frequently suggested, but not a very inspiring film and certainly a let-down from all the talent involved."
tt0082508,Heartland,Richard Pearce,1979,96,"Drama,Western","When converting a book to film, it is generally a good idea to keep at least some of the author's intended tone or conveyed concepts, rather than ignoring the author altogether. While it is clear that the director had access to and went on the advice of Elinore Stewart's children, it is key to note that the children believed their mother to be a complete liar in regards to the good, enriching, strengthening experiences of homesteading her land. The book details her life on her and her husband's adjoining homesteads in the vast Wyoming frontier; she chronicles daily adventures with her numerous friends and acquaintances, though they lived dozens of miles apart. The film, however, takes a standard stance for the time it was made, portraying this woman's experience as harsh, unforgiving, and nearly pointless. Perhaps the director was bringing some of his Vietnam War experiences with him to this movie (as some film aficionados have said), but it seems to be a lousy excuse for taking all the joy and beauty of the book and twisting it into a bleak, odious landscape devoid of friends or hope. Don't waste your time with this movie; read the book instead."
tt0083146,Sweet Sixteen,Jim Sotos,1983,90,"Crime,Drama,Horror","I am very surprised to see such a high rating for this film, and of the few reviews that there are to be positive. I saw the movie and was pretty dissapointed. I didn't find it very enjoyable at all. It was slow, and lacks the entertainment value. Even the murder scenes are lackluster, with real close-up shots of generic stabbings that don't look good at all. And the supposed great twist ending is really not much, I did see it coming, and then the ending just seemed cliche. This movie may not get much mention, but by the little that it does get, it is overrated. I would not recommend this movie."
tt0083728,Chan Is Missing,Wayne Wang,1982,76,"Drama,Mystery","I saw Chan Is Missing when it first came out, about four years after moving from San Francisco to New York. Maybe it was the perspective of a few years away, but this movie seemed to capture the essence of the city and its people better than anything else I'd ever seen (still does). It concentrates on one particular community - the Chinese - but that's fine, because so much of the city's soul is refracted through the settings, the faces, and the maybe above all the voices of the characters.<br /><br />This isn't the tourists' San Francisco. The settings are humble and everyday: a taxi cab, the kitchen of a Chinese restaurant, Richmond District row houses, little Chinatown apartments and small-business offices, the piers, a Philippine elder center. This is what the city looks and feels like day to day to the people who live there - even now, in the era of Silicon Gulch urban redevelopment. Unlike, say, Dirty Harry (in its own way an excellent San Francisco movie as well), everything is filmed at street level: We come to understand the characters' points of view from the perspective their surroundings give them, not from some fancy vertiginous shooting.<br /><br />Wang apparently filmed in B&W because he didn't have the money to do otherwise, yet one of the strongest visual elements of the movie is the natural light he achieves. The often harsh, pervasive quality of the sunlight is one of my closest associations with San Francisco: It seems to expose everything, bringing the buildings, the hills, the other landmarks down in scale and, in a funny way, making the people you pass on the streets seem more individual and potentially closer to you than they might in another place. Wang's photography perfectly conveys this, and even helps the story along at points.<br /><br />Wang captures the speech and conversational style of Chinese and other San Franciscans better than anyone ever has, I think. If there's such thing as a true San Francisco ""accent,"" it's what you hear from the balding taxi medallion broker (I think) who appears talking on the phone in one scene (listen to the way he calls the person on the other end ""ya dingaling!"").<br /><br />The story is poignant and, despite a few very small missteps, makes its points beautifully about the longings that pull at the hearts of people living in old immigrant communities - including the justified political and ethnic resentments, and little ironic amusements, that help to fuel them. All this is communicated delicately - perhaps why some respondents here think the film meanders. It doesn't - suffice it to say that the two cab drivers' quest for Chan becomes a quest for something more personal.<br /><br />Chan Is Missing finishes up with a Chinatown travelogue sequence backed by a goofy novelty song from the 1930s (I guess) about San Francisco and all its crazy diversity. An American caricature, yes, but somehow not entirely off the mark either."
tt0083739,Class of 1984,Mark L. Lester,1982,98,"Action,Crime,Drama","This film is really vile. It plays on the urban paranoia of the 70s/80s and puts it into a school context. I'm not saying that urban crime wasn't a problem for a lot of people or that schools weren't/aren't problem areas but this vile piece of exploitation takes the biscuit. Violence is beyond anything realistically imaginable but in this case it's not a case of social issues but a white, upper-middle class student uses it to turn himself into the crime kingpin of his local high schoiol. And of course he knows how to play the system. Does that sound familiar. Yes. This turd is pure violent exploitation, a really nasty piece of work. It's disturbing brutality dressed up as a social comment. This belongs in the same category as trash like Exterminator, Death Wish 2-5 and so on and so on. The only remarkable thing is that Michael Fox was so broke at the time that he had to do stuff like this."
tt0084096,The House Where Evil Dwells,Kevin Connor,1982,88,"Drama,Horror","Director Kevin Connor and wannabe action-hero / romantic lead Doug McClure, re-team in this ghost story set in Japan. They had been moderately successful together in the 1970's, with the likes of 'The Land that Time Forgot' (1975), 'At the Earth's Core' (1976) etc. Without plastic monsters to carry the narrative along though, the results are shabby and derivative in the most corny way.<br /><br />The film begins with a prologue set in the 19th Century, with a samurai husband killing his wife and her lover before committing suicide. A move forward to the present introduces married couple Ted & Laura, visiting Japan and moving in to the house where the tragedy took place.<br /><br />No surprises as to what happens next, with the spirits of the dead starting to take over the new inhabitants with family friend Alex (McClure) assuming the role of the wife's lover.<br /><br />Everything rumbles clumsily along with the elegance and grace of a charging elephant, to an inevitable ( but surprisingly downbeat ) conclusion. Main points of interest are two feeble decapitations ( 'The Omen' has a lot to answer for in promoting this as a standard horror set-piece ), and the love-making scenes featuring the doe-eyed but extremely kinky Susan George. The first is a long 'Don't Look Now' inspired piece with her hubby, complete with piano music; the second a much shorter (probably at her insistence) entanglement with McClure, both looking pretty uncomfortable. Anyway, every cloud has a silver lining and both scenes show of her fantastic knockers so all is not lost.<br /><br />Overall I can't decide whether 'The House where Evil Dwells' is rubbish, watchable rubbish, or entertaining in a masochistic kind of way. If you're not into the genre there is nothing here at all, but for horror fans there is probably enough to provoke the odd rye smile and appreciative nod of respect for effort.<br /><br />BEST SCENE - in any other film the big, black, tree-climbing, Japanese-muttering mechanical crabs would have stolen the show. They are eclipsed though by the legendary family meal scene, where a ghostly head appears in the daughters soup. On seeing this apparition she asks what kind of soup it is (!!!!), to be told beef and vegetable, before uttering the immortal line ""Ugh - there's an awful face in my soup"". If this wasn't enough the reply is ""C'mon, eat your soup for Daddy."" Laurel & Hardy rest in piece."
tt0084314,Mazes and Monsters,Steven Hilliard Stern,1982,101,"Adventure,Drama,Fantasy","Many things become clear when watching this film: 1) the acting is terrible. Tom Hanks and Wendy Crewson are so-so, but the parent-child conflict borders soap opera-ish. The other two boys: an overly pouty child prodigy and your stereotypical I'm-a-babe-but-I'm-really-sensitive-inside blonde dreamboat; 2) the film as a whole is depressing and disappointing; 3) Robbie's dreams and episodes are disturbing (acted by Tom Hanks); 4) the inclusion of the beginning love ballads is an odd choice (""we are all special friends""); 5) the weird lines and side plots are not made any better by the terrible acting; and 5) this is a really bad movie. Expect to be disappointed--and probably disturbed."
tt0084920,Wrong Is Right,Richard Brooks,1982,117,"Comedy,Drama,Thriller",This is a weak film with a troubled history of cuts and re-naming. It doesn't work at all. Firstly the dramaturgy is all wrong. It's very slow moving at first and then hastily and unsatisfactorily moves to an end. But there is also (and that may have to do with the cuts) an uneasy moving between genres. It starts off with being a thriller to be taken at face value and then degenerates into a farce rather than satire. the ending may be funny but it's also so blunt that I almost felt it insulted my intelligence (what little there is). So the film tries to be everything but does not really succeed on any level at all. You can also see that in the very unsteady character development.You almost get the impression Connery plays three roles rather than one.
tt0085863,The Lonely Lady,Peter Sasdy,1983,92,Drama,"The memory banks of most of the reviewers here must've short-circuited when trying to recall this Cubic Zirconia of a gem, because practically everyone managed to misquote Lloyd Bochner's Walter Thornton, when in a fit of peevish anger, he hurls the phallic garden nozzle at his new wife, Jerilee Randall-Thornton, (a nearly comatose Pia Zadora) which was used to sexually assault her earlier in the movie...but I'm getting ahead of myself. In any case, poor Lloyd could've been snarling that line at the speechless audience as much as he was his put-upon co-star.<br /><br />Hard as it is for most of us to believe, especially these days, nobody in Hollywood sets out to INTENTIONALLY make a bad movie. This is certainly not the most defensible argument to make, since there just seem to be so damn many of them coming out. But then again, there is that breed of film that one must imagine during the time of its creation, from writing, casting and direction, must've been cursed with the cinematic equivalent of trying to shoot during the Ides of March.<br /><br />THE LONELY LADY is in that category, and represents itself very well, considering the circumstances. Here we have all the ingredients in a recipe guaranteed to produce a monumentally fallen soufflé: Pia Zadora, a marginal singer/actress so determined to be taken seriously, that she would take on practically anything that might set her apart from her peers, (which this movie most certainly did!); a somewhat high-profile novel written by the Trashmaster himself, Harold Robbins (of THE CARPETBAGGERS and DREAMS DIE FIRST fame); a cast who probably thought they were so fortunate to be working at all, that they tried to play this dreck like it was Clifford Odets or Ibsen; plus a director who more than likely was a hired gun who kept the mess moving just to collect a paycheck, (and was probably contractually obligated NOT to demand the use of the 'Alan Smithee' moniker to protect what was left of his reputation.) Like Lamont Johnson's LIPSTICK, Meir Zarchi's I SPIT ON YOUR GRAVE, Roger Vadim's BARBARELLA, Paul Verhoeven's SHOWGIRLS or the Grandmammy of Really Bad Film-making, Frank Perry's MOMMY DEAREST, THE LONELY LADY is still often-discussed, (usually with disgust, disbelief, horrified laughter, or a unique combination of all three), yet also defies dissection, description or even the pretzel logic of Hollyweird. Nobody's sure how it came to be, how it was ever released in even a single theater, or why it's still here and nearly impossible to get rid of, but take it or leave it, it IS here to stay. And I don't think that lovers of really good BAD movies would have it any other way."
tt0086250,Scarface,Brian De Palma,1983,170,"Crime,Drama","It is nice to see the likes of Oliver Stone, Brian DePalma, Al Pacino, and even Michelle Pfiefer make one monumental piece of cinematic garbage. It is nice to see people so rich and 'successful' wasting their time on one of the most forgettable, trite, and pathetic pieces of film-making of all time. This movie represents the worst of Hollywood.<br /><br />What is this? Is it based on a true story. Well, they do start with some basic news bites and facts that they read off USA today. But then the movie departs to some fantasy world and a 'cuban' refugee going to make it in the American drug subculture; kind of like Rocky on cocaine. Is it a movie about Cuba or Cubans? For the life of me I don't believe there is a single Cuban in this movie. The accents are totally fake, and scene with Antonio's mother looks like a poster for midwest American values. The whole scene looks like something out of the Dick Van Dyke show. Is this movie about Miami? It looks more like L.A. transposed in Florida. Afterall, a palm tree is a palm tree. Is this a romance novel. The relationship between Pacino and Pfeiffer is so obvious from the getgo, and there is not one shred of possibility that these two characters could ever care for each other. Is this a drug movie? Well, no issues of obsession or addiction are even mentioned. The behavior of the actors after a line of coke is nothing different than had they had a drink of water. Admittedly, the acting is terrible.<br /><br />Let's get to the rest. The music is disgusting and sounds like latin elevator music or something out of a Lawrence Welk show. I think I heard a polka? The camera work is shoddy with too much movement and far more cranes than could ever be effective. Clearly, the photography budget was excessive. The sound is bleached in a number of spots, and the dialogue seems to be carried out in a warehouse. The writing is appalling. This is one of those movies were the script writes itself. You are dragged from one trite piece of dialogue to the next, each pushing the plot like a sack of bricks.<br /><br />So I am going to ask, Is this even a movie? It could be a drama series patched together for two and a half hours. But at least a drama series has some kind of focus. Maybe it is just a bunch of poorly acted scenes taped together. Whatever it is, movie or not, it is a piece of crap."
tt0086619,Yentl,Barbra Streisand,1983,133,"Drama,Musical,Romance","I know, I know, ""Plan 9 from Outer Space"" is the worst movie, or maybe ""Manos, the Hands of Fate."" But I can't get worked up over those sock-monkey movies. Of *course* they're bad. How could they be any good? But if you're talking about movies with respectable production values and bankable talent, the T. rex of all turkeys has to be ""Yentl."" All the treacly phoniness, all the self-absorbed asininity, that stains everything Barbra Streisand has done since 1964, reaches its culmination in this movie. From its lonely summit of awfulness, ""Yentl"" looks back to ""A Star is Born"" and forward to ""The Mirror Has Two Faces."" There is nothing else quite like it. What emotional undertow dragged Streisand out to make this movie I would rather not speculate, and what audience she was playing to I cannot possibly imagine, although I'll bet there's a nine in ten chance you aren't a member of it.<br /><br />Nobel Prize-winner and saintly guardian of Yiddish literature Isaac Bashevis Singer was so outraged by what Streisand did to his story that he blasted her in public for it. It is a tribute to Streisand's impenetrable vulgarity that she not only didn't commit suicide, but went on to make more awful movies."
tt0087160,The Dollmaker,Daniel Petrie,1984,142,Drama,"I watched this movie also, and altho it is very well done, I found it a heartbreaker and would not recommend this to women who have small children.. The terror on this mother's face when she sees her child about to be run over by a train is truly heartbreaking. And the sad thing is--internally she dies. Eventually she goes back to the Applacian mountains. All the money in the world which she makes from making dolls does not conceal the grief she has. I remember her desperate face as she pulls money out of her clothes to try to have her child healed. I'm surprised this movie takes place in Detroit, because when I watched it I thought for sure the people had come to Cincinnati, Ohio. This also was a route for the poor from the mountains."
tt0087258,Final Justice,Greydon Clark,1985,90,"Action,Crime,Drama","Jimmy Dean could not have been more hammy or absurdly loutish. Hysterical if viewed through the eyes of Mystery Science Theatre 3000, which I rate as a 10. I mean, the sight of this obese, corn-fed hog trouncing around Malta should be enough to send you to the vomitory, if you make it that far into the film. This ugly, hysterical farce should be placed with the likes of ""Booty Call"", ""Pumpkinhead"", ""Swarm"", and ""The Smurfs Go To Bangladesh"". A -gulp- film like this proves that sometimes actors, writers, producers, etc. get behind on their mortgage, or get stoned to the point of insanity. It begs the question ""who was so stupid to finance such a whale?"" But then, had good judgment prevailed and ""Final Justice"" never was, then we wouldn't have the delightful spoof voice-over in ""Mystery Science Theatre 3000""!"
tt0087803,1984,Michael Radford,1984,113,"Drama,Sci-Fi","I have heard about this novel a long time ago, many of my friends have recommend me to read it. I searched it in every place and finally found it. This is a book that every man should read, because it is genius and because of it's vision. I enjoyed every page.<br /><br />I knew about the movie and could not wait to see it. When I finally did I was very disappointed, many things that are in the book are not in the movie (I do not think that this is a spoiler) that just makes the movie not logical... Michael Radford might be a good director, but a bad writer. Especially as a book adopter. The movie is not dark at all, the writing is really bad, the only thing that is good, even great, is the acting. John Hurt is an amazing actor and the only face I myself could see as Winston Smith.<br /><br />What angers me the most are the people in IMDb that called this ""The Best Adaptation Ever"" without even reading the book! Or knowing anything about screen writing!<br /><br />You can only understand the brilliance of the story by reading the book, do not consider this as an alternative. As a fan of the book, I was very disappointed.<br /><br />The points I gave for this movie goes for the acting."
tt0088224,Tank,Marvin J. Chomsky,1984,113,"Action,Comedy,Drama","i didn't enjoy this movie at all.for one,i just found it crude and vulgar,for no reason.i also felt it's misogynistic(against women.)also,the movie really doesn't appear to be about anything,and i didn't find any of the characters likable.really,the there doesn't seem to be any point to it all.maybe i'm missing something,but for me,this movie is pretty much a waste of time,when i could have been doing something more productive and enjoyable.like using my face as a pin cushion.James garner is in this thing,as are C.Thomas Howell and Shirley Jones,and James Cromwell.all are wasted here,and i'm sure this was a low point in each of their respective careers.Jennilee Harrison(from the later years of Three's Company)is also in the movie,and it is nice to see her in a non ditsy role.but other than that,she can't rise above the mediocre script.for me,Tank is a 3/10"
tt0088242,Teachers,Arthur Hiller,1984,107,"Comedy,Drama","I joined this site to see what comments people would make about this absolute disaster of a film. I wasn't drawn in for even a second. The characters were all one-dimensional. They threw every topic they could think of hoping something would stick. I would bet (and hope) that everyone involved in Teachers looks back with embarrassment. There are some great actors here but you would never know it. Thank God it didn't destroy Morgan Freeman's or Judd Hirsh's or Nick Nolte's or Laura Dern's careers. There was no vision, no labor of love here, only a horrible effort gone wrong. BTW I don't think the writer ever set foot in a real school."
tt0088330,Until September,Richard Marquand,1984,95,"Drama,Romance","Any movie that has nude scenes of Karen Allen and I'm still so bored I walk out, that is a stinker! <br /><br />Karen gets stuck in Paris, and befriends a sissily-handsome French man with whom she is having sex soon. Of course he's married, (""But, cheri, why should that be a problem?"") What could be an interesting clash of cultures is (believe it or not) just dull. I walked out. <br /><br />Maybe the movie got a lot better after I left; but it would have had to have gotten a LOT better to make up for a rotten beginning.<br /><br />My advice, if you find yourself in this, run, do not walk, for the exit. Save your time and your energy. Most assuredly save your money. It's a shame the production company didn't save its money."
tt0088729,The Annihilators,Charles E. Sellier Jr.,1985,84,"Action,Crime,Drama","One of the many vigilante epics that flooded the market by the mid-80s. The routine plot has echoes of ""The Magnificent Seven"" (believe it or not), the action scenes are lamely handled and the special effects are non-existent. You COULD do worse....but the film is still just a waste of time. (*1/2)"
tt0088915,A Chorus Line,Richard Attenborough,1985,118,"Drama,Music,Musical","Hi, Everyone, If you saw ""Singing in the Rain,"" you remember the scene of Gene Kelly dancing in the rain. You also remember the dance number of Donald O'Connor, ""Make 'em Laugh."" If you saw ""Royal Wedding,"" you will remember Fred Astaire dancing on the ceiling. If you saw ""Jailhouse Rock,"" you will even remember the title dance number choreographed by The King himself.<br /><br />That is what is missing here. There could have been some blockbuster dance numbers in this presentation. The closest was Chuck McGowan's ""I Can Do That."" the mere fact that you have some talented people on stage moving together does not make a great dance film. Richard Attenborough was to blame for this failure. He pointed the camera at the stage and thought that would be a good thing.<br /><br />Yelling at people auditioning for a part in a Broadway production is not entertainment. Michael Douglas would be just as badly cast if he were in a Western or a comedy. He is OK when he is in a Michael Douglas movie where we see him yelling at someone we would like to yell at. It does not work here.<br /><br />The cast was good except for Michael, of course. A good movie could have been made even using the songs that were in the stage production, but someone should have thought about how to film it.<br /><br />Next time they do one of these I hope they call me first.<br /><br />Tom Willett"
tt0089645,Mussolini and I,Alberto Negrin,1985,120,"Biography,Drama,War","The script for this TV soap opera is so bad that even A. Hopkins at some point had to play like an undergrad drama-student so as to bring some life in his script-dead character. I do not know whether this was the purpose of the director, but Hopkins' Ciano reeked nothing but vanity, fear and lack of self-esteem. The real Ciano possibly was all that but then, why make a movie about him? Mussolini was a bit more convincing, and his long way down was as if closer to the truth. Edda Mussolini was plain ridiculous (not because of Sarandon, but because of the impotent script), while she had to be the central character of this alleged familial drama. Watch it only if you enjoy Venezuelan soap opera."
tt0090060,St. Elmo's Fire,Joel Schumacher,1985,108,"Drama,Romance","What happened in the making of this movie so that it ended up as the total mess it is? Just one year after ""The Breakfast Club"", a brilliant movie with many of the same actors as in ""St. Elmo's Fire"" (who by the way looked and acted in the latter more like they were still the high school misfits from the former but without the grip or discipline in portraying their roles.<br /><br />Was it the directing or the writing. Since it was the same person (Joel Schumacher) it must be both. But then Schumacher has since given us ""The Phantom of the Opera"", ""Phone Booth"", ""A Time to Kill"", and two Batman movies, ""Batman and Robin"" and ""Batman Forever"" which range from good to great directing. Something went wrong on ""StEF"" because it has no genius whatsoever, no comedy worth anything, and is very far off the mark on what is truly valuable in life. <br /><br />Example: The character Wendy (a rich little girl with a heart to do good and help the less fortunate played by Mare Winningham ) reveals to Billy (an unruly slob who cheats on his wife and on his girlfriends, drinks far too much and has no sense of order in his life appropriately played by Rob Lowe) that she is still a virgin. Billy truly see a challenge and possible conquest but Wendy ""is not ready"". Wendy, in fact is so not ready it is hard to believe she is in this clique of friends. Later in the story, when Billy whose wife has left him taken his child and married another has somehow drawn some of the strings of his life together. Billy is leaving for New York, deserting and abandoning all parental responsibility for his baby daughter, he convinces Wendy that her virginity would be the perfect ""going away gift"" from her to him. And Wendy, who works as a social worker helping broken families, seems not to be phased at all by this despot. Give me a break. The one thing she can only give once, she gives to a loser who is leaving his family and friends? Schumacher frames this scene as a wonderful and touching moment.<br /><br />Many more example exist where there is a complete disconnect between what is real and of value being tossed overboard and the acts are made to look like virtue.<br /><br />I suppose some may say that ""that was the 80's"" but I remember it was in the ""80's"" that men began to be held responsible for the children they fathered whether in a marriage or out.<br /><br />I think this movie is so bad because it is so out of sync with what it really valuable and right.<br /><br />As for the technique (not the story), it was terrible as well. It is disjointed and feels like a 3 hour movie that has been edited to 1 hour and 40 minutes. Transitions and jumps in time simply do not make sense. Pick up what is on the editing room floor, put it back in and the movie would probably flow much better...but it still is a horrible movie.<br /><br />Maybe Schumacher has become a better and stronger director since 1986 (he must have) or maybe he was over his head when it came to writing the screenplay for St Elmo's Fire or maybe this group of actors took over the set and went their own way - that is what I really think happened."
tt0090567,52 Pick-Up,John Frankenheimer,1986,110,"Crime,Drama,Thriller","The film ""52 Pick Up"" simply does not work. See it if you are at all interested in Elmore Leonard or John Frankenheimer, or anyone in the terrific cast, especially John Glover who's admittedly brilliant. But the book--a slow-burning, noir thriller with lots of pulp--should have translated into an Oscar-contending film instead of this dud that couldn't figure out whether it should faithfully portray the hard-boiled, gritty crime story of the book, or opt for a 1980s Schwarzenegger shoot-em-up spree. Shifting the scene from the original locale in the book, Detroit (an area where Leonard has resided for years and knows very well), to Los Angeles makes for a substantial problem that Leonard tries to fix in his script, but ultimately can't. It was, for example, a clever device making Mitchell's wife a City Councilwoman (she had no job in the book), if you think about it: that's the only way you could ever plausibly blackmail someone in a sex-crazed city like 1980s Los Angeles for adultery, or any type of potential sex scandal. Even then, it's more plausible in a more conservative Eastern state like Michigan to believe that a) its tiny porno ""industry"" is a sleazy, money-grubbing hell where three losers could desperately set up a not-so-stupid upper-middle-class fellow going through a mid-life crisis, and b) adultery alone might be something you could blackmail someone with, if their upstanding careers and old-fashioned wives couldn't handle the shock. As consultant Ron Jeremy will tell you, 1980s Los Angeles was a colorful, stylish porno Mecca, more like the movie ""Boogie Nights"" than Leonard's dark, shadowy world of hijacked tourist buses, grimy apartments, and drug deals in depressed urban squalor. Then again, Los Angeles could be the backdrop of such a tale if one arranged the scenery more carefully--there are still plenty of dark crannies and psychopaths there. Unfortunately, Roy Scheider's Harry Mitchell comes off in the film as a sexy, handsome Uebermensch dancing through his problems without even working up a sweat. In the book he was fending off a jerk union official while struggling with a business that was failing. He also had a skeleton in the closet during the war involving friendly fire that he was responsible for, but never appeared to come to grips with. Elmore Leonard's stories usually have a central image involving a bizarre civility between criminal and law-abiding citizen. Here, Harry Mitchell sitting in his office with his blackmailer, Alan Raimy, turning over his financial books to him and negotiating a more practical ransom, makes for such a central image. Glover's blackmailer plays the scene with convincing intelligence, but Scheider portrays the victim here as a cocky ""good guy,"" in charge of the situation as if he were more a Rambo with an M-16 than the everyman barely staying afloat as his world crumbles around him. ""52 Pick Up"" ends with one of the worst throwaway conclusions ever, considering all the thought that went into the original story and then the film. Trapping Raimy inside Mitchell's Jaguar and blowing him up with marching band music blasting out along with a sadistic monologue by Mitchell, plays to an audience wanting the ""sweet revenge"" conclusion of a Chuck Norris movie, not the intelligent balanced world of Leonard's book, where Mitchell barely escapes in the end and the conflict between good and evil could easily go either way. I left the theater shaking my head and depressed. What a waste of talent."
tt0090944,Devil in the Flesh,Marco Bellocchio,1986,114,"Drama,Romance","I saw this ""hot"" movie when it came out in 1986. It had a X rating for a brief scene involving oral sex but played in mainstream theatres (it was an ""art"" film). Supposedly it's the first film to ever show a respected actress in an explicit sex scene.<br /><br />What I saw was a boring tale about a high school boy (Federico Pitzalis) in love (understandably) with an older woman (Maruschka Detmers). As has been mentioned before Detmers is very beautiful with a good body BUT she also gave a very good performance. Pitzalis was (to put it mildly) pretty poor. It's no wonder he never made another movie. Still, despite the infamous sex scene (which is explicit but pretty brief), this a slow moving dull story which bored me silly. The good acting by Detmers only helped to a certain point. Mostly I was looking at my watch waiting patiently for it to end. If it didn't have that sequence this movie would have been forgotten long ago. Dull and slow. You can skip this one."
tt0091065,Teenage Dream,Paul Lynch,1986,90,"Drama,Romance,Sport","I only today, picked this up at the 99 cents only store today, and I still think I got ripped off. ""Dream to Believe"" is a pretty boring and unrealistic gymnastics drama and $1 is just too freakin' expensive for this. This film is probably only notable for 2 things: 1. It has a young Keanu Reeves. And 2. It's directed by Paul Lynch, the man who also did Promo Night. Now onto the movie. <br /><br />It's about a girl named Robin (Played by Olivia D'Abo) who is badly injured from a car accident that also cost her father's life. So the accident prevents her from competing in gymnastic tournaments, she is often picked on during her classes and eventually she meets some wild kid named Tommy (Played by Keanu.) Robin, when not in training, works part-time, along with her mother and stepsister, at a Laundromat owned by her abusive stepfather. Eventually she is chosen to compete. <br /><br />Overall, Keanu alone and some catchy 80s tunes are what prevent me from giving this 1 star, and it's also not one of the worst movies ever, but still far from good. The DVD itself is not getting any medals either as it appears to be sourced from an old VHS and towards the end, the sound goes out of sync and when the end credits are almost over, it fades to black, even though sound can still be heard. So this can probably be passed as a bootleg. The DVD artwork makes no sense either as it has what appears to be recent photos of Keanu and Olivia and the background has nothing to do with the movie, as it's also not in the movie itself, so the cover's obviously photoshopped. In any case, avoid at all costs, unless you're a Keanu fanatic. I probably won't be hanging to it any longer. I'm probably gonna give it to The Cinema Snob, who's a great YT critic btw. Hey, if any of you have any crappy movies that they no longer want in their sight, feel free to donate to him to keep his show running."
tt0091763,Platoon,Oliver Stone,1986,120,"Drama,War","I'm both amused and disgusted by the people who claim that this movie is so accurate about Vietnam, and WERE NEVER THERE. This movie is about as true about the whole Vietnam war as the Rodney King beating is true about ALL police officers. Yes, bad things do (and did) happen, but in general the people there are just like you and me. They have morals, they are not killing machines, they do not all do drugs. Atrocities were the exception in Vietnam, not the rule. They happened far more infrequently than the ""hype"" would lead you believe. Oliver Stone has a knack for making movies that show the Vietnam war as this brutal bloodbath, but are based as much in reality as Star Wars. If you honestly believe the stereotypes of Vietnam, do yourself a favour and learn the truth. Fact: the Viet Cong and NVA did far worse things to the South Vietnamese than ANY soldier in the US Armed Forces ever did. Fact: the soldiers in World War II treated the enemy far worse in general than the soldiers in Vietnam did, and they were WELCOMED when they came home. The fine Americans who served this country in Vietnam deserve our respect; though the war was badly fought from a political standpoint, no one could have asked for more from our soldiers, and it is a great disservice to assert that this kind of ""mostly true"" fiction is the way things really were there."
tt0091859,"Rita, Sue and Bob Too",Alan Clarke,1987,89,"Comedy,Drama","I can just about understand why some people might wish to stress this film's link with the Eighties but I really wouldn't say it's an accurate depiction of most peoples' lives in that era - even on the poorest Bradford estates. It is however typical of the blunt agitprop rubbish the dear old Royal Court Theatre was churning out at that time. Plenty of 'right-on' artistry for small, small audiences but enough well-connected backslapping to ensure future commissions for turgid playrights. IThe simple fact is that if you want to reflect upon truer common experience you'll find millions more nodding in knowing agreement to love and live as depicted in 'Gregory's Girl'. <br /><br />I would be tempted to call this a 'kitchen sink' drama but that would be doing a great disservice to the plumbing industry. However, as far as having a decent script is concerned, this film is indeed all washed up. For some reason it has accrued an odd following amongst Guardian reading film-goers - I can only assume they get a visual frisson out of pretending to slum it. Steer clear my friends. It is a poor film with a poor script that likes to think it is breaking boundaries by adding humorous insights into grim life on the estates. it isn't..but it is grim. Do the washing up instead."
tt0092359,Full House,"Joel Zwick, John Tracy, Bill Foster, Jeff Franklin, Peter Baldwin, Tom Rickard, Richard Correll, John Bowab, Lee Shallat Chemel, Howard Storm, James O'Keefe, Jack Shea, Don Barnhart, Tom Trbovich, Don Van Atta, Russ Petranto, Steve Zuckerman, Bill Petty",1987,22,"Comedy,Drama","Seriously. This is one of the most stupid family shows of all time.<br /><br />Plot- A family without a mother and 3 ""dads"" raise 3 little girls in San Francisco, California.<br /><br />Characters- Neat freak Danny, cartoon loving Joey, hair obsessed Jesse, spoiled brat Michelle, stupid DJ, and almost normal Stephanie. The creators of this show really want you to hate the characters, don't they? <br /><br />Therefore, I do not think anyone should watch this show. I only chuckled at a few moments in the show's whole running, and I think that instead of lethal injection, all criminals should be forced to watch this show, a torture far worse than anything else.<br /><br />1.5/10 or: D"
tt0092815,Daddy,John Herzfeld,1987,100,Drama,"My teacher taped this and showed it to us in Child Care to demonstrate how teen pregnancy affects people. It just demonstrated how teen pregnancy affects a childish jock not properly educated on how sex works and a whiny, unloved girl who throws fruit when angry and couldn't tell she was with the wrong man even if he wore a sign stating he was such. I wouldn't be surprised if the father of the baby had about eight girlfriends in the first edition of the script. Stacy's (the carrier of the baby) mother is a riot. She is oblivious to the fact her daughter is past the age of four and is seemingly unshaken when people spy on her through her dining room window. Bobby's (the father) best friend's name is Dewey, and is an obvious rip off of Sean Penn's character in Fast Times at Ridgemont High. This movie is horrid, simply because none of the characters are believable. Thank goodness it's only made for TV, limiting the public's chances of viewing it."
tt0094868,Chocolat,Claire Denis,1988,105,Drama,"The film portrays France's unresolved problems with its colonial legacy in Western (Francophone) Africa through the befuddled and complex psychoanalytical prism of a young woman, France (herein symbolically representing her nation). It is an often engaging and challenging portrait of a young woman's desire to come to terms with a traumatic moment in her past, in particular, and a nation's desire to reach out to the 'other' it once 'owned' and moulded. This is reflected in the way in which it centres entirely around the notion of travelling (or being in transit) from the present to the past; remembered realities to undeniable contemporary political and economic actualities.<br /><br />The characters all play a symbolic, albeit a limited and unconvincing role. France, meant to be a visual as well as a totemic representation of contemporary French society, leaves one indifferent to her plight as she seems still to be imbued with the same naiveté she enjoyed as a child-in fact as a child she seems more in possession of her reality. The rest of the rag-tag ensemble is just forgettable. The black Africans are, to say the least, offencive impressionistic portraits of former colonised peoples now colonised by the director's poor handling of her material. They are no more than a dark and moribund backdrop against which the blythe-like France wonders seeking a world she never knew, and hoping for one that can never be found in Cameroon."
tt0095853,Permanent Record,Marisa Silver,1988,91,"Drama,Music,Romance",Keanu Reeves stars as a friend of a popular high school student who suddenly commits suicide...he and his friends go through emotional turmoil and share their reactions to this horrible incident...Good acting by Reeves and a young Jennifer Rubin..but on the whole is a little too much.. 4 of 10
tt0096073,The Seventh Sign,Carl Schultz,1988,97,"Drama,Fantasy,Horror","The movie confuses religious ethics and ideals so much that it fails to create coherent argument against the death penalty on any level. By presenting the lawful execution of a convicted murder as the catalyst for the apocalyptic end of mankind the movie elevates a parent killer to the status of martyr for Christ. Somehow, according to the plot, god is outraged that society has chosen to rid it's self of a fanatic who killed his own parents by starting them on fire while they slept defenselessly in their beds. Yet this same god has no indignation for the acts of the killer. The lead character, an nonreligious pregnant suicidal woman, ultimately gives her own life in a defiant but implausible attempt to unsuccessfully save this convicted killer. In other threads of the underdeveloped plot Jesus comes back as a powerless and frustrated vagabond to symbolically unleash the wrath of God. The modern lackluster incarnation of Christ not just dehumanizes him but mocks the messianic ideal of all religions as well. He is unable to affect humanity for good and unemotionally skates the edges of life waiting for mankind to destroy it's self. Meanwhile, with little help from Jesus the mentally unstable pregnant woman finds herself with the ability to reincarnate herself into her newly born soulless child which somehow saves all of mankind from the wrath of the almighty. I also interpreted that as a statement in support of abortion on some levels. This movie which attempts to weave many religious themes into a thriller fails to make any religious point that I could clearly interpret except to mock people's beliefs. It raises many questions that it never even attempts to answer. It disregards the religious values of its audience while attempting to portray an asinine version of their fulfillment. Silly"
tt0096786,Alienator,Fred Olen Ray,1990,93,"Action,Drama,Fantasy","For the initial 20 minutes or so (I was watching it on a PS2 so I've really no idea how long it took) Alienator sets up an interesting premise. I don't think I've seen a slasher movie with an alien from another planet as the baddie before. However, interest soon turns into stunned disbelief as you realise the 'alien' is a huge body-builder woman in a steel bikini. Yes, Alienator is patently ridiculous.<br /><br />Don't think I hold that against it. In the world of shlock-horror, patently ridiculous can often be a good sign. However, the blatant stupidity of its premise is all the movie really has going for it. Alienator is funny as hell, but it is also a shambolic suckfest of the highest order. Actors heap on failed attempts at seriousness, potentially genius lines of pure cheese dialogue are stumbled over with unnerving incompetence and the direction fails to sum up even one or two decent set-pieces. By the time the movie's finished you can barely see the original concept through the haystack of total tripe the team piled on it.<br /><br />Add to this the fact that the 'Alien' just kills people by vaporising them, as opposed to doing any 'slashing' as such and you have a giant throbbing heap of good ideas being left to rot. You'll laugh at Alienator, but AT it, not with it. If that's your thing then go ahead and check it out."
tt0097029,Catch Me If You Can,Stephen Sommers,1989,106,"Action,Comedy,Drama","Wow! I remember so many awful films that loosely revolved around high school from the early 1980s. They usually had someincredibly strained plot and lots of 27 year old actors pretending to be students. As I watched this film I felt a little of the nostalgia of growing up in the 1980s. However, then I find out that this film was made in 1989? Say what! Well, the nostalgia factor ends right there, this is just bad. The plot has the city preparing to close a high school and threatening to bus all of the students to inner city high schools. Which is odd, in that the students at this school are both wealthy and abundant. In fact, the main character lives in a mansion. Makes you wonder how they cannot find money to keep this school alive, have they never heard of property taxes. Oh, but here is the kicker. The school board says that they will keep the school alive, if the students can raise $200,000. So the seniors go about doing this. Hmmm, you raise $200,000 but instead of saving that for college, you put it towards saving the high school that you are a Senior in? And why exactly would they close an overpopulated school before the year is out? And...ahh forget it, this film was stupid and made in 1989!?"
tt0097635,Jesus of Montreal,Denys Arcand,1989,120,"Drama,Romance","This film really disappointed me. The acting is atrocious. Unbelievable. And it's about actors. The story is incredibly obvious: A group of independent actors stage a Passion Play and, in turn, they start to live out the lives of the characters they play. I've been watching a lot of movies lately, thanks to Netflix, and this is the first one I haven't watched all the way through in a long time. I felt I didn't need to see the end; we all know the end of this story.<br /><br />For some, it seems, this ""modernization"" of the Gospels is either sacrilegious or enlightening. I cannot speak to any of this as I wasn't raised in the Christian church. That being said, I was raised in the US and I live in an increasingly Christian culture. I'm curious enough about Jesus and about the modernization of the religion, for better or worse. I haven't seen Mel Gibson's version, but I'm guessing that those who liked that one will like this, except for the most conservative. I just wish this was a better film.<br /><br />Lots of these reviews praise Arcand's direction and especially the cinematography. I liked neither. The film itself is rather prudish and preachy. I didn't believe the characters' personae and I was never involved with their on screen lives. The play within the play is very much dated and would not, I think, carry it's own weight in a real time production. But that's beside the point. What I really needed for this to work would have been stronger development of the characters and the plot to support the philosophical and theological questions the film would like to be about. And the musical choices are obvious and unoriginal.<br /><br />There were two examples of this that come easily to mind. Firstly, there is a reenactment of the parable of Jesus driving the money lenders from the temple: the lead actor, who has fallen for the woman who will play Magdalene and who is also a model and dancer, becomes enraged that she must debase herself by auditioning for a commercial (with a wicked producer and plenty of panting men in the audience) with her pants off. He trashes the place and chases them all out. I guess this is the level that the film wishes to reach. The romance between these two is entirely arbitrary and not at all emotionally realized and the scene is played out like a high-school rendering of Death of a Salesman, i.e., not well. Please stop hitting me over the head with this high-handed ""significance."" The other is the relationship between the other female lead and the priest who has asked them to do the play and who, eventually, turns against them and betrays them to the nowadays-corrupt Church. Why. Why does she sleep with this guy. ""It brings him so much pleasure and me so little pain."" Ah, the saintly whore and the lovable old coot. It seems to be just enough for Arcand to signify but not worth the trouble to enrich and enliven these characters. They are going through the motions and I'm reaching for the eject button.<br /><br />Feel free to write me off as bored, jaded or just not interested. Feel free to watch this movie and see the Passion, in all its beauty, sadness and inspiration, delivered as an amateurish and gimmicky charade. Feel free to have all your preconceived ideas affirmed and see any shred of artistic integrity forsaken for monotonous drivel. But don't say I didn't warn you."
tt0098061,Paperhouse,Bernard Rose,1988,92,"Drama,Fantasy","In 1988, Paperhouse was hailed as a ""thinking man's horror film."" Wow, you might say, sign me up. This thing is a mess. It features a one time young actress who has a range of like 1 to 2. G. Headley with a bad British (dubbed) accent, and a story with no chills, thrills or spills.<br /><br />It isn't even interesting psycho-babble. One will only laugh at its cheap effects and long for a showing of Leprechaun 5.<br /><br />The story involves a girl with glandular fever who escapes in her dreams. WHat you get isn't good horror, art house or even a decent after-school special. I found myself after the two hour point saying..where did my two hours go.<br /><br />The direction is uninspired and I wished it could even be pretentious...something interesting..it seems like the producers were on lithium.<br /><br />Even in the dream world things are boring.<br /><br />A short no on this one."
tt0098525,True Blood,Frank Kerr,1989,100,"Action,Drama","This movie is like the material S.E. Hinton was writing in the 1970s and Copola was adapting to the screen in the early 80s, and, had Trueblood actually been a product of either, the results might've been much better (especially in the acting department). Instead, we get a rather so-bad-its-funny piece of mediocrity.<br /><br />Jeff Fahey plays Ray Trueblood, a former street rumbler, I suppose is the accurate description. This was in the days of action movies that used guys in their 40s and mid30s and dressed them up in greaser threads or some kind of more effeminate selection of gang garb and they fought to lousy 80s music. Nonetheless, Ray is the lone caretaker of his younger brother, Donny (Chad Lowe in a part where he screams a lot), who he is forced to leave behind inexplicably in a train station when, on the run from the cops, he is nabbed and forced to serve time in the Marines. Flash forward to present day and Ray is back in town and looking for his brother who has also become part of the street gangs, although in a gang that was Ray's adversary and now old scores must be violently settled (and again, cops must be dodged and this time, a lady's honor defended in the action film sense) before Ray can carry on life at normal pace with his brother, Donny.<br /><br />For the most part, the film is quite ridiculous. For me, most of this has to do with far too much overacting, although not by Fahey or Sherlyn Fenn who plays the waitress he befriends. The guys in the gang and Lowe himself seem to do quite a bit of needless exaggerated as New York street toughs. Although, the bigger hang up is recycled plot lines and perhaps a kind of movie that was well past its prime as a product of 1989."
tt0098936,Twin Peaks,"David Lynch, Lesli Linka Glatter, Caleb Deschanel, Duwayne Dunham, Tim Hunter, Todd Holland, Tina Rathborne, Graeme Clifford, Mark Frost, Uli Edel, James Foley, Stephen Gyllenhaal, Diane Keaton, Jonathan Sanger",1990,50,"Crime,Drama,Mystery","We are not in the fairy tale of the naked emperor. We may confess the truth of what we see, without being stupid, confess, that this show is in many aspects just incomprehensible and that it is clear, that much of it was created out of pure intuition without real concept.<br /><br />Well, obviously many people like such stuff. I don't. I prefer well thought and planed shows. And I also confess, that the show is much to serious for my taste and boring...those love and drug stories...There are so many exciting soaps with lot of suspense (Dallas e.g.), but Twin Peaks can't catch my attention. I don't care about those people, except Cooper and Gordon Cole."
tt0099165,The Bonfire of the Vanities,Brian De Palma,1990,125,"Comedy,Drama,Romance","Most book adaptations are bad but this film left out key parts of the storyline and changed the description and some characters. They rewired the storyline and combined scenes and changed the order. They added ridiculous things into it that never happened in the book and would never happen.<br /><br />If i hadn't read the book beforehand it would have been an incredibly dull film, it didn't make you care about the characters, like them or dislike them. It turns the characters into jokes.<br /><br />Awful.<br /><br />Ridiculous.<br /><br />Waste of two hours of my life."
tt0099260,China O'Brien,Robert Clouse,1990,86,"Action,Crime,Drama","I actually saw China O'Brien II before I ever saw the original China O'Brien. And I have to say that the first incarnation is actually worse. But: worse = funnier! And funnier = better. If you're a bad movie fan like I am, this is great material. If, however, you are looking for any sort of meaningful plot, acting ability, or movie-making skill, this is best avoided. The best part is how they filmed all the fighting sequences in stuttering fast-forward. Hilariously bad. See it for a laugh, see it for mindless entertainment, but whatever you do, see it for free on TV."
tt0099674,The Godfather Part III,Francis Ford Coppola,1990,162,"Crime,Drama","Near the beginning of ""The Godfather: Part III,"" Michael Corleone's son wants to drop out of law school and become a musician. Michael Corleone does not want this. But his estranged ex-wife, Kay, manages to convince him to let Anthony Corleone pursue music as he wishes. So he does.<br /><br />That seems like an odd way to start a review, as it is a minor plot point and has nothing really to do with the major action. Just bear with me here; you'll see where I'm going with this eventually. Now let me tell you about the major plot. It is about Michael Corleone wanting to quit crime for good (he has largely abandoned all criminal elements in his family business). But then along comes Vincent Mancini, an illegitimate nephew, who is involved in a feud. So of course Michael must endure yet another brush with criminality and gun violence and all that good gangster stuff. Meanwhile, Vincent has a semi-incestuous affair with Michael's daughter Mary. Oh, and Michael and Kay are trying to patch up all the horrid things that happened at the end of Part II.<br /><br />It is like a soap opera. One horrid, awful, 169-minute soap opera. Gone is any sort of the sophistication, romance, and emotional relevance that made the first two movies hit home so hard. After a 16-year break in the franchise, Francis Ford Coppola delivered a mess of sop and pretentiousness entirely incongruous with the first two films, once again proving his last great work was ""Apocalypse Now"" back in the 1970's.<br /><br />What's worse, ""The Godfather: Part III"" isn't even a logical follow-up of ""The Godfather: Part II."" Michael is a completely different person. He hasn't just gone to seed (which might be legitimate, even if it'd be no fun to watch). He's become a goody-goody that's trying to fix all the tragedy that made Part II such a devastating masterpiece. His confession to the priest was bad enough, but that little diabetes attack in the middle pushed it over to nauseating. He also gets back together with Kay! For heaven's sakes, there is absolutely no way that should happen, as the 2nd movie made abundantly clear! She aborted his baby, and his Sicilian upbringing made him despise her for it. Didn't Francis Ford Coppola even think of these things?<br /><br />And don't even get me started on Mary and Vincent's affair! For a romance so forbidden, it was shockingly unengaging. Sofia Coppola's acting did nothing to help. She made the smartest move of her life when she switched from in front of the camera to behind it, because she was possibly THE worst actress I have ever seen in a Best Picture nominee. Every line she delivered was painfully memorized, and every time the drama rested on her acting abilities, all she elicited was inappropriate giggles. In the climactic scene--I won't go into detail, but you'll know which scene I'm talking about when/if you watch it--she looks at Michael and says, ""......Daddy?"" I think I was meant to cry, but the line was delivered so poorly I burst out into long, loud laughter!<br /><br />Now we get to the climax, and now you will also realize why I took time to start the review with a description of Anthony Corleone's musical ambitions. After 140 minutes of petty drama and irrelevant happenstances, Anthony Corleone returns... with an opera! So Michael, Kay, Mary, and Vincent go to see it, and for about 10-15 minutes a couple killers walk around trying to assassinate Michael. About this climactic sequence, I must say one thing: It was really good! But not because of the killers--they were pretty boring. I just really liked the opera. It had some great music and real great set pieces. And, from what little it showed us, it seemed that the story had echoes of the Corleone family's origin. I'll bet it was one swell opera, and I'll bet Michael Corleone was glad he let his son switch from law school to music.<br /><br />My biggest wish is this: that Francis Ford Coppola had merely filmed Anthony Corleone's opera for 169 minutes and ditched the rest of the soggy melodrama. Better yet, I wish he hadn't made ""The Godfather: Part III"" at all. Part II gave us the perfect ending. This spin off was self-indulgent and unnecessary.<br /><br />P.S. This is not a gut reaction to the film. I watched all 3 Godfather films over a month ago (though I was rewatching the first one). Not only does this mean that my expectations for Part III weren't screwed (in fact, I had set the bar rather low for it after what I heard), but it also means I've had a good time to think about all three films. While I was a bit disappointed with Part II at first, the more I thought about it, the better it seemed. But with Part III, it was bad to begin with, then got worse the more I thought about it. The sad thing is that many people will stop with Part I, but if they watch Part II as well, they will most likely go on to Part III. If you have the will, watch Parts I & II and pretend like Part III never existed."
tt0099742,Haunting Fear,Fred Olen Ray,1990,88,"Crime,Drama,Fantasy","A woman's nightmares fuel her fear of being buried alive.The cheating husband wants her dead and decides to make good use of her phobia by sticking her in a coffin and leaving her in the basement.Of course B-horror movie queen Brinke Stevens transforms into hideous ghostly creature.The only reason to see this amateurish junk flick is Michael Berryman in a really small cameo and two sex scenes with Delia Sheppard.And the last twenty minutes of Brinke's bloody rampage are quite fun to watch.The special effects for example laughable decapitated head are truly awful.Better watch ""Scalps"" or ""Alien Dead"" again.Of course I ain't expecting classy entertainment from Fred Olen Ray,but ""Haunting Fear"" is too dull to be enjoyable."
tt0101524,By the Sword,Jeremy Kagan,1991,91,"Adventure,Drama,Sport","Why is it that everyone who has seen this movie feels it is their responsibility to tell us whether or not they are fencers? That point is completely immaterial to any argument to be made against this total dog of a movie.<br /><br />I think sports movies fall into two categories; well made movies about the human spirit and competitions, and `By the Sword'.<br /><br />Honestly this movie never could decide what it wanted to be, a touching drama for trying to be your best in life, an indictment of competitive motivation or a martial arts flick. In the end it didn't do any of those convincingly or completely enough to make me give one ounce of care of any of it.<br /><br />For the record I also am a fencing instructor (and now I am officially as bad as the rest). But putting bad fencing in a movie doesn't make it bad automatically. I mean look at Star Wars (Episodes 4-6, good movies, bad fencing). I liked those movies. But when you put bad sports into a bad movie for some reason people think that it is only the purists that think it a lame effort.<br /><br />Don't be fooled by any comments on the smaller issue of fencing. This is just a bad movie. In the end, this movie has nothing for the fencing enthusiast or the movie buff or simply anyone with a pulse and three brain cells.<br /><br />When I see a movie and am forced to think, `Man, I wish I was watching the Mighty Ducks.' I know that it is time to bypass the argument with the theater manager to get my money back and see if there is anyone in the lobby that will somehow give me two hours of my life back."
tt0101540,Cape Fear,Martin Scorsese,1991,128,"Crime,Drama,Thriller","Worst movie, (with the best reviews given it) I've ever seen. Over the top dialog, acting, and direction. more slasher flick than thriller.With all the great reviews this movie got I'm appalled that it turned out so silly. shame on you martin scorsese"
tt0101635,Curly Sue,John Hughes,1991,101,"Comedy,Drama,Family","It's hard to believe people actually LIKE this dreck! I do think kids can enjoy it, but to me it's the kind of kid film parents can't bear to sit through. Predictable plot, boring Belushi, and possibly the worst kid actor of all time. I will give the director some of the responsibility for the kid, but she was truly painful to watch. I feel embarrassed for her now, having people know it was her. When she sang the Star Spangled Banner I had to turn the sound off--then I came here and discovered they did that because she won Star Search. I've always felt Jim Belushi should be ashamed to trade on the name of his wonderful, sadly missed brother, and this crap shows why. Zero stars."
tt0101829,Europa,Lars von Trier,1991,108,"Crime,Drama,Thriller","I cannot stay indifferent to Lars van Trier's films. I consider 'Breaking the Waves' nothing less than a masterpiece. I loved 'Dancer in the Night'. I admired the idea in 'Dogville' but the overall exercise looked to me too dry and too theatrical, less cinema. 'Europa' which I see only now was a famous film at its time, succeeded in the US the relative success of an European film and got the Oscar for the best foreign language movie, but did not survive well the time in my opinion. It is also a too much explicit and extrovert exercise in cinema art to my taste.<br /><br />The story has a level of ambiguity that cannot escape the viewer. Treating the period that immediately followed the second world war not in the black and white colors of victors and vanquished, of executioners and victims but as rather ambiguous times when people of both sides were fighting for survival in the aftermath of a catastrophic event that change the lives of nations and individuals forever is still a source of disputes even today, more such was novel and courageous two decades ago. Yet it is the means of expression that really do not appear fit to the task.<br /><br />The film seems to include a lot of quotes descending directly from the films of Hitchcock, especially his early films set in the pre-war Europe, with brave British spies fighting evil German spies on trains crossing at high speed the continent at dark. The trains were a symbol of the world and its conflicts with all their intensity and dramatism. Here the train also becomes the symbol of the first sparkles of the re-birth of Germany after war, of its might, of its obsession with order and regulation, of punctuality and civility. The characters that populate the train are far from being the classical spy stories good or bad guys. The principal character a young American of German origin coming to post-war Europe willing to be part of a process of help and reconciliation finds himself in an ambiguous world of destruction and corruption, with liberators looking more like oppressive occupiers, with the vanquished not resigned to their fate but rather willing to continue on the path of self-destruction, with love doubtfully mixed with treason.<br /><br />It is yet this classical film treatment that betrays the director in this case. The actions of the characters, especially of Leopold Kessler played by Jean-Marc Barr seem confused, and lack credibility. The overall cinematography seems to be not Hitchcock-like but rather from a bad imitation of Hitchcock in the late 30s. The usage of color over the black-and-white film used in the majority of the time in moments of emotional intensity is also too demonstrative. It is not that Van Trier does not master his artistic means, but he is too demonstrative, he seems to try too hard to show what a great filmmaker he is. He really is great, as he will show in some of his later films, but it will be left to the viewers to decide this alone."
tt0102175,Jungle Fever,Spike Lee,1991,132,"Drama,Romance","Who in their right mind plays a lyrical song at the same time they are portraying an emotional scene between two people? When Flipper confronts his wronged wife in the dressing room, the song sung with lyrical content is as loud as the dialog, so one can hear neither, diluting any emotional impact the scene may have had. The scenes of Annabella getting beaten by her father with his fists, a lamp and then a belt was so cartoonish as to be absurd. This entire movie is a cartoon, the rampant prejudice against whites is literally astounding. The discussion by the black women after flipper's wife finds out he has cheated on her with a white woman - as if it were a discussion by an oxford debating team, is ridiculous. The rampant racism might be possible to endure, but the soundtrack and the sound mixing during this 'movie' is too much. It was a technically poorly made movie. There is no understanding of the basic craft of movie making, the sound track, the editing and the desperate attempt of great actors trying to keep this movie afloat. I actually felt sorry for Anthony Quinn, wondering why he had accepted a role in this flick - his appearance in this is painful. This is the first movie I have seen by this director and it will be my last."
tt0102422,McBain,James Glickenhaus,1991,102,"Action,Crime,Drama","This was an absolutely terrible movie. Don't be lured in by Christopher Walken or Michael Ironside. Both are great actors, but this must simply be their worst role in history. Even their great acting could not redeem this movie's ridiculous storyline. This movie is an early nineties US propaganda piece. The most pathetic scenes were those when the Columbian rebels were making their cases for revolutions. Maria Conchita Alonso appeared phony, and her pseudo-love affair with Walken was nothing but a pathetic emotional plug in a movie that was devoid of any real meaning. I am disappointed that there are movies like this, ruining actor's like Christopher Walken's good name. I could barely sit through it."
tt0102655,The Perfect Weapon,Mark DiSalle,1991,83,"Action,Crime,Drama","Bad plot (though good for a B-movie), good fast-paced fight scenes, at most a 5 out of 10. But something has always bothered me about this film: how come Mariska Hargitay never speaks? In the TV version, she shares several intimate moments with Jeff Speakman, even a kiss in a garden. Yet in the regular (video) version, most of her scenes are cut and she never speaks at all. This bothers me because it not only takes out a female (though cliched) point-of-view to the film, it also makes the final shot seem creepy. This film would have been better had they kept her scenes in, because in those scenes at least she has a personality, one that undercuts whatever Speakman says."
tt0103858,Bonnie & Clyde: The True Story,Gary Hoffman,1992,93,"Crime,Drama","While it contains facts that are not widely reported, it is not exactly the truth. They took a lot of liberties in rearranging events, excluding people, and using sets that do not meet the facts of their lives in the 30's. There were more than just Bonnie, Clyde, and W.D. in the gang at various times, and those people had as much to do with the facts as those included. Buck and Blanche went to convince Clyde to go straight much earlier than the one shootout, and in fact got drawn back into crime. Some of the events that were portrayed in daylight actually took place at night. Bonnie's wound was much more severe and never healed right. It was so bad she had to be carried around by someone until it healed up, and even then it stiffened up so she walked stiffly. Clyde also walked with a limp because while in prison he cut off a big toe. I know, I'm being nit picky, and it was a TV movie, but even without these factual errors in this ""TRUE"" story, the movie moves too fast from event to event and comes across more as several separate snapshots of their lives, rather than being a cohesive flowing story.<br /><br />I'd recommend reading a book or seeing a documentary if you want to get closer to the truth."
tt0104997,South Beach,"Fred Williamson, Alain Zaloum",1993,93,"Action,Crime,Drama","i don't know what they were thinking.by they,i mean anybody even remotely connected to this disaster.i've seen so bad movies,i've seen so really bad movies,and then there's this.but i will say one thing.whoever wrote the script has manged to put what could possibly the most inane dialogue over written,onto the screen.there is nothing good about this movie,either from a technical standpoint or any other standpoint.whoever allowed it to be made and then released should have been fired immediately.there are a few fairly well known names in this movie.actually i hesitate to use the word movie.it's more like a collection of random scenes that have no relation to another and make less than 0 sense.anyway,i fail to see why anyone with any dignity would appear in this.i got it really cheap,and i still got ripped of.even if i had gotten this movie for free,i would still have been ripped off.this is an absoluter 0/10"
tt0105629,Toys,Barry Levinson,1992,118,"Adventure,Comedy,Drama",If you are planning to rent or buy this movie don't. It's the worst thing I have ever seen. I would comment on it more but It has been 10 years since I saw it and have blanked all of it from my mind. Save yourself some time money and well being and stay far far away.
tt0105699,Unlawful Entry,Jonathan Kaplan,1992,111,"Crime,Drama,Thriller","This is another typical unbelievable and non-sensical piece of Hollywood dreck.<br /><br />Kurt Russell, as Snake Pliskin in a business suit, convinces me he was a better 2nd baseman. Ray Liotta as the psychotic cop is totally predictable and absurd. Madeline Stowe is her usual cardboard self, and does little to be a convincing victim.<br /><br />Every scene in this persiflage is absolutely predictable all the way to the end when Kurt clouts Ray with a vase or something, knocking him down and out. Kurt and Madeline then do their obligatory end-of-the-movie embrace, and EVERYBODY--- except Russell and Stowe, KNOWS Liotta is going to get back up and menace the couple again.<br /><br />He does, of course, and Russell drills him 10 times with his 9mm, which was ENTIRELY unnecessary. This movie could just as well ended with the bludgeoning scene--- EXCEPT Hollywood dotes on unnecessary violence, and the more they can add, or ""enhance"", the more slobbery they get."
tt0106336,Babylon 5: The Gathering,Richard Compton,1993,89,"Action,Adventure,Drama","You can give JMS and the boys a pass on this one because they were at the beginning of their series and on a small budget, but the movie is still sub-par. Dont get me wrong, B5 the series is by far the best TV series ever, but if i was an exec seeing this movie, i wouldnt have ordered the series. I dont like O'Hare as an actor, the costumes are silly, and there are tons of cliches. The same can be said for most of the first season (with the exception of Babylon Squared and Survivors); Bruce immediately put a fire into the series and it went on to be an amazing spectacle. If you are a B5 fan and havent seen this movie, see it. If you arent a B5 fan, dont...you wont want to watch the series."
tt0107151,The House of the Spirits,Bille August,1993,145,"Drama,Romance","This movie is a good example of how to ruin a book in 109 minutes. Except for the names of the characters the movie bears very little resemblance to the book. A book full of strong Latino characters and they are represent, for the most part, by non-Latinos. There is no character development in the movie and we have no reason to love or hate the characters. And to delete a complete generation is inexcusable. Isabel Allende has written a powerful book and the book is what should be read!"
tt0107302,Kalifornia,Dominic Sena,1993,117,"Crime,Drama,Thriller","Distasteful, cliched thriller has young couple doing cross-country research on America's most infamous murder sites, becoming road partners with a dim-witted young woman and her snarling boyfriend--who is an actual psycho. Arty and alienating, the film's tone alternates between pouty pseudo-irony and silly flamboyance. Handsomely-made perhaps, but ultimately laughable. Brad Pitt's performance as the low-rent killer is godawful. * from ****"
tt0108000,Ruby in Paradise,Victor Nunez,1993,114,"Drama,Romance","Ashley Judd, in an early role and I think her first starring role, shows her real-life rebellious nature in this slow-moving feminist soap opera. Wow, is this a vehicle for political correctness and extreme Liberalism or what?<br /><br />Being a staunch feminist in real life, she must have cherished this script. No wonder Left Wing critic Roger Ebert loved this movie; it's right up his political alley, too.<br /><br />Unlike the reviewers here, I am glad Judd elevated herself from this moronic fluff to better roles in movies that entertained, not preached the heavy-handed Liberal agenda."
tt0108569,Wilder Napalm,Glenn Gordon Caron,1993,109,"Comedy,Drama,Fantasy","I love these actors, but they were wasted in this flick.<br /><br />I can only wonder, what WERE they thinking agreeing to this crap???<br /><br />Debra Winger just phoned it in; Dennis Quaid and Arliss Howard were caricatures. Some people thought it was deep. Well, if you liked ""Breaking the Waves"", you'll probably like this too. I hated both. 3/10"
tt0110695,Nowhere to Hide,Bobby Roth,1994,96,"Drama,Thriller","Oh a vaguely once famous actress in a film where she plays a mother to a child . It`s being shown on BBC 1 at half past midnight , I wonder if ... yup it`s a TVM <br /><br />You`ve got to hand it to TVM producers , not content on making one mediocre movie , they usually give us two mediocre movies where two themes are mixed together and NOWHERE TO HIDE is no different . The first theme is a woman in danger theme cross pollinated with a woman suffering from the pain of a divorce theme which means we have a scene of the heroine surviving a murder attempt followed by a scene having her son Sam ask why she divorced ? And being a TVM she answers that the reason is "" That people change "" rather than say something along the lines like "" I`m a right slapper "" or Your daddy cruises mens public toilets for sex "" as does happen in real life divorce cases . And it`s young Sam I feel sorry for , not only are his parents divorced but he`s as thick as two short planks . Actually since he`s so stupid he deserves no sympathy because he`s unaware that a man flushing stuff down a toilet is a drug dealer , unaware that you might die if someone shoots at you , and unaware that I LOVE LUCY is painfully unfunny . If only our own childhoods were so innocent , ah well as Orwell said "" Ignorance is strength "" . Oh hold on Sam is suddenly an expert on marine life ! Is this character development or poor scripting ? I know what one my money`s on . And strange that Sam the boy genuis hasn`t noticed that if the story is set in 1994 then why do people often wear clothes , drive cars and ride trains from the 1950s ? But as it turns out during a plot twist it`s the mother who`s the dummy . Then there`s a final plot twist that left me feeling like an idiot for watching this"
tt0111440,Heaven's a Drag,Peter Mackenzie Litten,1994,101,"Comedy,Drama,Romance","I had read a few positive reviews of this film, and was truly surprised at how dreadful the whole thing was. Positioned as some cross between an AIDS-related story and some kind of ""Ghost""/""Blithe Spirit"" tale, this film can't always make it's mind up what it wants to be. <br /><br />Simon and Mark are a gay couple who have an ""open"" relationship - Simon is able to have anonymous (though safe) sex on the side when he wants. Mark is HIV+ and he and Simon don't seem to have a sex life anymore. When Mark dies, Simon - who has made a habit of shutting off his emotions after being rejected years ago by his father - tries to erase his memory and just get on with being a bachelor. Not that his behavior before Mark's death was much different. But Mark returns in ghostly form and foils his various trysts, while getting Simon to open up and admit his true feelings.<br /><br />Unfortunately, Simon is such a selfish SOB, it's impossible to feel any empathy toward him for most of the film. By the time he is supposed to be more sympathetic, it's too late to care. Mark, on the other hand, follows in Demi Moore's footsteps from ""Ghost,"" by crying profusely throughout the movie. <br /><br />There is a bizarre switch in tone after Mark returns. Suddenly we get some lame attempts at humor, a la the TV show ""Bewitched."" But that doesn't last long. Once Simon's emotional health is at stake, the whole thing becomes increasingly mawkish, with amateurish attempts to jerk at your heartstrings. The finale, with a gold-plated muscle-boy angel guiding a tearful Mark to heaven while a chastened, grief-stricken Simon waves goodbye is just stupefying, chiefly because it isn't intentionally funny."
tt0112740,Crimson Tide,Tony Scott,1995,116,"Action,Drama,Thriller","We laughed our heads off. This script is so incredible you either zap to CNN or go to sleep.<br /><br />My dad was a sea captain for 30 years, he could not believe his eyes when he saw the movie.<br /><br />During his experience as an officer he once claimed command over the ship, the captain drunk 3 bottles of whiskey/daily and (sorry) s**t on his desk. Of course this was not on a nuclear mission.<br /><br />For instance, the fire in the kitchen, fire is the most important thing on any ship, nuclear or not. To give a drill at that time is just Hollywood script. When a captain is put under arrest, he IS under arrest, you take all his keys and open the safe where the guns are kept. This is stored within minutes in a well guarded room. He CANNOT escape, it's just like in prison.<br /><br />Funny thing is, my dad also had a dog on board, however, we see how Hackman let him pee in the control room. This is not done, ever. My dad cleaned all the mess the dog made wherever he was.<br /><br />Hackman and Washington make the three stars this movie is credited for, all the rest is bulls**t.<br /><br />When we do know that 23 people were still alive on the Koersk, this film gets an extra dimension.<br /><br />If you want to see a real thriller about a submarine rent: Thas Boat.<br /><br />"
tt0113305,Higher Learning,John Singleton,1995,128,"Crime,Drama,Thriller","MINOR SPOILERS!<br /><br />Well i just sat up late and watched this film, mainly because i enjoyed and rated some of Singleton's earlier work like ""Boyz n the hood"". However, i have to say this was a major disappointment and is everything i hate about contrived, clichéd, so-called ""message"" movies. <br /><br />The acting is mainly poor,(pop stars and models do NOT necessarily make good actors...take note), the situations hard to swallow, (rape victim becomes overnight lesbian?...please!), but worst of all it reinforces every screwed up stereotype you can think of. By the second half of the film it has become cartoon like in its characterisation, making you lose any shred of empathy you may have had for its one-dimensional players.<br /><br />Not once is any valid point made about the inherent causes of racism and cultural, sexual and political ignorance. As a result it merely ends up sensationalising the results of these problems. It's message is contradictory, resulting in a sense of confusion and a general lack of plot cohesion. As for the films conclusion i found it predictable, embarrassing, exploitative and mildly offensive. For a film called ""Higher Learning"" i have to say all i learned is to avoid seeing this ever again.<br /><br />If you want a true comment on some of the themes that this film completely fails to elaborate upon then go hire ""American History X""....unless you were just watching it for Tyra Banks then go hire a life."
tt0113501,Just Cause,Arne Glimcher,1995,102,"Action,Crime,Drama","I've seen my fair share of badly thought-out endings and final twists to films, but I don't recall any film that committed outright suicide like this one did.<br /><br />The film makers were clearly hoping that the great twist would 'surprise' us all.... and it did, but perhaps not in the way the directors had hoped. I was left feeling surprised that Connery, Harris, Fishburn and Capshaw had anything to do with this turkey, individually or collectively.<br /><br />The film up until the final thirty minutes was rather engaging and I like the way the story was unfolding and the nature of the film overall. But once the twist was revealed, the plot holes and inconsistencies were remarkable, the underlying motive for revenge was ill-conceived and the ways things so neatly worked out for Bobby Earl was ridiculously far-fetched. What's worse is that, once the twist was revealed, the remainder of the film became excruciatingly predictable.<br /><br />Harris gave a terrific performance and Connery is like Morgan Freeman in that he never gives a bad performance, even if the movie ain't that great! So all in all, it starts well and the unfolding keeps the viewer interested. The last 30 minutes is one of the most memorable nose dives in the history of cinema."
tt0114057,Othello,Oliver Parker,1995,123,"Drama,Romance","Working with one of the best Shakespeare sources, this film manages to be creditable to it's source, whilst still appealing to a wider audience.<br /><br />Branagh steals the film from under Fishburne's nose, and there's a talented cast on good form."
tt0114736,True Crime,Pat Verducci,1995,94,"Crime,Drama,Mystery","This film was so predictable, that during the entire time you're hoping that the obvious suspect is innocent, and there's some other big twist still coming. However... it doesn't. He just continues to act creepy, and she continues to ignore it. Mary found very incriminating evidence at his place, and she still trusted him? And what was that ""baiting the trap""? There was no trap. She confronted him, he said ""excuse me. I have to go kill someone"" He left, and that was the end of it. They make attempts to use other suspects, (like that one older carnival girl at the end) but they're completely underdeveloped. Actually, all the characters are underdeveloped. They have no depth, and the setting is just plain strange... who hangs out in a recycling factory?? Its choppy and nothing is well developed. For example: When she leaves his place after having the beer, and he finds the pics and she runs out and he catches her and they end up having sex in that car... what was that? Her reactions weren't portrayed. In the car she acted scared like it could have been practically rape- but then all we see is her showering the next morning. booooooooo It could have been so much better.. sooo much better."
tt0115543,The Angel of Pennsylvania Avenue,Robert Ellis Miller,1996,92,Drama,"1st watched 12/24/2009  4 out of 10 (Dir-Robert Ellis Miller): Emotional Christmas fluff that doesn't really get specific enough to explain how the real story happened in this factual-based incident of a man who is wrongly put in jail trying to get a job for his family to make Christmas happen for them. The three kids in the family then run away from home on a trek to Washington D.C. to enlist the then President of the United States, Herbert Hoover. This trek provides some side stories like their positive encounters with a hobo and a puppeteer, which makes the story kind of like a Disney ""animals on the run"" movie and doesn't quite fit here. At the ending, there isn't any details given as to how the President helped the family and this is another downpoint to the movie, in my opinion. The movie does eventually bring tears, but it takes too long to get to this. The movie isn't supposed to have been an original TV movie(according to IMDb) but it has the obvious fade-outs that make it look this way  so I'm not sure their information is accurate. All in all, this is a simple movie(that could have been more complex) with a happy Christmas-like story but blandly played and without a lot of substance."
tt0116061,Death and the Compass,Alex Cox,1992,86,Drama,"This wilfully bizarre adaptation of Borges short story is typical Cox. His strong visual sense is, as usual, undone by the appalling half baked acting of most of the cast. The film is definitely in the surreal tradition of Bunuel's Mexican period, and looks at times like a poor man's take on Lars Von Trier's Elements of Crime. Cox's apparent preference for single takes, jump cuts, and ambient sound recording all work against the film's effectiveness. Worth a look but ultimately disappointing."
tt0116308,Fire,Deepa Mehta,1996,104,"Crime,Drama,Romance","Few movies have dashed expectations and upset me as much as Fire has. The movie is pretentious garbage. It does not achieve anything at an artistic level. The only thing it managed to receive is a ban in India. If only it was because of the poor quality of film making rather than the topical controversy, the ban would have been more justifiable.<br /><br />Now that I've got my distress out of my system, I am more able to analyse the movie: <br /><br />* From the onset the movie feels unreal especially when the protagonists start conversing in English. The director, of course, did not make the movie for an Indian audience; however it underestimated its international audiences by over simplifying it. Watching the character of the domestic help conversing in perfect English is too unreal to be true.<br /><br />* Next we get regular glimpses into Radha's dreams. These scenes are not very effective. They coming up as jarring and obstruct the flow of the movie. I'm still wondering how that philosophical dialogue connected to the story. I felt that the surrealism was lost.<br /><br />* The love scenes felt voyeuristic and are probably meant for audience titillation rather than being a powerful statement. In any case, they do not achieve either of the two.<br /><br />* The names chosen for the women, Radha and Sita, are names of Hindu deities and hence been selected to shock the audiences. However, since the film wasn't meant for Indian audiences in the first place, the shock-through-name-selection is not meant to achieve its goal, which is absurd.<br /><br />* The quality of direction is very poor and some key and delicate scenes have been poorly handled. A better director could have made a powerful emotional drama out of the subject.<br /><br />* The acting felt wooden although Nandita Das brought some life into the role, the others were wasted. I always thought that Shabana Azmi was a good actress but her talent is not evident in this film. The male leads were outright rubbish.<br /><br />In case you are a fan of Earth and wish to see more of the director, stay away from this one. Please."
tt0116499,Have You Seen My Son,Paul Schneider,1996,120,Drama,"This is one of those cheaply made TV Movies were the characters seem to lose all sense. The premise of the story, the kidnapping of a son by the boy's father,is very good. But the story just seems to beggar belief. Whenever the mother is advised not to do anything you know fine well she is going to do it. It is a bit far fetched and not worthy of a viewing."
tt0116684,Jane Eyre,Franco Zeffirelli,1996,112,"Drama,Romance","This 1996 movie was the first adaptation of Jane Eyre that I ever watched and when I did so I was appalled by it. So much of the novel had been left out and I considered William Hurt to be terribly miscast as Rochester. Since then I have watched all the other noteworthy adaptations of the novel, the three short versions of '44, '70 and '97 and the three mini series of '73, '83 and 2006, and I have noticed that there are worse adaptations and worse Rochesters.<br /><br />This is without doubt the most exquisite Jane Eyre adaptation as far as cinematography is concerned. Director Franco Zerifferelli revels in beautiful long shots of snow falling from a winter sky, of lonely Rochester standing on a rock, and of Jane looking out of the window - but he is less good at telling a story and bringing characters to life. In addition, his script merely scratches the surface of the novel by leaving out many important scenes. As a consequence the film does not show the depth and complexity of the relationship between Jane and Rochester, and sadly it does also not include the humorous side of their intercourse. There are a number of short conversations between Rochester and Jane, each of them beautifully staged, but the couple of sentences they exchange do not suffice to show the audience that they are drawn to each other. We know that they are supposed to fall in love, but we never see it actually happen. The scene in which Rochester wants to find out Jane's reaction to his dilemma by putting his case in hypothetical form before her after the wounded Mason has left the house is completely missing, and the farewell scene, the most important scene - the climax - of the novel is reduced to four sentences. Zerifferelli does not make the mistake other scriptwriters have made in substituting their own poor writing for Brontë's superb lines, neither are crucial scenes completely changed and rewritten, but he makes the less offensive but in the end similarly great mistake of simply leaving many important scenes out. What remains is just a glimpse of the novel, which does no justice to Charlotte Brontë's masterpiece.<br /><br />The cast is a mixed bag: While Fiona Shaw is an excellent Mrs Reed, Anna Paquin's young Jane is more an ill-mannered, pout Lolita than a lonely little girl, longing for love. The ever-reliable Joan Plowright makes a very likable, but far too shrewd Mrs Fairfaix, and one cannot help feeling that Billie Whitelaw is supposed to play the village witch instead of plain-looking, hard-working Grace Poole. Charlotte Gainsbourgh as the grown-up heroine, however, is physically a perfect choice for playing Jane Eyre. Looking every bit like 18, thin and frail, with irregular, strong features, she comes closest to my inner vision of Jane than any other actress in that role. And during the first 15 minutes of her screen time I was enchanted by her performance. Gainsbourgh manages well to let the audience guess at the inner fire and the strong will which are hidden behind the stoic mask. But unfortunately the script never allows her to expand the more passionate and lively side of Jane's character any further. As a result of leaving out so many scenes and shortening so much of the dialogues, Gainsbourgh's portrayal of Jane must necessarily remain incomplete and therefore ultimately unsatisfactory. This is a pity, as with a better script Charlotte Gainsbourgh might have been as good a Jane as Zelah Clarke in the '83 version.<br /><br />But while it is still obvious that Gainsbourgh is trying to play Jane, there is no trace whatsoever of Rochester in the character that William Hurt portrays. Hurt, who has proved himself to be a fine actor in many good movies, must have been aware that he was physically and type-wise so miscast that he did not even attempt at playing the Rochester of the novel. His Rochester, besides being blond and blue-eyed, is a soft-spoken, well-mannered nobleman, shy and quiet, slightly queer and eccentric, but basically good-natured and mild. He is so far from being irascible, moody and grim that lines referring to these traits of his character sound absolutely ridiculous. Additionally, during many moments of the movie, Hurt's facial expression leaves one wondering if he is fighting against acute attacks of the sleeping sickness. Particularly in the proposal scene he grimaces like a patient rallying from a general anaesthetic and is hardly able to keep his eyes open. If you compare his Rochester to the strong-willed and charming protagonist of the novel, simply bursting with energy and temperament, it is no wonder that many viewers are disappointed in Hurt's performance. Still, he offends me less than the Rochesters in the '70, '97 and 2006 versions and I would in general rank this Jane Eyre higher than these three other ones. Hurt obviously had the wits to recognise that he could not be the Rochester of the novel and therefore did not try to do so, whereas George C. Scott, Ciaràn Hinds and Toby Stephens thought they could, but failed miserably, and I'd rather watch a character other than Rochester than a Rochester who is badly played. And I'd rather watch a Jane Eyre movie which leaves out many lines of the novel but does not invent new ones than a version which uses modernised dialogues which sound as if they could be uttered by a today's couple in a Starbucks café. Of course this Jane Eyre is a failure, but at least it is an inoffensive one, which is more than one can say of the '97 and 2006 adaptations. I would therefore not desist anyone from watching this adaptation: You will not find Jane Eyre, but at least you will find a beautifully made movie."
tt0116762,Keys to Tulsa,Leslie Greif,1997,113,"Crime,Drama,Thriller","This is a genuinely horrible film. The plot (such as it is) is totally undecipherable. (I think it has something to do with blackmail, but I'm not entirely certain.)<br /><br />Half of the dialogue consists of useless cliches. The other half is spoken by the various actors in such unintelligible imitations of ""southern"" accents that (thankfully) the words cannot be recognized.<br /><br />But the one true tragedy of the movie is that such a historic talent as Mary Tyler Moore apparently was in such dire financial or personal circumstances that she appeared in it.<br /><br />"
tt0117665,Sleepers,Barry Levinson,1996,147,"Crime,Drama,Thriller","I have to admit that i liked the first half of Sleepers. It looked good, the acting was even better, the story of childhood, pain and revenge was interesting and moving. A superior hollywood film. But...No one mentioned this so far (at least in the latest 20 comments), when it came to the courtroom scenes and Brat Pitt´s character followed his plan to rescue his two friends, who are rightly accused of murder, i felt cheated. This movie insulted my intelligence. <br /><br />Warning spoilers!!<br /><br />Why did anyone accept their false alibi, witnessed by the priest? If these two guys had been with him, why shouldn´t they tell this during the investigation? Amnesia? If you were the judge or member of the jury, would you believe it? Is it wise to give the motif of the murderers away?<br /><br />I am sorry, but in the end, the story is very weak, and this angers me. This movie had great potential. 4/10"
tt0118032,Undertow,Eric Red,1996,93,"Action,Drama,Thriller","I sat through this turkey because I hadn't seen it before, and because the premise sounded like it had potential. It was mildly entertaining until the hurricane sequence. At the height of the storm, the wind is strong enough to blow windows out of the house, yet the trees in the background are perfectly upright and not a leaf is moving! In fact, when the characters move outside the house, bright sunlight is visible illuminating the treetops. At that point, whatever credence the filmmakers had developed evaporated faster than the highly localized rain in their film. Too bad all hurricanes aren't like this one, it would surely help our homeowners insurance rates here in the Sunshine State."
tt0118254,Ally McBeal,"Mel Damski, Jonathan Pontell, Bill D'Elia, Arlene Sanford, Michael Schultz, Billy Dickson, Jeannot Szwarc, Dennie Gordon, Rachel Talalay, Bethany Rooney, Arvin Brown, Peter MacNicol, Alex Graves, Kenny Ortega, Thomas Schlamme, Sandy Smolan, Allan Arkush, Elodie Keene, Vincent Misiano, Joanna Kerns, Jack Bender, David Grossman, Oz Scott, Daniel Attias, James Frawley, Victoria Hochberg, Joe Napolitano, Jace Alexander, Dennis Dugan, Jeremy Kagan, Tom Moore, Adam Nimoy, Ben Lewin, Bryan Gordon, Barnet Kellman, Michael Lange, Alan Myerson, Adam Arkin, Greg Germann, Ron Lagomarsino, Sarah Pia Anderson, Steve Gomer, David Semel",1997,45,"Comedy,Drama,Romance","What the hell is this? ""Kooky drama""? ""Lawyers in Loony Tunes Land""? The world's thinnest, most duck-faced actress (even more duck-faced and anorexic than Michelle Pfeiffer) overacts her bony butt off, making cretinous grimaces that would shame Bugs Bunny, in one of the most animated non-animated TV series ever. This is also the most annoying one-hour-format TV show ever, hence the worst.<br /><br />All the men act like pansies, and I for one refuse to believe that even hip big-city shysters are all as delta-male-like as this sorry (short) bunch. Wuss Peter MacNicol manages to be even more irritating than Calista Flockofducks with his fake Hollywood ""shshshs"" speech impediment: it's the sort of pseudo-inability to pronounce the letter ""S"" by turning it into a moronic ""SH"" that the likes of Jon Shtewart and Christian Shlater also practice with zeal. Watching MacNicol talk, I always wonder how come his jaw doesn't dislocate... Human facial anatomy was never meant to support the pronouncing of the ""SH"" sound more than three times per second. He is a medical wonder.<br /><br />This badly conceived and written legal-drama/comedy hodgepodge also features some very 90s PC. It has POLITICAL CORRECTNESS written with huge, neon letters. Is there anything more unrealistic than a bunch of LAWYERS being full of ideals, high principles, and moral fiber? Laughable, but that's the way defense lawyers have been portrayed in Hollywood since its inception. After all, what is more noble than defending a murderer, a rapist, or a thief? When a TV series as retarded as ""Ally McBeak"" starts preaching to America about how it should run the country, then it must be time for Paris Hilton to become President. ""Ally McQuack"" is both a product of recent and large-scale Western dumbing-down and a perpetrator of it.<br /><br />Those supposed touches of ""eccentricity"", like the UNBELIEVABLY annoying musical numbers, are unconvincing and embarrassingly unfunny. This is no Monty Python. Whatever ""new"" the talent-free makers of this garbage were aiming for, they failed with honours. ""Ally McBeak"" is a highly commercialized TV venture aimed at indiscriminating yuppies, bored housewives, and bipolar lawyers. It's yet another dull ""objection overruled sustained your Honour may I call the witness"" legalistic baloney that the American audiences seem to eat up with relish for some strange reason..."
tt0118882,Conceiving Ada,Lynn Hershman Leeson,1997,85,"Drama,Fantasy,Sci-Fi","I haven't seen anything this bad since I walked out of the James Bond movie ""Moonraker"" twenty years ago. I managed to sit through the entirety of this one only because of Tilda Swinton, but there was nothing she could do to save this beast.<br /><br />As a cross between ""Pi"", ""Orlando"", and ""Tron"", this movie failed miserably in every aspect of moviemaking. The characters were cardboard and unable to evoke any kind of sympathy. The plot was wholly unbelievable. The acting was, with the exception of Swinton, amateur. The computer graphics were worse than in ""Tron."" Timothy Leary was extremely annoying. I could go on, but what's the point.<br /><br />The only good thing I can say about this film is that Tilda Swinton was in it. I have no idea why an actress of her caliber consented to appear in such a dud, but she most likely regrets it now.<br /><br />Don't waste your money or your time on this stinker. There's nothing worth seeing here."
tt0119173,G.I. Jane,Ridley Scott,1997,125,"Action,Drama,War",Demi Moore's character in the movie was selected for the SEALs because of her looks. That was a bad start and the movie went down from there. The plot was totally unbelievable. The will to make it in a tough military unit is not enough. This movie did not convince me of a woman's physical ability to perform the types of tasks required.<br /><br />Trying to pretend that women and men are basically the same is an insult to everyone's intelligence. The differences between the sexes are what makes life interesting.
tt0119427,Judaai,Raj Kanwar,1997,167,"Comedy,Drama,Romance","JUDAAI was a bold film by Raj Kanwar at it's time In 1997 when such a topic was damn out of the box<br /><br />To give him his credit he does succeed in showing how greed changes a person and to what extent the person can go to get what she wants<br /><br />The film however is damn melodramatic, many places ridiculous<br /><br />One wonders why Anil doesn't buy a TV for his wife? when he earns so much Just to show how poor he is?<br /><br />The twist is well handled but the handling is straight out of 80's The Johny- Paresh comedy which entertains here and there stands out as a sore thumb as it doesn't fit in the story<br /><br />Even there are several cringeworthy scenes<br /><br />Direction by Raj Kanwar is adequate though at times too melodramatic Music is okay but most songs look forced<br /><br />Anil does his part well Sridevi is excellent in her part Urmila is decent Amongst rest Kader Khan is as usual Johny Lever is funny, Paresh irritates Farida is decent"
tt0119453,A Merry War,Robert Bierman,1997,101,"Comedy,Drama,Romance","In spite of sterling work by the supporting actors, and an intelligent script by Alan Plater, this film suffers from a fatal flaw - the lack of charm of the central character/actor. One of the characters describes Richard E Grant's character as ""a whining little turd"" and unfortunately this sums him up perfectly. There is nothing about him or his performance to make it credible that his girlfriend and upper-class publisher/friend would spend so much time and emotional effort on him. He is rude, arrogant, selfish, self-destructive and thoroughly annoying. The part called for an actor who can make you love him even when he is being a prate - a Ewan McGregor, for example.<br /><br />All of the witty satire on the class system etc was wasted, thanks to this irritating and thoroughly unlikeable performance. All I wanted to do was shake him and tell him to get over himself."
tt0119653,Men,Zoe Clarke-Williams,1997,92,Drama,"I hate this movie. It is a horrid movie. Sean Young's character is completely unsympathetic. Her performance is wooden at best. The storyline is completely predictable, and completely uninteresting. I would never recommend this film to anyone. It is one of the worst movies I have ever had the misfortune to see."
tt0120430,Vanishing Point,Charles Robert Carner,1997,91,"Action,Adventure,Drama","Oh, dear lord.... They've turned what was a fairly thought provoking movie into a swaggering testosterone fest.<br /><br />The original 1971 version of this movie was beautifully vague about our hero Kowalski. He was a man trying to drive from Denver to San Fransisco to win a bet. Why was he willing to risk his life for the price of a handful of uppers? We're not really sure.<br /><br />We had a few flashbacks that gave us the picture that he was an adrenaline junkie, and presumably he had led his entire life trying to make it to the vanishing point. That point you see off in the distance where the left and right shoulders of the road come together, and the road itself vanishes. He lives only to be free, and means no ill on anyone. We saw several times when there were accidents he stopped to make sure the other driver was okay before moving on, even the cops that were chasing him.<br /><br />When he saw the futility of his quest he took his life rather than be arrested and live a life of captivity. He died like he lived, running wide open.<br /><br />In the remake Kowalski has a whole history (including a first name, even.) He's trying to get to the hospital where his wife is suffering from complications to her pregnancy. He is a devoted husband, and excited expectant father. He comes to the decision to take his life after hearing his wife died in delivery, but they even leave THAT in question when they suggest that he may have jumped out of the car before it ran into the bulldozers. They even gave the part of ""super soul,"" the blind DJ (brilliantly portrayed by Clevon Little in the original) to JASON PRIESTLY?!?!?!?!?!? Give me a break."
tt0120613,A Walk on the Moon,Tony Goldwyn,1999,107,"Drama,Romance","Tony Goldwyn is a good actor who evidently is trying his hand at directing. ""A Walk on the Moon"" appears to have borrowed from other, better made films. The present story takes place in the late sixties at a summer resort for working class Jews not far from Woodstock. The screen treatment by Pamela Gray doesn't have much going for it, so it's a puzzle why Mr. Goldwyn decided to tackle this film as his first attempt at direction.<br /><br />The Kantrowitz family is spending some time at the resort. We see them arrive at the small bungalow that is going to be their temporary home. Marty, the father, comes only for the week-end; he works in what appears to be a family small appliance business repairing television sets, mostly. In a few days the first man will walk in space, so the excitement is evident.<br /><br />The Kantrowitz women are left behind. Pearl, Marty's wife and her mother-in-law, Lilian, spend idle days in the place until the ""blouse salesman"" arrives. Pearl goes browsing and she finds much more than a shmatte; she gets the salesman as well. It appears that Pearl and Marty have no sexual life at all. After two children, Pearl, who appears to be sexy and with a high libido is ready for some extra marital fun.<br /><br />That is the basic premise for the film, which becomes a soap opera when the young daughter, Alison, decides to play hooky and go to the Woodstock festival nearby where, horror of horrors, she witnesses her own mom making out with the blouse salesman! What's a girl to do? Well, stay tuned for the grand finale when all the parties are happily reunited by the little son's bedside when he is stung by wasps and the salesman comes to apply some home remedy, and daddy is called from the city, after knowing about Pearl's betrayal with the younger stud.<br /><br />Poor Diane Lane, she went to make ""Unfaithful"" later on, which is the upscale version of this dud. Viggo Mortensen is the salesman who caters to his lonely female customers whispering little somethings in their ears! Liev Schreiber as Marty, the cuckolded husband, doesn't have much to do. Anna Paquin plays the rebellious Alison and Tovah Feldshuh is the unhappy Nana, who would like to have stayed in the city watching her soap operas instead of witnessing first hand one that is playing in her own backyard!<br /><br />Watch it at your risk, or pop the DVD in the telly when you have a fun crowd at home and you really want to have a laugh, or two dishing the film."
tt0120620,Brokedown Palace,Jonathan Kaplan,1999,100,"Drama,Mystery,Thriller","I had been looking forward to seeing this film for a long time, after seeing ""Return to Paradise,"" which I found to be gritty. I was so disappointed. The most realistic thing about it was the unpredictable ending which I think was partly stolen from ""Return to Paradise."" <br /><br />Maybe I was expecting too much. <br /><br />On the positive side Danes, Beckinsale and Pullman were fantastic in their roles. Although I didnt like Danes's character and first and found her very annoying. <br /><br />I couldnt see anything realistic about the film. It could of been done so much better, for example there could of been more emphasis on the prison conditions and the sheer horror. It was too cheery a movie to be realistic. There could also of been more action and tension<br /><br />The best thing about this film is the ""tragic"" ending. I couldnt of predicted that. But by that time I really didnt care what happened to them.<br /><br />3/10"
tt0120706,The General,John Boorman,1998,124,"Biography,Crime,Drama","Like with any movie genre, there are good gangster movies and there are bad gangster movies. If you asked me to name a good gangster movie, I'd have dozens to choose from. If you asked me to name a bad gangster movie, probably the first one to pop up in my mind is one that still has me in a sort of depression of disappointment about a week since I saw the film for the first and I promise you, the last time. That film is ""The General"", unrelated to the 1926 silent film of the same name. This is a very dry, very slow gangster epic that raises questions not about the story (it's more than easy to follow) but about why the filmmakers chose to make this rather flimsy endeavor.<br /><br />Like ""Goodfellas"" (1990) and ""American Gangster"" (2007)two superior mob movies""The General"" is based on real people and true events. The film revolves around an Irish criminal named Martin Cahill (Brendan Gleeson) who started his long chain of crimes stealing food as a teenager and then moving up to robbing museums and houses as an adult. Meanwhile, the police led by an inspector named Kenny (Jon Voight) try desperately and vigorously to prove just one of his crimes and convict (or kill) him.<br /><br />Perhaps because it's a film in the same category as the marvelous ""Goodfellas"" (1990) and the first two ""Godfather"" films, I was expecting too much from ""The General."" But that may be going too easy on it. This would have been a bad film had I not seen the aforementioned masterpieces before being swamped by boredom in this oater and its far-too-stretched running time of screaming bad scenes. Let's start knocking the film by just looking at the style in which it is presented. For some reason, director John Boorman and cinematographer Seamus Deasy selected to film this movie in black-and-white while its style and presentation are clearly the elements that belong to a full-fledged color film. Now I have nothing against b/w pictures, not even ones made in modern-day times. ""Schindler's List"" (1993) was more than ninety percent filmed in black-and-white and it's a masterpiece. ""The General"", made just five years after ""Schindler's List"" is not. The cinematography is also far too blown out with high lighting keys that seem very distracting and give the movie a very video-game-like quality that I found simply annoying. The filmmakers were obviously going for a realist's documentary-like style, like ""Schindler's List"" did, but they fail by making it seem too much like a documentary and at the same time, too much like a classic-style motion picture. Performances in the film range from passable to poor. Brendan Gleeson and Jon Voight gave decent enthusiasm for their roles, but it seemed to me at times that even they were getting kind of run down by the awful screenplay from which they were quoting. The sound design is also very primitive, probably in an attempt to give it a 40s crime-noir appeal, but that also fails because again, it's made too much like a contemporary picture and seems vastly out of place.<br /><br />But the worst thing that occurs is that there's not onenot onecharacter in the film that I felt any emotions or opinions for. In fact, for every moment of every scene, the only thought going through my head was ""okayso what?"" Moments that in a better film might come across as shocking or appalling are just dull and time-consuming here. I did not sympathize or hate the Brendan Gleeson character because the way the Cahill character is written is simply flat and dull. Gleeson just plays the common criminal and does not strike out with the impact the real Martin Cahill obviously did. If a character is killed off (as they always are in gangster films), we feel nothing. No remorse, no relief, no surprise, nothing. We just say ""so what?"" And that's all I did during the entire running time of this very flimsy, very poorly-made crime film."
tt0123385,Artemisia,Agnès Merlet,1997,98,"Biography,Drama,History","Artemesia takes the usual story about the art world, eg, ""You can't paint that! But I want to!"" and plasters it with sex and scandal to make the whole film, well, interesting, but not remarkable.<br /><br />The story is about one of the first female painters around, Artemesia who course, is fiercely independent, but just can't stop thinking of men, and their bodies for artistic purposes of course. She soon gets private tutoring from one of a well known artist, but soon tutoring becomes much more then art, and soon after that, scandal erupts! Funny how they could take a historical biography and make it almost into a soft-porn fantasy. I mean, was Artemesia THAT much of a man-hungry person? Also, it's quite funny when she's insisting that she ""paints for herself!"" yet falls for the first person she sees.<br /><br />Actually, the story itself is quite fascinating, and it ends with a trial, which I always love. But I wasn't too crazy about the male lead who played her teacher, who looked rather like the person someone like that wouldn't fall for. I woulda gone for the young fisherman :P"
tt0125430,The Naughty Stewardesses,Al Adamson,1973,102,"Comedy,Drama","Such is the dilemma(above) that Debbie must face at the close of this Sam Sherman production Naughty Stewardesses. Debbie has just hit town, become a stewardess, slept with an elderly rich man(who she describes is in his 50's but obviously hit that mark a decade or two ago), shoots nude scenes for a photographer she just met, and then is the central element to a kidnapping/extortion plot. Through it all and amidst all that emotional upheaval and soul-searching, what in heaven's name will Debbie do? Well, I cannot give it away completely but don't expect any real epiphany here. Let's face it. Naughty Stewardesses is just what it wants to be(at least two-thirds through): a soft core porn film with lots of topless women and a funny in that kitchy 70's way film. There is no grand art here. The movie was designed to make money and exploit a growing trend at the time to put nymphomaniacal stewardesses in films so that the audience could live out vicariously their voyeuristic tastes. By todays standards, the film is pretty tame. What this film DOES do wrong is try to be some kind of statement film at the end. C'mon, anyone here believing that little diatribe by Debbie while on the beach contemplating life. She would spend more time picking out which halter top she will wear that day then do that. And what about the ridiculous plot to steal 50 grand? It didn't make sense to me so how on earth did these characters ""dig"" it? Anyone buying Cal as a member of the PLO(something like that) or even as a director for hardcore pornography? He would be luck to get work at Seven Eleven! This is, as another reviewer noted, more of a Sam Sherman piece then and Al Adamson piece. You can tell when Al is in complete charge. There is virtually no budget and the film doesn't look nearly as polished as this. Adamson does a decent job directing this time and I have to give Sherman credit to a degree. While this film is bad just for what it was meant to be, it has a certain style to it. I liked the opening credits with the animation and photographs. I even liked the music of Sparrow. ""Silver Heels"" was a somewhat catchy tune. The movie doesn't look cheap really at all. Compare that to ANY of Al's horror films. As for the cast, yes, Bob Livingston is a bit old for the lead, but some examination went into his character and the obvious thread that young women are attracted to men with money was explored as well. I had major problems with Robert Smedley who was just plain awful in his role. The girls have all got great sets, so what else was required of them huh? Naughty Stewardesses is relatively harmless exploitation film from the 70's and will serve as a living time capsule for certain aspects of life during that decade. By the way, did I mention it is a pretty bad picture?"
tt0127207,The Ramrodder,Ed Forsyth,1969,92,"Drama,Western","This is an awful film. Yea the girls are pretty but its not very good. The plot having a cowboy get involved with an Indian maiden would be interesting if the sex didn't get in the way. Well, okay it might be interesting, but its not, because its so badly paced and and only partly acted. I can only imagine what the close ups of the dancing tushes looked like on a big screen, probably more laughable then they do on TV. (I won't even mention the topless knife fight between two women who are tied together and spend the whole thing chest to chest. Never read about that in the old west) This is a film that requires liberal use of fast forward.<br /><br />I like schlock films but this is ridiculous. There is a reason that I don't go for this sort of films and that they tend not be very good, the plot taking a back seat to breasts. The original nudie cuties as they are called were originally nudist films or films where there was no touching but as the adult industry began to grow the film makers either tried to be clever or tried to exploit something else in order to put butts in seats. The clever ones were very few which only left hacks who were of limited talent. The comedies often came off best with the humor approaching the first grade level, infantile but harmlessly fun. Something that could rarely be said about any other genre cross dressed as a nudie.<br /><br />The Ramrodder looks good and has a couple of nice pieces but its done in by being neither western nor sex film.<br /><br />I need not watch this again.<br /><br />Of interest to probably no one, the rapist and killer in the film was played by Bobby Beausoleil, a member of the Manson family who was arrested for murdering a school teacher not long after filming wrapped.<br /><br />Obviously these sort of things will ruin some peoples lives."
tt0127901,Starstruck,John Enbom,1998,90,Drama,"This was a truly insipid film. The performances are third rate, and the dialogue is so stilted that at times it seemed to have just rolled over and died. My reason for renting this was simple: Find a movie with scriptwriting. I needed a visual aid for my presentation, so I figured why not use a clip? Boy was I wrong. After searching my local video store, I came upon this, where it was suspiciously titled ""Starstruck"". I thought, ""What the hey"", and decided to give it a try. Well, I was very unhappy with my results. There was maybe one scene I could use, and meanwhile, I was practically falling asleep because of the sheer banality of the flick. So.....I took this back and picked up Ed Wood. There's a movie I can use as an example. Then again, anything would be presentable compared to the drivel that is ""Starfucker""."
tt0130229,Rupert's Land,Jonathan Tammuz,1998,93,Drama,"Anyone that has see Tammuz's Child Eaters knows that this is a director that can do better. Let's hope it was not a case of too many hands in the pot (Telefilm anyone?)and that is was a case of second feature jitters. The characters are one dimensional and over used. The scenery is terrific however and showcases the Pacific Northwest beautifully.<br /><br />The cinematography is great. Shot almost entirely outside, the images are crisp and beautiful. You can almost smell the wind blowing through the leaves.<br /><br />Technically this movie is as sound as they come - it just lacks a heart."
tt0132905,No One Writes to the Colonel,Arturo Ripstein,1999,122,Drama,"Based on one of the books by Gabriel Marquez and it might be brilliant literature, this cinema-adaption really sucks as it's more like fighting against sleep rather than enjoying some cinematographic delices. The story is about an old couple whose son died and living a life that is heavily dominated by poverty, and wherein the main character is a cock that hopefully one day brings some money for a forthcoming cockfight. I am in no mood to spill more words on this useless pretentious piece, just perhaps that you can see Salma Hayek in here, but sitting 90 minutes in front of your screen for just that? No gracias....."
tt0145679,Blood on Her Hands,Steven Robman,1998,95,"Crime,Drama","A thematic staple of cinema since its inception is that genre involving seductive women whose wiles and means entice susceptible men not only into their arms but also into dire circumstances that typically will only result in jeopardy for the male victims, along with incertitude as to whether or not temptresses will be forced to take their medicine, and here Susan Lucci performs as a siren, although her acting chops from a primarily soap opera pedigree are inadequate to make her performance a credible one. Isabelle (Lucci), inconstant wife of venture capitalist Stewart Collins (John O'Hurley), begins a love affair merely for fun with yacht salesman Richard Davis (Philip Casnoff), simply a bagatelle for her but an earnest matter of the heart for Richard, apparently mesmerized by his lover while she takes advantage of his ardour by engaging him in a risky plot that will graduate into a scheme of murderous intent. When Davis becomes convinced that guileful Isabelle is a victim of physical abuse administered by her husband, he desperately attempts to free her from what he feels is a marital trap in order that he may wed her himself, coming to believe that the only clear solution to his plight will be found in a rudimentary essay at hiring a professional assassin who will dispose of the allegedly violent Stewart. In the wake of the hit-man's assault upon Collins, a pair of police detectives, performed by Joe Grifasi and Dean McDermott, become increasingly curious concerning Isabelle's possible involvement in the crime, while at the same time reality dawns upon enraptured Richard who might have to pay a dear price in return for his inamorata's maneuvering. Lucci and Kasnoff are properly cast as a viable pair of conspirators, each giving a reading that makes for a boring rather than charming set of lovebirds, but O'Hurley and McDermott offer strong turns in a film that suffers from a hackneyed scenario as well as uninventive direction and design elements. Released upon a Fremantle DVD, this largely lustreless affair depicting a man 'neath the spell of a seductress does benefit from top-flight visual and sound quality, and although no extra features are provided, the above-average production quality enhances able efforts from cinematographer Robert Primes and composer Stephen Edwards."
tt0158653,Coming Home,Giles Foster,1998,101,"Drama,Romance,War","Quite what the producers of this appalling adaptation were trying to do is impossible to fathom.<br /><br />A group of top quality actors, in the main well cast (with a couple of notable exceptions), who give pretty good performances. Penelope Keith is perfect as Aunt Louise and equally good is Joanna Lumley as Diana. All do well with the scripts they were given.<br /><br />So much for the good. The average would include the sets. Nancherrow is nothing like the house described in the book, although bizarrely the house they use for the Dower House looks remarkably like it. It is clear then that the Dower House is far too big. In the later parts, the writers decided to bring the entire story back to the UK, presumably to save money, although with a little imagination I have no doubt they could have recreated Ceylon.<br /><br />Now to the bad. The screenplay. This is such an appallingly bad adaptation is hard to find words to condemn it. Edward does not die in the battle of Britain but survives, blinded. He makes a brief appearance then commits suicide - why?? Loveday has changed from the young woman totally in love with Gus to a sensible farmer's wife who can give up the love her life with barely a tear (less emotional than Brief Encounter). Gus, a man besotted and passionately in love, is prepared to give up his love without complaint. Walter (Mudge in the book) turns from a shallow unfaithful husband to a devoted family man. Jess is made into a psychologically disturbed young woman who won't speak. Aunt Biddy still has a drink problem but now without any justification. The Dower House is occupied by the army for no obvious reason other than a very short scene with Jess who has a fear of armed soldiers. Whilst Miss Mortimer's breasts are utterly delightful, I could not see how their display on several occasions moved the plot forward. The delightfully named Nettlebed becomes the mundane Dobson. The word limit prevents me from continuing the list.<br /><br />There is a sequel (which I lost all interest in watching after this nonsense) and I wonder if the changes were made to create the follow on story. It is difficult to image that Rosamunde Pilcher would have approved this grotesque perversion of her book; presumably she lost her control when the rights were purchased."
tt0161023,Tumbleweeds,Gavin O'Connor,1999,102,"Comedy,Drama",We've all seen this story a hundred times. You can see each plot turn coming a mile away. The relationship between the mother and daughter is way too sweet and understanding to pass for realistic. Janet Mcteer's performance is stock southern hot- ticket mother in vintage clothes. Should have been made for the Lifetime Channel.
tt0161219,Advice from a Caterpillar,Don Scardino,1999,90,"Comedy,Drama,Romance","This film concerns purportedly non-establishment types (aesthetically and sexually) who apparently cannot resist basic romantic needs. Although some excellent players take part, including Jon Tenney, Timothy Olyphant, and Cynthia Nixon, they are grounded by a puerile script which relies nearly totally upon clever dialogue; which isn't. Nixon's role possesses the best lines, but she often homes in on them too quickly, a timing flaw which must be saddled upon the director. The grotesque climax utilizes every available cliche, spent or not, and fittingly ends this drab attempt at comedy."
tt0164699,Bodyguard Kiba,Ryūichi Takamori,1973,87,"Action,Crime,Drama","I just finished watching this film and WOW was that bad. Actually the only thing that kept me watching was that it was SO MONUMENTALLY bad it was kind of entertaining. The action of the characters is hilarious, from the hyper-dramatic way they fall to gunfire, to their incredibly bad acting (were the bad guys all just pulled off the street, or were they actually actors?), to incredibly bad delivery of lines, to their inexplicable actions (if you are going to try and shoot someone through a doorway as they enter, obviously the thing to do is shoot directly at the doorknob!!). This film must break some record for worst written and delivered lines.<br /><br />The camera work was also really bad - you can hardly see what's going on in the fight scenes due to switching camera angles and shakiness.<br /><br />I would have voted ""1"" except that I do like Chiba and sidekick Sue Shihomi, and I was entertained by a couple of scenes: 1) breaking of a villain's arm so the bone pops out of the skin (that's gotta hurt) 2) a drug kingpin eating a brown-furred animal (a monkey??) by hacking away at the carcass with a meat cleaver 3) Sonny Chiba's performing some impromptu eye surgery on a guy with his fingers.<br /><br />I am actually a big fan of Sonny Chiba but this one is really not worth anyone's time. I've seen about 7 or 8 of his films and have come to the conclusion that the only ones worth watching (and they are great!) are the Street Fighter series, and The Killing Machine. I've also heard the Executioner and Golgo 13 are good. I recommend sticking to those ones."
tt0175680,Goodnight Mr Tom,Jack Gold,1998,101,"Drama,Family,War","I have been familiar with the fantastic book of 'Goodnight Mister Tom' for absolutely ages and it was only recently when I got the chance to watch this adaption of it. I have heard lots of positive remarks about this, so I had high hopes. Once this film had finished, I was horrified.<br /><br />This film is not a good film at all. 'Goodnight Mister Tom' was an extremely poor adaption and practically 4.5/10 of the book was missed out. Particularly, I found that a lot of the characters and some great scenes in the book were not in this. There was not much dialogue, It was rushed and far too fast-moving, but I was mostly upset by the fact that you never got to see the bonding and love between William Beech and Tom in this film which was a true let down. The casting was not all that good,either. I thought this could have been really good, but it was so different to the book! Anextremely poor adaption, one of the worst I've seen. This deserves a decent remake that'd better be 1000 times better than this pile of garbage."
tt0175880,Magnolia,Paul Thomas Anderson,1999,188,Drama,"Great cast. Great acting. Unpredictable story line for the first half<br /><br />hour or so. I was really wanting to know what was going to<br /><br />happen to each of these unredeeming characters, and how their<br /><br />seemingly disparate lives would become intertwined. But when<br /><br />the writers took out the glue to start connecting the players, they<br /><br />mistakenly used super glue and brought the movie to a standstill<br /><br />for the last two hours. I kept thinking it would get better, but it only<br /><br />got worse. Don't believe the reviews. This is a waste of time. <br /><br />Think about it -- Tom Cruise made ugly -- why? The gorgeous<br /><br />hunky bartender wearing braces -- why? I know it had to do with<br /><br />the plot, but without them, at least there would have been one<br /><br />attractive cast member to remember."
tt0197570,The Hungry Bachelors Club,Gregory Ruzzin,1999,93,"Comedy,Drama,Romance","I have to agree with some of the other comments and even go a step further. <br /><br />Nothing about this film worked, absolutely nothing. Delmar our central character makes the decision to become a surrogate mother in order to earn enough money to buy a restaurant but along the way fall for a wise ex-jailbird. At the same time her friend Hortense is trying to get her lawyer boyfriend to finally marry her. She also happens to be sleeping with Marlon who is desperately in love with her. Then there's Delmar's brother Jethro who gets involved with a former coke addict, Missy who reveals she was sexually abused by her adopted father. On the sidelines we also have the eccentricmother who has an assortment of equally odd friends, one of whom dies on the couch at the beginning of the film. So far so good but after introducing these characters and story lines addressing life, death, grief and love in the first half, the film simply loses direction. <br /><br />If the writer had only selected one or two characters and allowed us to follow their stories maybe things would have been fine but equal screen time is given to all with the result that no one story or character is fully developed. For instance, why does Delmar think she will be able to hand over her child in exchange for money, especially when the prospective parents are a creepy bigoted lawyer and his semi alcoholic and depressed wife? Why is Hortense so desperate to marry a man who is a jerk and clearly doesn't love her? How is it Missy manages to kick her coke habit overnight? Is Jethro regularly drawn to women with overwhelming problems, or is Missy the exception? Has Delmar and Jethro's mother always been on the eccentric side, or is it a more recent development? Why is Jethro so keen on Cadillacs that he has one in the middle of his living room? Why did Moses spend years in prison for stealing a car, a relatively minor crime? How does Delmar manage to end up giving birth to Moses' baby when there is no suggestion that they ever had sex? <br /><br />These questions are posed in the screenplay but sadly are never answered. I can only assume they were answered in the original novel and that is why the writer felt the need to include it all in the script. Big mistake. Losing several subplots especially the Hortense and Marlon story, which adds nothing to the overall film, would have tightened things considerably and allowed more time to develop the Delmar, Jethro and Moses characters who are clearly more central to the plot and underlying themes than anyone else. <br /><br />Add to that the most pedestrian directing style seen outside of the average soap opera and the result is a huge missed opportunity for all, including Jorja Fox who does her best to rise above the material. I'm not surprised that this appears to have been the director's last film as this effort shows no evidence of a visual style or ability to tell a moving and intelligent story."
tt0197903,Something New,"Nell Shipman, Bert Van Tuyle",1920,57,"Adventure,Drama,Western","Being a fan of silent films, I looked forward to seeing this picture for the first time. I was pretty disappointed. <br /><br />As has been mentioned, the film seems to be one long, long, commercial for the Maxwell automobile. <br /><br />Perhaps if the chase scene was about half the length that it is, I may have enjoyed the film more. But it got old very fast. And while I recognize that reality is stretched many times in films, without lessening a viewer's enjoyment, what was with the Mexican bandits? I mean, they are chasing a car through the mountains, a car that most of the time is moving at about one mile per hour, yet they can't catch up to it?"
tt0200710,Hitokiri,Hideo Gosha,1969,140,"Action,Biography,Drama","Many of the lead characters in Hideo Gosha's 1969 film ""Hitokiri"" (manslayer; aka ""Tenchu"" -- heaven's punishment) were actual historical figures (in ""western"" name-order format): Ryoma Sakamoto, Hampeita Takechi, Shimbei Tanaka, Izo Okada, ____ Anenokoji. The name ""Hitokiri,"" a historical term, refers to a group of four super-swordsmen who carried out numerous assassinations of key figures in the ruling Tokugawa Shogunate in the mid-1800s under the orders of Takechi, the leader of the ""Loyalist"" (i.e. ultra-nationalist, pro-Emperor) faction of the Tosa clan. What was this struggle about? Sad to say, you won't find out in this film. ""Brilliant History Lesson"" indeed!<br /><br />No, Gosha is much more interested in showing you the usual bloody slicing and dicing and (at absurd length) the inner torment of the not-very-bright killer Izo Okada than in revealing actual history. Sakamoto, for example, was someone of historical significance, considered to be the father of the Imperial Japanese Navy. The closest Gosha comes to providing a history lesson is the scene in which Sakamoto, whom Takechi considers a traitor to the Loyalist cause, comes to Takechi's mansion to try to sway him ideologically. He begins by talking about the international political situation, with foreign warships in Japan's ports and a Japan that is too weak militarily to defend against them. Want to know more? Sorry. Gosha cuts off this potentially fascinating lecture in mid sentence(!). So much for informing his audience about a turning point in Japanese history.<br /><br />The film left me in utter confusion about the aims of the two sides in this struggle. For the two and a half centuries that the Shogunate held central power in Japan, it was an institution dedicated to preventing social change, to preserving the feudal relations of society. It was fearful of outside contamination, both ideological and technological. In keeping with this spirit, it outlawed firearms, those instruments of ""leveling"" in Europe and the Americas, with which a peasant could have stood up to a samurai. Throughout this period, the Emperor was nothing more than a spiritual figurehead.<br /><br />But, in the towns, which stood in neutral zones between the feudal fiefdoms, a new class of merchants, landlords and craftsmen was developing -- the class known in Europe by its French name, the bourgeoisie. Inevitably, as this new class gained strength, it chafed against the many confines of feudal society. As in Europe, the king (Emperor) became the central figure in the bourgeoisie's struggle for power against the feudal aristocracy. But a political leadership does not always fully understand the interests of the class it serves. When the outside world arrived with a bang in 1853, in the form of U.S. Admiral Perry's ""Black Ships,"" the ruling elite of Japan was thrown into a crisis. Their military was no match for these foreigners. Also, they had heard about the havoc the British and French imperialists were wreaking in China. What should Japan do to save itself from the fate of its weak neighbor? Surprisingly, some elements within the usually isolationist Shogunate were inclined to open trade with the foreigners in order to obtain some of their advanced technology. This is the point of view represented (just barely) in the film by Sakamoto. On the other hand, the Emperor-loyal ultra-nationalists, represented by Takechi, believed they could keep out the foreigners by force, if only they could prevent the other faction from ""selling out the country."" (Sound familiar?) Thus, the assassination of key Shogunate figures is in order -- and away we go.<br /><br />Takechi's motivations were, for me, the film's biggest puzzle. Gosha suggests that he is fighting mainly for his personal advancement rather than for the Loyalist cause. Can we take this to represent the tenor of the Loyalists as a whole? (Do you care?)<br /><br />Several reviewers have compared this film favorably with ""Goyokin,"" which Gosha made in the same year. But, where ""Goyokin"" is a crackling, suspenseful, adventure yarn, with a hero worthy of sympathy, ""Hitokiri"" is plodding, nowhere near as compelling and lacks such a hero. Sakamoto could have been this film's hero but we are not allowed to know him -- nor what he stands for -- well enough for him to achieve that status.<br /><br />In view of his wonderful scores for five previous Kurosawa films, Masaru Sato's score here was very disappointing, sounding like something rejected from a ""Bonanza"" episode.<br /><br />Barry Freed"
tt0201538,Les convoyeurs attendent,Benoît Mariage,1999,94,"Comedy,Drama","Strange... I like all this movie crew and dark humor movies; but didn't like this one at all! It's awful, horrible and surely not funny at all. Pity cannot do a whole movie plot, disgust either. And it was really boring. Long empty moments fills the movie; it could have been removed. It should have been in another shorter format, surely. Maybe i expected too much from the crew - like saving the movie lol -. It's also filled with overused clichés of characters and situations... I don't get it why people liked it... ""Poetry"", ""hope""; nope 'mam, didn't see anything like that! ^^ All in all, it's empty and crude, pitiful and hopeless. Oh darn this one........"
tt0202152,Zatoichi,Shintarō Katsu,1989,116,"Action,Drama","This is to the Zatoichi movies as the ""Star Trek"" movies were to ""Star Trek""--except that in this case every one of the originals was more entertaining and interesting than this big, shiny re-do, and also better made, if substance is more important than surface. Had I never seen them, I would have thought this good-looking but empty; since I had, I thought its style inappropriate and its content insufficient. The idea of reviving the character in a bigger, slicker production must have sounded good, but there was no point in it, other than the hope of making money; it's just a show, which mostly fails to capture the atmosphere of the character's world and wholly fails to take the character anywhere he hasn't been already (also, the actor wasn't at his best). I'd been hoping to see Ichi at a late stage of life, in a story that would see him out gracefully and draw some conclusion from his experience overall; this just rehashes bits and pieces from the other movies, seasoned with more sex and sfx violence. Not the same experience at all."
tt0237616,The Prodigy,Edward T. McDougal,1999,104,Drama,"I went to school with Jeremy Earl, that is how I heard of this movie, I don't really know if it was in the theater's at all. I don't recall the name. I have seen it, it is like one of those after school specials. The acting is OK, not great. The plot was kind of weak and the lines were pretty corny. So the only comment I can give this movie is ""Eh"" I borrowed the movie from Jeremy, if I was in a movie rental place, this is one that I would walk past and after watching it I wouldn't recommend it to anyone past middle school age. I've also noticed that many times when urban kids are portrayed, the slang is overused or just outdated. Many times I think thats what makes their characters unbelievable."
tt0734686,Two,Montgomery Pittman,1961,25,"Drama,Fantasy,Horror","The Twilight Zone has achieved a certain mythology about it--much like Star Trek. That's because there are many devoted lovers of the show that no matter what think every episode was a winner. They are the ones who score each individual show a 10 and cannot objectively evaluate the show. Because of this, a while back I reviewed all the original Star Trek episodes (the good and the bad) because the overall ratings and reviews were just too positive. Now, it's time to do the same for The Twilight Zone.<br /><br />While I have scored many episodes 10, this one gets a 3 simply because it was bad. The writing was in fact embarrassingly bad. Two people from opposing sides in a great war are seen wandering about through the entire episode. After a while, it's apparent that they are the only two people left on Earth--as you learn in the really stupid and totally unconvincing conclusion. Usually the twist at the end makes the episode great--this one killed it!"
tt0751121,Fearful Symmetry,James Whitmore Jr.,1995,44,"Adventure,Crime,Drama","Well, what was fun... except for the fun part.<br /><br />It's my second least favorite so far, I even thought it was worse than 'Lazarus' and 'Ghost in the Machine'.<br /><br />Let's start with the good. The teaser, it was incredibly well done and also emotional. Being the great animal lover that I am, it was fun seeing so many beautiful animals in this episode.<br /><br />But then there's all the bad, and believe me there is a lot of it. Little made sense, so those animals were being abducted by aliens and impregnated? whaaa??? the dialog was also pretty awful. There were about one or two quotable lines. <br /><br />and worst of all, having pretty much all those animals die was very unpleasant for me. In the end... what's the point? they all pretty much died. We didn't learn anything, we weren't entertained, and I couldn't even find Sophia's death sad... just very frustrating.<br /><br />* star. shame because Season 2 was doing so well."
tt0024605,The Sphinx,Phil Rosen,1933,64,"Adventure,Crime,Mystery","Another of many nearly forgotten movies cranked out by Poverty Row in the 1930's, resurrected by the magic of DVD.<br /><br />Starring stock Universal player Lionel Atwill (often a supporting actor in numerous Frankenstein movies) as a pair of twins involved in a murder racket. One kills the victims (stockbrokers involved in a scam) and asks witnesses for the exact time, while the other is deaf and is proved ""innocent"" because he could not have spoken to witnesses.<br /><br />Of course, where it falls apart is if it was a congenital deafness, wouldn't they both be deaf? Oh, well.<br /><br />Atwill does a pretty good job here, faking being deaf and mute. Unfortunately, no one else here can really act worth a darn."
tt0026273,The Desert Trail,Lewis D. Collins,1935,54,Western,"Falsely accused, skirt-chasing chums John Wayne (as John Scott) and Eddy Chandler (as Kansas Charlie) change identities to become ""Alias Smith and Jones"". Mr. Wayne becomes ""John Jones"". Mr. Chandler's is supposed to be ""Rev. Smith"", but Wayne calls him ""Dr. Smith"". At no time are either of them as entertaining as Roger Davis, Pete Duel, Jonathan Harris, or Ben Murphy; although, Wayne can be considered infinitely more successful than any of them, career wise. Pretty blonde Mary Kornman (as Anne), grown-up from her days in ""Our Gang"", is a lovely interest for Wayne. She and Chandler have a couple of cute scenes with Wayne. If you're not a fan of low budget John Wayne films of the 1930s, this movie won't make you one."
tt0034613,The Corpse Vanishes,Wallace Fox,1942,64,"Horror,Sci-Fi","A number of brides are mysteriously murdered while at the altar, and later their bodies are stolen en route to the morgue. Newspaper writer Patricia Hunter decides to investigate these mysterious killings. She discovers that right before each ceremony, the bride was given a rare orchid (supposedly from the groom) which contained a powerful drug that succumbed them. Patricia is told that the orchid was first grown by a Dr. Lorenz, who lives in a secluded estate, with his wife. In reality, Dr. Lorenz is responsible for the crimes, by putting the brides in a suspended state, and using their gland fluid to keep his wife eternally young. Patricia, along with Dr. Foster (who is working with Dr. Lorenz on the medical mystery surrounding his wife) try to force Dr. Lorenz's hand by setting up a phony wedding, which eventually leads Patricia into the mad doctor's clutches. This movie had a very good opening reel, but basically ended up with too many establishing shots and other weak scenes. The cast is decent, Walters and Coffin deserved better, but that's life. Russell steals the show (even out hamming Lugosi- who does not give one of his more memorable performances, even considering his Monograms) as Countess Lorenz playing the role with the qualities of many of the stereotypical characteristics of many of today's Hollywood prima donnas. Weak and contrived ending as well. Rating, based on B movies, 4."
tt0040862,Tarzan and the Mermaids,Robert Florey,1948,68,"Action,Adventure","Last of the Johnny Weissmuller Tarzan films and a good thing too, as this is easily the worst of the 12 films he made over a period of 16 years. No mermaids are featured here either as a beautiful island woman tries to escape the clutches of her people, who worship a god and try to force her to be its bride. She finds Tarzan and Jane, who try to protect her. George Zucco is present as a potentially villainous High Priest but isn't used to his full advantage. Also on hand and worthy of mention is a hugely annoying guitar player/singer who goes into song every so often. Even the ""great"" Robert Florey can't aid this one.<br /><br />*1/2 (of four)"
tt0048055,The Far Country,Anthony Mann,1954,97,"Romance,Western","The five or so really good westerns that Mann made are unequaled as an ensemble in Hollywood. Even John Ford never made that many with so much quality. The curious thing about them all is how uneven they are. Ford's My Darling Clementine is worth about two and a half of any of them. Or at least two. <br /><br />The real hero of them besides Mann and Stewart is Chase. Chase being responsible for the brilliant Red River. Chase wrote far country, bend of the river, and probably some others. But none of them are as finished as My Darling Clementine, but then very few films, western or otherwise are. <br /><br />Each of the five films of Mann have huge gaps, or is it six, lets see. Bend, Far, Man of the West, Furies, Winchester 73, and yep, six, Naked Spur. Each have magnificent scene after magnificent scene, with fairly glaring lapses. Yet so does Red River, which is still the single greatest western ever made. So perfection isn't everything. <br /><br />But The Far Country has huge, huge holes. It's mawkish, and really comes alive only when Stewart and Mc Entire are locking horns. The rest is pretty pedestrian, with the usual exception of Mann's camera. Mann's camera is a one man course in cinematography. It is about as good an eye as anybody who ever got behind a strip of moving film. It is almost never in the wrong place, never. <br /><br />The Far Country has one amazing moment. And as usual it comes from Stewart. Nobody in the history of cinema ever received physical punishment with the authority of that man. He is absolutely amazing: look at him in Bend, Far, Winchester, and Man from Laramie: in Bend has been beaten up and is hanging by a thread so believably and with such boiling hatred he looks like somebody displaced from Dachau, in Far he is shot off a raft with such violence, it looks so convincing that you wince, and of course when he is dragged through the fire in Man, well you find yourself looking for the burn marks. What an actor. Not to mention the moment in Winchester when he is beaten up early in the hotel room, also as well as anybody ever did it. <br /><br />But that was Mann's territory: look at Gary Cooper fighting with Jack Lord in Man of the West. As painful as any fight scene ever recorded. Cooper while not being quite as convincing as Stewart, nevertheless is somehow his equal in looking exhausted at the end of the fight. In short, nobody but nobody but nobody ever showed the human being in extremis as well as Mann. <br /><br />What a great, great director. <br /><br />See every western he ever made. They are his real monuments, even if all are scetchy. But so what. When he gets roaring with his great scenes they are as good as anybody, including Ford. And his six westerns as an ensemble are the best ever done by anyone, period.<br /><br />Thanks, Anthony."
tt0049616,Pharaoh's Curse,Lee Sholem,1957,66,Horror,"The soul of an ancient mummy is transferred to one of his followers so that he might punish everyone involved in the desecration of his tomb. The soul transference makes the young man age at a tremendous pace until he himself resembles a mummy. One by one, the blood is drained from those involved in the dig.<br /><br />To be as brief as possible, Pharaoh's Curse is quite the lackluster affair. While the movie does present a few good, original ideas (blood sucking mummy's, soul transference, interesting make-up effects, the arm ripping scene, etc.) and a few atmospheric moments, the direction and pace are the very definition of plodding. To make matters even worse, the first 15 of the film's relatively short 66 minute runtime consist of nothing much more than padding. I usually go for these slow moving mummy movies, but Pharaoh's Curse tests even my patients. The cast helps very little. With only one exception (Ziva Rodann is the lone bright spot  wish the movie could have focused more on her mysterious character), the cast is as dull as the screenplay. Finally, I don't know whose idea it was to put the mummy-looking servant in what appears to be pajamas, but it's a laughable, ridiculous look for a creature that supposed to instill fear in the audience.<br /><br />Despite my mostly negative comments on the Pharaoh's Curse, I'm going to rate it a 4/10. Not a good rating to be sure, but generous given all the problems I have with the movie."
tt0052169,The Screaming Skull,Alex Nicol,1958,68,"Horror,Thriller","I am not a big fan of horror films, and have only seen a handful of them (and none of the ""Halloween""s or ""Friday the Thirteenth""s) - but I can appreciate a frightening horror film not because of gore. And I'm pretty sure this isn't scary.<br /><br /> What's so spooky about a little plastic skull that pops up everywhere? In all of its appearances there are faraway establishing shots, so there's no real surprise in any of this film. (Not that a skull in of itself is that scary anyway, but . . .)<br /><br /> The plot concerns Claus Von Bulow's third cousin (John Hudson), who marries a Donna-reed look-a-like (Peggey Webber, giving one of the worst performances ever) who begins seeing skulls and hearing the mysterious screams of a group of peacocks on her husband's mansion. Did I mention that her husband lost her first wife in a mysterious drowning incident? OOOOH!!!! Wonder who did it!!!!<br /><br /> This is the same old plot about a rich boy trying to kill and/or drive their wife insane. If you want to see a well-done version of this stuff, try ""Reversal of Fortune"". And BTW, Jeremy Irons is one hundred times more talented than John Hudson.<br /><br /> The MSTing was okay but nothing special; paired with the ""Gumby"" short, however, it makes for good viewing.<br /><br /> Two stars for ""The Screaming Skull""; eight stars for the MST3K version.<br /><br /> And now, to paraphrase Mr. Von Bulow himself: ""How bad is this film?"" ""You have no idea!"""
tt0053241,Santa Claus,René Cardona,1959,94,"Comedy,Family,Fantasy","Before I'd seen this, I had seen some pretty bad Christmas films. But once I saw this, ""Jingle All the Way"" looked better than ""The Godfather"". ""Santa Claus"" is a jolly film about Santa helping out some kids, but it almost feels demonic watching it. Santa's jolly ho-ho-ho is replaces by an evil, devilish laugh that I'm sure has turned many kids off of Christmas. The plot of this massacre is very strange, which fits along with all of the performances and dialog. Santa lives high above Earth in the North Pole where he, and kids from all around the world get ready for Christmas. But Santa has an enemy named Pitch, or Satan. Pitch tries to ruin Santa's Christmas by making three boys naughty, and by creating diversions, like moving the chimney and making the doorknob hot. When Pitch causes Santa to be attacked by a dog, it's up to Santa's helper Pedro and Merlin the wizard to get Santa out of this pickle. <br /><br />Everything about this film, along with being downright bad, is so bizarre. Satan dances a lot and he actually seems much more merry than Santa. Santa talks about delivering presents to all the boys and girls, yet he seems to only deliver to 5 houses of kids in Mexico. The reindeer are wind up toys, and when the reindeer laughs, I'm amazed it doesn't bring tears to kid's eyes...it's frightening. Everything is terrible. The first 10 minutes are simply Santa playing the organ while kids sing to it. Probably one of the strangest scenes is Santa shooting Pitch in the butt with a mini-cannon and uproariously laughing about it while Pitch dances around in pain. I think parents are better off telling their little kids about where babies come from, than showing them this. The only positive is it will have you laughing hysterically if you can appreciate bad cinema.<br /><br />My rating: BOMB/****. 85 mins."
tt0062032,Succubus,Jesús Franco,1968,79,"Horror,Mystery,Thriller","I've come to realise from watching Euro horror, especially films made by cult luminary Jess Franco, that you can't expect a plot that makes much sense. However, Franco has gone overboard with this film; and despite a surreal atmosphere, and the film's reputation as one of the director's best - Succubus is unfortunately is a truly awful film. I've got to admit that I saw the American cut version, which runs at about 76 minutes; but unless it was just the logic that was cut, I'm sure the longer European version is just as boring. The plot has something to do with a woman marauding around; practicing S&M and talking rubbish, and it's all really boring. There's no gore and the sex is dull, and most of the runtime is taken up by boring dialogue and despite the fact that this is a short film; I had difficulty making it all the way to the end. I have to say that the locations look good and Franco has done a good job of using his surreal atmosphere; but the positive elements end there. Jess Franco is definitely a talented director that has made some classic trash films - but this looks like it was one he made for the money, and overall I recommend skipping it and seeing some of the director's more interesting works."
tt0066115,Myra Breckinridge,Michael Sarne,1970,94,Comedy,"Watching this last night it amazed me that Fox spent so much money on it and got so little back on their investment. It's the kind of disaster that has to be seen to be believed.<br /><br />I'm sure that the first morning of filming Raquel Welch dusted off the shelf over her fireplace to prepare a spot for the Academy Award she would surely win for this daringly original movie. Oops. That's not what happened.<br /><br />The infighting on the set was detailed in print by Rex Reed and this helped the movie attain a reputation before it was even released. When it was finally released there wasn't the usual three ring circus of publicity. If I remember correctly, in Houston it opened at drive-ins and neighborhood theatres and never played any of the big venues.<br /><br />I lay most of the blame on director Michael Sarne, who was hot after having directed (the not all that good) JOANNA, a film with music about young people in swinging mod London.<br /><br />If I recall correctly, Fox wound up firing him and piecing the film together the best they could. That's why scenes play out in no particular sequence and characters appear and then vanish. An impressive supporting cast (Kathleen Freeman, Jim Backus, John Carradine, Andy Devine and others) is wasted with nothing to do.<br /><br />To expand it to feature length there are numerous clips from Fox movies featuring stars like Carmen Miranda (in amazing footage from THE GANG'S ALL HERE) andLaurel and Hardy, who never dreamed they'd be playing in an X rated movie.<br /><br />The X rating is due to occasional language numerous sexual perversions; however, none of the characters seem to be having any fun. Maybe somebody involved with the film had a warped Puritan sensibility and figured that if they could make these things unappealing it wasn't bad to exploit them.<br /><br />This was one of the ""youth"" pictures that nearly bankrupted Hollywood in the 1970's. One writer joked that EASY RIDER (which was made for pocket change) was the most expensive movie ever made because so many films followed which tried and failed in the worst way to duplicate its success. Sixtyish, once honored directors like Stanley Kramer and Otto Preminger made movies like RPM and SKIDOO in an effort to attract a young audience. White directors and writers attempted to make films to attract a Black audience. Those movies are locked somewhere in a vault and the two named and many others from that genre have never, as best I know, been out on home video or cable. They're the studios' deep dark secret.<br /><br />Raquel Welch's performance in this is, all things considered, very good. With the right direction and script she could played the type of sassy liberated women Rosiland Russel and Barbara Stanwyck specialized in. She looks great and has awesome costumes. Mae West is the liveliest seventy-something actress I've ever seen. On the one hand it's kind of heartbreaking to watch her attempt to capture her glory from years gone by, but I'm sure she needed the money.<br /><br />If you want to see a big budget X-rated movie from this era check out BEYOND THE VALLEY OF THE DOLLS (also from Fox) because it doesn't take itself seriously. It's crazy kids playing with the equipment at a major studio. MYRA BRECKINRIDGE tries to Say Something. There just wasn't anyone who wanted to listen."
tt0066384,Skullduggery,"Gordon Douglas, Richard Wilson",1970,105,Adventure,"Skullduggery is a strange, strange film based on the novel ""Ye Shall Know Them"" by Vercors. To unleash criticism at the film feels really unkind, since it is a movie that deals with earnest themes like humanity, and pleas for upright moral standards and tolerance. But in spite of its honourable intentions and its well-meaning tone, Skullduggery simply isn't a very good film. For me, the main problem is the terribly disjointed narrative which can't make its mind up how best to convey its message. The first half of the movie is like watching a standard jungle expedition flick of the Tarzan ilk; later it teeters into sci-fi fable; by the end it slips into courtroom melodramatics. The differences in tone between each section of the movie are too great, too jarring, to overlook. They stick out like a sore thumb and remind you constantly that you're watching a muddled, disorganised movie.<br /><br />An archaeological expedition into the jungles of New Guinea is led by adventurer Douglas Temple (Burt Reynolds). One of the main archaeologists involved in the excursion is attractive lady scientist Dr Sybil Greame (Susan Clark). After an arduous trek they stumble upon a tribe of strange ape-like creatures. These primitive, long-lost people are covered in hair and have survived for centuries without being in any way touched or influenced by the developments of modern man. There is some evidence that they may the ancestors of early man  the ""missing link"" in the evolution of apes into humans. Or perhaps a race of humans who simply look and behave differently from usual? Or even a race of animals that have begun to develop human characteristics? The archaeologists call the tribe ""the Tropi"" and are initially thrilled by the implications of their discovery. But things take a devastating turn when nasty opportunist Vancruysen (Paul Hubschmid) declares his intention to exploit the tribe and their idyll on behalf of developers. He questions whether the Tropi are truly ""human"" and takes his argument to the courts, where he hopes to be granted legal backing so that his own greedy ambitions can be continued.<br /><br />This was a very early film in Reynolds' career, and he actually unbalances this movie by acting like he's in a comedy while the rest of the cast take it all very seriously. Not that Reynolds can be blamed  he has an impossible role, asked to play a charming adventurer who really belongs in a Tarzan flick. His character and the film are not relevant to each other. Clark fares much better as the earnest lady archaeologist, and there are nice supporting roles for British actors Edward Fox, Alexander Knox and Wilfrid Hyde-White. A major shortcoming in Skullduggery is the lame and ineffective make-up used to give the Tropi their strange hairy appearance. Rather than making the actors look like believable hominoids, the stuck-on hair merely makes them look unintentionally comical. and that's just not the right idea. We're meant to feel great sympathy for these creatures, but that's awfully hard when they look so unconvincing. Skullduggery is a failed attempt to tell a story that could have been poignant, philosophical and stimulating. The honourable intentions are there for all to see, but the end result doesn't do them justice. A worthy failure it might be but a failure nonetheless."
tt0069976,Dillinger,John Milius,1973,107,"Action,Biography,Crime","Anyone who visited drive-ins in the 1950s, 60s, and 70s, must have seen a film or two by American International Pictures, a distributor that resembled 1980s giant Cannon Films. Wherever movie-goers ventured, AIP would be right there to supply the latest en vogue titles - in the 50s came horror movies like 'Voodoo Woman' and 'The Undead;' in the 60s were Frankie Avalon-Annette Funicello beach comedies and biker flicks like 'The Glory Stompers;' and into the 70s, AIP churned out grindhouse-level trash like 'Cannibal Girls' and 'Sugar Hill.'<br /><br />'Dillinger,' released in 1973, is one of the more 'highbrow' AIP efforts that capture the true spirit of drive-in film-making; it is one of those uneven, over-the-top flicks that satisfied the masses' thirst for entertainment, craftsmanship and common sense be damned. On the whole, 'Dillinger' is typical for its era: entertaining and worth a couple of hours, but certainly not memorable. Heavy on action and short on both acting and historical fact, 'Dillinger' was a fair effort by screenwriter-director John Milius ('Magnum Force') but certainly left room for improvement in his extensive career.<br /><br />The 109-minute 'Dillinger' - epic for AIP's scope - follows the quest of FBI Midwest chief Melvin Purvis, played by Academy Award winner Ben Johnson. Purvis was the investigator who sought revenge for four FBI agents killed in a 1933 Kansas City ambush that helped gangster Frank Nash to escape justice. At large were the men who supposedly plotted that breakout, including expert bankrobber John Dillinger (Warren Oates), Pretty Boy Floyd (Steve Kanaly), and psychopath Baby Face Nelson (Richard Dreyfuss). Dillinger eventually joined forces with Floyd and Nelson, taking along Homer Van Meter (Harry Dean Stanton) and Harry Pierpont (Geoffrey Lewis). He also hooked up with Billie Frechette (Michelle Phillips), a prostitute of French and Indian extraction. While taking place over several months in 1933-4, 'Dillinger' is basically a chase film, with Purvis's entourage looking to run down and kill off the men wanted by J. Edgar Hoover.<br /><br />'Dillinger' has a documentary feel, listing dates and places while Johnson supplies loose narrative as Purvis. Milius keeps an honest Depression look, using authentic fashion, cars, weapons, and buildings; he also sprinkles around black-and-white photography and stock footage of gangster shootouts. The film is never boring, moving at a quick, if haphazard, pace. The action scenes are Dillinger's strongpoint, edited competently by Fred Feitshans Jr in his last professional effort. Thousands of blank ammunition rounds must have been used to make this film, not to mention pounds of explosives. This film is certainly not for the squeamish, with people getting shot and dropping dead all over the place. The violence, while gratuitous, brings some understanding of the mayhem that organized crime dumped on American life.<br /><br />This film never transcends its exploitation status, however, because the needed writing just isn't there. John Milius, somewhat overrated as a filmmaker, places way too much emphasis on action. The action scenes (mostly blood-filled shootouts) are impressive and comparable with any major crime film of its era, including 1967's 'Bonnie and Clyde.' But we simply don't get to know much about Dillinger and his gang members as people; the vital relationship that develops between Dillinger and Frechette is barely touched upon, with the pair meeting in a bar during one scene and cavorting as lovers just ten minutes afterward. Melvin Purvis also seems to wander in and out of the storyline, becoming a prominent figure only when Milius needs to keep the film from unraveling. All too often, the film takes on a shoot-'em-up persona when its characters could have been explored in detail.<br /><br />Aside from this, the picture's main crime is ignorance of historical fact. While many say that 'Dillinger' is just a film, it's films such as this one that create fables and make them permanent. Those with knowledge of gangster history will point out that John Dillinger was not the last of his ring to die, as Milius's screenplay and the film's documentary style encourage us to believe. In fact, Dillinger died before Baby Face Nelson and Homer Van Meter; he also was said not to be carrying a gun on the night of his death, nor did he have Billie Frechette in tow. While these inaccuracies might make for high drama, there is no reason why Milius couldn't have stayed with the facts and written a great story around them.<br /><br />Warren Oates's performance as Dillinger is quite good, although he sometimes looks unconvincing. Oates is humorous and nicely portrays how Dillinger became consumed by his larger-than-life image in the American press; however, we never really feel the menace he invoked in his lifetime. Ben Johnson gives some life to Purvis, suave but rather flat. Michelle Phillips brings emotion to the Billie Frechette character and it's really too bad that Milius's screenplay didn't flesh out her relationship with Dillinger. We never learn what drew her to a cold-blooded killer, other than the stereotype of an easy-going girl who is attracted to men of danger. The supporting roles with Kanaly, Dreyfuss, Stanton, Lewis, and a briefly-appearing Cloris Leachman, are acceptable for such talent.<br /><br />As a piece of 1970s exploitation, 'Dillinger' appears doomed to retail bargain bins, which is exactly where I picked up MGM's DVD release for $4.99. The film is nicely presented in widescreen (a must for drive-in flicks) with subtitles in French and Spanish. Dillinger's theatrical trailer is supplied as a lone extra. Largely forgotten except by gangster movie fans and drive-in enthusiasts, the film doesn't really call for much else in way of supplementary material. For fans of the genre, it's certainly worth checking out.<br /><br />** out of 4<br /><br />Roving Reviewer - www.geocities.com/paul_johnr"
tt0070991,Good Times,"Gerren Keith, Herbert Kenwith, Bob LaHendro, Donald McKayle, John Rich, Perry Rosemond",1974,30,Comedy,"When they killed off John Amos's character they killed the show. He was the vital part of the info structure. You had a story of an inner city family's struggling to make it the best way they knew how. They were poor, they were black, and they were living proof that if you have Jesus and your family that nothing is too hard. Sure James would lose jobs and JJ would fail in school but the family always managed to find a way. <br /><br />James was the strong male role model that earned the income and disciplined the children. Florida was the strong lady that would everyone including James when he needed a shoulder to cry on or hug to make it. The kids had personalities and input which made them important as a family unit. Their neighbor Willona was also a key element because she represented not only a friend but some dear enough to be family. Things were bright, gritty, funny, and honest until they changed the course of the program. James dies and JJ took over the show. <br /><br />Flo was still mom, Thelma was blossoming into a lady and Michael was still the militant midget but JJ was the show. We were expected to believe that the family with no father or prominent bread winner was going to be able to stay in the apartment. I guess James's paycheck didn't do much for the family. They were only threatened with eviction because they said they were moving and not because no one in the house was working. I know that JJ, Flo, Thelma and even Michael eventually got jobs but come on here be for real. James worked so much that you could feel for him but the others weren't realistic at all and that's a shame.<br /><br />JJ was the comic relief but I felt the show need substance. It's OK to be funny but they had a chance to show a real family and what it took to survive in the real world and they threw it all away on a few laughs. Michael's character almost disappeared while the rest of the cast slipped into the shadows of the JJ Evan's show. I mean really, here was a guy that was failing in school, he kept getting laid off, and he painted for money in about two episodes. James had always been there to encourage his talent but Flo and the rest of the family didn't seem to care.<br /><br />Why did it take him so long to understand that painting was what he was meant to do? He could have sold painting's on the street or worked for people that print billboards and cards. (He did but something went wrong with that.) Why did he not make it and why did the others give up on their dreams? I'll tell you why, it was because they didn't have a father in their life to care and to cheer them on and their mother stopped being their to support their dreams. The show stopped teaching us about growing, building and learning and started teaching us about gimmicks and catch phrases. They should have kept James. If any show needed a father it was that one."
tt0071627,The House of Seven Corpses,Paul Harrison,1973,88,Horror,"After reading the previous comments, I'm just glad that I wasn't the only person left confused, especially by the last 20 minutes. John Carradine is shown twice walking down into a grave and pulling the lid shut after him. I anxiously awaited some kind of explanation for this odd behavior...naturally I assumed he had something to do with the evil goings-on at the house, but since he got killed off by the first rising corpse (hereafter referred to as Zombie #1), these scenes made absolutely no sense. Please, if someone out there knows why Carradine kept climbing down into graves -- let the rest of us in on it!! <br /><br />All the action is confined to the last 20 minutes so I'll attempt a synopsis. John Carradine comes out to the cemetery to investigate, and is throttled by Zombie #1. So far, so good. But then we get the confusing scene where John Ireland and Jerry Strickler, out for a little moonlight filming in the graveyard, discover Carradine's dead body. Strickler repeatedly tries to push Ireland into the open grave from whence Zombie #1 had emerged, but Ireland succeeds in flipping him into the open grave instead, and PRESTO! Strickler comes out as Zombie #2! Yeah, I guess we can infer that Strickler was dead all-along (a witch?), but why he changed from normal appearance into rotting-flesh version by flying into Zombie #1's grave is never explained. (Considering how excruciatingly slow-moving these zombies are, I'd of thought he would have preferred to stay in his ""normal"" form until his business was concluded). This scene also brings a question to mind -- just who the heck IS Zombie #1 ??? We can only assume Zombie #1 is one of the original murder victims shown during the movie's opening credits, but who knows which one, nor why he has a particular grudge against the film crew.<br /><br />Anyway, after Ireland sees this transformation and runs away, we see the EXACT SAME SHOT of Zombie #2 shambling through the trees as we saw for Zombie #1. (This leads to momentary confusion over just how MANY zombies there really are). Then in best 1950's horror-movie fashion Ireland manages to trip while fleeing. He conveniently knocks his head on the small headstone of Faith Domergue's dead cat (wasn't that nice of John Carradine to chisel a tombstone for a cat that he barely knew?)<br /><br />Meanwhile, Zombie #1 has been wrecking havoc up at the house. He easily dispatches three film-crew members, then starts up the stairs. Faith Domergue hears him, and thinking it's lover John Ireland back from his night-shoot, goes out. Upon seeing it's only Zombie #1, she lets out a scream and retreats into a bedroom where she retrieves Ireland's revolver. While starlet Carole Wells is showering at this point and can't hear the scream, her co-star Charles Macauley (who's boozing and hamming it up at a mirror in his bedroom) does. Taking his sweet time (and only after some more swigs from his hip-flask) he finally decides to investigate. (One thing that strikes the viewer during the last quarter of this movie is how SLOW TO REACT the stars are to screams and gunshots). Domergue comes back out into the hallway armed and ready, but mistakes Macauley for Zombie #1 and shoots him six times! He does a nice acrobatic flip over the railing, then a horrified Domergue backs up, right into the waiting arms of Zombie #1.<br /><br />Carole Wells is by now out of her shower and drying off when she hears gunshots and Domergue's screams; she too feels no great urgency in running out to investigate. So during this time Zombie #1 has time to string Domergue up from the neck with a rope. Wells sees Domergue's hanging corpse and faints dead-away. The next time we see her is in a stream outside the house (???) -- but more on that later. Meantime, Ireland has recovered his senses and stumbles into the house where he discovers Zombie #1's bloody carnage. Though Ireland has just stumbled upon 3 murdered people he's more concerned that his film has been exposed and ruined! Mercifully for him (and the audience), Zombie #1 throws some movie equipment down on his head from the 2nd floor. That's the last we see of Zombie #1. At this point the audience is treated to a montage of all the deaths, showing that the new ones ""mirror"" the old ones. How profound.<br /><br />Zombie #2, meanwhile, has gotten near the house (remember, these zombies move as slow as molasses in January) where he happens to see Carole Wells floating by in a stream, and fishes her out. How did she get there? Did Zombie #1 carry her down, throw her in, then zoom back upstairs just in time to crush John Ireland? Apparently one of the original victims was drowned in the tub, so Wells has to drown too (but why outside in a stream, instead of in the tub, is never explained). Zombie #2 never makes it into the house himself (everyone's dead by now, anyways, thanks to Zombie #1) but instead he carries Carol Wells back to the graveyard. As the end credits flash on screen, we see Zombie #2 with his dead love still in his arms, descending into the open grave.<br /><br />The viewer is left wondering: Yes, but wasn't this Zombie #1's grave? Why is Zombie #2 taking up residence? And what if Zombie #1 comes along and wants to climb back in -- is Zombie #2 gonna let him, or will there be a zombie fight? Will the zombies share both the grave and the newly deceased Carole Wells? And what about now-dead John Carradine -- where's he gonna stay? After all, from the earlier scenes we know he's clearly at home in the grave... If this plot synopsis of the finale has left you confused, don't worry cause you're not alone."
tt0074829,The Legend of the Wolf Woman,Rino Di Silvestro,1976,79,Horror,"Don't listen to the misleading title ""Werewolf Woman"". The Europeans are well known for putting an emphasis on sex and nudity over actual scares in their horror films, but this one here is just a bit too much. ""Werewolf Woman"" seems to have a sleazy sex scene copped off with the title character going crazy and brutally killing her partner. Fun the first few times, but a hundred minutes of this becomes very monotonous quickly. Shes not even a werewolf, but a schizo chick whose ancestor was hanged for lycanthropy. The film can't even decide its tone, with the first ten minutes (a flashback) being legitimate supernatural horror (I thought I was in for a trash classic after these) to a rather poor character study of the female being repeatedly abused and tortured to a revenge thriller. At the end, the director insists this is based on a true story. Yeah, all right.<br /><br />To be fair, there are a few entertaining aspects of the production. The title werewolf woman is a looker and there are a few nice gore effects and nude scenes. However, these become rather monotonous quickly. Also, the dubbed dialog is pretty hilarious in a camp fashion, especially the worlds most swinging doctor (he drinks on the job). Unfortunately, the film becomes pretty irritating fast. There's no actual plot or anything else really. Its a shame, because reading a description I felt the film had some real potential. ""Werewolf Woman"" is far overlong, slow moving, and a bit too pointless, even by the standards of the exploitation genre. (4/10)"
tt0076191,The Incredible Melting Man,William Sachs,1977,86,"Horror,Sci-Fi","A truly unpleasant film. While Rick Baker's special effects are quite impressive (if stomach-turning), it has no other redeeming features. Like many 70s movies, it leaves you feeling as if you need to take a long shower, and scrub the slime off of yourself. The characters are uniformly unpleasant, and plot makes no sense."
tt0077372,Corvette Summer,Matthew Robbins,1978,105,"Adventure,Comedy","Mark Hamill should have felt mighty embarrassed with CORVETTE SUMMER! This time, he uses a new kind of ""force"" to regain the possession of his dream machine, a bright red 'Vette. It looks like another sour teen-age flick the first half-hour and does a U-turn in heading for the wrong direction. The writing and directing jobs are dreadfully done, with a few scenes you can't hardly take. You're expecting this to happen anyway, and you're also sniffing the smell of late-70s hodgepodge. Only a former newcomer like Annie Potts would easily steal the show and save this poor movie from the repo creeps! Her impractical but delightful personality holds on to your interest for good, and this is the finest chance to see her in a swimsuit. Hooray for Annie! Sorry, Mark! I guess the Force wasn't with you this time around."
tt0080731,The Fiendish Plot of Dr. Fu Manchu,"Piers Haggard, Peter Sellers",1980,100,"Comedy,Crime,Fantasy","Even if one didn't realize that Sellers was in poor health at the time of filming and passed away before the film's release, THE FIENDISH PLOT OF DR. FU MANCHU would be painful viewing. It is supposedly a lampoon of Sax Rohmer's famous Oriental villain but it lacks any focus. The potential for satirical commentary on the anti-Oriental overtones of Rohmer's concept are ignored. Indeed, the movie employs racist insults. There are hardly any actual jokes or gags, just mostly actors behaving idiotically and spouting dreary lines. It is especially distressing to see Sid Caesar forced to spout curses and racial slurs for attempted laughs. Most of the other actors embarrass themselves as well.<br /><br />And then there's Peter Sellers. He plays the dual roles of the sinister Fu Manchu, who is trying to concoct a formula to regain his youth and his stalwart British foe Nayland Smith. Sellers isn't one hundred per cent bad; he conveys a quirky warmth as Smith when he discusses his fetishistic attachment to his lawn mower and he's oddly moving as Manchu when he expresses his love for English music hall entertainment. But most of the time, he plays both roles with a weary grimness, thus further sabotaging any comical possibilities. Sellers' routines where he revitalizes his fading strength with electric shocks are particularly excruciating; he seems too convincingly agonized to be funny. <br /><br />A few genuinely witty lines, an apt slapstick bit by Burt Kwouk (Cato in the PINK PANTHER films) as one of Manchu's minions, and Helen Mirren's amusing musical numbers cannot salvage this mess. If anyone wants to understand why Peter Sellers is considered a comedic genius, they won't learn anything from THE FIENDISH PLOT OF DR. FU MANCHU."
tt0083189,They All Laughed,Peter Bogdanovich,1981,115,"Comedy,Romance","Who are these ""They""- the actors? the filmmakers? Certainly couldn't be the audience- this is among the most air-puffed productions in existence. It's the kind of movie that looks like it was a lot of fun to shoot TOO much fun, nobody is getting any actual work done, and that almost always makes for a movie that's no fun to watch.<br /><br />Ritter dons glasses so as to hammer home his character's status as a sort of doppleganger of the bespectacled Bogdanovich; the scenes with the breezy Ms. Stratten are sweet, but have an embarrassing, look-guys-I'm-dating-the-prom-queen feel to them. Ben Gazzara sports his usual cat's-got-canary grin in a futile attempt to elevate the meager plot, which requires him to pursue Audrey Hepburn with all the interest of a narcoleptic at an insomnia clinic. In the meantime, the budding couple's respective children (nepotism alert: Bogdanovich's daughters) spew cute and pick up some fairly disturbing pointers on 'love' while observing their parents. (Ms. Hepburn, drawing on her dignity, manages to rise above the proceedings- but she has the monumental challenge of playing herself, ostensibly.) Everybody looks great, but so what? It's a movie and we can expect that much, if that's what you're looking for you'd be better off picking up a copy of Vogue.<br /><br />Oh- and it has to be mentioned that Colleen Camp thoroughly annoys, even apart from her singing, which, while competent, is wholly unconvincing... the country and western numbers are woefully mismatched with the standards on the soundtrack. Surely this is NOT what Gershwin (who wrote the song from which the movie's title is derived) had in mind; his stage musicals of the 20's may have been slight, but at least they were long on charm. ""They All Laughed"" tries to coast on its good intentions, but nobody- least of all Peter Bogdanovich - has the good sense to put on the brakes.<br /><br />Due in no small part to the tragic death of Dorothy Stratten, this movie has a special place in the heart of Mr. Bogdanovich- he even bought it back from its producers, then distributed it on his own and went bankrupt when it didn't prove popular. His rise and fall is among the more sympathetic and tragic of Hollywood stories, so there's no joy in criticizing the film... there _is_ real emotional investment in Ms. Stratten's scenes. But ""Laughed"" is a faint echo of ""The Last Picture Show"", ""Paper Moon"" or ""What's Up, Doc""- following ""Daisy Miller"" and ""At Long Last Love"", it was a thundering confirmation of the phase from which P.B. has never emerged.<br /><br />All in all, though, the movie is harmless, only a waste of rental. I want to watch people having a good time, I'll go to the park on a sunny day. For filmic expressions of joy and love, I'll stick to Ernest Lubitsch and Jaques Demy..."
tt0083192,This House Possessed,William Wiard,1981,96,"Crime,Horror,Thriller","i love horror films, low budget, 50's, 60's, 70's, 80's.. but how can anyone think this is a very good horror film? let's compare it to titles in a similar vein- haunted house films. the haunting, the changeling, the shining. or for a similar technology based horror film that was FAAAR better, (though still FAR from great) Demon Seed. OK, i'll be fair.. let's compare it to made-for-TV horror films! don't go to sleep.. waaay creepier and better done. salem's lot, the night stalker, night gallery, even don't go in the basement or crowhaven farm were far better. *SPOILERS* first of all, for as good a scene as the bloody shower scene was, you have a scene like the opening scene.. oh boy! the garden hose comes alive to hose down some frisky teenagers! TERRIBLE. also, just what we understand about the house.. it apparently needs to use its video cameras to see what is going on, and it's a very emotional house. not a spirit, or demon, or entity, it's a house thats ""possessed"", but by what? we are led to believe an inanimate object learned to love suzie/margaret, our protagonist? now that I'm on the topic of suzie.. another scene that totally bothered me, this poor old crazy lady comes, tells you she was your nurse, pours her heart out, falls in the boiling pool, struggling in agony for 45 seconds, and what does margaret do? does she risk her hands being burnt to save this poor elderly woman that came there to warn her's life? no, she stands there and watches! the acting for the most part was better than average for a horror film, but that's where the positives end. for at least a more interesting, and fun horror film about an inanimate object that kills people watch death bed: the bed that eats. i have a feeling the people who rated this so highly either haven't watched it since it originally aired, or remembered it scaring them as children. this film was pretty much merit less."
tt0084021,Grease 2,Patricia Birch,1982,115,"Comedy,Music,Musical","The tenuous connection between this film and the first Grease is established right at the beginning of the film when Didi Conn one of four cast members repeating their roles approaches young Maxwell Caulfield who is a British exchange student. Although in the previous film Olivia Newton St. John's foreign speech pattern is not explained, it's explained here Caulfield is her cousin. What's Conn still doing in school, I guess she just likes hanging around Rydell High even though now she's a beautician.<br /><br />Caulfield's a smart kid, so of course the hood types led by Adrian Zmed have him labeled as a nerd. And that's especially bad when Zmed's girl friend decides she likes Caulfield. But being a nerd just isn't going to cut it.<br /><br />That's when Caulfield decides to put on a modern day Zorro act. He gets a junked bicycle and puts it back together and teaches himself to ride. He gets himself a leather biker outfit with a set of goggles to hide his face. If getting Michelle Pheiffer is not in the cards, Caulfield won't have any trouble making friends at any gay male leather bar the way he's outfitted.<br /><br />Grease 2 introduced Michelle Pheiffer and Maxwell Caulfield and started them on the successful career paths both have enjoyed. If you saw the first Grease film, a much better film, than you definitely have an idea how this film will turn out.<br /><br />In addition to Conn, Eve Arden, Sid Caesar, and Dody Goodman, all faculty members from the original Grease return in their roles. The music score isn't remotely as good as the songs that come from the original.<br /><br />It's not that Grease 2 is bad, it's just not all that great."
tt0084133,The Incubus,John Hough,1981,93,"Horror,Mystery,Thriller","Based on Ray Russell's dark bestseller, this John (WATCHER IN THE WOODS) Hough-directed bust has little going for it.<br /><br />Though it does not lack gory violence, it lack narrative sensibility and ""characters"".<br /><br />The ""Incubus"" of the title is a demon endowed with a mammoth penis that shoots red sperm into vaginas during intercourse -- or, to be more precise, rape.<br /><br />John Cassavetes, moonlighting from his successful directing career, is convincing as a doctor who questions the circumstances of the bizarre attacks on young women.<br /><br />Horrific possibilities of the victims spawning demonic offspring are not considered -- and neither is the audience's tolerance for slow moving garbage.<br /><br />The script's reluctance to explore the dramatic repercussions of a fertile premise exemplifies the major problems with this vapid Big-Schlong-On-The-Loose exercise."
tt0086967,Biohazard,Fred Olen Ray,1985,84,"Horror,Sci-Fi","I was always curious about this film because it is so tough to find, so when I stumbled upon it on Ebay I forked over the $10 and bought it, now I understand why its so rare! This film is SO bad, so terribly written and hopelessly low budget that the ending credits, which show all of the cut scenes where they fumbled their lines, are literally the movie's highlight. The film is about a psychic (Pettyjohn, cast for one obvious reason, her topless scene) whom uses her powers with an experimental machine to pull objects from another dimension into this reality. When she pulls in some kind of box like object the military nonchalantly throws it into the open back of a truck with one soldier to guard it, and gee, what do you know? SURPRISE! A kid in a foam-rubber monster costume pops out, instantly kills the soldier with a scratch across his face, then escapes to a nearby city. But rather than deploy half the armed forces of the county to find it and protect the public those in charge just leave it up to Pettyjohn and Ray to find it on their own, but no matter, this movie blows all its credibility LONG before then. This barely escapes being voted a 1 by me only because of unintentional laughs, somebody needs to alert the producers of ""Mystery Science Theater 3000"" if they don't know about it already! 2 out 10, really, REALLY bad!"
tt0087127,Deathstalker,James Sbardellati,1983,80,"Action,Adventure,Fantasy","I don't recall walking out of a movie theater except this once. Not only that, but I was with 7 friends, and we all wanted to go. An uninteresting plot, characters made of clay, violence with no point. I didn't care when the good guys died; I didn't care when the bad guys got it. The fantasy and magic was laid on thick as liver pudding and there was no coherency. In short, fine entertainment if you happen to be spending an eternity in Hell."
tt0087499,"The Jerk, Too",Michael Schultz,1984,95,Comedy,"You can never have seen either film and still know that The Jerk Too is a disaster. The question is not, ""How did it get made,"" because if you throw money at anyone and tell them to make a film, they will do so.<br /><br />No. The question is ""Why, oh why, did Steve Martin allow it to be made?"" I think he needed the money to fight a nuisance lawsuit and was determined it not cost him anything. He knew the sequel was going to be so frightful, that out of pride, he wouldn't even count it's royalties as income. <br /><br />The only way this sequel could not be an embarrassment is to have had Carl Gottlieb and Steve Martin revive the nation's favorite poor black family.<br /><br />And ""dcreasy2001"" (aka Mark Blankfield?): It's just transparently obvious that you worked on this film in some sad capacity, and the only way you can feel better about your involvement is to be the sequel's lone cheerleader as an IMDb user comment. I was praying for you to veer over into satire, but alas, you were really making an effort at spin. Why not 10 stars?"
tt0087544,Nausicaä of the Valley of the Wind,Hayao Miyazaki,1984,117,"Adventure,Animation,Sci-Fi","I am partly a fan of Miyazaki's work. I say ""partly"" because most of his films fall into two categories: brilliant, and boring. Sadly this film falls into the later category.<br /><br />This film suffers from the same fundamental problems as Miyazaki's recent film ""Howl's Moving Castle"". An intriguing premise is set up, but then immediately reduced to little more than a backdrop for some unfathomable events that only serve to confuse the plot rather than explain it.<br /><br />The first third of the film reveals the post-apocalyptic world the story is set in, and actually looks like an very interesting story is about to unfold. From then on things go down hill. The middle part of the film is mostly made up of thinly-veiled eco-propaganda, and the ending is heavily marred by the reliance on the kind of impenetrable spiritualism which ruins a large number of Japanese animated films.<br /><br />Overall the film feels as though someone ripped out every other page from the script before passing it on the the animators. What is left is something which is visually stunning (although sadly the version I saw was an Nth-generation copy, with poor colour - which gives rise to the common myth that Nausicaa shows her bare bottom when flying), but which makes little sense and ultimately left me confused."
tt0089308,Howling II: ... Your Sister Is a Werewolf,Philippe Mora,1985,91,"Horror,Thriller","to be honest, i didn't watch all of the original 'howling', but those scenes i saw made it obvious that the first howling was a great movie. so great, that seven horrible sequels had to be made. they started off with ""Howling II: Your Sister Is A Werewolf"". i got this movie on VHS from my uncle sometime ago when he was giving away a bunch of old movies he bought back when Atari was brand new. i just watched it last night, and it wasn't really BAD, it was just weird. i mean, the whole thing with Sybil Danning going three-way with two of her werewolf minions was just out of place and quite disturbing (but kinda hot), Christopher lee about to stab a dead karen as if she's a vampire, etc. actually, this movie was actually like some sort of mish-mash of Dracula and The Lost Boys...except with werewolves, because everything Christopher Lee (whom played Dracula himself) was saying about werewolves pretty much ripped off from every other vampire movie (stake in the heart, garlic, the creature of the night must die AT NIGHT, and the ruler of werewolves lives in TRANSYLVANIA). not much for the acting, but the worst of it came from Annie McEnroe. i swear, at some point in the film i found myself rooting for the werewolves to rip her throat out, because that damn throat always had to say SOMETHING. Anyway, the plot is pretty silly and clichéd, so there's no real point in telling you, you could just read about it on Wikipedia. By the way, the thing that really makes me nauseous about this movie is the fact that it's the ONLY film out of all the seven sequels thats related in any way to the original (not counting Howling IV (1988), which was a remake of the original, or in other words, a sequel based on the same novel). so don't see this movie. there's no real horror, hardly any werewolves, and just horrible special fx. 3/10"
tt0089880,Rambo: First Blood Part II,George P. Cosmatos,1985,96,"Action,Adventure,Thriller","The ghost of the Vietnam war has haunted the American psyche for thirty years now. If not because of the fact that tens of thousands of American soldiers went MIA in Vietnam, or the manner in which those who returned were treated, then because it was the first war that America could be said to have lost. Many men came home from the war a shadow of their former selves, and the original First Blood managed to provide a small insight into their problems as they attempted to rotate back into the world, as the saying goes. First Blood Part II, on the other hand, is little more than a fist-pumping mess that goes to illustrate how sore America can be, both in victory and defeat. Stallone puts in another sluggish performance as the titular Special Forces commando, while Richard Crenna attempts to hold up the serious actor quotient. Where it all comes undone is in the script, which didn't do any better when it was called Missing In Action and starred Chuck Norris. What little semblance of logic there was in the original is now gone, as the filmmakers decide to paint a big S on Rambo's massive chest.<br /><br />The film picks up a little while after the end of First Blood. The film, that is - the novel didn't allow for the possibility of sequels. In this mediocre follow-up, Rambo has been put to work at what appears to be some sort of open-air mine. As he is breaking rocks and working up a sweat, a prison guard pulls him away to go and have a chat with Colonel Trautman, who advises him that his government is willing to offer him an early release if he goes on a covert mission. Rambo, never one to back down from a hard day's violent work, accepts, and is promptly shipped off to a covert base in what appears to be Cambodia or Thailand (I forget which). From there, he is commissioned to seek out a camp where American MIAs are supposedly being held, and photograph them. His mission quite clearly specifies that he is not to make any attempt to secure their release. Rambo being Rambo, however, has other ideas in spite of their possible political implications.<br /><br />Of course, things go somewhat awry when it turns out that the people commissioning Rambo's work have more interest in making sure no American MIAs are found. It is the age-old conspiracy theory, and makes no apologies for exploiting the plight of many an American family that was left without a son during the ten years that the official Vietnam war had been raging for. Of course, with the Jingoism that was inherent in American society during the 1980s, they could not help but work in a plot tangent about the Vietnamese army being in bed with what appears to be a single battalion of Russians. Together, the two antagonists attempt to extract what information they can from Rambo, but it backfires upon them in an orgy of bullets, arrows, rockets, and destruction. About the only thing missing is the moment when Rambo drinks from a grail-like chalice and declares himself invincible.<br /><br />To be honest, First Blood Part II is a well-photographed, and well-choreographed, action spectacle. The hand-to-hand combat with the larger Russian commander is one of the few battles in the film that has any dramatic tension whatsoever. The rest is simply a case of the lead actor and the director building a fantasy for Americans to pump their fist to. Fortunately, this fad of America über alles action films soon died down when more introspective and intelligent war films such as Platoon began doing the rounds. Some of the kills shown here are quite creative, despite all the problems. The Vietnamese commander meets an end that many an action film villain would envy. The Russian commander bites it in a manner that is as spectacular as it is ridiculous. Only in a 1980s action film would one see a LAW being used from inside a helicopter. Sure, there have been action film clichés rooted in contradictions of fact, but never this ridiculous before.<br /><br />I gave Rambo: First Blood Part II a one out of ten. It is so bad it is ridiculous, and so ridiculous that it is often funny. One doesn't even need to have served in the military to know how stupid some of the action sequences are. The only risk it takes is in trying to make a stupid political statement with what is a heartbreaking subject for those directly involved. Keep the tongue firmly in the cheek, and it might be watchable."
tt0091129,The Golden Child,Michael Ritchie,1986,94,"Action,Adventure,Comedy","I am guessing the reason this movie did so well at the box office is of course Eddie Murphy. I think this was his first movie since ""Beverly Hills Cop"" so at the time he was hot. Considering that one made over two hundred million and it was R and this one made about 80 million and it was pg does say it was not all that popular. I have never been a big Eddie Murphy fan, so that is probably another reason I didn't care for it much at all. This one has Eddie as some sort of finder of lost kids. He must find the golden child or the world is in terrible peril. The plot is very bad, but as bad as it is it does not compare to the special effects. I had seen better stuff done in the 70's than some of the stuff this one offers, Ray Harryhausen did better stuff. Still the main reason you see a movie like this is because of Eddie, unfortunately he is not very funny in this one at all and it just seems stupid to put him in the ""Raiders of the Lost Ark"" type scenes. I guess they were hoping for a fish out of water effect, but to me it just did not work."
tt0091631,Nightmare Weekend,Henri Sala,1986,85,"Horror,Sci-Fi","Nightmare Weekend is proof positive that some people are so desperate to be 'in the movies' they are prepared to do almost anything.<br /><br />I'm not referring to the countless women who seem quite happy to appear completely starkers in this dreadful piece of trash (after all, the naked female form is a beautiful thing and nothing to be ashamed of). No...I'm talking about those who are more than willing to co-star with a badly made hand-puppet called George. Now that is embarrassing!!!<br /><br />A bio-electronic being created by brilliant scientist Edward Brake (Wellington Meffert), George (who looks like a demented felt clown with green wool for hair) is the artificially intelligent interface for an advanced computer system that operates a revolutionary device (a silver sphere about the size of a golf ball) that, when ingested, can reverse character disorders.<br /><br />Edward's personality altering experiments have been successful on lab animals, but the cautious scientist is reluctant to carry out tests on human subjects, fearing that there may still be side effects. His evil assistant Julie (Debbie Laster), however, has no such qualms, and proceeds to use three beautiful young women as guinea pigs. Inevitably, they all turn into hideous killer mutants.<br /><br />With bargain basement special effects, a cast totally devoid of talent, and a plot that is almost impossible to follow (I took notes as I watched the film, and even then I am not entirely convinced that my synopsis is accurate), Nightmare Weekend is a complete and utter disaster that not even several soft-core sex scenes and a touch of gore can rescue.<br /><br />This film also features one of the most irritating characters I have ever seen in a horror movie: Tony (Bruce Morton), a Walkman wearing idiot who bops away to crap 80s music in a manner that makes me look like Justin Timberlake in comparison."
tt0093176,Hello Mary Lou: Prom Night II,Bruce Pittman,1987,97,"Horror,Thriller","Prom Night 2 is an OK horror movie but prom night is way better and this movies about how the prom Queen Mary Lou in 1957 gets killed by her boyfriend and comes back 30 years later for revenge.The best actor in this movie is Micheal Ironside and the movie stars other OK actors and actress like Justin Louis (I),Wendy Lyon,Lisa Schrage and Richard Monette(I).And there are some good gore scenes like when Mary Lou kills the girl that is trying to hide in her locker by crushing the lockers together and how one of the students are on the computer and Mary Lou electrocutes him to death.Over all this is an OK/good horror movie and my rating is 4 out of 10."
tt0093533,Miami Golem,Alberto De Martino,1985,85,"Action,Horror,Sci-Fi","The basic premise of ""Miami Golem"" most definitely deserves a spot in the top, say, fifty of most demented cinematic plots ever scripted down! I know top 50 doesn't sound too impressive, but I've seen a lot of really weird films with lunatic plots. I was prepared from something convoluted, because the film was directed and co-written by Alberto De Martino, who was one of Italy's most ambitious and creative but sadly underrated film makers. De Martino steals multiple ideas from successful blockbusters, like most Italian directors did around that time, but he always adds a lot of stuff to make it even more complex, confusing and overwhelming. Not all of De Martino's films are worthwhile, but some of them are extremely underrated, like ""A Special Magnum for Tony Saitta"", ""Holocaust 2000"" and ""Formula for a Murder"". The concept of ""Miami Golem"" contains elements from numerous great Sci-Fi and adventure flicks (like ""Alien"", ""Starman"" , ""Close encounters of the Third Kind"", ""ET"", ) but I wouldn't exactly call it a rip-off. The only thing that is really shamelessly stolen from another film is the opening synthesizer theme song that sounds almost identical to Harold Faltermeyer's Axel F. from ""Beverly Hills Cop"". The rest of the film is an amusing hodgepodge of fantasy, Sci-Fi, action, horror and superhero-movie gimmicks. It certainly doesn't always make sense (most of the time it doesn't, actually) but ""Miami Golem"" is undeniably an imaginative and multifaceted film that kept my mate and I fascinated from start to finish.<br /><br />The plot is extremely difficult to briefly summarize but I'll try anyway. Sceptical journalist Craig Milford is reporting the story of a German scientist who allegedly discovered extraterrestrial DNA inside a crashed meteorite and managed to clone it. The DNA cell belongs to an evil alien force that already exterminated another interstellar race in the past and it will unquestionably destroy the whole of mankind as soon as it grows large enough in size. If this isn't problematic enough already, the rich Mr. Anderson ordered to steal the slowly growing evil fetus because he thinks that he can manipulate it and use it to obtain world domination. With the help of some good aliens in an earthly disguise, Craig Milford has the difficult task of safeguarding the planet from the evil fetus. Okay, I know all this sounds grotesque and silly, but I assure that ""Miami Golem"" is in fact a light-headed and easy digestible flick. The first half of the film may come across as overly hectic and confusing, because Alberto De Martino attempts to keep the plot secret through the use of preposterous red herrings. There are subliminal ghostly appearances, supportive characters behaving exaggeratedly mysterious for no real reason and at a certain point there are even speculations about the lost continent of Atlantis. This is all misleading padding material, however, and as soon as the set-up is more or less clear ""Miami Golem"" turns into an ordinary early 80's popcorn action movie with bloody massacres, flamboyant chase sequences (in the Florida Everglades!), explosions, gratuitous sleaze and nasty little fetus-monsters in jars.<br /><br />Now, I really don't want to raise the impression that ""Miami Golem"" is a lost and undeservedly obscure gem of Italian exploitation cinema. Make no mistake, this is a pretty bad movie! The events only become endurable if you accept the stupidity and incoherence of the plot and if you don't succeed in that, well than this is just a non-stop spitfire of negative aspects. The acting performances are painfully awful. Particularly B-movie veteran John Ireland, as the archetypal James Bond villainous character, doesn't seem the least interested in the script. You can tell from his grimaces and by the way he delivers his lines that he also thinks the whole production is retarded and simply signed up for the paycheck. Laura Trotter is probably the least sexy female lust-object ever, and the person who drew the marvelously chaotic VHS cover must have felt exactly the same way, because the ravishing girl on the cover does not appear anywhere in the movie. What an embarrassment this must be for Mrs. Trotter. Still, her completely gratuitous nudity sequences compensate for this, as she's quite hot from the neck down. And, finally, there's the unforgettable scene where David Warbeck takes down a helicopter from a moving school bus with a regular pistol! I don't think even John Rambo can do this, while he's a beefcake Vietnam veteran and Warbeck's character is a simple TV-reporter."
tt0093629,A Nightmare on Elm Street 3: Dream Warriors,Chuck Russell,1987,96,"Fantasy,Horror","what kind of sh*t is this? Power rangers vs Freddy? It was watchable and as good as the first film in the beginning but from the part where the protagonists get super powers in theirs dreams, it started to become childish. This sh*t should have been rated PG or PG-13 rather than R. I expected to see some very mature stuff but it was only for the 1/3 of the film. The rest are for little kids. Plus it's focused too much on Christianity. I know Freddy's a demon but there are many religions that have different ways to fight demons. Why does it always have to be Christianity? This is total Orientalism and filled with white men/westerner's superiority. Don't' watch this, show it to little kids who loves power rangers."
tt0095895,Powaqqatsi,Godfrey Reggio,1988,99,"Documentary,Music","I should have trusted my instincts better: No expectations - no disappointments. Instead, however, I expected to experience a similar masterpiece like Koyaanisqatsi (1983) and was brutally disappointed. Powaqqatsi is in my humble opinion nothing but a cheap attempt to cash in on the cult success of its predecessor, and - artistically - it fails miserably. It appears some producer gathered up leftover material from Koyaanisqatsi, hurriedly threw it together, placed everything in slow motion and got some pop entertainer under the pseudonym of Philip Glass to hurriedly throw together some banal background music, which is incessantly repeated. Where Koyaanisqatsi entertains the viewer with clever fast and slow motion changes, Powaqqatsi is one long sequence of mundane images in slow-motion (if you view them on your VCR in fast preview mode, you'll see what I mean). What disappointed me the most, however, was Philip Glass's soundtrack. I couldn't - and still can't - believe that these commercial-sounding New Age type drones, which could easily have been composed in one afternoon by any 14-year-old on a Casio calculator, were from the same composer who so brilliantly composed the emotional and perfectly-synchronized music for Koyaanisqatsi. All in all, a big waste of time! My advice: Forget commercialism! Watch Koyaanisqatsi again instead!"
tt0096046,Scarecrows,William Wesley,1988,83,"Action,Crime,Horror","Falls into the film category of ""Way too ridiculous in the dialogue and execution departments to be taken seriously"". Whereas Shriek If You Know What I Did Last Friday the Thirteenth or My Boyfriend's Back know they are bad, Scarecrows doesn't. Evil Dead set such a high standard for the comedic horror on a budget genre, that Scarecrows is simply out of place. <br /><br />Suspicions of inexperience are immediately at play as there are no hints of noise or vibration in the hull and cockpit of an airborne plane. The repeated display of a picture of 3 men just screams for a story arc, but nothing comes. Although the men are obviously the scarecrows, there is no explanation.<br /><br />Knowing this film is too serious for it's own good may produce some grins. I don't recall if Joe Bob Briggs ever previewed Scarecrows, but I believe that he wouldn't stoop this low. However, with an IMDb rating of over 6, there are many people that disagree."
tt0096453,Witchery,Fabrizio Laurenti,1989,95,Horror,"There are many different versions of this one floating around, so make sure you can locate one of the unrated copies, otherwise some gore and one scene of nudity might be missing. Some versions also omit most of the opening sequence and other bits here and there. The cut I saw has the on-screen title WITCHCRAFT: EVIL ENCOUNTERS and was released by Shriek Show, who maintain the original US release title WITCHERY for the DVD release. It's a nice-looking print and seems to have all of the footage, but has some cropping/aspect ratio issues. In Italy, it was released as LA CASA 4 (WITCHCRAFT). The first two LA CASA releases were actually the first two EVIL DEAD films (retitled) and the third LA CASA was another film by the same production company (Filmirage), which is best known here in America as GHOSTHOUSE. To make matters even more confusing, WITCHERY was also released elsewhere as GHOSTHOUSE 2. Except in Germany, where GHOSTHOUSE 2 is actually THE OGRE: DEMONS 3. OK, I better just shut up now. I'm starting to confuse myself!<br /><br />Regardless of the title, this is a very hit-or-miss horror effort. Some of it is good, some of it isn't. I actually was into this film for the first half or so, but toward the end it became a senseless mess. A large, vacant hotel located on an island about 50 miles from Boston is the setting, as various people get picked off one-by-one by a German- speaking witch (Hildegard Knef). Photographer Gary (David Hasselhoff), who wants to capture ""Witch Light,"" and his virginal writer girlfriend (Leslie Cumming), who is studying witchcraft, are shacking up at the hotel without permission. Along comes real estate agent Jerry (Rick Farnsworth), who's showing off the property to potential buyers Rose (Annie Ross) and Freddie (Robert Champagne) Brooks. Also tagging along are their children; pregnant grown daughter Jane (Linda Blair) and very young son Tommy (Michael Manchester), as well as oversexed architect Linda Sullivan (Catherine Hickland - Hasselhoff's wife at the time). Once everyone is inside, their boat driver is killed (hung) and the boat disappears, so they find themselves trapped and basically at the mercy of the ""Lady in Black.""<br /><br />So what can you expect to find here? Plenty of unpleasantries! One of the characters has their lips sewn shut and is then hung upside down in the fireplace and accidentally slow-roasted by the rest of the cast. There's also a crucifixion, witches eating a dead baby, a swordfish through the head, someone set on fire, a possession, a Sesame Street tape recorder, the virgin getting raped by some demon, a guys veins bulging and exploding thanks to voodoo doll pokes and some other stuff. From a technical standpoint, it's a nice-looking film with pretty good cinematography, a decent score and good gore effects. The hotel/island setting is also pretty nice. Blair (particularly at the end) and Ross both seem like they're having fun and Knef is great as the evil witch. Even though people like to ridicule Hasselhoff these days, he's not bad in his role, either.<br /><br />On the down side, despite all the gore, the film seems somewhat dull and it gets monotonous after about an hour. The supernatural themes are muddled and confusing, too. When characters are being swept into the witches lair to be tortured and killed, the filmmakers unwisely decided to superimpose the screaming actors over some silly looking red spiral vortex effect that looks supremely cheesy. And the witch lair itself is vacant and cheaply designed with unfinished lumber. And while most of the cast is at least decent, a few of the performances (particularly the ""actress"" who plays Hasselhoff's girlfriend and the kid) are so bad they're constantly distracting."
tt0096870,Going Overboard,Valerie Breiman,1989,99,Comedy,"...okay, maybe not all of it. Lured by the false promise of bikini-clad women on the movie's cover...but the HORROR...THE HORROR... ...whatever you do, do NOT watch this movie. Gouge out your eyes, repeatedly bash your skull in...do what it takes. Never again--never forget!<br /><br />"
tt0097371,Food of the Gods II,Damian Lee,1989,91,"Horror,Sci-Fi","In the first one it was mainly giant rats, but there were some wasps and a giant chicken too. This one, however, is just giant rats period, well giant rats and one really growing little boy. This one is about this growing boy and a scientist that is trying to help him so he accidentally creates giant killer rats...you know how it is. This movie has some kills and its moments, but I find it to be on par with the original, I just prefer some variety in my giant creature movies. Well, that is not true...I actually like ""Empire of the Ants"", maybe I just do not care for giant rodents. All in all a rather drab movie though it does have one rather odd turn of events in this one dream sequence that is truly bizarre. I just can't recommend this one."
tt0098084,Pet Sematary,Mary Lambert,1989,103,"Fantasy,Horror,Thriller","Stephen King is generally known for the morbid, and that's fine, but this story is too morbid. Some movies, by the end you feel sad for the characters or the situations they were put through...here you just feel depressed. The movie has a nice feel to it (at first), with the family moving to the country, and creepy old Fred Gwyne greeting and warning them of the pet cemetery, but this plot leads nowhere. It starts with so much potential, but by the end, it loses the potential to be a good horror movie, and becomes corny, extremely stupid, and ultimately depressing.<br /><br />Louis (Dale Midkoff), his wife Rachel (Denise Crosby), their kids Ellie and Gage, and their cat move to a new home in Maine. They are warned by the loony farmer neighbor Jud (Fred Gwyne) about the local pet cemetery and how it is cursed. Louis thinks nothing of this and everything's fine until the family cat is killed. He bury's it in the cursed cemetery and it comes back to life, constantly hissing at the family and wanting to be left alone. One day, infant Gage runs out in the road and is run over and killed by a truck, and Louis knows he must bury him in the cemetery. When Gage comes back to life, he is changed and wants to murder.<br /><br />With many of Stephen King's works that don't translate well into films, I blame the directors and screenwriters. In this case, Mr. King was the screenwriter, but I'm going to blame him for his awful story. By the end it's so pointless, and though unfunny, the premise is laughable. A little boy comes back from the dead and manages to kill people with what looks like a tiny scalpel, and not only that, but he manages to lift their bodies and in one case, carry a body from the ground to the attic!(?) I know this isn't set in reality but seriously, how stupid can this get? The scene where Louis injects his deceased, now living again cat to kill it is strangely sad, because the cat did not deserve this. All it did was go around minding it's own business and he killed it. The scene where he injects his own infant son is almost unbearable. Not unbearably sad, but the whole situation is just awful to think of. After being injected Gage staggers drunkenly around before falling down dead....why did they need to make a movie ending with the death of an infant? But...even worse, the actual ending of them film involving Louis burying someone else (Not going to give away who) in the cemetery after Gage kills them....what did he expect? Why did Mr. King write this horrible story and why was it made into a movie? It's depressing and pointless!<br /><br />My rating: * out of ****. 90 mins. R for violence."
tt0099173,Brain Dead,Adam Simon,1990,85,"Horror,Mystery,Sci-Fi","I felt brain dead, I'll tell you. This is the worst film I have ever bought. (in my ignorance I thought this was the Peter Jackson film of the same name). The performances are so terrible they are laughable. The special effects have not stood the test of time and look dire. The script promotes that kind of TV movie, stare into the middle distance kind of acting. The cast look as if they have been taking lessons from Joey Tribbiani, they have one look each, and stick to it. Plus I have never been confused by a movie until I sat down to watch this. The is it a dream or no plot is so terrible that frustration sets in within a few minutes. Avoid like a plague."
tt0100419,Problem Child,Dennis Dugan,1990,81,"Comedy,Family","This kid is rather bad, but in no way do they make him the type that outsmarts adults and can foil experienced thieves at every turn. No, he is not so much a brat, as he is a kid with severe emotional problems. A nice couple looking to adopt get rather suckered into adopting him and while the husband is a bit more willing to give this kid a chance the mother is not. Through in a bizarre Michael Richards character and the always annoying Gilbert Gottfried and you have yourself a rather bad movie with a few laughs in it here and there. I actually prefer the sequel to this film as I like the fact they brought Amy Yasbeck back as a different more likable character as there are one to many characters in this film that are thoroughly unlikable as it is. Even the kid is rather annoying at first in this one, and they kind of chill him out in the sequel too. The plot is simple enough though as the prospective parents go to adopt this kid that they think is great by the way the orphanage is throwing a party as they depart, they soon realize they have themselves a little hellion. Add to that this little hellion getting into contact with a convict of some sort. Not sure about this character, at first I thought it was supposed to be his real father or something. Not all that good, but I will pick this ahead of that Culkin kid any day of the week."
tt0101368,Severed Ties,Damon Santostefano,1991,92,"Comedy,Horror,Sci-Fi","A young scientist is trying to carry on his dead father's work on limb regeneration.His overbearing mother has convinced him that he murdered his own father and is monitoring his progress for her own evil purposes.A young doctor uses reptilian DNA he extracts from a large creature and when his arm is conveniently ripped off a few minutes later,he injects himself with his formula and grows a new murderous arm...Admittedly the special effects in ""Severed Ties"" are pretty good and grotesque,but the rest of the film is awful.The severed arm is behaving like a snake and kills few people.Big deal.The acting is mediocre and the climax is silly.3 out of 10."
tt0102340,Love Crimes,Lizzie Borden,1992,90,"Romance,Thriller","** CONTAINS SPOILERS ** <br /><br />The truly exquisite Sean Young (who in some scenes, with her hair poofed up, looks something like Elizabeth Taylor) is striking in her opening moments in this film. Sitting in the back of a police car waiting to signal a bust, her face and body are tense and distracted. Unfortunately, once the bust is over Young's strained demeanor never changes. This is one fatally inhibited actress.<br /><br />One has only to compare Young to the performer playing her coworker and best friend, Arnetia Walker, to grasp what is missing in Young. Walker is open, emotional, and at ease at all times...in that there's no apparent barrier between what she may be feeling and her expression of it. She is an open book. Young, on the other hand, acts in the skittish, self-conscious way you might expect your neighbor to act were they suddenly thrown into starring in a film. Basically, she doesn't have a clue.<br /><br />With this major void looming at the center of the movie, we're left to ponder the implausiblities of the story. For instance, after Miss Young is kidnapped by the criminal she's trailing and locked in a closet, she breaks the door down when left alone. Granted, she's dressed only in a bra and panties, but in a similar situation, with a psycho captor due to return any moment, would you head for the door...or take the time to go through his dresser, take out some clothes and get dressed? I would guess that this and other scenes are trying to suggest some sort of mixed emotions Miss Young's character is experiencing, but Young can not convey this type of complexity.<br /><br />There are a few affecting moments in the film, such as the short police interviews with the criminal's past victims, but overall this is an aimless endeavor. It's too bad Miss Young was replaced while filming the pair of comic book style films that might have exploited her limitations with some humor (BATMAN and DICK TRACY), because her floundering while attempting to play actual people is oddly touching. Watching Miss Young try to act, at least in this ""thriller"", is a sad spectacle."
tt0102585,Omen IV: The Awakening,"Jorge Montesi, Dominique Othenin-Girard",1991,97,Horror,"If you are hoping for ANYTHING new, you have chosen the wrong movie. Who can think that a movie that is a virtual replay of it's predeccesors can be good. Maybe the producer and maybe the director but hopefully they were not serious when they made this THING. This whole movie is like making a greatest hits DVD of the 1st 3 films, but changing the actors. BHHAAAAD."
tt0102800,Robot Jox,Stuart Gordon,1989,85,"Action,Sci-Fi,Thriller","Title: Robot Jox (1990) <br /><br />Director: Stuart Gordon <br /><br />Cast: Gary Graham, Anne Marie Johnson, Paul Koslo <br /><br />Review: Stuart Gordon who we usually associate with extremely gory horror films such as Re-Animator, From Beyond, Dagon and Castle Freak, took a small detour here and did a little sci-fi flick. I stress the word ""little"" since this is a very low budget flick, and there in lies its main weakness.<br /><br />The story takes place in the future. A world in which the great superpowers (that according to this movie are the United States and Russia) duke out their differences not by going on a full blown world war...but by fighting gladiator style battles with gigantic robots. Our hero Achilles must go up against the evil Russian robot fighter called Alexander. Lots of cheap stop motion animation ensues.<br /><br />Well, the idea is awesome I guess. The great nations settleling territorial disputes with giant robots? Interesting premise and one that could have been handled properly if the proper budget had been available. Unfortunately what could have been a fun movie ends up being an embarrassment for an otherwise great director.<br /><br />I as a kid loved this movie, and I guess if you want any enjoyment out of this movie, you'll have to revert back to little kid mode to have some fun with it. I showed this film to some of my friends and as the movie progressed my friends where like ""what the hell is this piece of crap franco?"" And I'm like well this movie is a sci-fi by one of my favorite directors Stuart Gordon?"" But as the movie progressed into corny territory I almost felt like pressing stop and not having them go through that torture. I could go through it, cause I loved this film as a kid, and there's still a little nostalgia attached to watching it. But everyone else was just not going to get it.<br /><br />And I myself realized that the movie isn't really that good. First off. The movie is about giant robots kicking the hell out of each other. And in order to achieve this in a credible fashion you'd have to use some damn good special effects to make it work, expensive effects that would help us the audience suspend disbelief. But unfortunately this being a small scale movie, from a small scale company (Empire Pictures, which went bankrupt after making this film!)the effects only help us giggle and laugh at them. Heck even the sets and some of the wardrobe looks unfinished or half assed.<br /><br />OK granted, once you accept that you are watching a mixture of moderate stop animation and miniatures well you can sort of give in to the film and even enjoy the big robots kicking the hell out of each other. There are certain scenes when the robots are fighting that are kinda cool, and made me go ""thats why I liked thid movie!"" But every know and them, some crappy effect will take you right out of that protective little cocoon you were trying to hide in. And boom, your right back into realizing this film just doesn't live up to its premise.<br /><br />And heres another thing that sort of bothered me a bit about the movie. This movie is basically a movie for kids. You know, giant robots duking it out? Stop motion animation? Hello? But this movies dialogue had a lot of sexual innuendos and the violence gets a little bloody. So I kept asking myself is this a kids movie or not? After a while I just came to the conclusion that basically this was a kids movie with adult sensibilities, which really isn't a good mix.<br /><br />So for those of you who don't feel that certain naive childlike charm of watching two robots fighting each other and if you don't have a nostalgic connection to this movie (like I do) well Id suggest you steer clear away from this one. Gordons a great director, but this movie he made, just didn't do it for me. Well, at least not now that I'm a full grown adult.<br /><br />Rating: 2 out of 5"
tt0106244,Alien Intruder,Ricardo Jacques Gale,1993,120,Sci-Fi,"As usual, on IMDb, going by the majority vote instead of the ""weighted average"" is far more indicative of the movie's entertainment value. In this case, the majority gives it a ""one"". How right they are! To start my review, I'll first admit that I am completely clueless as to why this movie is titled ""Alien Intruder"". It does involve space and even an ""alien"" (I suppose), but there's no rhyme or reason (at all) for anything in the long run, at least, no actual plot basis or resolution that I can make out anywhere.<br /><br />There are quite a few scenes that are so atrocious (with regard to both the lines, the timing, and how they are spoken), that it far exceeds the weird feeling you get when watching similar really bad movies. I have no idea about that part near the beginning where an electronic Bugs Bunny seems to be ranting about something.<br /><br />The ""plot"" solely involves an area of space known as the G-Spot, sorry, make that G-Sector...and a virtual reality program infected with some sort of alien(?) virus. I think it is alien since the image of the otherwise normal Ariel appears as a photographic negative.<br /><br />For most of the movie, we see people getting shot with space weapons, falling out of lofts, and seemingly endless, pointless close shots of ""Where's Ariel?"", ""Can't find Ariel"" (pointless because most of the other shots INCLUDE interaction with Ariel, anyway - whatever) on a computer monitor. Commander Skyler (Billy Dee), sits and watches each fantasy of the convict's VR programs hoping to find this Alien virus and become one with it...??? Or maybe I missed something...<br /><br />Billy Dee Williams took a few courses on ""how to act in despair"" prior to the filming of this. We know this because he spends a lot of time moving his fingers down over his face and looking mournful.<br /><br />The docking scene with the nose of one ship going into the rear of the other was semi-hilarious at least, and provided for a laugh in addition to the early scenes where we see several shots of the ship as it is just spinning in a circle, looking much like a Lego experiment gone awry.<br /><br />It seems everyone dies in this movie, so why bother? Even the VR females get killed, as if that is supposed to mean anything (especially since everyone else dies anyway)...outrageous.<br /><br />Because of the money I save on groceries, I won't rant about wanting my money back that I paid for the DVD of this. The dollar that I saved on that bag of vanilla wafers paid for this reviewer's time.<br /><br />I'll just add that the story itself, at least as a novel, and with far more detail added, could probably be quite interesting with the right author.<br /><br />1/10"
tt0106669,Darkness,Leif Jonker,1993,90,Horror,"<br /><br />I am a big-time horror/sci-fi fan regardless of budget, but after watching countless horror movies late night on cable and video, this has to be the worst of all movies. With bloody special effects (what looked like a roast covered in fake blood or ketchup that kept being shown over and over again) and people running around screaming from left, then to right, then back again. It should have stayed with the beginning convenience store scene and stopped there and been 15 minutes. Instead, it is dragged out very long. It is very, very x5 low budget. Many scenes were way, way too long. Narrator sounded very amateurish like a random person out of junior high was talking. This is the only movie to rate lower in my opinion than Manos, Red Zone Cuba, Benji,and Godzilla vs. megalon despite their higher budgets. 10 snoozes, try to stay awake through whole movie in one setting or better yet, avoid it like you would an undead brain-eating mob. The Why-Did-I-Ever-See-This-Piece-Of-Zombie-Dung-Blues. Epitome of nauseatingly bad made movies etc..ad infinitum. -infinity/10"
tt0106753,Doppelganger,Avi Nesher,1993,104,"Horror,Romance,Thriller","I have just watched the movie for the first time. I wanted to watch it as I like Drew Barrymore and wanted to see one of her early movies. <br /><br />The movie is about a girl (played by young and beautiful Drew Barrymore), who moves from NYC to LA in order to get over her recently troubled loss. Short after moving to a guy who falls in love with her, it becomes obvious that she has an evil twin=doppelganger, who haunts her.<br /><br />The movie is quite poor and lousy. Both the dialogs and the acting make the film not really worth seeing it. Summing up it is just something for the fans of Drew Barrymore."
tt0114658,Theodore Rex,Jonathan R. Betuel,1995,92,"Action,Comedy,Family","From the What Was She Thinking? file: Whoopi Goldberg plays a cop in the future who is teamed with a talking dinosaur (!) for a crime case involving a madman who wants to start another ice-age. Straight-to-tape oddity is embarrassing and ridiculous, a high-concept in search of itself. Apparently this was a labor of love for its writer-director, Jonathan Betuel (who also served as one of the producers); sadly, the end results are anemic, to be charitable. Goldberg's mere presence on-screen can often spark good will and laughter no matter how poor the script, but here she's drowning and you can see the unfunny results. NO STARS from ****"
tt0115994,Curdled,Reb Braddock,1996,88,"Comedy,Crime,Thriller","Proof that not everything Tarantino touches turns to gold. This is most definitely plastic, all the way. Its easy to see that without Quentin's involvement this would have probably sat on the shelf for years, that's assuming it would have ever got produced in the first place. It is about a woman with a fascination of death who gets a job cleaning up after crime scenes, Angela Jones is unconvincing in this role, William Baldwin is better as the Serial Killer who keeps Jones in employment!. All in all pretty poor."
tt0117283,The Pallbearer,Matt Reeves,1996,98,"Comedy,Romance",The Pallbearer is a disappointment and at times extremely boring with a love story that just doesn't work partly with the casting of Gwyneth Paltrow (Julie). Gwyneth Paltrow walks through the entire film with a confused look on her face and its hard to tell what David Schwimmer even sees in her.<br /><br />However The Pallbearer at times is funny particularly the church scene and the group scenes with his friends are a laugh but that's basically it. Watch The Pallbearer for those scenes only and fast forward the rest. Trust me you aren't missing much.
tt0117894,Thinner,Tom Holland,1996,93,"Fantasy,Horror","You'll notice that the chemist, who appears in two scenes and gets to speak, is played by Stephen King. ""Don't give up your day job"" is the standard thing to say, but that's not fair. King acquits himself reasonably well: he's no worse than any other member of the cast, and better than most. The story, on the other hand, is pure rubbish. Please, give up your day job.<br /><br />Never have I seen so many dreadful performances - of which the lead actor's (the LEAD ACTOR'S!) is probably the worst - gathered together in the one film. Everyone acts hammily, but not in any entertaining way; they all somehow manage to go over-the-top without expending, or manifesting, energy. I blame screenwriter/director Tom Holland. It can't be that ALL the actors are REALLY this bad. What are the odds against that? Admittedly, I've never heard of any of them before, but still, I don't think I could walk into a talent agency and walk out with this many bad performers if I tried: ONE actor, despite my best efforts, would turn out to have talent. So what's more likely - that Tom Holland rolled a dozen consecutive snake-eyes, or that he wrote a lousy script and then directed it poorly? That would also explain why actors are bad in direct proportion to their prominence in the script. The more direction an actor got, the worse he performed. (""You want me to bend over like a hunchback, talk from the back of my throat, show all my teeth, and look bored, all at the same time? Okay..."")<br /><br />This theory is confirmed by the fact that Holland undeniably managed to co-write a lousy script. Several writers here have commented on the fact that Billy Halleck is not a likeable character, but that's a misleading way of putting it. He's not a knowable character. All we find out about him before the supernatural stuff starts happening is that he's fat, and that all he can think about is food. (""All I can think about is food,"" he tells us, helpfully.) And in the end...<br /><br />(Sigh) I suppose I ought insert a spoiler warning here...<br /><br />In the end he becomes evil. Why? I can only shrug. Perhaps he's under some kind of enchantment. Yeah, that's probably it. By ""evil"" perhaps I mean ""inexplicable"" - it's not so much badness as a socially undesirable suspension of ordinary means-end psychology. Anyway, his actions at the end make no sense, nobody's actions make much sense, and this is despite the fact that the characters do little but explain their motivation for the benefit of the audience.<br /><br />By the way, here's my nominee for hammiest line/delivery: ""I don't think you'd like it. IN FACT..."" [big dramatic pause] ""...I don't think you'd like it at all."""
tt0118183,Within the Rock,Gary J. Tunnicliffe,1996,85,"Horror,Sci-Fi","This crew-versus-monsta has been done a hundred times, sometimes better. This one was pretty slow-moving ; only the monster's resurrection was really worthwhile. Attempts at character developments gets botched by routine. Yeah, ""routine"" is the word. Went straight to video in France. No wonder"
tt0119196,The Gingerbread Man,Robert Altman,1998,114,"Crime,Mystery,Thriller","I think I've seen all of the Grisham movies now and generally they're all very poor, except for The Rainmaker, but this one is so bad it's unbelievable<br /><br />WARNING SPOILERISH<br /><br />It's one of those movies where the character does the stupid irrational things that no one would ever do. He's a lawyer for Christ's sake. Why when his children go missing does he not call the Police. Oh yes it's because all the Police hate lawyers so they're just ignore him and let him be attacked.<br /><br />When he's arrested for murder they just let him go free, he would be locked up in a cell pending a bail hearing. <br /><br />Why would you drag your kids halfway across the country when you could easily protect them at home.<br /><br />The Police don't bother to try and find an escaped mental patient, they don't bother to interview his daughter.<br /><br />As for the ridiculous ending.<br /><br />In summary, silly, very unrealistic and a complete waste of time.<br /><br />0/10  One of the worst films ever made."
tt0119303,Home Alone 3,Raja Gosnell,1997,102,"Action,Comedy,Crime","Home Alone 3 is one of my least favourite movies. It's the cream of the crop, or s*** if you tend to be more cynical, as it ranks up (or down) there with stuff like Battlefield Earth and Flinstones: Viva Rock Vegas. In fact, it could even be worse than those two, since those two at least intermittently made me laugh at their stupidity. This just made me cringe in pain constantly and clap when the credits started rolling. No other movie has made me cringe in pain. Now I will point out exactly why this movie is so incredibly atrocious.<br /><br />First off, the plot is ridiculous. It revolves around a chip in a remote control car (?!) that is misplaced and how these terrorists want it. Dumb stuff.<br /><br />The action that ensues is similar to that of the other two Home Alones, with boobytraps and all, but watching these boobytraps being executed is, rather than being funny, incredibly unpleasant to watch. I didn't laugh (or even so much as smile) once, rather, I cringed constantly and hoped that the terrorists would nail the kid. The bird, rather than providing comic relief, was unfunny and annoying.<br /><br />The acting, as done by a bunch of no names, ranges from poor to atrocious. There is not a single good performance here. Alex D.Linz is absolutely unlikeable and unfunny as the kid, while the terrorists act (and judging by their movie credits, look) as they've been hastily picked off the street...and well, that's it.<br /><br />I can see some people saying: ""Man, it's for the kids. Don't dis it, man."" Well MAN, kids may like this, but they can get a hell of a lot better. See Monsters Inc. and Toy Story before even considering getting this out. Hell, even Scooby Doo and Garfield (which suck - see those reviews for more) are better than this! <br /><br />So in short, this is an irredeemably atrocious movie. This was clearly recycled for the money, as it almost completely rips off the first two; the only thing is, it completely insults the first two as well. No human, kid or otherwise, should find any reason to see Home Alone 3. Ever. It's THAT bad.<br /><br />0/5 stars"
tt0119380,The Invader,Mark Rosman,1997,93,"Action,Sci-Fi,Thriller","Here we are: two travelers from a distant futuristic world arrive on earth... one is on a desperate mission to preserve a life, another is an inhuman killing machine determined to eliminate the woman who will give birth to the saviour of an entire race.<br /><br />So what could we call this killing machine? It's almost like he's some kind of destroyer, or eradicator... sort of like an exterminator or something. What's the word I'm looking for... something that -terminates- things? Hmmmm....<br /><br />Anyway, the protector (who swiftly doffs the white tunic he stole from Luke Skywalker in favour of local clothing) finds the young woman first and impregnates her with a future-born hero-to-be. The evil uhhhh... ""exterminator"" kills some rednecks and steals their guns and clothes, then attempts to locate the woman by visiting her workplace and asking around by looking menacingly into people's eyes and repeating her name threateningly.<br /><br />Then begins a desperate race for survival as the seemingly deathless and unstoppable ""exterminator"" pursues the couple across the countryside. At some point he may acquire boots and a motorcycle, but I'm not sure.<br /><br />Perhaps, in an exciting finale, he will attempt to crush them under the wheels of an enormous tanker truck full of... acid. Then the truck will crash. They will be saved... but no! He will then re-emerge, as strong as ever. He will kill the protector and pursue the girl into a meat packing plant, where in a terrifying finish, he is pushed into a large piece of industrial chopping machinery, and destroyed once and for all.<br /><br />But maybe I'm extrapolating too much... after all, I did stop watching this movie after Mr. Protector magically impregnates Sean Young by kissing her at a bar, then tells her the child will be born in 3 days. <br /><br />The costumes and effects are great in this movie... I loved them the first time I saw them on Star Trek: Next Generation too! Sean Young does another great turn as an unemotive Replicant, and career sweat-hog Stephen Baldwin is also on board as Young's Fat Cop Boyfriend. Not sure where he fits into the plot though... maybe he's an import from a different James Cameron movie?"
tt0119700,Moonbase,Paolo Mazzucato,1997,89,"Action,Sci-Fi","I watched this movie last night and already I am struggling to recollect very much about it. The story is about a group of criminals who escape from a space penal colony. They fly to the Moon in a space-age dustbin carrier; when there, they terrorise the dustbin men who work on the Moonbase.<br /><br />It strikes me that rubbish low-budget sci-fi films often involve either desert planets or, like this movie, criminals escaping from penal colonies. Why this is I have no idea. But I can say with some certainty that such films are always diabolical. This one is really no exception. It begins reasonably well with a decent credit sequence and a half-way alright dance music soundtrack. It then degenerates into a boring sci-fi thriller. So little of consequence actually happens in this movie that I am literally struggling to write a helpful review, so if you're reading this I apologise for not being able to enlighten you to the film's subtleties and nuances. For the record, I recall a tedious bunch of baddies, a tedious bunch of goodies, some nuclear warheads and a hologram of a naked woman. Other than that, I'm struggling.<br /><br />If you feel you could be interested in the activities of lunar dustbin men then I would not hesitate to recommend this film. I would also recommend it to those of you who wish to send their friends to sleep and steal their wallets."
tt0120742,Major League: Back to the Minors,John Warren,1998,100,"Comedy,Sport","MAJOR LEAGUE: BACK TO THE MINORS (1998) ½* <br /><br />Starring: Scott Bakula, Eric Bruskotter, Corbin Bernsen, Dennis Haysbert, Jensen Daggett, Written and directed by John Warren 100 minutes Rated PG-13 (for language and some violence) <br /><br />By Blake French: <br /><br />	Believe it or not, in the new John Warren comedy ""MAJOR LEAGUE: BACK TO THE MINORS"" there is one funny scene. It consists of a sequence where an infuriated coach throws a baseball hard into the wall behind him only to have it hit the cement and bounce back and smash him in the face. It's not much, but with the exception of a few one-liners, it's all this film has to offer...enough said. <br /><br />This movie is not only structurally impaired, characteristically undeveloped, predictable and badly written, but also just plain bad. Even non-critical audience members will hate this movie with all that they got. It is so familiar it just isn't funny. <br /><br />How many times does the same movie about sports have to be made? Last years we saw this same material in ""Air Bud: Golden Receiver,"" and as bad as that film was, this is even worse. At least ""Air Bud"" was family oriented. ""Major League Back to the Minors"" is too vulgar for a wholesome family to view together on a Sunday afternoon. It is too childish for adults. So who is this film for? Teenagers? Elderly? People who are so desperate for entertainment they would rent something like this?<br /><br />	The film, like many others like this, has one basic point it tries to make: teamwork conquers all. Yes it does, and what a great moral to try to prove. Too bad we have already seen and excepted it so many times over and over have such little talent and intelligence that their cheerleaders are men in a ballerina costumes. Where the silly announcers form their own ""buddy comedy routine"" muttering one liners to themselves like ""They suck,"" ""This kids fast ball is timed with an hour glass,"" ""This guy dropped out of ball for a while to find something he lost--maybe it was his mind,"" ""Somebody needs a nap,"" and ""ever see a sunset as beautiful as that play."" Where the characters have such little significance to each other that we never know them by name. And where the only heartfelt lecture scene about teamwork is so unknowledgeable that it is almost funny.<br /><br />	""Major League Back to the minors"" is so bad; it stalls its trite ending right in the middle of a good closing sequence. The good baseball team is on a comeback, they are about to win and--the power goes out. I was thinking for a minute that this piece of trash had come to a conclusion, but in reality, its false final scene exists only to add minutes to the running time. The movie basically consists of a series of unrelated sketches that throw in so many putrid jokes it is are not funny. There is another kind-of-funny line of dialogue that has a coach and a player talking to each other about why a long time outfielder is not wanted in that position any longer. The coach's answer: ""You're too old, too slow, and too fat."" The player's reaction is to die for. But that scene certainly does not make this movie noteworthy of you time, and certainly is not worth a cent of your money. <br /><br />So here is another dreadful entrée into this genre of film, another that is doomed with its own script, which is failed before seen, and another which is so familiar it seems like deja vu all over again.<br /><br />"
tt0138322,Beretta's Island,Michael Preece,1993,97,"Action,Adventure,Comedy","From the first time I saw the box cover of the movie and the stretched out photography I thought this guy, this friend of the 'Scwarz' must be like 6 foot or 6ft 2in. <br /><br />Not 5 feet tall. Not that, it's his fault. <br /><br />At any rating, I turned on the movie one cool night in Tucson, out on the second story-deck with a good cigar and let it roll. At that time my wife was having an affair and things were going down hill for me, so I needed a good diversion. But, as bad as the movie was...I totally enjoyed it, with a bottle of Merlot too, I might admit. <br /><br />Truly, I have watched this movie many times. It always makes me feel good!! It's not that it 'tries too hard' to be cool or that 'It's so close' to hitting the mark for an action film....It's frantic. And then truly clueless. Then frantic again. It's the best of the best when it comes to a slow speed chase scene. Wow!! I never felt safer in my life. Warm and happy too. I was thankful that they conserved on the gasoline during the chase, due to less production in the summer months...anywho <br /><br />The direction was 'uninspired' the action and fight sequences needed to be choreographed, or re-choreographed and tightened up, the sound was off the delivery didn't hit you, it just kept on going, the other way. The 'locals' of that village that they were in, the town rather, were 'Off cue' they also did not seem to follow what was happening very well, the would look and even 'stare' into the camera lens. Like a deer in the head lights kind of thing only some of them with a smile, a smiling deer. <br /><br />I feel bad because 'Columbu' I just bet has a good heart and a caring spirit for people in America as well as for his own countrymen. <br /><br />However ""Baretta's Island"" is very lethargic and unbelievable. Even still I like it a lot. My now x-wife hates it, but I love it! <br /><br />The funny thing is, I am pretty discriminating when it comes to movies I like or even 'love'. All in all, I like Franco. So there it is. <br /><br />As a movie adding addendum to this if you like killing a few hours with truly fun to watch, straight to video-B movies or 'bad' movies for your little library collection then, if you can find it, check out 'The Big Sweat' (1991) with Robert Z' Dar..you know the big guy from 'TANGO & CASH'. 'The Big Sweat', a bomb of a cop story with no real plot discovery and acting that is so lame, it might as well be 'on crutches' and at the end of 'The Big Sweat' I think they ran out of money, because they had a picture of the cast and just set it on fire and let it burn during the credits. -Good fun. <br /><br />But all in all, not as good as Baretta's Island', I gave it a '1' and an overall rating of 'awful' for awful-good B' movie. I'm waiting for the sequel, maybe like 'Baretta's revenge on Montazuma' (Franco takes a Mexican vacation and gets sick on the water then, declares war on the water co.) or 'Baretta's powder war' where as he would stake out a large drug lord in his country and chemically gene-splice and create a hybrid super bug (insect) that would be bred and dropped into the cocaine fields and eat the coke and upon passing it through the bug, it forms a chemical reaction that turns the coke to pure powdered sugar. Then another sequel he would have to get the young people rescued from excessive sugar addiction and so on. He could get a major tooth paste company to endorse and partially fund the project with careful product placement in the feature. Right?(*)"
tt0141369,Inspector Gadget,David Kellogg,1999,78,"Action,Adventure,Comedy","I was a huge fan of the original cartoon series, and was looking forward to finally seeing Gadget on the big screen -- but I never in my wildest dreams expected something so extremely extremely terrible. The pace was WAY too fast, there was no plot, and 'wowser!' - what the hell is that?? It was 'WOWSERS!!'."
tt0143096,The All New Adventures of Laurel & Hardy in 'For Love or Mummy',"John R. Cherry III, Larry Harmon",1999,85,Comedy,"Brief summary: This movie demeans everyone it touches. That means you.<br /><br />First off, let me say I'm not a purist, and this might have been funny for a few minutes. The impersonations are not bad. But overall it's just dull and excruciatingly not funny. A few simple jokes are repeated over and over again.<br /><br />It's clear that this movies only exists to squeeze the last few dollars out of the now-trademarked Laurel and Hardy. The producers cannot have any real regard for their place in film history, or their talents. This is what offended me the most.<br /><br />Of course, my daughter liked it, so I'm also a failure as a parent ;)"
tt0144191,A Face in the Fog,Robert F. Hill,1936,61,"Mystery,Thriller","From the awful death scenes to guns that fire without making sounds to a character called the Fiend. It's all tiresome, slow moving, unimaginative drivel. It was OK seeing the guy with the cape and the hunchback lurking around. Visually it was creepy and probably occupied the moviegoer of the time, but even in 1936 one would think that there would have been a little more imagination and verisimilitude to even a film like this. I just kept waiting for something to happen of any importance as people stood around making speeches and acting like they were posing at an office picnic. And then there are those bullets as a previous commentator mentioned. Perhaps the best clue would have been to search for a water spot on someone's pants pocket."
tt0145531,Stigmata,Rupert Wainwright,1999,103,"Horror,Mystery","I find it hard to believe that anyone would put this movie in the same context as the Exorcist. Where the Exorcist was subtle and creepy, Stigmata was blunt, clumsy, and way too formulaic.<br /><br />This is one of the most visually beautiful films I've seen in a while, but the imagery does not make up for the downward spiral of patronizing exposition that makes it unbearable. <br /><br />My interest in this movie was peaked when it was compared to The Exorcist, and my visit to the official web site increased that interest. The web site had many tales of ""actual"" stigmata throughout history. However, scene by scene, the movie is so obsessed by its quest for ""genuineness"" that it becomes comical at first, then outright hard to watch toward the end. I began getting suspicious when the priest charged with investigating potential miracles walks into the beauty parlor where our would-be heroine cuts hair and, evidently, flirts with priests.<br /><br />The plot: A woman without faith in God begins receiving the wounds of Christ (the Stigmata) and is baffled and upset about the ordeal. A priest is sent straight from the Vatican to investigate the case. Is Frankie possessed by Satan, or a vessel for Jesus Christ?<br /><br />The only miracle in this film is that it finally ends."
tt0156524,The Eternal Jew,Fritz Hippler,1940,62,"Documentary,History","Having seen ""Triumph of the Will,"" I can only say this movie is ghastly, even measured against the historically low ""standards"" of the time. Naturally it's all totally fabricated and prejudicial. This is what one would expect of 1930's German propaganda. Unfortunately, the quality of the presentation, itself, is hackneyed and cheap. It's also so blatantly ridiculous that even contemporary Germans must've left the theater holding their noses. In a genre renowned for its base appeal, lack of originality and unapologetic wrong-headedness, this film doesn't even qualify as ""bad."" It would have to improve significantly to attain that status!"
tt0161634,Guinea Pig: Devil's Experiment,Satoru Ogura,1985,43,"Horror,Short","C'mon people, you can't be serious, another case of advertising snuff when it totally isn't! This isn't even remotely scary nor is it terrifying or depraved - it is just utterly terrible amateurish videowork, made for the next party to get the girls laid.<br /><br />The gore is incredibly bad, even the eye-scene is far from making me want to puke but just making me want to take the camera and hit those guys over the head. The girl is just laying there rubber-faced, not moving at all. It would have been funnier to use a real doll instead.<br /><br />One season of ""I'm a Celebrity, Get Me Out of Here!"" is more frightening than this one. Don't waste your time or your money."
tt0162889,Return of the Boogeyman,"Deland Nuse, Ulli Lommel",1994,76,Horror,"in fact,it's basically the same movie.and they couldn't even get the time line of events correct.maybe that was intentional due to laziness or not caring.either way,this thing is a real woofer.it doesn't even deserved to be called a movie.i viewed this as a so called second feature on the disc containing the original The Boogeyman.i thought my head would explode,and i urge you to run as far in the opposite direction of this thing,if you should be cursed with the misfortune of combing across it's path.it should come with a warning label like:Warning-may cause your i.q to drop several points if you are within it's vicinity.for me,there's no doubt this thing is a 0/10"
tt0164052,Hollow Man,Paul Verhoeven,2000,112,"Action,Horror,Sci-Fi","This picture started out with good intentions, Bacon the scientist out to test the theory of invisibility, and Shue is cute as usual in her role. It all falls apart after that, it's your typical Hollywood thriller now, filmed on a soundstage with special effects galore, minus any kind of humour, wit or soul. In other words, don't waste your time watching this. Get the audiocassette tape with John DeLancie as the Invisible Man instead, also starring Leonard Nimoy. Now that was good, and HG Wells is well served, unlike with this mess."
tt0167456,Thunderbirds,Jonathan Frakes,2004,95,"Action,Adventure,Comedy","The original Thunderbirds earned a place in TV history. It was, and still is, much beloved - indeed, the entire first 10 minutes of the Wallace and Gromit movie (the Wererabbit) is a direct lift of Thunderbirds, down to a direct replay of the original Thunderbird 2 launching sequence (if you don't believe me, get the movie, and then get a copy of the original episode where Thunderbird 2 is launched).<br /><br />This movie was a crass attempt at making a kids' movie - when the original was loved and enjoyed by kids and adults alike! In the original, the Thunderbirds spent all of their time rescuing people who were often trapped when Mother Nature or Technology went horrible wrong (yes, there was also the occasional criminal act). The Thunderbirds put their own lives and resources at risk for no reward - the very essence of heroism and selflessness. There was little physical violence. The Thunderbirds challenged the imagination to a degree - how many of us would dream of someday building a Thunderbird 2? And don't underestimate the power of entertainment to do this - many Japanese attribute their fascination with humanoid robots to the old Astroboy cartoon.<br /><br />But this movie was a poor re-image of the original. This movie came across as a meld between Thunderbirds and Loony Tunes - I mean, we have Anthony Edwards as Brain imitating Porky Pig's stuttering????? Much of the action consists of Kung Fu/Power Rangers type fighting. Indeed, there were funny sound effects when someone got nailed on the head with a frying pan. The tech that fired our imagination was absent - instead we have these kids running around, using a plot device that was NEVER in the original series (having the entire team take off at once, leaving the base occupied by the kids and Brain). Then there was a dose of ""Use the Force Luke"" mysticism thrown in when TinTin would levitate something or another, coupled with the The Hood using aerodynamics that looked like they were lifted from ""Crouching Tiger, Hidden Dragon"". About the only thing missing was for The Hood to go ""TinTin, I am your Uncle"" with a breath mask voice. The heart that made Thunderbirds unique was GONE.<br /><br />The only bright point was Ron Cook's portrayal of Parker - he caught it perfectly. But the actress playing Lady Penelope came across as a child - HUH???? <br /><br />And this is why we hate this movie. When someone puts out something that was popular to a fan base, and expects the fans to shell out money to watch, and then delivers something than wasn't even close to what the fans expect - well, I am sorry, that is just plain WRONG! OK, so if they were making a kids' movie - fine - next time distribute it straight to video, where many of these belong. But don't package something up in a familiar wrapper and change the innards."
tt0170016,How the Grinch Stole Christmas,Ron Howard,2000,104,"Comedy,Family,Fantasy","Ironic that Dr. Seuss' fable emphasizing the non-commercialization of Christmas should be one of the most hyped, marketed, and successful blockbusters of the holiday season. The general gist of Ron Howard's adaptation is that the Grinch's bane against Christmas stems from an early childhood incident and that the Whos themselves are caught up in the materialism of the season save for Cindy Lou Who (played very well by Taylor Momsen). This movie makes an ardent, ambitious attempt to capture the wackiness and sentiment of Seuss' story, but the end result is a movie that lurches and never quite packs the emotional punch of Chuck Jones' animated version. Jim Carrey is noteworthy in his performance as the devilish Grinch, but whether it's the dialogue, the pacing, or extraneous storylines heaped upon the initial plot, the transformation from bitter miser to gleeful benefactor just does not ignite convincingly. There are some wonderful visuals and the make-up work is amazing, yet beyond the technical triumphs there's an element or two here that's missing.<br /><br />Succinctness?<br /><br />Soul?<br /><br />Or maybe Jones did the initial adaptation all too well in his 25-minute cartoon that Howard falls short of in a movie that feels three hours long. Howard, Carey, and crew are all very capable and talented, but what would seem a winning combination is just weak and plodding in its final product. If you must see the feature-length version, rent it on video with Jones' animated version and you can see how bigger and glitzier is not always better. I give this film three cans of Who-Hash out of five."
tt0171363,The Haunting,Jan de Bont,1999,113,"Fantasy,Horror,Mystery","Effect(s) without cause is generally not possible in the real world but in the world of Hollywood remakes, not only is it possible, it's required. The Haunting has been given the computer treatment courtesy of a 1st-class cinematographer-turner-director who once showed promise (Jan de Bont- Speed) but has since produced a string of big budget garbage (Twister, Speed 2).<br /><br />Actor are superfluous in a movie of this type and they seem to realize it. Liam Neeson and Cathrine Zeta-Jones act like they wish they were anywhere but in this film. Lili Taylor makes an attempt to add something to the proceedings but whatever that something might be is unknown since the script feels like half of it is missing. Events just happen, good and bad ghosts show up with no rhyme or reason and then the story just ends with a most unsatisfying non-event meant to wrap up the previous 90 minutes of inanity.<br /><br />There really isn't even reason to see this for the effects since we all know that anything can be put on screen now. Why not watch effects in the service of a good story instead of just for their own sake?"
tt0179443,Rancid Aluminum,Edward Thomas,2000,91,"Comedy,Crime,Drama",There is no doubt that this film has an impressive cast but unfortunately this doesn't help with the major downsides to the movie. I never understand why directors ask actors/actresses to use accents not their own when it is obvious to everyone they can't convince. Fiennes just can't do Irish and Fitzgerald isn't much better at Russian. When the voice is wrong then no matter how good the acting the character will never be convincing. As the for the major problem....the plot....was there one? I guess there was some sort of storyline involved but it was so full of holes that I just couldn't wait for the film to end...it was ridiculous. Save 90 minutes of your life and don't watch this movie!
tt0180274,Unhinged,Don Gronquist,1982,79,Horror,"If one sits down to watch Unhinged, it is probably because its advertisements, video boxes, whatever, scream that it was banned in the UK for over 20 years (as virtually every video nasty does). It's true; exploitation and taboo excites people and draws them in with their promise of controversy. Being an exploitation fan, however, none of this was new to me. The advertisements that scream that the film was banned in the UK don't necessarily make me want to watch it; in fact, the first thing that usually pops into my head is how disgustingly paranoid British censors are. How I came to viewing this then is simple: it promised gore and it was only $6.99. The price alone alerted me not to have any hopes of this being the next Halloween, but a cheap padding of your DVD collection never hurts. I did force myself, however, to watch it all in one sitting, because I find that deciding to save the rest for another day makes you even less inspired to finish it. So anyway, after 90 minutes of Unhinged, I found that I had come across the cheapest sleeping aid in existence. I think the distributors could make a fortune if they simply changed their marketing technique.<br /><br />The layout of Unhinged is of any common slasher from the 80s. There's unnecessary shower scenes and exploitative gore. That's about it. Anyway, it starts with a group of three attractive co-eds crashing their car on the way to a concert. Though two of them (Terry and Nancy) are okay, one (Gloria) is severely injured and is out of commission for the rest of the movie. They are rescued and receive shelter at a mansion (that happens to have no phone, of course) with rather strange occupants: Marion is a middle-aged woman with a man-hating mother who constantly accuses Marion of sneaking men into the house in order to sleep with them (echoes of Psycho?). She also happens to have a crazy brother Carl who lives in the woods, because her mother's hatred for men is so intense that she refuses to let him stay in the house. After hanging with Marion for awhile, Terry (our ""hero"") and Nancy decide they must contact their parents. Despite everyone's warnings, Nancy braves the dangerous woods to make it to a phone (her fate is not hard to predict). After that, we see Gloria again, who is then promptly butchered with an ax. When Terry discovers that Gloria has disappeared from her room, she decides something isn't right with this picture and sets out to find her missing friends. That may be easier said than done, however, with crazy Carl lurking around <br /><br />After viewing Unhinged, I read an overwhelming number of reviews declaring that Unhinged worked perfectly because it took its time to build its subject matter that created real tension by the time the moment of truth comes at the end. Normally, I do not drag other people's opinions into my reviews (especially when they contradict my views), but in this case, I was so puzzled by their reactions that I thought it would be relevant to mention. This is because in actuality, the film crawls. Normally for the slow-building tactic to work, the audience must have a strong sense that the characters are in danger. Oh sure, we see two of them get murdered, but between that are endless scenes of conversation and boredom. We are aware that there's a killer on the loose, but this is only focused on three times in the film; that means there's no reason to fear for the victims. Instead, the film's events are explained not by the actions of the characters, but are drawn out for us by perpetual talking. If there's one thing I can assure you from watching this, it's that scenes of characters merely conversing with each other for 75 minutes are very tedious. None of this is helped by the atrocious acting. It seems that this was another case of the director needing actors and decided to gather his friends around instead of finding anyone with experience.<br /><br />Of course, I'd be a liar if I said there wasn't one part of the movie that I enjoyed. Specifically, the ending was one of the best I've ever seen in a slasher film; you just do not expect that to happen. Just knowing that the director had the balls to do something like that is spectacular. Ah, I won't spoil it for you, nor will I say that the ending completely makes up for the rest of the slow-moving film, but it definitely will get your attention. Other than that, the other two murder scenes bring at least some faster paced material, but it's not like you couldn't tell exactly who was going to die fifteen minutes into the film. Anyone looking for a bloodbath will be disappointed, however; those are the only scenes of gore present. That and, of course, no one scene can save an entire movie. I normally preach the doctrine that as long as there's action, the worse a movie is, the better it gets. Unhinged only grasps one part of this concept. The whole film just feels Luke-warm; there's potential alright, but the director either wasn't experienced enough to make it work or just didn't know what the hell he was doing."
tt0180303,If You Only Knew,David Snedeker,1999,107,"Comedy,Romance","This horrendously bad piece of trash manages to be racist, sexist and homophobic all at once, while pretending to be terribly chic and sophisticated. Atrocious performances, a cliche ridden screenplay, and boring direction make this movie one to steer clear of. Two scenes were especially offensive - the one in which Schaech scrubs his tongue after being kissed by another man (could it really have been that gross), and the scene where Eastwood is kissed by Schaech's best friend, who is pretending to be Russian. After he leaves the room she exclaims ""f**king foreigners""! So much for her being a cultured artist who dreams of living in Paris!?!<br /><br />Jonathon Schaech can be a likeable actor on screen, and is astonishingly good-looking. It's a shame he didn't learn more from working with cutting edge gay director Gregg Araki on an earlier film, and try to salvage this film from descending into a string of gay stereotypes and a mire of homophobia."
tt0181817,Sing Faster: The Stagehands' Ring Cycle,Jon Else,1999,60,"Documentary,Music","I got the DVD from the library in the expectation of getting a good idea of how things go on in the background at a major opera production. I have to say, I was very disappointed. The subject had so much potential. The sets in a Wagnerian production must, of necessity, be elaborate and impressive and the story behind their creation and use could have been an excellent educational experience. Instead, what we get it a hodgepodge of clips of people moving around big items of scenery, vaguely help together with a commentary which failed to hold my attention. I found myself listening primarily to the background clips of music from operas. I was impressed by the sheer enormity of the effort required to put on such a production - that did come across fairly well and next time I am at the opera I am sure I will remember that part if this video - but was left feeling somewhat cheated by the lack of detailed commentary and explanation."
tt0184463,The Fear: Resurrection,Chris Angel,1999,87,Horror,"Twenty years ago, the five years old boy Michael Hawthorne witnessed his father killing his mother with an axe in an empty road and committing suicide later. On the present days, Michael (Gordon Currie) invites his girlfriend Peg (Stacy Grant) and his best friends Chris (Myc Agnew), Jennifer (Emmanuelle Vaugier), Lisa Ann (Kelly Benson), Ned (Brendon Beiser), Mitch Maldive (Phillip Rhys) and Trish (Rachel Hayward) to spend the Halloween in the country with his grandparents in their farm. He asks his friends to wear costumes that would represent their greatest innermost fear, and together with his Indian friend Crow (Byron Chief Moon), they would perform an ancient Indian celebration using the carved wooden dummy Morty (Jon Fedele) that would eliminate their fears forever. The greatest fear of Michael is to become a serial killer like his father, but something goes wrong and Morty turns into his father, killing his friends.<br /><br />""The Fear: Resurrection"" is a disappointing and pointless slash movie that uses the interesting concept of eliminating the greatest innermost fear of each friend before it grows, but in a messy screenplay full of clichés. There are some exaggerated performances, like for example Ms. Betsy Palmer; others very weak, but in general the acting is good. Unfortunately there is no explanation why the dummy is brought to live; further, in spite of being surrounded by close friends, the group does not feel pain or sorrow when each one of them dies. The low-pace along more than fifty minutes could have been used to built a better dramatic situation. In the very end, Michael shows a charm that his father was interested that I have not noticed along the story. I do not know whether the previous reference was edited in the DVD released in Brazil with 87 minutes running time. The special effects are very reasonable for a B-movie. My vote is four.<br /><br />Title (Brazil): ""Fear 2: Uma Noite de Halloween"" (""Fear 2: One Night of Halloween"")"
tt0190524,Left Behind: The Movie,Vic Sarin,2000,96,"Action,Drama,Fantasy","I didn't agree with any of the theology in the Left Behind series, but nonetheless I found the books gripping and I read 8 of 12 of them. Undeniably good writing and interesting story. However, I didn't have very high expectations for the movie. There was no way mainstream Hollywood would have taken up a Christian series and produced a big-budget movie. So it was done independently... and it just felt like I was watching a really long TV show. It just didn't FEEL like a movie; it didn't have that movie ""experience"" to it, if anybody knows what I'm talking about. So the movie suffered because of that, and the low-budget, poor special effects were another detraction for me.<br /><br />On top of that, I feel that Gordon Currie was woefully miscast as Nicolie Carpathia. Reading the book, my impression of NC was that he was supposed to be this charming, dazzling, amazingly handsome guy who spoke English with almost zero trace of an accent. So I imagined somebody like Pierce Brosnan in the role. Instead, they found some Clay Aiken pencil-neck who looks like an employee of the month from Best Buy, and gave him a really bad fake accent. So that lost a few stars for me right there. A movie is just not convincing when the major villain doesn't look or sound the way he's supposed to.<br /><br />The acting was okay, but nothing to write home about. Some of the scenes - like one of the conversion scenes (can't remember which one) - were real seat-squirmers for me. And some of the Christian rock music or whatever it was, was really out of place for some of the scenes, like in the one with Kirk Cameron praying in the bathroom.<br /><br />In short, it wasn't a bad movie, but it just didn't do it for me. Stick to the book, folks, it's much better."
tt0190897,The All-New Popeye Hour,"Ray Patterson, Carl Urbano, George Gordon, Oscar Dufau, Chris Cuddington, Rudy Zamora",1978,60,"Adventure,Animation,Family","POPEYE AND BIG FOOT **; POPEYE'S ENGINE COMPANY **; GETTING POPEYE'S GOAT **1/2<br /><br />I used to lap these up as a kid but, catching an episode of the series comprising three cartoons back-to-back now i.e. several years later (they preceded the theatrical screening of the pirate yarn RAIDERS OF THE SEVEN SEAS [1953]), I can see how they don't hold up all that well! The character of Popeye isn't exactly sympathetic to begin with, Olive Oyl distinctly overbearing and Bluto's antics failed to elicit much interest either  in short, the scripts were alarmingly thin, fairly awful and generally unfunny to boot. They're strictly juvenile fare, yet I doubt today's kids would even have the patience to stick with them!; furthermore, the animation style is unattractive.<br /><br />Taking each short per se, I guess they improved from one to the other: after the initial shock, one adapted to its mediocre quality as it were, so that the third cartoon easily results in being the most enjoyable of the lot  Popeye is entrusted with a mascot army goat whose immense appetite causes him no end of mischief (hardly original, I know, but always an amusing ploy). One interesting element here was that the shorts were bookended with Popeye delivering moralistic bits of wisdom to the kids in the audience."
tt0192766,A Wake in Providence,Rosario Roveto Jr.,1999,92,Comedy,"While some performances were good-Victoria Rowell, Adrienne Barbeau, and the two Italian girlfriends come to mind-the story was lame and derivative, the emphasis on the girlfriend's racial background was handled clumsily at best, and the relatives were mostly portrayed as stereotypes, not as real people. I found myself wincing uncomfortably at many moments that were supposed to be funny. I can hardly comprehend why the local paper here in SF said this was a good movie, and wonder WHO posted the glowing review here on IMDb. Very disappointed in this movie, and mad I actually went to a theatre to see it, based on the faulty connection to Garden State, which is a far funnier, more inventive, and touching movie than this one. I must especially mention the emotional climax in the church, which was so wooden and by-the-numbers that I nearly left, and some in the audience actually DID. THAT was followed by a silly climax at the graveyard, which I saw coming 10 minutes before it happened. I really don't like being misled to spend my money so uselessly."
tt0196267,Cruel Intentions 2,Roger Kumble,2000,87,Drama,"They had such potential for this movie and they completely fall flat. In the first Cruel Intentions, we are left wondering what motivated the lead characters to become the way they are and act the way they do. There is almost NO character development whatsoever in this prequel. It's actually a very sad story but this film did nothing for me. It was as if they left out good writing in place of unneeded f-words. And the end makes absolutely no sense and doesn't explain anything. The writing was just terrible. Another thing that bothered me was that they used at lease 3 of the EXACT SAME lines that were in the original. Such as ""down boy"", or the kissing scene, and a few others I can't remember. I was not impressed at all by Robin's acting, but Amy did a great job. That's about the only thing that reconciled this movie."
tt0199650,Jill Rips,Anthony Hickox,2000,94,"Drama,Thriller","It just seems to run true to form, any movie starring Dolph Lundgren is bad! I don't know if it is the fact that the storyline in full of holes, or that Dolph is such a bad actor. No spoiler here, He seems to overdue the pushing and shoving and grabbing and touching thing in this movie. In my opinion it is a wonder that some of these projects find venture capital to get in the can and to the theatre."
tt0200374,Shaka Zulu: The Citadel,Joshua Sinclair,2001,179,Drama,"Amen to Magsel. There was a lot of confusion going on. First off, how do you know which movie you are purchasing? Henry Cele stars in every one of them. I bought this movie thinking it was the miniseries...WHAT A LETDOWN!! It would have been a comedy but for the young girl being raped. David Hasselhoff (spelling?) is OK for popcorn TV but he was not believable in this film (where was his English accent?) AND WHAT'S WITH THE LOVE STORY??? The movie was supposed to be about a young man's rise to military power - not the slave ship captain getting jiggly with the English maiden looking for her daddy...<br /><br />If I had paid more than $7 for this movie, I would have to call the police - because that would be a crime!"
tt0200550,Coyote Ugly,David McNally,2000,100,"Comedy,Drama,Music","This movie is another fine example of what Jerry Bruckheimer, since about 1997, seems to be best at--hyping up a movie a year before its release and not coming through with a quality movie. I'm no film critic, but this movie was as predictable as they come. Every attempt at a joke, every attempt at a touching moment, and the pitiful attempt at a love story, was exactly what I was predicting in my mind. Do yourself a favor and save your money on this one."
tt0202458,Love.com,Sherwood Ball,2002,85,Thriller,"It is a pity that you cannot vote zero stars on IMDb, because I would not have hesitated! In fact I would go so far as to say that this film was in the negative stars. <br /><br />I, like many others, bought this film thinking that because it has Michael Madsen in it, it could be good... No chance! This film was shocking! Imagine a movie length 'The Bold and the Beautiful', well, Primal Instinct did not even come close to that good, and I had previously thought that there would be nothing worse than a movie length 'The Bold and the Beautiful'. <br /><br />Michael Madsen, how could you do this to us? The worst part is, I didn't fast forward a bit, I was hoping that at the end they would reveal that it was all some sort of sick joke, that they thought it would be funny to make us watch such a horribly bad film.<br /><br />Where do I start...? Directing - Zero Stars, Screenplay - Zero Stars, Acting - Zero Stars, Cinematography - Zero Stars, Digital Effects - Zero Stars, Production Design - Zero Stars, Make-up - Zero Stars, Casting - Zero Stars, Editing - Zero Stars, Trailer - Half a Star, Graphic Design - Half a Star, DVD Menu - Half a Star.<br /><br />However I think that it is very important to have seen bad films just so that you know what a really bad film is, so for that reason I am happy that I saw this film, just so that I have a bad film to put at the bottom of my list."
tt0210794,The Lady in Question,Joyce Chopra,1999,94,"Crime,Mystery,Thriller","Unspeakably discombobulated turkey, a mix of anti-Nazi musical (!!), pre-war Americana and Agatha Christie whodunit spoof with one big, big problem: it's deadly unfunny. Besides the single-digit I.Q. plot and dialog, the most amazing aspect of ""Lady..."" is the berserk casting. Gene Wilder (star AND co-writer) tries hard at it all: he plays a romantic lead (with his looks!! and his age!! he and Woody Allen should start a club for clueless, mirrorless ageing comedians), and he tries to be moving and funny and poignant and smart, and tries to sing and dance, and succeeds in NONE!! A looong shot from his good old days with Mel Brooks.<br /><br />For a while I thought I was having a myopia fit, because everybody in the movie keeps saying Cherry Jones is this pretty hot chick, and that Michael Cumpsty is this impossibly handsome stallion!! The guy who plays Claire Bloom's male secretary is a bespectacled balding thin actor as sexy as a chair and is the object of passion of the two leading ladies!! Mike Starr's over-the-top acting as the most incompetent, phoniest cop you EVER saw deserves to rank among the 10 most abhorrent performances in recent film history. The saddest note is to see wonderful Claire Bloom and Barbara Sukowa completely miscast and offensively wasted. At least I hope both stars payed their bills back home (and subsequently fired their agents) with this flop. No wonder acting prodigy Sukowa returned to Germany after she saw what Hollywood had in store for her!!<br /><br />If you want to see how to accomplish a really bad film out of a really bad script with a berserk casting director, study this one - otherwise stay away!!! - 1/10"
tt0211938,Bait,Antoine Fuqua,2000,119,"Action,Comedy,Crime","Jamie Foxx is my favorite comedian. However, I feel that he sold out in order to gain his first big budget lead role. Foxx follows in the footsteps of the likes of Chris Tucker, Martin Lawrence and Dave Chapple, who have all seen their talents wasted by stereotyping producers who think black males who commit pretty crimes is a funny concept (See: Money Talks, Blue Streak).<br /><br />Okay I laughed a few times and granted all of these comedians continue to pick up hilarious roles, but I would love to see these guys branch out ala Marlon Wayans portrayal in Requiem to a Dream. Or In Living Color's Tommy Davidson and Damon Wayans moving performances in Spike Lee's satire Bamboozled."
tt0215681,Crazy,Hans-Christian Schmid,2000,97,Drama,"This film is a portrait of the half-spastic teenage boy Benjamin who has to visit a boarding school because of his lousy marks in Math. He didn't make the best experiences in life before and got serious self-esteem issues. After a rough start at his new school, he starts making friends, falls in love with a girl and does some American Pieish teenage stuff.<br /><br />Beside some comedy elements, the film is told in a very serious way, focussing on Benjamin and his problems.<br /><br />If you already don't like this story outline, save your time and watch something else. If you do, please be aware of the following:<br /><br />1) Benjamin is a total loser. Whatever he does, he does it terribly wrong and then he goes for self-pity all the time. For me he wasn't that kind of ""charming loser"" who you can feel sympathy for and laugh with. Instead he and his behavior really annoyed me and with my own teenage years not so far behind I could barely stand watching.<br /><br />2) The film hardly tries to be realistic and the story seems to be but from my experience the characters just aren't (except for Janosch maybe). And yes, I know this film is based on an auto-biography written by a 17-year old - but having some experiences with German schools and German youth myself, I don't believe him.<br /><br />3) Showing the sexual awakening really is an important thing for a film with this subject. But I doubt that teenage boys do an ""Ejaculate on the cookie""-contest where everyone has to hit a cookie with his sperm during mass-masturbation in the woods and the loser has to eat the sperm-wet cookie afterwards. Although it kinda amused me in a contemptible way, it's nor funny neither underlining the serious attempts of this film.<br /><br />4) There's a sub-plot about Benjamin's family and his father betraying his wife - still, I don't know why it's there and where to put it. It just bored me.<br /><br />Well, I personally hated this film for having the character of Benjamin, being without a message, concept, scheme, whatever and it's failing attempts to be dramatic and serious. However, I can image that some people may find it sensible and touching. If you liked ""The Other Sister"" you'll probably like this one, too. I hated both.<br /><br />17-year old boys shouldn't write an autobiography and if they do, it doesn't seem to be the best idea to make a film out of it.<br /><br />2 out of 10."
tt0218619,Soul Survivors,Stephen Carpenter,2001,84,"Horror,Mystery,Thriller","Inept, boring, and incoherent supernatural ""thriller"" in which college student Cassie (Melissa Sagemiller) is the constant victim of hallucinations and nightmares after a car accident claims the life of her boyfriend Sean (Casey Affleck).<br /><br />I can't begin to tell you how bad this is...nothing of any importance ever happens nor is there ever any sort of actual entertainment value. I did not like this cast in this particular film - they are all sadly unconvincing (then again, their roles are no good). To promote this as a horror film is a joke. Where are the scares? There's no sense or suspense - there are a few good songs but that's about it.<br /><br />How on Earth did this project get the green light? Writer-director Steve Carpenter has no discernible vision or talent that I can sense. Worst of all, the conclusion really makes the whole movie pointless.<br /><br />The alleged ""killer cut"" that I watched is 86 minutes of pure tedium.<br /><br />1/10"
tt0219400,Waking Up in Reno,Jordan Brady,2002,91,"Comedy,Romance","I've seen some crappy movies in my life, but this one must be among the very worst. Definately bottom 100 material (imo, that is).<br /><br />We follow two couples, the Dodds (Billy Bob Thornton as Lonnie Earl and Natasha Richardson as Darlene) and the Kirkendalls (Patrick Swayze as Roy and Charlize Theron as Candy) in one car on a roadtrip to Reno.<br /><br />Apparently, Lonnie isn't too happy with his sex-life, so he cheats on his wife with Candy, who's despirately trying to have a baby. Roy, meanwhile, isn't too sure if his sperm is OK so he's getting it checked by a doctor.<br /><br />Now, I had read the back of the DVD, but my girlfriend didn't, and she blurted out after about 20 minutes: 'oh yeah, she's gonna end up pregnant but her husband can't have any baby's'. Spot on, as this movie is soooo predictable. As well as boring. And annoying. Meaningless. Offensive. Terrible.<br /><br />An example of how much this movie stinks. The two couples set out in their big car towards Nevada, when they are stopped by 2 police-officers, as they didn't stop at a stop-sign. The guys know each other and finally bribe the two officers with a case of beer. Not only is this scene pointless and not important (or even relevant) for the movie, it takes about 5 minutes! It's just talk and talk and talk, without ever going somewhere.<br /><br />I still have to puke thinking about the ending though. Apparently, Roy ISN'T having problems down there so he IS the father of the child. How many times does that happen in the movies... try something new! The cheated wife ultimately forgives her husband and best friend for having the affair and they all live happily ever after. Yuck.<br /><br />Best scene of the movie is right at the end, with a couple of shots of the Grand Canyon. Why couldn't they just keep the camera on that for 90 minutes?<br /><br />One would expect more from this cast (although Thornton really tries), but you can't really blame them. Writers, shame on you!<br /><br />1/10."
tt0235406,The Game,Bill Rebane,1984,84,Horror,"This movie had what sounded like a good premise: 9 people facing their fears to win one million dollars. Unfortunately, it did not turn out to be a good movie. There are several scenes that are way too long and really pointless like the dancing scene. A few scenes are just an excuse to point the camera at female body parts. The acting is bad, but some of the lines are amusing in their awfulness. What's really strange is that towards the end of the movie it turns into like a 5 minute western, and at the end, the twists, of which their were several, don't make sense with the rest of the movie. It seemed as though the director just added stuff on because he thought it would look cool, while conveniently ignoring the plot of the movie up to that point. It just didn't make a lot of sense. The only creepy thing was the old people dancing down the hall, but that doesn't even come close to making up for the rest of this mess."
tt0240684,The Little Mermaid 2: Return to the Sea,"Jim Kammerud, Brian Smith",2000,75,"Adventure,Animation,Comedy","Disney goes to the well one too many times as anybody who has seen the original LITTLE MERMAID will feel blatantly ripped off. Celebrating the birth of their daughter Melody, Ariel and Eric plan on introducing her to King Triton. The celebration is quickly crashed by Ursula 's sister, Morgana who plans to use Melody as a defense tool to get the King 's trident. Stopping the attack, Ariel and Eric build a wall around the ocean while Melody grows up wondering why she cannot go in there.<br /><br />Awful and terrible is what describes this direct to video sequel. LITTLE MERMAID 2 gives you that feeling everything you watch seemed to have come straight other Disney movies. I guess Disney can only plagiarize itself! Do not tell me that the penguin and walrus does not remind you of another duo from the LION KING!<br /><br />Other disappointing moments include the rematch between Sebastien and Louie, the royal chef. They terribly under played it! The climax between Morgana and EVERYONE seemed to be another disappointment.<br /><br />I will not give anything away, but in 75 minutes, everything seemed incredibly cramped and too much to handle. An embarrassment to Disney, LITTLE MERMAID 2 is better left to rent and laugh at. Then you can prepare for the rest of the other sequels Disney is going to drown you in later on."
tt0240890,Serendipity,Peter Chelsom,2001,90,"Comedy,Romance","Oh, for crying out loud, this has got to be the LAMEST movie I've seen all year, and I'm sorry the normally awesome John Cusack was even involved in this brainless, twitty piece of Stupidity. Where Sleepless in Seattle delivered what amounts to be the same message, albeit on a more subtle, somewhat more mature level, Serendipity delivers it with a sledgehammer, and then proceeds to pound it into your psyche for the next tedious hour and a half or so (and that's an hour and a half of my life I'll never get back again, thank you very much!!). It's bad enough the main characters of this movie have the emotional maturity level of fourteen-year-olds (actually I've known better fourteen-year-olds...), except maybe for Jeremy Piven, who was enjoyable enough. Just the first 15 minutes or so of the movie where Kate Beckinsale's character plays that annoying silliness of a game about throwing all sensibility to the wind (literally) had my best friend and I irritated beyond belief. I told my husband Rockstar had more intelligence, and at least, the characters in Rockstar weren't half as dysfunctional as the idiots were in this ""Serendipitous"" mess. It's annoying to watch protagonists who seem to have no clue about choice in their lives, and feel they're nothing more than puppets to destiny and the whims of fate. How utterly tiresome. I'm sure this movie will be more likely enjoyed by those who'd rather not engage in the chaotic messiness of making more complex life choices and then responsibly living with the consequences. After all, here's a movie where our hero and heroine live happily ever after only after wreaking havoc and misery on two other people's lives (namely their respective fiancées), not to mention other relatives and friends, just to get there.<br /><br />"
tt0252028,Surviving Christmas,Mike Mitchell,2004,91,"Comedy,Romance","May contain spoilers.<br /><br />I say that, but anyone savvy enough to be reading this can probably figure out every plot turn right from the start.<br /><br />This is not a movie that I liked. I didn't hate it in the way of some movies that insult your intelligence, but it all felt too predictable on its trudge to the requisite happy ending. There were funny bits along the way to be sure, but few were original. At least it didn't go for the gutter.<br /><br />Christina Applegate looks fresh, and Ben Affleck works hard. Their scenes together are actually the only redeeming feature. Everyone else is a cardboard cutout, including, surprisingly, James Gandolfini, who must have made this as a favor to someone.<br /><br />All in all, it's a harmless, but not inspiring, 90 minutes."
tt0253335,No Turning Back,"Julia Montejo, Jesus Nebot",2001,98,"Crime,Drama,Thriller","Heavy-handed moralism. Writers using characters as mouthpieces to speak for themselves. Predictable, plodding plot points (say that five times fast). A child's imitation of Britney Spears. This film has all the earmarks of a Lifetime Special reject.<br /><br />I honestly believe that Jesus Nebot and Julia Montejo set out to create a thought-provoking, emotional film on a tough subject, exploring the idea that things are not always black and white, that one who is a criminal by definition is not necessarily a bad human being, and that there can be extenuating circumstances, especially when one puts the well-being of a child first. However, their earnestness ends up being channeled into preachy dialogue and trite situations planted to move the plot along. The decent production values and interesting use of documentary-style camera footage are not enough to accomplish their aim when the script and the acting fall flat.<br /><br />Logic is often compromised for the sake of creating tension: Soid first tries to blackmail Pablo into participating in her documentary in exchange for helping them escape, then in the same breath basically tells him not to trust her because she's not helping them out of altruism. Well, duh. And for a man on the run, Pablo is far too swayed by a temper tantrum. Cristina's well-being is so important to him that he's fleeing capture and jail or deportation for her, but he's willing to risk all that to appease her when she doesn't want to go to Mexico. Right. Talk above over-permissive parenting. Third, when Pablo's employer Charlie gives the phone to Detective Bright, she is remarkably unprofessional, especially given her seniority - did she really think she was persuasive? Oh, yeah, I would have turned myself in. CCH Pounder's Detective Wims could wipe the floor with her.<br /><br />To be fair, I'd like to list the things I liked. Um, I liked the midget. And I liked the fact that the midget was named Sexy. There's cross-dressing, always a plus; juvenile cross-dressing, no less! Harry is infinitely cuter than Cristina. But my favorite moment in the film has to be when Cristina kicks Detective Not-So-Bright. I also find it interesting that, in a heavily minority cast (which I much appreciate, by the way), the black character is the racist one. Too bad it's just thrown out there and not further explored.<br /><br />There's a distinctive, unconventional score, but it's nonetheless generally context-unspecific, not enhancing mood or tension in any scene, except the pathetic, anguished wailing every time the main character is in anguish, as though they think his acting doesn't show it enough: 'Just in case you weren't sure, he's upset, and we have the musical cues to prove it.'<br /><br />Stilted, clichéd dialogue results in a depressing lack of subtext; everything has to be spelled out in dialogue, even when the body language had been up 'til then conveying it just fine. For example, every impassioned speech Pablo makes, and Mrs. Knight's lament that her child won't be crawling into bed with them in the morning.<br /><br />'Papi, tell me about Mama again' - what shameless, blatant exposition introducing the generic dead wife! (She's always the most beautiful woman the widower had ever seen, the kindest he had ever met. Why can't we see a man cry over a woman like Shakespeare's - she may be fat, ugly, obnoxious, but his love for her is deep as oceans? Now _there's_ a story which would move me.)<br /><br />The police always being literally one step behind them gives many scenes the out-of-place feeling of a French farce. Most boring foot chases ever - Bright and Lightning are so out-of-shape and easily-fooled (he certainly isn't quick as lightning, and she, well, I don't feel the need to spell things out). Some guy dragging along a small child outrunning a bicycle cop, complete with macho biker picking a fight but then being felled by a child? To quote Margaret Cho, that's so sad. Would we ever see this on 'Cops '?<br /><br />Hackneyed and over-the-top deus ex machina: as an employer, would you really waive checking his green card just because he can quote the author of the inspirational saying on a poster behind your desk?<br /><br />Plus several scenes, including the above, threaten to devolve into porn: 'Well, I'll do this favor for you, as long as you do something for me...' I can almost hear the bowm-chicka-bowm-bowm.<br /><br />When the parents view the footage shot of Pablo's remorse, the grieving mom's freak-out is the most real the movie feels. Unfortunately, this is diminished by the fact that she looks completely swayed by his emotional speech right up until she goes ballistic. A more ambivalent look would be more convincing here.<br /><br />I'm in constant awe of the stupidity of the main character doing things for the sake of plot: holding up a convenience store without a mask, visiting the dead girl's grave. And why doesn't the mother recognize his face from when she saw him before he drove off?! 'You seem awfully familiar...'<br /><br />What is the purpose of that wholly unnecessary, somewhat gratuitous scene with Soid and the artificially-enhanced bartender? Character development? Tch. Too little, too late.<br /><br />Speaking of unnecessary traits that never went anywhere, Detective Lightning's saying skeptical Detective Bright must be a Scorpio shows how little he really knows about the occult. And I don't think that believing in fate quite qualifies as voodoo mumbo jumbo.<br /><br />At the end, when Bright holds Pablo as he dies - wait, why does she care now? Her character is as inconsistent as Soid's. What, she has to shoot him just because she said 'Stop, or I'll shoot'? (She's cared _so_much_ about her integrity thus far.) He was unarmed. There was no need for lethal force. What's wrong with shooting him in the leg to immobilize him?<br /><br />Finally, Cristina's childlike acceptance of her mother's death giving Dr. Knight peace over his daughter's death - so forced. And the contrivance of the family whose child was killed becoming Cristina's new family... It angers me that she could be a 'replacement' for their little girl. It's also unrealistic that a white couple would take in the Latino daughter of the man who killed their own daughter. I'm not saying there aren't generous, loving people who would do that. I'm just saying that the characters here are never developed far enough for me to believe that _they_ would do that.<br /><br />I find it offensive that another IMDb reviewer said that of course as a woman she was moved by the sappy scenes. I am a woman who reserves my emotional movements for moments that don't wax sentimental in a manufactured manner.<br /><br />Co-writer, co-director, co-star Nebot said himself he wore too many hats during this production. Too many cooks may spoil the broth, but one cook alone just might end up making an after-school special.<br /><br />In conclusion, this film's title has less to do with the story and more to do with the feeling of regret, helplessness, and loss accompanying the revelation that you will never see your money again."
tt0253840,The Triumph of Love,Clare Peploe,2001,112,"Comedy,Romance","Let me be clear. I've used IMDb for years. But only today I went through the trouble of registering on the site, just so I could give this movie the lowest possible rating. I've seen hundreds of films, some of them bad, a few awful. Never, though, have i seen such a contrast of pretense and incompetence, of high intentions and failure.<br /><br />Mira Sorvino is horribly cast as the princess, but entirely unbelievable as Phocion, a young boy. Fiona Shaw is always an entertaining character, but the dialogue in the film is much worse, even, than in the insipid French play that is the source (Marivaux never reached Hollywood until now, and we should keep it that way).<br /><br />To illustrate, for example, that Leontine is a brilliant, passionate philosopher and scientist, she is shown frantically pouring chemicals from beaker to beaker, shouting out names of famous scientists. And the romance between Agis and the princess is played even sillier. For this, the pair should receive a joint 'Clair Danes' award, which in a just world would be awarded for gratuitously anachronistic and uninspired re-interpretation of interesting teens from literature as brats of the 1990's (see Miss Danes in Les Miserables).<br /><br />Aside from the atrocious plot and dialogue, there are some attempts to introduce artistic tropes into the filming. For example, there are moments when a handful of spectators are faded in and out of view of the action, sitting in chairs, watching the principal characters. The Director wants us to realize she's adapted a play. I get it. But it doesn't happen at all until far into the film. At that point, seeing a crowd of people sitting in chairs for a moment, then disappearing, is creepy and distracting. They're like some sort of un-scary zombie crowd, appearing through the mists, filling us with dread. When you see the horrible frolic and song that ends this movie, you'll want to rouse your own crowd of zombies and kill them all for the grave injustise of poisoning your mind for 112 minutes.<br /><br />-Matthew McGuire"
tt0254199,CQ,Roman Coppola,2001,88,"Comedy,Drama,Sci-Fi","This is a movie about making a movie. Such movies may be entertaining, but they need some substance, to do so. It did not happen here, I am afraid. Mr Coppola did not inherit his father's skills, unfortunately (neither did his sister, who can however make movies which one might watch).<br /><br />I do wonder how this movie came to get such rave reviews. <br /><br />Let's see: the lead male actor, supposedly a director, is as expressive as a frozen squid and his voice has the same pitch whatever he says, the lead female actress has an expression on her face that never changes, the plot is totally segmented in bits with perhaps one single connecting element, the movie within the movie idea must be more stale than paleolithic rocks... Would that be enough?<br /><br />I regretted every single moment I watched this movie. A walk with the dog is far superior entertainment to this unbelievably lame movie. It's as if a François Truffaut plot were directed by Dick Cheney...<br /><br />Brazil, some other classic SF movies? You must be really joking..."
tt0255730,The Feast of All Saints,Peter Medak,2001,213,"Drama,Romance","I read Rice's novel with interest, and became quite enchanted with its characters and heartbreaking tale based on historical truths.<br /><br />However, I was simply APPALLED at this disastrous adaptation. The casting was based merely on physical appearance, and not acting talent (with the obvious exception of Peter Gallagher, who was neither blond-haired, or able to act his way out of a wet paper bag). The cast's embarrassingly clumsy and inconsistent attempts at affecting a French accent was hilarious, but not in an entertaining way. I found myself wincing through this muddled and melodramatic tripe, and was surprised I made it to the end.<br /><br />A warning to fans of the novel - stay away from this one."
tt0257044,Road to Perdition,Sam Mendes,2002,117,"Crime,Drama,Thriller","This film is overblown, predictable, pretentious, and hollow to its core. The settings are faithful to the era but self-conscious in their magnification by prolonged exposure. The lingering over artifacts stops the action and cloys almost as much as the empty dialogue. Tom Hanks seems to be sleepwalking much as Bruce Willis did in Hart's War. Tom, you can't give depth to a character simply by making your face blank! The content did not warrant the histrionic acting by Paul Newman. This is a dud wrapped in an atomic bomb casing."
tt0269266,Nightmare,Byeong-ki Ahn,2000,97,"Crime,Horror,Thriller","The reviews I read for this movie were pretty decent so I decided to check it out. BAD IDEA! This is another movie about a ghost out for revenge against a group friends. The story is stupid, mix two parts Ringu with one part Prom Night, a sprinkle of I Know what you did Last Summer, and add a tiny dash of Single White Female - now blend until completely nonsensical. There is nothing new to this plot, and revisiting the clichés I've grown so fond of wasn't even entertaining this time. This movie jumps to and from the past too much, and once I made sense of it all I realized it still didn't make much sense. Characters go from sane to psycho killer in the blink of an eye. Speaking of characters, they are all your stereotypical favorites - the greedy selfish lawyer, the egocentric actress, the has-been baseball star, the video voyeur, the bitter girl, the spooky quiet chick, the 'nicer-than-nice' nice girl, a freakin' black cat... and I didn't care about any of them. Perhaps a better writer could have made the movie work, there were some decent scenes in it, but overall this movie was a mess. I should also mention a certain 'video tape' that would have been IMPOSSIBLE to shoot. <br /><br />This movie isn't the worst Asian horror has to offer by far, but it is still pretty bad. If you just want to see some creepy images in the dark, or just want to laugh out loud at some over the top acting, or just want to yell ""you're stupid!"" at a movie screen, or just want to have another Asian horror flick up your sleeve when someone asks you how many you've seen - this movie is for you. <br /><br />Those seeking a decent plot look elsewhere."
tt0272147,Vampires: Los Muertos,Tommy Lee Wallace,2002,93,"Action,Horror,Thriller","Ugh, what can I say other than, ugh. I rented this film because it was labeled as a sequel to the original Vampires. This movie could not have been any lamer. Lacking not only in plot, but the acting is atrocious. Combined with some obvious plot holes makes this movie a very hard one to watch. Many times I questioned my own sanity at continuing to watch the film long after the plot had jumped the shark. Here's a sampling of the lamer aspects...<br /><br />***SPOILERS***<br /><br />Professional ""Slayer"" insists on sleeping outdoors by himself at night. He wakes up to a woman crying, sitting no more than 3 feet from him in the middle of nowhere. He immediately goes to comfort her without questioning her sudden appearance. She goes from crying to seducing him, and he lets it happen with obvious results...<br /><br />One of the main characters is Zoe, was bitten by a Vampire, but as long as she takes these ""experimental pills"" she got in Mexico City, she's fine, although her body temperature is below room temperature...<br /><br />Guard outside of monastery where hero is staying the night is killed by vampires, hero leaves the next day. He then returns a day later only to be surprised that the vampires attacked the monastery the night after he left...<br /><br />...avoid this movie."
tt0274518,Gayniggers from Outer Space,Morten Lindberg,1992,26,"Comedy,Sci-Fi,Short","I was recently online looking at a site that featured public domain movies. In their long list of films was this film and I thought I must be hallucinating at such an offensive title and premise. But, no, that's really what it was. And since the film was only about 27 minutes long, I decided to give it a try. If it had turned out to be some porno movie, I would have stopped watching. Instead, it turned out to be the most bizarre film I have ever seen. The Danish production crew tried, with a budget of about $49, to make a Star Trek-style film about a crew of very gay men traveling about the galaxy wiping out female oppression by killing all the women--like they proceeded to do on the Earth! And in every case, they were met with cheers and thanks from the now gay men of the planet.<br /><br />Subtle, this ain't. With some of the most obscene and juvenile names of characters I've ever heard, I don't even think I can write them on IMDb without having my review removed! However, despite the utter crappiness of it all, it was strangely watchable and worth a peek. But, as I mentioned already, due to the crude names and odd subject matter (though no nudity), it's a film for adults only. <br /><br />By the way, this movie left me with 1001 questions as to WHO would make this, WHY make it and WHO was the intended audience?! It may not be the absolute worst thing I have ever seen, but it probably is the weirdest and possibly the most offensive!"
tt0274711,People I Know,Daniel Algrant,2002,100,"Crime,Drama,Mystery","Saw this movie in an early preview, and I cannot stress enough how bad I thought this film was. From the very beginning, the audience was groaning over Pacino's awful southern accent. Poor Al looked really, really haggard, and I can't decide whether this was purposely part of his role as a drug addicted publicist, or perhaps he just didn't get any sleep before coming to the set. Much worse than Pacino's close ups, however, is the wretched excuse for a plot. Early in the film we are given indications that Pacino's character is gay, and I suspect that is what the screenwriter had originally intended. Later, however, we are supposed to suspend our incredulity and believe that both Tea Leoni and Kim Basinger (both of whom are sleepwalking through lame roles) lust after this elderly, half dead looking, effeminate man with the ridiculous accent. The worst part overall was the main plot thread, which had to do with some corporate espionage that is never fully explained and we never, ever care about in the slightest. Because this was a preview I will reserve my final judgment, because of the possibility of re-shoots and editing, but you can bet I will not pay a cent to see this in theaters."
tt0277941,Ned Kelly,Gregor Jordan,2003,110,"Action,Adventure,Biography","This movie never made it to theaters in our area, so when it became available on DVD I was one of the first to rent it. For once, I should listened to the critics and passed on this one.<br /><br />Despite the excellent line up of actors the movie was very disappointing. I can see now why it went straight to video. <br /><br />I had thought that with Bloom, Ledger, and Rush it could have some value. All have done wonderful work in the past. <br /><br />The movie was slow moving and never pulled me in. I failed to develop much empathy for the characters and had to fight the urge to fast-forward just to get to the end. <br /><br />I do not recommend this film even if you are thinking of renting it for only for 'eye candy' purposes. It won't satisfy even that."
tt0284137,Gadar: Ek Prem Katha,Anil Sharma,2001,170,"Action,Drama,Romance","Gadar is an example of one of Bollywood worst overrated movies ever. Directed by Anil Sharma, who prefers making period related movie gives a rubbish movie. The songs were boring and ain't the kind of song you want to listen to in your car, full volume. Sunny Deol is famous for making daft movies, where he beats up a 100 bad guys on his own. He even kicks a metal jail door (Indian) and kicks a moving car far away (Teesri Aankh). I can give another 50 examples of disgraceful action by Sunny Deol. But I'm sure most people know this already. Sunny gives a pathetic performance once again repeating the same type of role. A guy claiming to be fighting for his countries piece, by using violence. Amisha Patel is hands down dead sexy with an amazing body that i would love to bone. But even she couldn't save the film from being a disaster. Instead of wearing sexy clothes like she usually does, in this movie she doesn't. Maybe cos she was playing a Muslim, but she doesn't act like one in the movie. Overall, this is a poor show all the way, I'm sure it will appeal to some people, who love seeing the Bollywood actor beat up 100 guys. Give me a break."
tt0285728,Dahmer,David Jacobson,2002,101,"Biography,Crime,Drama","What about Dahmer's childhood?- The double hernia operation which is believed to have sparked off his obsession with the inner workings of the human body? What about ""infinity land""? - The game he invented as a child which involved stick men being annihilated when they came too close to one another, suggesting that intimacy was the ultimate danger. What about the relationship between his parents, and the emotional problems of his mother that were far more relevant than just his own relationship with his father? His feelings of neglect when his brother was born? What about his fascination with insects and animals? How he would dissect roadkill and hang it up in the woods behind his home?What about focusing more on his cannibalism? And what about his parent's divorce? These are all things that should have been included in the film. Instead the film maker chose to give us a watered down 'snapshot' from a night or two in his life, and combine it with series of confusing and at times unnecessary flashbacks, to events that weren't even particularly relevant to our understanding of Dahmer.<br /><br />Why didn't the film maker show how Dahmer was interested in people as objects rather than people? He could have made this point many times, particularly in the scenes in which he drugs his victims whilst he has sex with them (which actually took place in a health club, not a night club). Instead he just shows him ramming away at them from behind.<br /><br />Whilst I appreciate there is only so much information you can cram into 90 minutes (or however long), but why spend such a large part of the film examining his relationship with Luis Pinet? (known as Rodney in this film). My only guess is that the director was trying to build up Pinet's character, to try and make us fear for or empathise with him, but this film is supposed to be about Jeffrey Dahmer, so why couldn't he have spend those forty five minutes on something else? If the scene and their relationship was important enough to warrant such time then fair enough, but it wasn't. The scene in which he kills Steven Hicks, his first victim, is a vital part of the Jeffrey Dahmer story because it was the first killing, and because of the effect that killing had on the rest of his life. Unfortunately the film doesn't explain that it was his first killing, or that he didn't kill again for nine years. We assume, because his hair style is different, and he is wearing glasses that this is a flashback, but to when? And why? <br /><br />What about the shrine he made in his sitting room towards the end of his career?-one of the most important clues we have towards understanding Dahmer and his motivations..<br /><br />Some people may find my need for accuracy in fact and detail a bit anal, but having studied Jeffrey Dahmer in depth, it is plain to see that this film has very little in common with the person he was and the crimes he committed. Why bother to spend the time making a film loosely based on Jeffrey Dahmer rather than tackle the real issues behind his descent into madness and the carnage that ensued?<br /><br />Finally, a film with subject matter as repellent as this should carry an 18 certificate, not a 15. We needed to see his perversion in more depth, to understand just how detached he was from the rest of us. That doesn't mean showing the drill actually entering Konerak Sinthasomphone's head for instance, but at least an indication of the amount of people he killed, and what his Modus Operandi was when actually killing. Anyone watching this film who doesn't know the story of Dahmer might come away thinking he had only killed a few people. He actually killed seventeen men.<br /><br />Aside from the facts and lack of depth, the film isn't all bad. There is some nice cinematography, and good performances from the two main characters. I'd like to see this done again by a film maker who has more knowledge, more energy, and a better reason for making the film in the first place."
tt0290382,A Wrinkle in Time,John Kent Harrison,2003,251,"Adventure,Family,Fantasy","(this may be a bit on the spoilerish side) I would like to start by saying I did not watch the entire movie, nor could I because it was evident from the first hour that I was going to be incredibly disappointed. That of course is the problem with taking, what many believe to be an amazing book, and turning it into a Disney Made-for-TV movie.<br /><br />A Wrinkle in Time should have been made into an amazing movie a long time ago. It's got a great storyline that could hook children and adults. Plus it's got built in quality sequels. But Disney-fying was not the way to go. The problem with the movie is that all the things they changed to turn it into a visual story dumbed down what was so great about the book. It is a complicated and emotional story for kids. There was no reason to make Charles Wallace purely ""psychic"", because that was the easiest way of explaining it. There was no reason to write a fight between the three Mrs. W's as added tension, there is enough tension in the story without that. There was no reason to remove Meg's glasses... that deprived us of what could've been a very sweet scene between Calvin and Meg that happens in the book.<br /><br />I could nitpick for days about little things, but I also think larger things, like the art direction was a off. Take for instance the way they made Camazotz look, with its strangely darkened skies. The creepiness that comes across in the book is that Camazotz could be Earth. It looks like earth. It has people on it that look like humans. The skies are blue, the grass is green, and there are children playing. But something is a little bit off. The directors chose to make Camazotz a complete other instead of taking the lesson in the book and applying it to the overall direction of the movie. The lesson of course is that Camazotz could very well be Earth, that is if we forget how to love. It would've been much creepier to have a beautiful afternoon as they're walking down the street with the kids bouncing the balls in the same rhythm.<br /><br />I unfortunately did not watch the end. Maybe someone can tell me how Disney messed up the end as well.<br /><br />Overall an artistic disappointment.<br /><br />"
tt0297827,Checkout,Mark Foggetti,2002,100,Comedy,"i should qualify that title, now that i think about it. Checkout is not entirely worthless. i've had the opportunity to see it twice, and on the second time i did get a great laugh at the movie's expense. so i guess it's worth something for that. and also it's worthwhile for the excruciating pain it caused me on my first viewing. as another reviewer pointed out, this film is hackneyed in every sense of the word. not a single original thought went into this movie (which makes the comment below about the originality of the premise entirely baffling to me). the film is nothing but a long line of cliches which are strung together and paraded around as a movie. it is definitely not the next Clerks, it is definitely not original, and it is absolutely not ""good, clean fun."" the film is absolute agony to the uninitiated (after seeing it a first time, the second time can be quite funny, in an insulting sort of way). as i looked around the theater, it was obvious that nearly everyone, barring perhaps the elderly, were completely bored or pained by this movie. during some of the particularly emotional scenes, like where Nick chews out his mother, the audience was actually cringing because it was so poorly done. i even heard someone *groan* in the theater, something i had heretofore never witnessed. i don't care where you have the chance to see this movie, be it at a film festival, or in a indie theater, or wherever. do yourself a favor, skip this movie with a vengeance. unless you're like me and just can't resist the opportunity to see what may truly be the worst movie ever made."
tt0303021,Second Name,Paco Plaza,2002,98,"Horror,Thriller","Spanish horrors are not bad at all, some are smart with interesting stories, but is not the case of ""Second Name"". It is badly directed, badly acted and boring...boring...boring, a missed chance for an interesting story."
tt0305264,The Bagman,Beverly Beaton,2002,80,Horror,"To be clear from the get go, 'The Bagman' is very, very, very bad. It suffers terribly in almost every aspect except for one: the finished product is such an awful film that it's actually hysterically funny to watch. This is a very low-grade film. Budget constraints for the film should be obvious to anyone who watches even just the opening title sequence. I'm not sure if much of the humour in the film was intended or not. For example, the movie takes place in 'Doomsville.' Note to all prospective home buyers: if the town you're moving to is called 'Doomsville,' keep moving. Stephanie Beaton is quick to pull off her top for a pretty enthusiastic sex scene in the kitchen. I couldn't help but laugh because it has intentional humour (she turns on the gas stove ... get it? The sex is THAT hot? get it?) and unintentional humour. The unintentional in this case is the music. It's like the theme music for 'Chariots of Fire' goes Electronica. Break out the computer and the synthesizers! I realize that coming up with music for a small production like this is cost prohibitive. I really feel for them because the work here is so well-intentioned. The problem is that cheap music isn't necessarily good music. I haven't laughed so hard at sex on screen since 'Alone in the Dark' with that 'Seven Seconds' song (I guess they were implying that poor old Mr. Slater was a bit ... quick on the draw?). Even the end credits are hilarious. Intentional or not? You be the judge: a pet dog and cat are part of the credited cast -- and an animal wrangler was on set for them! -- The boom is credited to 'Mr B. Stick,' and the 3rd Unit's wardrobe (Yep, they had a third unit) is credited to K-mart. Maybe it's just me, but I think the hilarity of this more than saves the film. The movie is very, very bad, but the goals of Stephanie Beaton, her friends and family are so well-intentioned in 'The Bagman' that you can't help but like the movie they've produced. 'The Bagman' is bad but not dreadful. In its own sweet way, it even manages to be a bit endearing. It wears its flaws so honestly that you can't help but forgive them. ""Better"" films that try to hide the flaws are almost worse in a way. I guess this is just a film that knew who its audience was and was produced accordingly.<br /><br />Watch any number of movies and most of them will probably be a lot better than this. Some of them might look cheaper, or have worse acting, or sillier production value. They may not suffer terribly as 'The Bagman' does from awful editing, sound, and foley effects. Mr B. Stick didn't do a very good job. The special effects look to be where most of the money went. They tend to be more funny than gruesome, although when the 'Bagman' is finally unmasked at the end, the make-up job there is surprisingly well done.<br /><br />My 4 out of 10 is a little high but the humour helped a lot. This is an ideal movie to track down some night with a few friends and a few beers in hand. Great entertainment is to be had by anyone who seriously considers themselves B-movie or low budget film aficionados. All others should probably avoid with great prejudice."
tt0305396,The Crocodile Hunter: Collision Course,John Stainton,2002,90,"Action,Adventure,Comedy","The movie has several story lines that follow several different characters. The different story lines don't feel like one whole complete piece which makes this comedy a very incoherent one and gets even annoying to watch at times.<br /><br />It may sound weak and cliché but it's true; You're way better of watching the Crocodile Hunter series on the Discovery channel with Steve and Terri Irwin. It's more fun and even more hilarious than this movie is. I'm sure both cast and crew had lots of fun making this movie but the movie doesn't give us the viewers much pleasure. For a comedy it simply isn't funny enough and Steve and Terri Irwin just aren't good actors, not even when they play themselves! Their antics are simply not good enough to make an entire movie around and their scene's feel long, distracting and unnecessary and even annoying at times.<br /><br />The movie had quite some potential, I mean Steve Irwin is one character that in a strange way is both intriguing and hilarious to watch, so when I first heard that they were making a movie about 'the crocodile hunter' my first reaction was; brilliant! The movie however heavily suffers from its weak story and the incoherent story lines with uninteresting and unfunny characters. The movie does has a certain entertainment value, at least enough to make this movie watchable for at least once but still, I must certainly wouldn't recommend this movie.<br /><br />Watching this movie felt like a waste of time. Still this movie might be watchable just once, when it gets on TV, on a rainy afternoon. It does has some good moments but the story lines really completely ruin the movie and its potential.<br /><br />4/10"
tt0306063,Severed,Matt Green,2002,89,Horror,"0.5/10. This movie has absolutely nothing good about it. The acting is among the worst I have ever seen, what is really amazing is that EVERYONE is awful, not just a few here and there, everyone. The direction is a joke, the low budget is hopelessly evident, the score is awful, I wouldn't say the movie was edited, brutally chopped would be a more appropriate phrase. It combines serial killings, voodoo and tarot cards. Dumb. Dumb. Dumb. It is not scary at all, the special effects are hopelessly lame. laughably bad throughout. The writing was appallingly bad. The cinematography is real cheap looking, and very grainy sometimes, and the camera-work is dreadful. Again, what really does the movie in is how badly all the actors are. Cheesy."
tt0307875,Sunday,Charles McDougall,2002,109,Drama,This is supposed to be well-researched and based on fact. How come therefore that it's so packed with McGovernisms. Did the people of Derry live in some kind of bizarre Philip K. Dick world in which reality was uncannily like Cracker/ Liam/ Priest? Or is McGovern an idle hack who just keeps repeating hims
tt0308132,The Corpse Grinders 2,Ted V. Mikels,2000,102,"Horror,Sci-Fi,Thriller","The original exploitation classic-though far from enjoyable on almost any level concerning some guys who turn cats into human flesh eating monsters because the cat food they make is made with people is remade with scifi elements added. The cats can't get enough and when the flesh tainted food runs out the cats turn on their owners. Poorly put together on almost every level this is an example of the absolute bottom of the barrel material that used to actually play movie theaters in the early 1970's updated with alien cat and dog races battling for supremacy. Director Ted Mikel is a hack, but is so lovable a person (I generally like the guy thanks to his smile inducing interviews and commentary tracks) that you can pretty much excuse the garbage he mostly turned out. Mikels wanted to make films and he didn't care how they turned out so long as he was producing something. More power to him, but I wish he wouldn't subject us to his home movies"
tt0314204,Creature Unknown,Michael Burnett,2004,79,"Horror,Mystery,Thriller","The monster from Enemy Mine somehow made his way into a small mountain community, where he has taken up residence. He's being hunted by a female doctor-turned-vigilante who is out to exterminate him. This female assassin, who looks like a refugee from a Motley Crue video, rides around on a motorcycle and tries to save a bunch of kids who have chosen to have a Big Chill weekend right smack dab in the middle of the monster's turf. Decapitations and lots of blood are primarily in place to draw attention away from the story which limps along like a bad version of the Island of Dr. Moreau (and yes, it's worse than the one with Val Kilmer)."
tt0315323,Break a Leg,Monika Mitchell,2005,98,"Comedy,Drama,Thriller",This was the worst movie I saw at WorldFest and it also received the least amount of applause afterwards! I can only think it is receiving such recognition based on the amount of known actors in the film. It's great to see J.Beals but she's only in the movie for a few minutes. M.Parker is a much better actress than the part allowed for. The rest of the acting is hard to judge because the movie is so ridiculous and predictable. The main character is totally unsympathetic and therefore a bore to watch. There is no real emotional depth to the story. A movie revolving about an actor who can't get work doesn't feel very original to me. Nor does the development of the cop. It feels like one of many straight-to-video movies I saw back in the 90s ... And not even a good one in those standards.<br /><br />
tt0315327,Bruce Almighty,Tom Shadyac,2003,101,"Comedy,Fantasy","Why did I go to see this film? Honestly, because Jim Carrey was in it and in the past he has made hilarious movies that have made me cry with laughter, so do you really blame me for expecting that again? Additionally, the premise, the funny trailer, his co-star Jennifer Aniston's involvement, and the fact it was a massive hit stateside encouraged me.<br /><br />However, as my ""one line Summary"" suggests, I was Disappointed. For various reasons;<br /><br />Reason 1: It wasn't funny. In a 2hour movie, I laughed for about 5-10minutes...all together, the rest of the time I sat thinking ""I really should have got some ice-cream"". I admit that maybe it is wrong to judge Jim Carrey on his previous films, but what does he really expect when he makes Gem's such as 'The Truman Show' , 'Liar Liar' , 'Me, Myself and Irene' , 'Dumb and Dumber' , 'The Mask', and the 'Ace Ventura' films then produces, in Bruce Nolan's own words, such a mediocre film?<br /><br />Reason 2: Jennifer Aniston's role was criminally underwritten. I mean hello! She's been around in the public eye for about ten years now, and in this film she gets about four lines to say. Wrong.<br /><br />Reason 3: One word - Cliché<br /><br />Reason 4: A casual deployment of specifically American References - Jimmy Hoffa, Walter Cronkite 'sweeps week' - is a clue to the film's specifically home-grown appeal. ""A teenager says no to drugs and yes to an Education - that's a miracle! Want to see a miracle soon? Be the miracle!"" God tells Bruce, a heavy handed sentiment that seems to have gone down a treat in the US, but might face tougher resistance in markets that retain an inkling for subtlety. Additionally, I still go to school, and that statement suggests me and all of my friend's are miracles...or maybe it just means we have brains?<br /><br />In this film there are enough funny Carrey moments to make you chuckle and prevent Bruce Almighty from being a total calamity, but you are advised to start revising your expectations downwards."
tt0319147,Casomai,Alessandro D'Alatri,2002,114,"Comedy,Romance","(Spoilers)<br /><br />I was very curious to see this film, after having heard that it was clever and witty. I had to stop halfway because of the unbearable boredom I felt.<br /><br />The idea behind the film would have been acceptable: depicting the way the relationship between a man and a woman evolves, through all the problems and difficulties that two people living in a big city can experience. What made me dislike the whole film were two things.<br /><br />First of all, the film was so down-to-earth that it looked as if, by describing the problems that a couple must solve on a day-to-day basis, it became itself ordinary and dull.<br /><br />Secondly, the overall sloppiness of the production, with dialogues that were barely understandable.<br /><br />Too bad."
tt0325597,The Captives,Eric Stanze,2001,71,"Drama,Horror,Thriller","A young man kills a young woman for no reason. The man's brother is jailed on charges that he was an accomplice, but soon escapes. Upon escaping, the seemingly innocent man kidnaps three victims and soon he ropes his girlfriend in on the plot. If this isn't bad enough, the situation quickly makes a downward spiral.<br /><br />This film had some good aspects and many bad ones. Its strongest aspect was lead actress Emily Haack. Setting aside the fact she's nude in a fair amount of this film, she presents herself as a decent actress and a very strong character. I see no reason she cannot take this experience and somehow turn it into a career in some way. I was convinced she was a ruthless individual.<br /><br />Also, the makers of this film were very bold and pulled no punches. Graphic nudity (both male and female), coprophagia, and extreme anal violence are not shied away from. I like my horror films to push the boundaries a little bit, and this one ignored them altogether, gladly skipping towards Gomorrah. Maybe it was too much, but I think they achieved what they were looking for.<br /><br />But now the negative aspects. First, and most noticeable, this film is very low budget and the film quality shows this. I can excuse that -- the plot was decent, the acting fine and in some scenes the lower quality film actually made the movie more disturbing (a more realistic feel). So, I won't scold them for having low-grade equipment. What I will scold them for is the use of poor choices in shots. For no reason I can ascertain (besides plumping the movie), there is a large amount of footage of a cemetery. I don't really know why, and I frankly started dozing off at this point because it was so long and pointless.<br /><br />I also take issue with the title. The idea here was to deceive people into thinking this film had some connection to the classic ""I Spit on Your Grave"". Now, there is a line that seems to imply the main character is the daughter of the woman from this other film. And the themes are very loosely the same (a woman getting revenge on men). But there is no firm connection and the reason this title was chosen was for the video store customer to think they were getting a sequel. This was deceptive and dishonest.<br /><br />My last major complaint is that this plot makes no real sense. Not even a little bit. A woman is killed in the beginning for no reason. A prison escapee finds time to kidnap people to torture them, for no reason (because they wronged his girlfriend?). The same man goes from good to very evil without explanation. Likewise, the female lead (Haack) turns fro ma normal person to someone who is overly cruel and sadistic, for no reason at all, and against people who for the most part were only marginally mean to her (a neighbor offering drugs for sex is wrong, but by no means worth getting tortured for).<br /><br />Don't let this title fool you, or the claims that the film is incredibly shocking. Yes, some scenes were shocking, but the vast majority of the film is dull and makes you want to take a nap. If you see this in the video store or on Netflix, just keep browsing. Or rent it, and we can sit around and vent about it for hours. You have been warned."
tt0326820,DarkWolf,Richard Friedman,2003,94,Horror,"Recap: Full moon. A creature, a huge werewolf, is on the hunt. Not for flesh, not for blood (not that it seem to mind to take a bite on the way though), but for a mate. He is on the hunt for a girl. Not any girl though. The Girl. The girl that is pure (and also a werewolf, although she doesn't know it yet). Three, well check that, two cops (after the first scene) and an old bag lady is all that can stop it, or even knows that the thing killing and eating a lot of folks around full moon is a werewolf. This particular powerful werewolf, Darkwolf, is closing in on the girl. If he gets her, mankind is doomed. Now the cops has to find the girl, convince her not only that there is someone, a werewolf nonetheless, that wants to rape her, and perhaps kill her, but that she is a werewolf herself. And then they got to stop him...<br /><br />Comments: This is one for the boys, the teenage boys. A lot of scenes with semi-nude girls more or less important for the plot. Mostly less. Well I guess you need something to fill some time because the plot is (expectedly) thin. And unfortunately there is little besides the girls to help the plot from breaking. One usually turns to two main themes. Nudity. Check. And then special effects. Hmm... Well there are some things that you might call effects. They're not very special though. In fact, to be blunt, they are very bad. The movie seems to be suffering of a lack of funds. They couldn't afford clothes for some of the girls ;), and the effects are cheap. Some of the transformations between werewolf and human form, obviously done by computer, are really bad. You might overlook such things. But the Darkwolf in itself is very crude too, and you never get to see any killings. Just some mutilated corpses afterwards. And there is surprisingly little blood about, in a movie that honestly should be drenched in blood.<br /><br />I'm not sure what to say about actors and characters. Most of the times they do well, but unfortunately there are lapses were the characters (or actors) just looses it. A few of these lapses could be connected with the problems mentioned above. Like the poor effects, or the poor budget(?). That could explain why there is precious little shooting, even if the characters are armed like a small army and the target is in plain sight (and not moving). But hey, when you're in real danger, there nothing that will save your life like a good one-liner...<br /><br />Unfortunately that can't explain moments when the Cop, Steve, the only one who knows how to maybe deal with the problem, the werewolf that is, runs away, when the only things he can be sure of, is that the werewolf is coming for the girl, who is just beside him now, and that he cannot let it have her. But sure, it let the makers stretch the ending a little more...<br /><br />But I wouldn't mind seeing none of the lead actors/actresses get another try in another movie.<br /><br />Well. To give a small conclusion: Not a movie that I recommend.<br /><br />3/10"
tt0327920,I Am Trying to Break Your Heart,Sam Jones,2002,92,"Documentary,Music","I went into this film with expectations, from the hype, that it would be insightful and uplifting. Certainly something more than a cheap promotional for the band ""Wilco.""<br /><br />Instead we get a lot of moping and whining about ""the process,"" a dishonorable and no doubt one-sided portrayal of one band members who was kicked out by the prima donna lead singer/songwriter, a gut-wrenching confession by the fallen member's friend -- for like 18 years -- saying the ""friendship had run its course,"" and this whiny, uncompelling story about how one record label ""hurt their feelings"" by dumping them, only so that the band could immediately get 50 offers from other labels (oh, the tension...not!) They tried their best to make it look like it was a strain, but I suspect it was all smoke and mirrors to generate a tragedy that didn't exist. This doesn't even take into account the long stretches where we get many of their newest songs shoved at us in full without any storyline, insight or even a decent job at cinematography. The strained attempts at emotional sincerity or reasonable perspective on life made me sick to watch.<br /><br />From the film, this band sounds like a bunch of vile little babies who poke around to find a voice they don't have and think they're some kind of guardians for the art of music, which they most definitely are not. And I thought the music sucked, and I couldn't even understand the lyrics due to the mumbling style of the lead singer.<br /><br />I give it a 2/10."
tt0327940,In Your Face,Tim Tommasino,2002,105,Action,"Mind, my friends and I saw the movie based off it's title alone. It's cute, though obvious in it's plot and direction-- you know where the movie is going within the first five minutes. My main contention with the plot is that while it remains tolerably consistent, they never explain a lot of the things behind the characters. An alcoholic father, overworked mother, stressed-out sister... that's a bad family, but aside from the occasional mention from the sister, there's not any resolution. I was also confused as to the scene with the bottles... it seemed pretty random.<br /><br />The writing is a secondary concern... the kids weren't bad actors, but their script left a lot to be desired. Unfortunately, what could have been a cute niche movie was pushed aside for a single, blah special effect, lame scripting, and a glaringly obvious plot."
tt0331509,Funky Monkey,"Harry Basil, Gene Quintano",2004,94,"Comedy,Family","I bought this movie from Gamestop's discount used movie bin and the cover caused me to laugh uncontrollably so I bought it for 99cents. The movie itself is retarded and they use like ten different monkeys throughout the whole film that hardly look alike. Not to mention they use a stunt double who is just a short guy in costume making a desperate attempt to impersonate a monkey.<br /><br />The director more than likely committed a murder-suicide with the chimpanzees after the movie debuted in a preview for some other low rent Warner Bros. film and he ended up owing money to the studio. It also doesn't help that he wasn't even infamous for the terrible job he did, he wasn't even known for producing a poop-chute film.<br /><br />Why was this movie ever made?"
tt0332452,Troy,Wolfgang Petersen,2004,163,"Action,Adventure","To confess having fantasies about Brad Pitt is a pretty tough admission for an heterosexual to make. But what can I tell you? Maybe is that famous extra something that everybody talks about and makes a star a star. It crosses that barrier. It pulls you into unknown sensual and emotional territory. Brando had it in spades, Montgomery Clift, Gary Cooper, James Dean of course and in more recent times, Tom Cruise, Jude Law, Johnny Depp, Ewan McGregor and Billy Crudup. Women fell in love with Garbo, Dietrich, Katharine and Audrey Hepburn, Grace Kelly, Marilyn Monroe, Julie Christie, Charlotte Rampling, Meryl Streep, Vanessa Redgrave, Julia Roberts and very very recently Natalie Portman. But Brad Pitt has, singlehandedly, redefined the concept. He is the only reason to go out, get in the car, find parking, buy a ticket, popcorn and get into a theatre to see ""Troy"" If you liked epics in the ""Jupiter's Darling"" style you may enjoy this. But if you don't, go all the same, we want to keep Brad Pitt in business."
tt0332658,Intermission,John Crowley,2003,105,"Comedy,Crime,Drama","This was no Trainspotting or Guy Ritchie film. It was a big wannabee. It wanted to be an edgy, nervous-laughter, urban-life affirming film, but it's more of a camera jerky, mess. It's a lot easier to imitate something else, than to create a real story with real characters. From the beginning, I couldn't care less about the characters or what they were involved in. They were always always hitting, pissing, or crying on each other. Only, there wasn't any substance to what they were doing. The dialog between characters is meant to be hip, revealing, instead it comes out trite, and one scene after another is predictable. I know there are viewers out there that really liked this movie, so I could be wrong."
tt0334541,Tremors 4: The Legend Begins,S.S. Wilson,2004,101,"Action,Adventure,Comedy","Well...tremors I, the original started off in 1990 and i found the movie quite enjoyable to watch. however, they proceeded to make tremors II and III. Trust me, those movies started going downhill right after they finished the first one, i mean, ass blasters??? Now, only God himself is capable of answering the question ""why in Gods name would they create another one of these dumpster dives of a movie?"" Tremors IV cannot be considered a bad movie, in fact it cannot be even considered an epitome of a bad movie, for it lives up to more than that. As i attempted to sit though it, i noticed that my eyes started to bleed, and i hoped profusely that the little girl from the ring would crawl through the TV and kill me. did they really think that dressing the people who had stared in the other movies up as though they we're from the wild west would make the movie (with the exact same occurrences) any better? honestly, i would never suggest buying this movie, i mean, there are cheaper ways to find things that burn well."
tt0337640,Hollywood North,Peter O'Brian,2003,89,Comedy,"Ouch! This one was a bit painful to sit through. It has a cute and amusing premise, but it all goes to hell from there. Matthew Modine is almost always pedestrian and annoying, and he does not disappoint in this one. Deborah Kara Unger and John Neville turned in surprisingly decent performances. Alan Bates and Jennifer Tilly, among others, played it way over the top. I know that's the way the parts were written, and it's hard to blame actors, when the script and director have them do such schlock. If you're going to have outrageous characters, that's OK, but you gotta have good material to make it work. It didn't here. Run away screaming from this movie if at all possible."
tt0338075,Grand Theft Parsons,David Caffrey,2003,88,"Adventure,Comedy,Drama","I doubt this will ever even be a cult film. I loved Gram Parsons to be sure and I did not expect much out of this film and got even less. What could have been clever and moving was campy. It was devoid of the music that made Gram and had more filler than cheap dog food. There was no background on Gram or the colorful people of that era. The characters shown were not familiar to me even as a fan of Gram's and all the versions of his ""afterlife adventures"" I have heard. Rock and roll is full of tales, good ones too but they should taken with a grain of salt. They can be great stories even though exaggerated. However, this movie took a good story and turned into tripe. Stealing any dead body and the ensuing implications should never be a dull tale but they made it dull, somehow. I am tempted to steal every copy of Grand Theft Parsons, head out to the desert and burn them all."
tt0339531,Sasquatch Hunters,Fred Tepper,2005,88,"Action,Horror,Thriller","This is the biggest piece of lamo I've ever watched. It is excruciatingly boring I would have rather sat through a seminar on creationism than have watched this if i had known it was going to be as boring as it was. Not even the 40 seconds of the hot chick in the bikini with the big ta tas redeems this of anything lower than a 1.<br /><br />The reviews of this movie claiming that this movie is ""unintentionally funny"" are absurd and just plain WRONG. Not one thing is funny about this movie. they spend the first 50 or so minutes walking through the woods talking about stuff you wouldn't understand nor care about and it is just as lame when the people start dying because you don't even know who the people are because they are so UNINTERESTING. Honestly though, I didn't watch it to the ending, but that should say something about how horrible it is. WORST MOVIE EVER.<br /><br />Immediately after ejecting this filth from my DVD player I started scraping it against the cement in front of my house, not wanting other blockbuster customers to have to fall upon the same mistake i had made as to rent this movie. Then Zach peed his pants. Thankyou for your time."
tt0340883,Open House,Dan Mirvish,2004,95,Musical,"The premise is amazing and the some of the acting, notably Sally Kellerman and Anthony Rapp, is charming... but this film is near unwatchable. The music sounds as if it comes from some sort of the royalty free online site and the lyrics as if they were written with a rhyming dictionary open on the lap. Most of the singing is off-key. I think they may have filmed with the singing accapella and put in the music under it... The dialogue is really stupid and trite. The movie works best when it is actually talking about the real estate but unfortunately it strays to often into stupid farcical sub-plots. I found myself checking my watch after ther first twenty minutes and after 40 wondering 'when is it ever going to end.'"
tt0343135,Along Came Polly,John Hamburg,2004,90,"Comedy,Romance","This film offers absolutely no imagination in it's premise nor in it's execution but these are just two things that come to mind after watching this so-called comedy that has no energy to speak of. Story is about nit-picky over analytical insurance risk manager Reuben Feffer (Ben Stiller) who finds his new wife Lisa (Debra Messing) cheating on him with a scuba instructor (Hank Azaria) after only one day on their honeymoon. Upon returning home Reuben and his best friend Sandy (Philip Seymour Hoffman) go to a party and run into Polly Prince (Jennifer Aniston) whom they went to school with years earlier.<br /><br />*****SPOILER ALERT***** Polly is forgetful and sloppy and lives carefree which is the opposite of who Reuben is as a person but they start to date and Reuben starts to change as a person as he starts to try out new things such as salsa dancing and eating spicy foods. But one day Lisa comes back and wants to remain married to Reuben but he really doesn't want to but Polly decides to leave as she doesn't believe in marriage to begin with.<br /><br />This film is the second directing effort by John Hamburg who wrote two generally unfunny screenplays in ""Zoolander"" and ""Meet the Parents"" but those two films seem like classics compared to this stale piece of drivel. It's very easy to say something is not funny but I think with this film it's even easier to figure out why. This film is totally and utterly predictable from start to finish with every scene looking as if it's only happening because of the ridiculousness of the script. Hamburg who also wrote the script seems to have written this without any thought of trying something different and at times he seems to be trying to generate the same energy as ""There's Something About Mary"" but instead the events seem incredibly forced. Did anyone really think the blind ferret was funny? If you do, your easy! A few times during the film characters would inexplicably have these emotional speeches that are supposed to summarize everything but all they achieve is overstating the obvious. Stiller works a lot but maybe he should work less and just wait for the better scripts to come his way because this film doesn't work as a comedy or as a romance."
tt0344273,Kings and Queen,Arnaud Desplechin,2004,150,"Comedy,Drama,Romance","""Kings and Queen"" is a bloated French drama that rambles on for an interminable two hours and thirty-two minutes to no discernible point or purpose.<br /><br />The film features two stories that seem unrelated at first but which eventually connect with one another about halfway through the movie. The first centers around Nora and her struggles with various men in her life, including an elderly father who discovers he has only a few days left to live. The other story involves a young man named Ismael, a violinist who finds himself placed - unfairly, he believes - in a mental institution through the machinations of an unknown third party. After traveling along on separate tracks for awhile, these two narrative strands eventually come together when we learn that Ismael is a former lover of Nora's and the man she has chosen to adopt her son from an earlier, tragic relationship.<br /><br />With a bit more focus and a considerable amount of streamlining, ""Kings and Queen"" might have been a potent, engrossing drama about modern day relationships. It certainly has moments of tremendous insight and emotional power, and the performances are, for the most part, complex and touching. But, taken as a whole, the film meanders and maunders to such an extent that, quite frankly, it begins to wreak havoc on our patience and to wear out its welcome early on. Even more distressing is the fact that, even though we spend what seems like a mild eternity in the company of these people, we really don't know quite what to make of any of them when the show is finally over. For instance, Nora's father, on his deathbed, writes a withering diatribe against his daughter's character that simply doesn't gibe with the woman we've been looking at for well over two hours. Nora is admittedly no Mother Theresa (then, again, who is?), but she certainly doesn't deserve the invective thrown at her by her very own father. Nora could be accused of being confused, indecisive, a bit self-absorbed at times, but evil enough to have her father wishing he could give her his cancer and make her die in his place? I don't think so.<br /><br />Perhaps this film is simply operating at a level of depth that I was unable to fathom. But my suspicion is that even writer Roger Bohbot and co-writer/director Arnaud Desplechin would have trouble fully explaining their purpose here. This is a well acted, pretentious bore of a film that takes the viewer on a long, rambling voyage through a sea of personal crises, a journey that leaves him no wiser or more enlightened at the end than he was at the beginning."
tt0346156,Sky Captain and the World of Tomorrow,Kerry Conran,2004,106,"Action,Adventure,Mystery","A gave it a ""2"" instead of a ""1"" (awful) because there is no denying that many of the visuals were stunning, a lot of talent went into the special effects and artwork. But that wasn't enough to save it.<br /><br />The ""sepia"" toned, washed out colors sort of thing has been done before many times in other movies. Nothing new there. I can see there were some hat-tips to other old, classic movies. OK. No problem with that.<br /><br />But a movie has got to be entertaining and interesting, not something that would put you to sleep.<br /><br />The story line and the script of this movie WAS awful, the characters two dimensional. Slow moving. Some of the scenes were pretty to look at, but ultimately, as a whole, it was quite boring, I couldn't recommend it."
tt0346681,Cat's Cradle,Alexandre Stockler,2002,92,"Crime,Drama,Horror","Though I'd heard that ""Cama de Gato"" was the worst Brazilian movie of the decade, I watched it giving it a chance; after all, first-time director/producer/writer Alexandre Stockler managed to make his debut feature (shot in video) for just US$ 4,000 and -- though it looks even cheaper -- I can't begin to imagine all he went through to finally get it exhibited in theaters with no big sponsors or production companies behind it (then as I watched it I realized why). But whatever chances you're ready to give to ""Cama de Gato"", they shrink to zero within 10 minutes: it's an unbelievably preposterous, verbose, ideologically fanatical and technically catastrophic attempt to portray Brazilian upper-middle class youth as a bunch of spoiled neo-Nazis hooked on bad sex, drugs and violence (and they're made to look like closeted gays too), made with no visible trace of talent, imagination, expertise or notion of structure. Visually and aurally, it recalls the worst amateur stuff you can find on YouTube -- only here it lasts NINETY TWO (count'em) minutes of unrelenting hysteria and clumsiness, and it's not even funny-bad.<br /><br />We've all seen the story before: bored young guys want to have fun, go partying, take drugs and everything goes wrong -- there's gang-rape, spanking, murder, the accidental death (falling down the staircase!!) of the mother of one of the boys, culminating with the boys deciding to burn the corpses of the girl and the mother in a garbage landfill. Moral and literal garbage, get it? The film is heavily influenced by Larry Clark (especially ""Kids"" and ""Bully""), but Clark's films -- though also moralist and sexploitative -- are high-class masterworks compared to this crap.<br /><br />I don't think there was ever such monomaniacal drive in a filmmaker to stick his ideas down the audience's throat: Stockler grabs us by the collar and tries to force his non-stop moralist rant into our brains by repetition and exhaustion -- you DO get numb-minded with so much babbling, yelling, inept direction, shaky camera and terrible acting going on. Stockler doesn't care a bit about technique (the quality of the images, framing, sound recording, soundtrack songs, dialog, sets, editing, etc is uniformly appalling), but he's a narcissistic control-freak: he anticipates the criticisms he's bound to get by adding subtitles with smartie/cutie comments, and by making the protagonists comment at one point how far-fetched and phony it all is (I could relate to THAT). <br /><br />Despite his megalomaniac ambitions, Stockler seems incapable of giving us a minimum of visual or narrative structure -- he can't even decide if he wants gritty realism (hand-held video camera etc) or stylization (repetition of scenes, use of alternate takes, etc). Damn, he can't even decide WHERE to put his camera (there's use of subjective camera for the THREE leads)! The dialog features some of the most stupefyingly banal verbosity ever; the plot exists simply to justify the director's profound hatred for his characters and what they stand for. All you see is a filmmaker being hateful, preachy, condemning, moralizing without the benefit of a minimum of talent (or technique) to go with it.<br /><br />It's very disappointing to find Caio Blat in this mess. Certainly one of the most promising young film actors in Brazil, with his sleepy-eyed puppy dog looks and emotional edge that often recall Sal Mineo's, Blat can be highly effective under good direction (as in ""Carandiru"", ""Lavoura Arcaica"", ""Proibido Proibir""). Here, he's told to go over the top and he has to play with some of the most embarrassingly under-equipped ""actors"" in recent memory. He also enters the risky realm of graphic sexploitation scenes (so goddawful they look rather like web-cam porn).<br /><br />The film opens and ends with real interviews with ""typical"" (?) middle-class youth -- Stockler wants us to take those interviews as ""proof"" of what he's trying to preach in fiction. But he blatantly despises and makes fun of his interviewees, selecting a highlight of abject, racist, sexist, stupid statements (which only shows assholes exist everywhere). Stockler wants to prove that Brazilian middle-class youths are ALL present or future fascists BECAUSE they're middle-class and enjoy recreational drugs (is he saying all neo-fascists are on drugs?? Or that drugs potentialize fascist behavior?? I couldn't tell). <br /><br />With its dogmatic self-righteousness, headache-inducing technique and mind-bending boredom, ""Cama de Gato"" is bad for a 1,000 reasons but, above all, it's harmful in a very insidious manner: it gives detractors of Brazilian cinema a powerful case of argument. ""Cama de Gato"" is best unwatched, unmentioned, buried and forgotten."
tt0348150,Superman Returns,Bryan Singer,2006,154,"Action,Adventure,Sci-Fi","I saw the movie last night and I really wanted to like it. My expectations for the movie had been going up and down ever since I heard it was being made. Some days I'd see something spectacular and some days I'd be disappointed.<br /><br />Yet being the kind of fan I am, I had high hopes for this movie but in the end I was sorely disappointed.<br /><br />While I love the Richard Donner movies I didn't like their sometimes campy nature or the changes they made to Superman's character and his powers.<br /><br />Singer however chose to take the worst elements of the Donner movies and put them in his version.<br /><br />While his Lex Luthor is slightly darker he's still nothing more than a shyster, a conman and a common criminal. He's no more intelligent than when Gene Hackman played him. Kevin Spacey does his best to play Luthor well but ultimately he falls victim to shoddy writing and unremarkable dialog.<br /><br />His henchmen are more two dimensional than even comic book henchmen. Most of them literally have no dialog in the movie.<br /><br />****SPOILERS AHEAD**** Kitty Kowalski is almost exactly the same character as Ms. Tesmacher. She seems to be as evil and cold as Lex Luthor but she proves to be just an underling who melts after seeing Superman in trouble and quite predictably betrays Luthor.<br /><br />The biggest disappointment in the movie was Frank Langella as Perry White. I wasn't a huge fan of the over the top Perry White in the Donner movies but at least he had a soul. He was after all said and done, a veteran reporter who cared about the truth and a good story. Langella's Perry White is nothing but a corporate stooge. He wants everyone to concentrate on the Superman related stories because they sell papers even though every other paper is doing the same thing. He doesn't care about the real stories, the real mysteries like the black out and what Lex Luthor is up to now that he's out of prison.<br /><br />The worst thing about Langella is that he's DULL! Some actors can be quiet and sober and yet have an undercurrent that lets you know that still waters run deep. Frank Langella is puddle.<br /><br />Brandon Routh is not a bad actor. He's OK but again there is not a single memorable line in the whole movie. Not the actor's fault. His movements are clearly meant to look graceful, like even the slightest movement of his fingers effects the way he flies. But it still looks choreographed and artificial.<br /><br />Lois Lane while badly written was surprisingly well acted by Kate Bosworth. Unfortunately, again, for a Pulitzer Prize winning journalist and writer, she is about as eloquent as any teenage on Dawson's Creek.<br /><br />James Marsden was my favorite actor in the whole movie, mostly because he looks more like Superman than even Routh. Without any superpowers he manages to figure out Lois Lane's message, flies a plane to the location, gets on board Luthor's yacht and rescues Lois and her son.<br /><br />The only moving moment in the movie is when they are all trapped pantry as it is flooding with water and the ship is sinking. You see them slowly going being immersed in the water. You know Superman's going to come by at the last moment to rescue them but still you can't help but feel sorry for them.<br /><br />As I said before the plot is very haphazard. Unlike Singer has said, this is not a movie about a superhero returning and trying to find his place in the world. As soon as he returns the world welcomes him back with open arms. Lois is the only one who's not happy to see him back. Even Luthor is happy to have Superman back because it gives him a chance to settle the score with the man of steel.<br /><br />Superman is shown to be probably one of the dumbest heroes in the universe. A big green piece of meteorite is stolen from a museum, Lex Luthor is out of prison, he now has knowledge about Superman's powers and weaknesses, and yet he's still not able to connect the dots enough to know Luthor would be using kryptonite against him.<br /><br />According to the movie the only thing Superman is good for is lifting really, really heavy things. The action sequences are all incredibly predictable."
tt0352394,Hellborn,Philip J. Jones,2003,90,"Fantasy,Horror","Because others have gone to the trouble of summarizing the plot, I'd like to mention a few points about this film. There may be spoilers here; I don't care enough to filter them out.<br /><br />- Given the film's low budget, the creature design was quite good. It's actually nice to see a direct-to-video horror film that's not slathered with awful CGI. Unfortunately the digital film quality's quite grainy in places, and it's most noticeable in the well-lit white halls of the asylum.<br /><br />- Ridiculous lighting design plagues parts of this film, to say nothing of the variations in the passage of time. I understand the director might have been trying to simulate dementia, but in order for this to be effective consistent time flow needed to be established. As-is, it merely seems amateurish.<br /><br />- Plot twists were numerous but consistently predictable. I neither had a doubt in my mind of the identity of the robed cultists, nor of the fact that some kind of lame evil-trumps-good development would surface at the end.<br /><br />- This may seem like quibbling, but characters in this film reliably fail to employ any kind of common sense. First of all, regulatory commissions would be all over a mental health center that unilaterally declared all patient and employee deaths cardiac arrest-induced. Why would the head psychiatrist also be capable of performing autopsies? Why wasn't a plot point made of these impressive qualifications, or of his introduction to his odd choice of religion? What's the background? What's supposed to make us care about anyone in this? And just as importantly, who in their right mind would go through the introduction to the place, see everything that was so frighteningly wrong with it, and then conclude that it was still a fine place to pursue a residency? This film didn't even respect its characters enough to give their intelligence the benefit of the doubt.<br /><br />Bottom line: See The Wicker Man instead."
tt0354690,Lady Death,Andy Orjuela,2004,80,"Action,Animation,Fantasy","I am a huge fan of the comic book series, but this movie fell way below my expectations. I expected a Heavy Metal 2000 kinda feel to it.....slow moving, bad dialogue, lots o' blood.....but this was worse than anything I could have imagined. <br /><br />The plot line is almost the same as the comic, but the good points pretty much stop there. The characters don't have the energy or spirit that drew my attention in the comic series. The movie only covers a small portion of the comic, and the portion used is more slow and boring than later parts. The focus in the movie is on the insignificant events instead of the more interesting overall plot of the comic book.<br /><br />With the right people working on this project, it could have been amazing. Sadly, it wasn't that way, so now there is yet another terrible movie that few will see and even fewer will love. My copy will surely collect dust for years until I finally throw it out."
tt0363565,The Legend of Diablo,Robert Napton,2003,85,Thriller,"The good news is a movie was made, drawing on a supposed Aztec myth and featuring an unusually Aztec-American (is such a word exists) cast. The bad news is, it was dead at birth.<br /><br />If Ed Wood had come out of retirement and coached George Romaro through his classic 'Night of the Living Dead,' this is what we might have come up with. 'The Legend of Diablo' is clearly fodder for any future resurrections of 'Mystery Science Theatre 3000!'<br /><br />I don't think one can even call this a 'B' movie. The production values are so abysmal that I kept getting the feeling I was watching either a lengthy skit from a variety show or a backyard 8-mm film shot by a group of school kids. <br /><br />SOME SPOILERS<br /><br />The basic plot line sounded interesting enough to lure me into renting it. A rural California sheriff finds a box containing an Aztec demon and accidentally unleashes it on the unsuspecting community. His daughters, one hot and one homely, team with a gringo FBI man and a priest, to try to re-cage the demon. <br /><br />Meanwhile, every zombie scene one has ever seen in previous undead movies is re-enacted-poorly. These zombies walk more like an army of Nutty Professors than the undead! The supposed infrared scenes from the demon's viewpoint are nothing special  and he/she/it sure seems to back up a lot (as opposed to turning around the moving forward). And the scene where the priest lures the demon out of the cave in fast-motion is ludicrous! It really, really appears to be done for comic effect-although I know it wasn't! I kept expecting the Benny Hill theme music to start playing & for the whole gang of zombies to start chasing the priest all over the beach!<br /><br />Of course the Darth Vader/Field of Dreams voice, calling the FBI agent becomes downright comical. Then again, so was most of this cheese ball! Robert Napton, director and writer of the screenplay, should win SOMEthing for this effort! (How about a lifetime blackballing, like the 'Hollywood 10?') This one, I now see, is rated 1.5 on a 10-scale. I fear this might be a tad generous! <br /><br />Is there anything good about this movie? Well, Lindsey Lofaso looks pretty hot as the younger daughter of the dead sheriff. This is probably why her homely older sister (Calvi Pabon) really ran away from home! Fred Estrado is reasonably decent as the FBI agent. I wonder if Mario Soto, who played Father Rodriguez, is the same Mario Soto who pitched for the Cincinnati Reds? If so, he should have stuck to baseball. In fact, they couldn't have done any worse if they had gone with a baseball theme and called it 'Demons in the Outfield!'<br /><br />If I find out this was actually a project for a community college cinema class, I will issue apologies. It might be good enough for a B or even B+ as long as the gang got the college's camcorder back to campus in one piece! 'The Blair Witch Project' proved that a cool, campy movie could be made on a shoestring. 'The Legend of Diablo,' though, didn't appear to have a shoestring OR shoes to work from! It was low-budget, low-talent, low-everything. The very final scene-and I mean about the final 10 seconds of the film-is the ONLY mildly creative or interesting moment.<br /><br />I paid $3.45 to rent this. I could have better spent it on a hamburger!"
tt0365686,Revolver,Guy Ritchie,2005,111,"Action,Crime,Drama","Been lurking for a couple of years or so. I have never been moved to post on here before, so perhaps this movie is worth a star for that, but I doubt it. I just watched it on DVD, having missed it in the movies due to illness and never got around to watching it till now. I had not read extensively about it, certainly not even thought about the movie in some months. It was just what the buddy picked up in the store, so it got watched.<br /><br />Bad mistake.<br /><br />The shot I spoke of in the the summary up top is in the trailer and on the poster. Right from the off, Jason Statham has hair. Like in no other GR movie. Or any JS movie that I've seen. At least not in the quantities on display here. And Ray Liotta in underpants SHOULD be advance warned. It's scary and funny but not in a ha-ha-humour way. Its more in an almost-TheOffice-but-slightly-mutated-and-so-failing-sort-of-humour way. They each say the same thing: ""This movie is not like anything you expect this movie to be.""<br /><br />Now, based on previous, extensive, movie-watching experience, I expected this movie to be a few things. Like:<br /><br />() Coherent,<br /><br />() Interesting or engaging,<br /><br />() Not a complete and utter farrago of navel-gazing,<br /><br />() Something more substantive than a motley bunch of badly-realised fables from what is just a standard eastern mystic ideology dressed up as a ""cool, modern, self-aware art-form"",<br /><br />() Hopefully better than ""The Idiots"".<br /><br />As you may have guessed by my tone, it thoroughly failed to check any box above. Instead it was:<br /><br />(x) Badly edited {pace all over the shop, 70s-amateur high-8 style jump cuts, incomprehensible ""plot"" ""twists!!!"" delivered through hackneyed flash-back montages, I could go on...},<br /><br />(x) Shot as if by a depressed 14yr-old goth who'd just spent the weekend watching Truffaut and Godard with the drapes drawn<br /><br />(x) So up its own behind with the whole ""I'm really smart, me"" motif/ message, that it feels determined to repeat it every 20 minutes or so, just to make sure the dumb people (ie: everyone who doesn't like it) in the audience make sure they get the point,<br /><br />(x) A genuine waste of my time.<br /><br />As for the undoubted ability of some people to ""get"" something from this, fine. I'm glad you enjoyed it. One poster said something that caught my attention: under-25s probably understood it better because of the editing. Maybe, but editing is supposed to make your work more accessible, not less. As for the ""Genius is only recognised by the enlightened"" brigade out there, go suck an onion and grow up. There is nothing more presumptuous and self-serving than people who say the reason another person doesn't know great art is because they don't understand the 'craft /materials /moon cycle /filaments of supreme rational thought' which the 'auteur /poet/ artist/ palm reader/ idiot savant' is using to explain his or her 'vision /grand scheme /oneness with Gaea /great big bucket of dog-sick'.<br /><br />For me and many, many more people, its garbage. <br /><br />Movies, art, stories, poetry, anything designed to be viewed by another human is supposed to be engaging and moving. In some direction be it metaphorical, spiritual, emotional or whatever you're having yourself.<br /><br />The only way this moved me was forward in time, two hours closer to my own inevitable demise. ""The greatest trick He ever pulled was making You believe Any Part of this movie meant Anything at All""<br /><br />And now, please, by all means, toast my buns for me."
tt0366292,One Missed Call,Takashi Miike,2003,112,"Horror,Mystery","Acclaimed Japanese director Takashi Miike can't seem to get the wheels moving with this torpid thriller, an adaptation of Yasushi Akimoto's book concerning an evil old woman (and child abuser!) who is part of a new urban legend: if your cell-phone rings with a strange tone--and you see the message 'One Missed Call'--you will replay the message only to hear your own final words before your death. Most successful part of the film is the trenchant satire of Reality TV cameras intruding on the future victims, but the not-so-elaborate deaths (which include a hidden piece of red candy!) are disappointing and dispiriting. The frequent shots of ravaged dead bodies are actually displayed rather discreetly, and this overall politeness may be the reason why the film is ultimately so staid. Hollywood predictably jumped on the far-fetched plot in 2008, yet the U.S. version fared no better. NO STARS from ****"
tt0366555,The Hazing,Rolfe Kanefsky,2004,87,"Comedy,Horror","This was truly dreadful! It had a terrible storyline, was poorly acted, and was like an amateur remake of evil dead but not nearly as good.<br /><br />It took all my tenacity to make it through this one, it's a good job I didn't have to visit the toilet else I doubt I would have come back! This one makes Hammer House of Horror look like a big screen Hollywood epic. <br /><br />The only value to this movie was the never ending supply of beautiful women. Not a bad one among them! <br /><br />If you want to letch with your friends after a night on the beer then this one's for you ... else avoid it like the plague!"
tt0367245,Wuthering Heights,Suri Krishnamma,2003,90,"Drama,Musical,Romance","Let me start off by saying that I didn't watch this movie at first with high expectations. It was recommended to me by a friend with mediocre taste in movies, and ""MTV"" was pasted on the front cover so I was not expecting much. What i was expecting was a tear-jerker, overly dramatic but at least effective.<br /><br />I was wrong.<br /><br />Firstly, let me start off that I had never read the book nor watched any other versions of the movie.<br /><br />The acting was my main gripe with the film. By god is it AWFUL. The main girl is pretty mediocre, but when compared to the rest of the cast she's Maryl Streep. The main ""Hero"", Heath, is just plain awful. He can sing decent sounding clichéd songs, but that's about it. His acting broke the 'sad' moments by being so bad at points that I just burst into laughter. The Isabel girl was pretty godawful too, and the brother was just a flat character that was played by an actor that couldn't display emotion whatsoever. And when he tried to, it failed miserably. Neil Patrick Harris was the only decent actor, playing Edward, although it's obvious the direction was bad because even he did not live up to what I've seen him do. Oh, and the father wasn't half-bad to my memory, but he was in the movie for such a small amount of time I can hardly remember.<br /><br />The story itself was not very good. More breakups than you can imagine. Predictable story (Until the ending, which I barely understood). EXTREMELY one-sided characters with no real depth to them... Overall just not interesting or compelling, nothing we've never seen before done MUCH better, and nothing worth watching here.<br /><br />The ending is suppose to be a tearjerker. It did nothing of the sort. The ending isn't built up at all, it almost feels like an afterthought. In fact, I had to ask my friends WHY the ending actually happened, which when they explained it to me I must have had a look on my face of ""Wait, when did they say that? What?"". Never a good sign. The editing was probably the worst I've seen, though I do understand the fade-ins-fade-outs are done because this was originally made for TV, but that's really no excuse.<br /><br />Overall, the movie is just garbage. I'm a sensitive guy, I cried during two episodes of the Simpsons. I never cried during this crap, not even close. Really, this movie is not worth your time. If you really want to see a tearjerker look elsewhere."
tt0367817,S.I.C.K. Serial Insane Clown Killer,Bob Willems,2003,97,"Horror,Thriller","Worst movie on earth. I don't even know where to begin but I hope I can save another person from punishing themselves with this movie. When it comes to acting and lighting, this movie is similar to a bad porno without the sex. The actors are some of the worst I've ever seen, and couldn't have been worse even if they were trying to make a complete mockery of this movie. The movie must have had a record breaking low budget which I'm sure was wasted almost solely on the movie's cover. This movie has now become a running joke with friends of mine and has become the standard for comparing other garbage movies. I would like to point of that no other movie even begins to compare. I feel personally responsible for suggesting a friend and me watch this movie and am surprised she still considers me a friend after the torment I put us through. Don't see this movie!"
tt0368268,Shiner,Christian Calson,2004,89,Drama,"What an unfortunate mess is ""Shiner."" I wanted to like this over-the-top, anti-film aspirant, and in fact found a number of moments with powerful resonance. Sadly, those moments are few and far between. While I appreciate some of what Calson was attempting, any advantage aspired to by bare bones, no budget cinematography was destroyed with some truly atrocious editing that benefited the movie not at all.<br /><br />While bad acting abounds in low budget (and big budget) cinema, Shiner has some remarkably bad performances that are nearly painful to watch. In particular the ""straight"" couple Linda and Young Guy. These are the two most poorly written characters offering almost nothing to the story. The acting is so abysmal and neither actor seems capable of resisting smirking or cracking up as they drearily drop their lines with an appalling lack of skill. The choppy editing almost lends the feeling that these roles were entirely gratuitous and dropped in to avoid the films being stereotypically cast as an oddball gay film. It would have been better off as such.<br /><br />With all that is going wrong for it, there are several performances that seem to capture what Calson was hoping to get. In particular the story centering on Bob and Tim. These are the two most richly drawn characters and offer the most rewards with genuinely captivating performances by Nicholas T. King (Bob) and David Zelinas (Tim). Tim is a boxer with some serious issues. Remarkably low self esteem is disguised by an almost cartoon like arrogance that he wears like armour plating. Obsessed with Tim, the seemingly harmless yet ultimately creepy Bob, stalks the boxer in classic cat-and-mouse fashion. When the tables are turned and hunter becomes the hunted, the resulting in the film's only genuine emotional catharsis. In a film so artificially hard-edged (that's a compliment) one character MUST have that revelatory break through (or breakdown, as the case proves here) and the final confrontation between Bob and Tim provide Zelinas and King opportunity to display some real acting chops.<br /><br />As played by Scott Stepp and Derris Nile, Tony and Danny seem to be the focus of the movie, and despite some bravado moments of their own (including one truly disturbing scene revealing the sex/violence obsession), but they can't seem to escape a cartoon-like artifice and it's difficult to look at - or beyond their seeming one note symphony and find anything other than the obvious.<br /><br />Ultimately this same raw material could (and should) be used to tell this story in better fashion. Alas, there really isn't much to recommend this yet, the performances by Messrs. King and Zelinas, really do offer something special and a glimpse of what might have been and are ultimately worth seeing."
tt0369226,Alone in the Dark,Uwe Boll,2005,96,"Action,Horror,Sci-Fi","It should come as no shock to you when I say that Alone in the Dark is a crappy movie. To put it bluntly, it's as if a dung monster defecated, ate the result, and then vomited. The final product would still outshine this movie.<br /><br />Seemingly based on an ancient (!) Atari video game, the movie has something or other to do with a portal to the bowels of the earth, the unleashing of demons, and ancient civilizations. Something about there being two worlds, that of darkness and that of light. (Guess which one's ours.) Oh, and 10,000 years ago a really super-duper advanced civilization opened the portal, demons came over and had a blast, then wiped out the civilization. Which is why we've never heard of them, conveniently enough.<br /><br />Christian Slater, perhaps pining for the days of Heathers and Pump up the Volume, plays Edward Carnby, a paranormal researcher to whom Something Bad happened when he was 10 years old. He's hot on the trail of one of the artifacts of said advanced civilization. Carnby used to be part of a secret institution called 713, which has been trying to figure out what happened to that long-ago civilization. But Carnby believed he wasn't going to be able to find the answers he sought, so he left the group.<br /><br />But see, these beasties are out, and they get their prey in varying ways, such as gutting them, splitting them down the middle, implanting neurological control devices in them, or just turning them into killing zombies. Yes, it's another zombie movie.<br /><br />That's about as distilled I can make the plot. It's pretty convoluted and incomprehensible. In similar movies, one might see the intrepid researcher/adventurer figure things out a step at a time, and when we the audience are mentally with the researcher, it's a lot of fun. But when the scenes shift from attack to attack with no perspective or context... not so much fun.<br /><br />The acting is dreadful, save for Slater, who (although he almost seems embarrassed to be in the movie) showed he was capable of carrying the acting load. He had to; get this - Tara Reid is cast as a museum curator! Honest to goodness, I thought I'd seen the casting of a lifetime when Denise Richards was cast as a nuclear physicist in Tomorrow Never Dies. But Reid here matches Richards, crappy emoting for crappy emoting. Hightlights include Reid pronouncing ""Newfoundland"" as ""New Fownd Land,"" Reid delivering most of her lines in a dazed, throaty monotone (kinda like she'd been on an all-night bender for the past week before filming), Reid - a museum curator, mind you - spending a lot of the movie in a midriff-bearing top and hip-hugger jeans. Oh yeah, she was as believable as Jessica Simpson giving stock quotes. Oh, why must the pretty ones be so dumb? (Note: I don't think Tara Reid's all that good looking. She looks like she's in perpetual need of food.) Almost everyone else in the cast is completely forgettable, except perhaps for Steven Dorff, who played Burke, one of the leaders of 713. Dorff's character wasn't terribly well developed, but nothing in the movie was, from the sets to the characters to Tara Reid. But I digress.<br /><br />Anyway, the perplexing and utterly preposterous storyline is tough enough to follow with the film moving at such a breakneck pace, but director Uwe Boll tosses in a pounding, mind-deadening soundtrack; it's so loud you can't hear what the actors are saying in some of the scenes! That can't be right. Given the acting level, however, perhaps thanks are in order to Mr. Boll.<br /><br />Oh, and a fun note. The opening moments of the movie include narration... of the words that are crawling across the screen at the same time. Remember the first Star Wars? You heard that now-familiar Star Wars theme while the prologue crawled. There was surely no need for narration; why do I need some doofus to read what's on the screen for me? Were the producers simply looking out for blind people? Maybe that also explains why the soundtrack was so loud - they were also looking out for hard-of-hearing people. Also, the narrator inexplicably had a lisp for the first few lines of the crawl - then lost it. Bizarre.<br /><br />Alone in the Dark is a loud, dopey mishmash of dreadful acting, an incoherent script, and ham-handed directing. Hardly a note rings true. There's so much chaos that the audience simply gives up caring about the characters and roots for their demise. Even in the dark, the demonic creatures seem cooler and much more developed by comparison.<br /><br />Ironically, since there were only three other people in the theater, I watched this Alone in the Dark. I wonder if Uwe Boll planned it that way? I can't quite give this the lowest rating, because I had low hopes for it to begin with - and because it never grabbed me enough for me to get worked up about it. It's atrocious, although Slater redeems himself a tiny bit."
tt0372873,Dragon Wars: D-War,Hyung-rae Shim,2007,107,"Action,Drama,Fantasy","I knew it wasn't gunna work out between me and D-wars from the moment we met. First its title was lazy. D war. Like writing out Dragon was too much for them. Also... you really can't be that blatant with your title unless your Blue Monkey. Blue Monkey can do whatever the hell it wants. <br /><br />The second sign of a rocky relationship between us was the story's insane progression. Here's the film, dreamy reporter guy reports on big snake tracks, flashes back to a time he and dad wandered into what must have been the competition for the store in gremlins and dreamy kid reporter finds a box that glows. Old shop keep reveals several terrible truths. That Bauraki a supposedly evil snake was cheated out of his chance to be a god. tells the kid that he's a reincarnated warrior and that somewhere in LA is his reincarnated lover and gives him a junk piece of jewelry. Shop keep also reveals that despite his obvious whiteness he's a 500 year old Asian. <br /><br />fifteen years later dreamy reporter remembers this perfectly and starts acting half crazy trying to find this random girl. cgi hijinks follow and in the last ten minutes my brain melts out of my nose. Why? Continue on dear reader if you have the Balls.<br /><br />so Sarah, the reincarnated lover, has her own flashbacks. I have the benefit of having an Asian best friend and in the scene where she starts to freak out and make a bunch of posters with Asian characters on them he tells me that whoever made this movie has no idea what their doing. Its a Korean legend and she's reincarnated from a Korean princess but everything is in Chinese. Later that night her dragon tat starts to hurt, she calls the police cause it looks like she's having a heart attack. See, in this mixed up crazy world they apparently handle heart attacks differently because the next time we see her she's locked in her room with a guard outside and a nurse claims she's crazy. I have a new phobia now, and its that if i'm ever in trouble the first responders will just assume i'm crazy. <br /><br />I have another point of contention with my harsh mistress, Dwar. There is a scene when Patrick Dempsey Jr (Dreamy Reporter) is in a café' with sassy black friend. In the scenes prior Miffed Near divinity Bauraki has killed an elephant, slithered through a suburb and killed one of Sarah's friends. See, people were afraid to come out after 9-11 happened but we must have all toughened up after that deciding coffee and pastries were worth risking our lives for. Business as usual, no way a giant snake will stop me from getting my caffeine on. If i stay inside and fear for my life the terrorists and serpentine divinities win. <br /><br />After being given a satisfying dragon on Helicopter battle my cruel lover Dwar treats me to a pi$$ and vinegar filled scene to end it all with. Bauraki has a fortress of his own and its right under LA i guess. They don't really say but Dreamy Reporter and Sarah get knocked out in a car crash that would kill lesser men and when they wake up, yep dragon palace. some retarded dialog later a good dragon snake god pops out of nowhere and the snakes wrestle/make love whatever. And i'm not kidding good snake out of nowhere. Maybe you think i'm blowing it out of proportion, i'm not there is no mention of this thing in the movie then suddenly... there! Few seconds later and good dragon becomes dragon god, sets Baurki on fire, Sarah turns into a ghost and goes with Dragon-god, dreamy reporter left in the middle of nowhere roll credits... thank god<br /><br />Now our relationship as rocky as it was had its good times. There was a guy that look like shredder from turtles and talked exactly like a tuskan raider from star wars. I'll call him Tuskan Shredder. He could do whatever he wanted whenever he wanted to it just could never be useful. He could walk through a wall in a scene where that wasn't helpful. He could go in your dreams when that wouldn't do any good and he could light ten random soldier guys on fire but not when it mattered. He was also allergic to touching that junk jewelry. I like him cause he was hit by a car twice in the same scene and made fantastic tuskan raider noises. <br /><br />The actors for the most part were great... if great somehow meant terrible. Jason Behr, whom i thought was awesome in Roswell i slowly find out can only act one way and that's pretentious, spacey and Patrick Dempsey""ish"".<br /><br />The one thing i love about this filthy prostitute Dwars is its lead actor, Bauraki. That Giant snake acted his heart out. I'd dare to say that he was better at playing a cgi serpentine demi-god of evil then John Barrymore was at playing Richard the III or Hamlet. There was emotion in every scene, stealing the thunder from his lesser mortal supporting cast. When he ate an elephant i felt like no one past, present or future would ever eat an elephant with as much feeling. He was more then an actor, he was a force of nature and he put his heart and soul into every second of this cursed project. Yes damn it, my favorite actor in this film was a cgi snake. I've got the balls to admit that, do you?<br /><br />Here's to hoping Bauraki get's more work and isn't type cast, that Jason Behr finds a range of emotion other then dreamy stare, and that i never have to watch Blue Monkey again. <br /><br />So, D-War its over. I want my CDs back and let's just be friends"
tt0374563,Captivity,Roland Joffé,2007,85,"Crime,Horror,Mystery","Absolutely fantastic. <br /><br />Now, before a legion of cinema purists choke on their lattés, allow me to elaborate. Much as I enjoyed it, this is quite simply one of the worst films I have ever seen and is certainly the worst film I've seen at the cinema (an impressive claim, as I remember seeing Daredevil on the big screen). The two leads (Daniel Gillies and Elisha Cuthbert) were unconvincing at best and downright awful at worst. Of course, they weren't helped by a script that had as much emotional depth as a Daphne & Celeste single and characterisation that was about as convincing as the OJ defence. The plot (to stretch the term slightly) was thin to non-existent and the 'gore' scenes, whilst undoubtedly brutal, were irrelevant and laughably formulaic. What plot there is revolves around a twenty-something model (Cuthbert) who is abducted, imprisoned and subjected to various visceral tortures, both psychological and physical. The torture scenes feel like disconnected set pieces and the emphasis was laid squarely upon shocking rather than scaring the audience. Whilst there really are very, very few positives to draw from this film, its redeeming features are the very flaws that make it such a dreadful film. I have never heard a more vocal audience in a cinema. Within twenty minutes, the entire cinema was in stitches and remained that way throughout. For my part I came out flushed with laughter, buoyed by a film that had ascended to the pinnacle of appalling film-making. Whichever way you look at it, this is truly a cinematic achievement and a blueprint for future directorial wannabes detailing minutely how not to make a film.<br /><br />P.S. I omitted to mention that I managed to get in to the film free...so I can afford to laugh about it. I was still tempted to ask for my money back...it really was THAT bad."
tt0374569,Che: Part Two,Steven Soderbergh,2008,135,"Biography,Drama,History","What an unusual movie.<br /><br />Absolutely no concessions are made to ""Hollywood special effects"" or entertainment. There is no background music, not special effects or enhanced sound.<br /><br />Facial expressions are usually covered by thick beards and the Spanish language is a strange monotonic lilt that sounds the same whether in the midst of a battle or talking around a campfire.<br /><br />I sort of viewed these movies (parts 1 and 2) as an educational experience, not really something to go and get entertained by. Its quite long and in places dull.<br /><br />But I suspect that given the lack of any plot development, I don't think its very educational either.<br /><br />Its also difficult to perceive any story from the movie dialogue - it would be a good idea to read up a little on the history so that you can understand the context of what is happening, since for some reason the director didn't see fit to inform the audience why Che's band was moving around the way they did - as a result there seem to be groups skulking around the woodland for no particular reason and getting shot at.<br /><br />I would have loved to give this movie more stars for somehow generating more empathy with me and developing depth of character, but somehow all of the characters were still strangers to me at the end. The stars it gets are for realism and showing the hardships of guerrilla warfare."
tt0375210,White Noise,Geoffrey Sax,2005,101,"Drama,Horror,Mystery","Absolutely one of the worst movies of the year. The plot is ridiculous, the characters poorly developed, and the premise irritatingly stupid. It all begins when Michael Keaton, fresh off of doing nothing noteworthy since Batman, loses his beautiful author wife, Anna, to a car accident, possibly caused by her driving one of those convertible VW bugs even though she's supposed to be rich. In his grief, Batman moves to a new apartment and takes up a hobby: recording nothing and then watching it. He learned this from a really fat pathetic guy who got murdered by three tall shadowy fellows who lived in his TV. Pretty soon, he starts to see dead people, thanks to EVP, or Electronic Voice Phenomenon, which is evidently this deal wherein dead people can send messages to living people through tape recorders, video cameras, dead cell phones (""Anna cell calling? But she's...DEAD!...Must be ghosts. Mhmmm. No other possible explanation. I'd better start messing around with this indiscriminately."") etc. Why they can't just write something down on a piece of paper or knock over some stuff to form creative pictograms is never explained. ANyway, eventually Batman discovers that he's actually seeing the future, and he decides to go help this woman he doesn't know. He gets out of his house just in the nick of time, because the tall dark guys enter just after he leaves (""D*mn it! Can travel between the living and dead using electronics, but I'll be d*mned if we can be on time! Am I right guys? (They nod in bemused agreement).""). He tracks this lady to a warehouse and finds out that this character from the first ten minutes of the movie (look hard, or you'll miss him!) is actually a serial killer working for three tall shadowy demons, who in Raiders of the Lost Ark style swoop down and kill him, looking like the cartoons that they are. Just then some detectives show up and save the lady. After Batman's funeral, he decides to send a message from beyond the grave apologizing to his son for being an idiot, evidently feeling that the best way to protect his kid from the horrors of EVP is to expose him to it. The little kid just smiles. Nothing phases that dude, not even when his dad, Batman of course, starts talking to TV's. The high-point of the movie was when someone's phone rang and some guy yelled out, ""It's Anna!"""
tt0378947,Melinda and Melinda,Woody Allen,2004,99,"Comedy,Drama,Romance","Woody Allen, when at his best, has one of the sharpest pens around. He can make an acute observation and wrap it around a punch line like nobody else. However, when he's at his worst his movies can stench of pretentiousness. Unfortunately, ""Melinda and Melinda"" has this stench from opening to closing. The set up is one of his more intriguing ideas in a while. Four friends sit in a restaurant discussing whether the essence of life is comedy or drama. To help settle the argument, one man relates the beginning of a story and asks the two other men arguing (one a comic playwright, the other a dramatic playwright) whether the story is a comedy or a tragedy. The two men then continue the story and the movie plays out the stories that they weave. Now, when I first heard about this film, my understanding was that they tell the exact same story, the genre (comedy or drama) only changes by how you look at it. Now that would have been interesting. However, the stories only share one main element and a few side elements. They are entirely different stories with major plot differences. The drama is so stiffly scripted and pretentious that it can only really work as self-parody. If this was the point, then it failed because these elements prevent the audience from feeling any emotional investment in any of the characters. The comedy is the story that has moments of success, but they are still short and fleeting. Will Farrell is obviously meant to be the stand-in for Woody, but he could have played this character so much more believably without adding Woody's stutters and hand-ticks. Woody is the best at being Woody. When someone else tries, they're not playing a character, they are modeling a recognizable actor. This type of thing only pulls the audience out of the story.<br /><br />My favorite Woody Allen movies make me leave the theater a little bit lighter in spirit than I walked in. This one made me wish I could get my money back."
tt0381966,Creep,Christopher Smith,2004,85,"Horror,Mystery,Thriller","This film is a perfect example of the recent crop of horror films that simply are not fully realized. There are two routes to take in horror films: either you don't really explain what's going on (or who the killer is, like in Texas Chainsaw Massacre) or give the characters a lot of back story and characterization so that everything is explained (Halloween could potentially be an example of this).<br /><br />Unfortunately, Creep fails in this area. I see absolutely no reason to give a small shred of the back story for Craig without fully capturing the essence of his character or his motivation. No character is fully realized, although the circular nature of Kate's character in the film is the most accomplished part of the story.<br /><br />In the end, this story is mostly unmotivated and none of the performances give it the necessary life to make it enthralling or interesting enough to overcome the lack of context and empty film-making that drag down the film.<br /><br />This film will go down as another example of a film (as most are) that could be so much better even though it would never be great. The only thing that was used properly in the film was the setting: the characters, story, direction, and overall writing would have benefited from a serious face lift.<br /><br />Creep does serve a purpose as a mindless, silly horror movie with no intellectual or emotional investment, but sadly, that's about it..."
tt0383153,Touching Evil,"Allen Hughes, Rod Hardy, Rob Bailey, Karen Moncrieff, Michael Robison, Rachel Talalay, Rose Troche, David Von Ancken, Greg Yaitanes",2004,60,"Crime,Drama,Thriller","This was a disappointment - none of the nuance of the original. The Brits just seem to be able to make a truly unsettling film with none of the over-the-top histrionics of the American version. The original series combined both creepy stories and subtlety of performance with great attention to lighting and settings. I have watched the series many times and am still enthralled.<br /><br />Just another poor adaptation along the lines of the dreadful adaptation of ""Cracker"". Get hooked up with BBC America or BBC Canada and watch for such delights as Waking the Dead, Spooks, Silent Witness, and Judge John Deed. Watch the original Touching Evil, then look for ""Wire in the Blood"" for more of the truly understated, elegant performance of Robson Green. Hollywood needs to have a look at this actor!"
tt0384814,Ask the Dust,Robert Towne,2006,117,"Drama,Romance","A film starring Salma Hayek and Colin Farrell, two respected and talented actors, sounds like a great idea. An independent film sounds even better. The studios will control less of the content allowing the actors and writers and director more creativity.<br /><br />But then why is this movie so bland? Ask the dust.<br /><br />This film assumes right off the bat that we are deeply invested in the characters. No one is given a proper back story, so we don't ever know why the characters act the way they do.<br /><br />Explanations for physical and emotional scars are left to our imagination, if you still have one left at the end of this movie.<br /><br />I told a friend that I went to see this film, and that I thought it was awful.<br /><br />Her question: ""Not even Colin Farrell could save it?"" My response: ""Not even Colin Farrell's ass could save it."""
tt0388595,Extreme Makeover: Home Edition,"Glenn GT Taylor, Patrick Higgins, Juan Cruz Bucich, Colin Donahue, Scott Farquharson, Jennifer Lane, David Dryden, Jack Cannon",2003,60,"Comedy,Drama,Family","I occasionally see some of this show because my wife watches it sometimes. I try to enjoy it for it's basic idea which is helping a needy family, but several factors get in the way for me. Every episode follows the same format where many parts seem totally scripted (which they are) and tears flow seemingly on cue. The attempt to manipulate the viewer with a mixture of emotional breakdowns and sad music is a real turn off for me. The fact that everyone who donates something to the house, be it Sears or whoever, has to plug themselves for being generous is also annoying. Probably the biggest problem I have with it all is that what must be huge amounts of money and a small army of workers are combined to build an amazingly over the top home for a single family. Now I know that this amount of money is nothing but a drop in the bucket for Disney/ABC but how much more could be done for more people with the amount they are putting on one house? Instead of focusing on one family and getting them all to cry during the episode why not help 10 families and show highlights? Isn't life difficult enough for the average person? Why do I need help finding things to feel sad about, why not show something truly inspiring without being manipulative? I know what is being done for these families is good, but they are also being used for ratings. You can't tell me they aren't being coached sometimes on the crying. I guess when I see these people moving into a home that most hard working people in the U.S. could not afford for their children it really bothers me. I can't help but think of what could really be done with a small portion of Disney's money. Instead of giving each member of the family a flat screen TV and or personal shower that tells you the water temperature and shoots out of the ceiling why not help more people afford food, clothes, education and medical insurance? I know so we can be entertained and have a good cry. In terms of money, I feel the same about Oprah. I don't think anyone can actually conceive the amount of money she possesses. Yes her recent reality show did good things, but when she gave $30,000 to each losing ""contestant"" I'm sitting here thinking...that's a years salary for many, many people...if they're lucky. Don't get me started on game shows. So I realize that Extreme Makeover Home Edition is ""doing good"", but forgive me if I see it as more self serving than giving of itself. Is there anyone out there that feels similar?"
tt0389957,Edison,David J. Burke,2005,99,"Action,Crime,Drama","LL Cool J performed much better in this movie that I expected! He did a fabulous job acting as a ""renegade"" cop within a ""renegade"" department. From the very beginning, he does a great job of building viewer empathy for his character and the predicament he's in. He acts as a sort of ""gentle giant"" -- a person whose rough exterior can scare anybody, yet whose heart is clearly in the right place from the very start -- and he does an amazing job. He was quite clearly the best character in the movie.<br /><br />This was certainly a performance that will not win Morgan Freeman any awards. After starring in powerhouse films like the Shawshank Redemption this film was certainly a step down. His role in Edison simply did not allow him to show his true talents as an actor -- and in terms of the conglomeration of characters placed him sadly on a back burner. There are so many ways his character (Moses Ashford) could have taken a more pivotal role. That he didn't was disappointing and a true let-down. I was hoping to see more from him in this film.<br /><br />Timberlake ought to have stayed in the music industry. His portrayal of a young journalist was poorly acted and unpersuasive. This movie is a typical action movie that (at least initially) bears some resemblance to corrupt police affairs LA has experienced in the past. Being an action movie, it has its share of shoot-em-up scenes, blood, and guts. These scenes are typically unrealistic and painfully predictable. Watching the beginning of the movie there is very little suspense as to what will happen at the end -- think of what you would typically expect in a good-cops/bad-cops conflict -- and it bears little resemblance to a REAL police shoot-out.<br /><br />What irked me most was the way Timberlake's character behaved during shoot-out scenes. He starts out having guns and not using them. Then when he finally gets around to using one he fires it as if he's been firing a gun his whole life. Then he runs out of bullets and doesn't have a gun -- and 30 seconds later, without moving or anything -- suddenly has 2 more fully loaded guns AND extra ammo?! Little plot errors like this really ruined the movie for me.<br /><br />If what you are looking for is a blatantly fictional plot in a fantasy world where everything turns out okay, then you'll probably love this movie. Personally, it doesn't matter to me what KIND of movie it is as long as it is realistic. Make me believe that the story is true. This story was so obviously fictional in so many aspects that I came away feeling unsatisfied."
tt0390614,Waqt: The Race Against Time,Vipul Amrutlal Shah,2005,153,"Comedy,Drama,Family","After the superb AANKHEN(2002) which was a remake of a Gujarati play he comes with WAQT which too looks like a stage play<br /><br />In stage plays, we have characters shouting, overacting here too the same<br /><br />The first half shows Amitabh almost kidding the 40+ Akshay Kumar who acts too funny like a small nerd<br /><br />The film has a good message how not to spoil your son but sadly the way Amitabh wants to make Akki responsible is absolutely fake<br /><br />Even his reason for hiding his sickness, his runnign from the hospital and the melodramatic speech by Akki is a put off<br /><br />Some emotions do touch you but most are too over the top<br /><br />Rajpal's comedy is hilarious but too stretched in second half <br /><br />Direction by Vipul Shah is too overdone though some scenes are good Music is okay<br /><br />Amongst actors Amitabh overdoes it in the first half but is superb in emotional scenes Akshay Kumar too does his part well but looks umcomfortable in some too weepy scenes His chemistry with Bachchan is matchless Rajpal is a highlight, he makes you laugh without overacting and just his presence and his dumb behaviour and deadpan humour he is a riot Boman is good in some comic parts but too loud at places Priyanka is the heroine so nothing to do, this is her last film with Akki so far Shefali is awesome though she looks too young for Bachchan"
tt0397524,Maiden Voyage,Colin Budds,2004,83,Action,"Yet another Die Hard straight to video rip off with cardboard villains How many more of these god awful cheaply (and badly) made rip off of the more popular action movies of the late 1980's and early 1990's are there still lurking out there? For the record (not that you will care really) this one is yet another blatant rip off of a combination of Die Hard, Under Siege and Speed 2 complete with a full complement of clichés and predictability.<br /><br />The non descript villains are the usual selection of cardboard cut out gun toting thugs who are dispatched by various means as the film progresses, the hero naturally is an ex cop or something that has family and attitude problems and of course he brings along to the party not only the usual emotional baggage but also a matching piece of eye candy and his annoying son.<br /><br />The supposed luxury cruise liner that is running between Florida and Mexico is carefully described as a cross between a liner and a ferry  this goes someway to explaining how come they appear to be larking around on a rusty cross channel ferry  in New Zealand! The acting is as wooden as the deck, the script woeful, the one liners predictable, the villains utterly inept and the plot has holes in it you could sail a boat through.<br /><br />There seems to be a never ending tide of this sort of rip off straight to video rubbish polluting the late night slots of television and the DVD bargain bins of supermarkets everywhere (although even this film is so bad it has yet to see a DVD release yet but give it time!) Is there any chance of something at least half decently made, semi believable and most important ORIGINAL?!? No, I thought not.."
tt0401711,"Paris, Je T'aime","Olivier Assayas, Frédéric Auburtin, Gurinder Chadha, Sylvain Chomet, Ethan Coen, Joel Coen, Isabel Coixet, Wes Craven, Alfonso Cuarón, Gérard Depardieu, Christopher Doyle, Richard LaGravenese, Vincenzo Natali, Alexander Payne, Bruno Podalydès, Walter Salles, Oliver Schmitz, Nobuhiro Suwa, Daniela Thomas, Tom Tykwer, Gus Van Sant",2006,120,"Comedy,Drama,Romance","Only a handful of the segments are engaging here. A segment with a garage attendant from Nigeria is heartbreaking. One with Fanny Ardent & Bob Hoskins makes its point, twist by twist until the final shot overplays things. <br /><br />The problem with this movie is that only a few of the clips invoke Paris. The others are so scatter-shot in theme, tone, volition & production that you may as well be watching ""The Years Best Commercials, 2006."" It's really all over the place. It doesn't develop over it's running time, and nothing reigns the directors in. No construct successfully joins the pieces... tedium sets in. I'm at the one hour, twenty minute point and Elijah Wood is in some dumb, over-commercial, overproduced vampire shtick. It has about as much to do with Paris as old ladies knitting in the Antartic. Fantasy shows up I think first in the Coen Brothers segment (Uh, thanks J & E for ruining another movie) and then makes way too many appearances. The point of being in Paris is that you don't need make-believe crap to make your days extraordinary. Why divide it by neighborhood if Quartier de la Madeleine is equated with vampires for some loser director? Has there ever been a genre more over-represented than the vampire film. Every three years we get the same lame vampire clichés.<br /><br />Making things worse is that the switch from segment to segment is pretty artless. The transitions get lost. This doesn't feel intentional, it feels sloppy."
tt0408309,"Carmilla, the Lesbian Vampire",Vince D'Amato,2004,85,"Drama,Horror","I honestly have to say that I could not stop watching this movie from the second that it started. Simply for how bad it was!!! It's kinda like watching paint dry only a lot more confusing. I mean you sit there and just wait for something to happen, anything in fact, preferably something that makes the whole film make sense! At the end of the film I actually sat there wondering if there was any chance at all that I may have missed the first hour that explained everything or whether I may have inadvertently passed out during the film and missed the parts that glued the plot(if there was in fact one)together! The main thing that really confused me about this movie, is nearly at the end the main girl (if there was indeed a main girl) was in some sort of alternate reality, i mean what the hell was going on at this point?! all of a sudden she awoke and was in a mental institute, chained to a bed being drugged by doctors or something, then quicker than it would have taken me to slit my wrists, it flipped back and she was getting eaten out by some random vampire!it made no sodding sense! I'm tempted to email the makers and demand my time back, i mean i wasted 2 hours of my life watching this rubbish!i am kinda interested to know if the filmmakers themselves actually knew what it was all about! just seemed someone had edited out all the bits that could have made it make sense though i think the film would have had to have been 4hrs long to make that happen! I side completely with the other person who wrote the other review, i was duped royally with this film by its title, and that alone. I'm just so sodding grateful i didn't actually buy the film, no matter how many times iv seen it in the local pound shop. You would have thought that would have given me a clue that the film was a complete pile of steaming movie rubbish but to be honest I think £1 was way too much money to spend on this film!!!! what a sodding huge waste of time and a good razor blade, i mean i wish i OD'ed, its less painful than watching this film!!!!"
tt0410162,The King Maker,Lek Kitaparaporn,2005,92,"Adventure,Drama","THE KING MAKER will doubtless be a success in Thailand where the similar (but superior) 'The Legend of Suriyothai' set box office records. The film directed by Lek Kitaparaporn after a screenplay by Sean Casey based on historical fact in 1547 Siam has some amazingly beautiful visual elements but is disarmed by one of the corniest, pedestrian scripts and story development on film.<br /><br />The event the picture relates is the arrival of the Portuguese soldier of fortune Fernando de Gamma (Gary Stretch) whose vengeance for this father's murderer drives him to shipwrecked, captured and thrown into slavery and put on the bloc in Ayutthaya in the kingdom of Siam where he is purchased by the beautiful Maria (Cindy Burbridge) with the consent of her father Phillipe (John Rhys-Davies), a man with a name and a past that are revealed as the story progresses. There is a plot to overthrown the King and Fernando and his new Siamese sidekick Tong (Dom Hetrakul), after some gratuitous CGI enhanced choreographed martial arts silliness, are first rewarded by the King to become his bodyguards, only to be imprisoned together once Queen Sudachan (Yoe Hassadeevichit) reveals her plot to kill the king and son to allow her lover Lord Chakkraphat (Oliver Pupart) to take over the rule of Siam. Yet of course Fernando and Tong escape and are condemned to fight each other to save the lives of their families (Tong's wife and children and Fernando's now firm love affair with Maria) with the expected consequences.<br /><br />The acting (with the exception of John Rhys-Davies) is so weak that the film occasionally seems as though it were meant to be camp. The predominantly Thai cast struggle with the poorly written dialog, making us wish they had used their native Thai with subtitles. The musical score by Ian Livingstone sounds as though exhumed form old TV soap operas. But if it is visual splendor you're after there is plenty of that and that alone makes the movie worth watching. It is a film that has obvious high financial backing for all the special effects and masses of cast and sets and shows its good intentions. It is just the basics that are missing. Grady Harp"
tt0417148,Snakes on a Plane,David R. Ellis,2006,105,"Action,Adventure,Crime","I chose to see this movie because it got a good score here on IMDb. But a lot of people either have really poor taste or someone's been fixing the score.<br /><br />Either way it was a real disappointment. The movie is exactly as stupid and far fetched as the title would suggest. There really is no reason to give a summary of the plot - but here goes: it felt like someone had been thinking: ""Wouldn't it be cool to make a movie where there were snakes on a plane? And then the snakes for some reason would go crazy and start biting and stuff?!?"" And that's about it! The plot is thin and unoriginal. The snakes are bad CGI (but it makes sense to cut corners on a movie that no one in their right mind will recommend to anyone!). The acting is poor, and all people are unbelievable stereo types.<br /><br />To sum it up: It's one of the worst movies I've ever seen - stay away!"
tt0419081,Psychopathia Sexualis,Bret Wood,2006,102,Drama,"I have three comments to make about this film, which I discovered hanging out forlornly in a lower shelf at Blockbuster. First off, it is interesting to see the approaches film makers take in trying to film essentially unfilmable works. Some have, as Kubrick did with ""Lolita"", gotten the original author to write a screenplay that is something like the original work. Of course that can't happen here; Kraft-Ebing is long dead. Some have used the premises of the original work as a launch point to go in a completely new, unrelated direction (the recent adaptation of ""Tristram Shandy"" comes to mind here). You can dumb it down - the film of ""Slaughterhouse Five"" is to my mind an example of that. Or you can simply take the format of the original and try to render it in cinematic vignettes. That would be the approach of Woody Allen's ""Everything You Wanted to Know About Sex"", and, arguably, this film. Upon consideration, it is probably the only thing one can do with a scholarly work like ""Psychopathia Sexualis"". The potential loss is that whatever cumulative point the original work had is obscured or destroyed. And so it is here.<br /><br />Point two is the cinematic style. Some would call it an ""homage"" to Murnau, Pabst, Carl Dreyer, etc., but I think it more crude than that. Its far too heavy handed and self-conscious to be effective for long. It is eventually just annoying.<br /><br />Point three is perhaps a less intellectual observation. How did the people responsible for this manage to make a film about wild sexual deviations and perversion that is so incredibly boring? I found the film impossible to pay attention to, and anyone who is not automatically drawn to depictions of sexual deviance will find it so as well. I don't want to be completely uncharitable and say the film is pointless, but I have to say that whatever point the film makers had is rather obscured by the nature of the source material, the overt copying of filmic styles, and the stubborn refusal to engage the audience on an emotional level (possibly for fear of being accused of titillation).<br /><br />The film is a dubious exercise from the start and doesn't really work for me, I'm sorry to say."
tt0420223,Stranger Than Fiction,Marc Forster,2006,113,"Comedy,Drama,Fantasy","STRANGER THAN FICTION angered me so much, I signed up on IMDb just to write this review. STRANGER THAN FICTION is a surprisingly complex, touching and thought-provoking movie until the very end. Once you suspend multiple lapses of logic (why didn't Will Ferrell hear Emma Thompson's voice 10 years ago when she fist started writing her book? ""The phone rang. The phone rang again."" How could she not know it's him calling? etc.), the movie challenges one's thoughts about mortality, fate, and sacrifice.<br /><br />The brief history of literary themes provided by Dustin Hoffman should especially entertain former English majors. And Maggie Gyllenhaal is always a pleasure, even though Will Ferrell might just as easily be an ax murderer as a bumbling soul. Her quick trust of him is a mighty big leap of faith.<br /><br />Ah, but the ending. Until the very end, I would have given 9 out of 10 stars to this movie. The movie as a metaphor for life's journey, as a tribute to the notion of 'writing true,' as a reminder that great literature is either comedy or tragedy, but not both, is outstanding. The entire movie leads the viewer to understand and accept the moment of Will Ferrell's fate. And no matter how endearing a character he may have become, we know full well why we will accept the ending. The last act occurs, the screen goes white, the credits roll. A profound and powerful end to an almost perfect film. An end that would have been debated for weeks.<br /><br />NO!!!!!!!!!! No credits rolled. Say it isn't so. Say Hollywood didn't tack on another 10 minutes of crap that completely undermined the integrity and heart of the movie. Dustin Hoffman got it right when he said, ""It's no longer a masterpiece; it's OK."" An apt review of the movie. Except to me, it wasn't even OK. I was so offended about the betrayal of 'writing true,' about the decision to pander the film that I actually burst into angry tears explaining this on the ride home from the movie. I don't often cry. I could care less about most movies, but I am still angry about this one.<br /><br />My questions for Zack Helm, the writer, are this: did the original movie end when the screen went white? And were you forced by the vapid movie powers-that-be to tack on an ending unfaithful to the core of the movie? Or did you tack that maudlin ending on yourself? I've read you're brilliant. I hope your original script ended the movie the first time.<br /><br />I know Zack Helm will never see this review, and I've been unable to find a contact for him to ask myself. But, please, movie-goers, am I the only one who feels this way about STRANGER THAN FICTION? One good thing came from me seeing this movie: I doubly admire LOST IN TRANSLATION now."
tt0421239,Red Eye,Wes Craven,2005,85,Thriller,"I am surprised that everyone (even the critics) seems to think this was a good movie. It was the most clichéd thriller ever made that I have seen. We have the 'bad guy' who wants to force the 'good guy' (or girls in this case) to do something or face the consequence. The 'good girl' in this movie must use her smarts and skills to defeat the 'bad guy' and save the day and her loved ones. Using charisma, bravery, and even luck to save the day. <br /><br />Where to begin? Well, a young woman by the name of Lisa Reisert meets a young man by the name of Jackson Rippner (nice name) at an airport. One coincidence leads to another and soon it seems as if fate is bringing these two together. Sharing drinks, sitting next to each other, seemingly getting along in every way... Is there more to this strangeness? Could these two be meant for each other? Does 'fate' have a reason for their strange and random encounter? <br /><br />Well, as it turns out, unfortunately yes. Jackson needs to Lisa to help him assassinate the Director of Homeland Security by moving him from one room to another so that his men can launch an attack on him. Oh, if she doesn't do this then her father is dead. Though we never learn the exact reasons why and who is really behind this madness, Jackson more then explains how this is going to happen and why its in Lisa's best interest to help him.<br /><br />Of course, Lisa defeats his evil plans with her smarts and in the process stabs him in the neck, makes him trip over chairs, and hitting him with a field hockey stick. Oh, and before that, she leads him on wild chase through Miami airport where she gets passed post 9 11 security and steals a car that she later uses to run over the man who was ordered to kill her father. <br /><br />Yeah, right.<br /><br />First of all, I find it strange that a man like Jackson who can get his hands on high tech weaponry needs the help of a hotel manager. Couldn't he just sneak a bomb into the building? Wouldn't that make it safer for him and his team by leaving out any third parties? And why do characters like Jackson also explain everything they are going to do to someone they are threatening? Doesn't that make it easier to stop them by the same people? <br /><br />The actors did their best considering the movie they were given. Racheal McAdams and Cillian Murphy are still actors to look out for. Also, I believe that Jayma Mays (who played the 'loveable' Cynthia) will be someone we will see more of. It's just too bad they all were stuck with this.<br /><br />2 out of 10"
tt0422491,The Intruder,Claire Denis,2004,130,Drama,"Claire Denis's movies seem to fall into one of two categories: the violent and bloody or the quiet and intimate. ""L'Intrus"" definitely falls into the first category, but it's not so awful as ""Trouble Every Day"" or ""J'ai pas sommeil.""<br /><br />Now, ever since I saw ""Chocolat,"" I've made it a point to see every new movie Denis makes. And I have always been disappointed. ""L'Intrus"" was no exception. She has yet to make a movie as personal and as moving as her first one. <br /><br />You get a lot of the Denis regulars: an older but still magnificent Béatrice Dalle who seems to be in the movie only to show off her full lips, the gap between her teeth, her ample cleavage, and a couple of nice coats; the black guy from ""Trouble Every Day"" and ""J'ai pas sommeil,"" Grégoire Colin, and that Lithuanian or Russian girl. Michel Subor's character was interesting enough, but the camera lingered on him at such length that I got annoyed by that curly forelock of hair hanging over his forehead and was relieved when, somewhere in Korea, I think, he finally got it cut. <br /><br />There was certainly some action--gruesome murders, a man's search for a son--and there may even have been a plot, but one viewing wasn't enough to figure it out, and two viewings are, I fear, out of the question. For one thing, the score was jarring and obtrusive (as in ""Beau Travail""). For another, the seasons changed too abruptly, leaving you even more confused about what was going on. Oh, there were a few pretty shots, and if you liked ""Friday Evening"" with its shots of the folds in heavy drapes and bedsheets, you might appreciate the aesthetics of ""L'Intrus."" Otherwise, steer clear. <br /><br />I saw this movie in French and it's possible I missed something crucial. But the dialogue in a Denis movie rarely amounts to more than five pages, double spaced and with ample margins. In ""Chocolat"" the silence is sublime; in ""L'Intrus,"" it's just dull."
tt0424095,Flushed Away,"David Bowers, Sam Fell",2006,85,"Action,Adventure,Animation","Oh if only I could give this rubbish less than one star! There were two mildly amusing parts in the whole film and that is it! one was where a line or two from the song Don't Worry, Be Happy was sung by the slugs and the other was where Roddy fell of the toilet roll and landed with his feet and legs apart so that everything else he landed on on the way down hit him in the groin. That is it there was nothing more amusing than that, at least not for me anyway! Doctornappy2 is not right in saying 'Fans of the completely terrible ""Shrek"" might enjoy, but ""Wallace & Gromit"" fans will probably turn away in disgust.' As I loved Shrek 1 2 and 3 and I also love Wallace and Gromit. You see what it boils down to is that if an animation is done extremely well then it is definitely worth watching, this however was about as far from done well as you can possibly get! The continuity mistakes were too big in number. Some were pointed out by the makers of this site others were not. I won't point out all of the others, but here are a few more to see: When the young daughter leaves at the start of the film the catch to the cage door comes down and the hook part of it that is on the right clearly goes back around behind the round knob thus effectively making sure Roddy would not be able to get out and yet he does just by simply kicking at it. At one point the ruby falls down Roddy's back and gets pushed straight up into the the air by Rita all the while the ship is moving forwards. In the next scene Roddy has caught it again. This is impossible. Seeing as how the ship is moving forwards the only place when the ruby was ejected out from under the back of Roddy's shirt the only place it could have landed was in the water not in Roddy's hand. There was a third one I wanted to point out but for now I have forgotten it.<br /><br />Too many, for want of a better word, 'jokes' were repeated in one way or another, there was not enough time to establish any sort of connection with any of the characters, the characters were hollow, shallow and empty, and the whole film left you wanting....wanting to watch 85 minutes of anything else! Paint drying or grass growing are two superb options!"
tt0427038,Carlito's Way: Rise to Power,Michael S. Bregman,2005,100,"Action,Crime,Drama","This was just a terrible movie. It hurt me to watch it. Almost every action was unmotivated within the context of the movie, the acting was really poor (P.Diddy was the best actor which really says something about the movie) and the plot was generally predictable. Some links to Carlito's Way were okay, for example his dream of one day moving to the Carribien, but on the whole they were weak. The love interest in my opinion was flat out wrong but hey that's debatable. Anyways I really wasn't expecting much before watching the movie and I guess you could say even those expectations weren't met. I feel bad for Jay Hernandez because he actually is a decent actor (Friday Night Lights). He's lucky though because I'm sure there won't be too many people watching this movie. I generally give movies a decent rating if they spark my interest at all so I'm gonna go ahead and give this one two stars. Better luck next time. And yes I did enjoy Carlito's Way."
tt0430304,Little Man,Keenen Ivory Wayans,2006,98,"Comedy,Crime","So, has it really come to this? Are we, as consenting adults, to blame for the next generation of cinema-goers lack of cinematic understanding and celluloid capability? Concerning the Wayans and Co. latest addition to the moving pictures scenario; Little Man. This United Kingdom P.G. (Parental Guidance), anyone under the age of twelve must be accompanied by a responsible adult, certificated movie, is the epitome of what has now developed into the worse case of dumbing down since cigarettes were ""wiped out"" from pictures of movie icons of the 1950's.<br /><br />The predominantly under twelve's audience here who, some without grown up supervision too, sat there, obediently, taking it all in, oblivious to their subject and the partly grown up features that Little Man portrays, in part at least too. Movies, in general, can do better than this poor attempt, while this nonsense is getting them in while they are still young and fresh, the biggest fear for the future of Cinema is that a child's ignorance just might carry on through to a grown up bliss. Cinema deserves more than this, and so do its ever growing, and in the literal sense too, audiences, this blatant cash cow feeds on the ever-impressionable minds of the young.<br /><br />There is no Cinema experience here, no open eyed wonder, no awe-inspiring respect to the magic of movies'. There is nothing but bewilderment and contempt, for the lack of substance, originality and its delivery of mind less tedium and parody of everything that is so now ultimately wrong with the Hollywood machine, for the sake of a quick buck, we must endure our future cinema audiences to the likes of this archetypal disaster movie.<br /><br />Will this have the likes of Hitchcock, Fassbinder, Leone, Kubrick and Schaffner reeling in their graves? Money they all liked, no doubt, but talent and exuberance for perfection and quality, and to a vast degree, respect for their profession and audience, they were never short off. We are seeing, once again, with the works of the Wayans clan another cliché of bad taste, while the likes of White Chicks (2004) were in no doubt a stab at the bourgeoisie of American society. The irony here is that the two leading protagonists, played yet again, by the Wayans brothers, are so much undercover, that all recognition is non-existent, this makes for a better movie too, and it is the actor Terry Crews that gives White Chicks its substance and personality, not the Wayans.<br /><br />Yet again, with their pastiche of 1970's Blaxploitation movies, as with the 1988 movie I'm Gonna Git You Sucka, this to can be seen as a comical and amusing movie, with heavy weights as Isaac Hayes, Jim Brown, Bernie Casey and the gorgeous actress Ja'net Du Bois. The point being, that Little Man has absolutely no persona of any kind what so ever, he is shallow and narcissistic, with no appreciation or value toward his followers, he quickly dives in takes your money and before we know it, has hidden himself within the cogs of commercialism. There is no recognisable effort as to where our money has been spent, after Scary Movie (2000), things could only have gone up, but alas they did not, no great pondering of artistic value and no doubt that the instalment from these intrepid movie moguls' next movies shall be straight to video, one can only hope.<br /><br />The Wayans seem to have created a movie genre all by themselves, to a certain extent; they have bludgeoned to death the movie parody, they have watered down each and every avenue and with their inevitable style. They have slowly destroyed the reputation of the last one hundred years that Cinema have given us, may the ghosts of movies past be ever so humble in their judgement, as their growing audiences, so far, seem to be, for when the bubble bursts, may they be as understanding too."
tt0430768,Wild Tigers I Have Known,Cam Archer,2006,88,Drama,"About the only thing I liked about this film is that there was JUST enough in it to keep me in my seat to the end... I kept thinking that maybe in the NEXT scene things would gel... Alas...<br /><br />Those who like Gus Van Sant's films - especially his later ones - will probably like this. Personally, I find van Sant's films to be dull, pretentious and facile. Well, he was an executive producer for this film, so it is no surprise that the film could almost have been made by him - although personally I actually liked this better than van Sant's latest efforts (e.g. Elephant).<br /><br />Contrary to many here, I did not think the film was difficult to understand or disjointed, I thought that above all it is a film that wishes to portray a certain mood - the mood of an adolescent moving slowly into the adult world - but so slowly that the changes are barely visible if at all. But I feel that the problem with the film is that ""mood"" is not enough... and not only that, but that the mood painted here is, to my mind, incorrectly chosen for the story that is supposedly happening. The dream-like quality, so closely linked to nature, is beautifully captured here, but it is a mood which belongs much more to a much younger child, one who really still does get totally caught up in watching nature unfold (waves on a beach, grasses and flowers, spiders etc). The rhythm of the film reminds me of my summers when I was about eight or nine. There is a LANGUOR to the film that is in opposition to what SHOULD be a very tense time in an adolescent life. When you are caught up in a crush on someone - or being the object of bullying at school - you are anything BUT languorous! There are only two moments that truly worked for me in the film...SPOILERS HERE - first when Logan drops the groceries and his mother throws a bit of a fit. The frustrations of an adult dealing with a klutzy kid - especially with no father present - seemed real to me.<br /><br />The second, and ONLY part of the film with any tension to it, were the scenes where ""Leah"" (Logan's re-creation of himself) phones Rodeo and tries to seduce him into phone-sex. The first reason I liked it is because the person who did the voice-over of ""Leah"" was the most convincing actor in the entire film. (It made me think of Claire Danes from My So-Called Life ...the voice even sounded like Claire.) She and Rodeo had the only scenes that seemed totally believable between the kids. And what I especially liked was the fact that Rodeo only pretended to play along... it was perhaps the best moment in the film as - finally! - we got some character development.<br /><br />All in all, a somewhat misplaced effort... we will have to see what he does in his next film before we can really say much about the director's possible talents. In the meantime, if he can get away from van Sant's influence, it might do him a world of good. Who is this director anyhow - one of van Sant's boy toys?"
tt0433360,Dark Remains,Brian Avenet-Bradley,2005,91,Horror,"Grieving couple move to a cabin on a mountain after the loss of their daughter, discovering that there may be ghosts haunting the place, restless spirits of past occupants who committed suicide. Julie Pyke(Cheri Christian)blames husband Allen(Greg Thompson)for the horrible death of their daughter due to leaving the door unlocked and the marriage has deteriorated because of it. Julie remains in a zombie state, eliciting next to no emotion, remote and numb, only photographing a nearby abandoned prison, finding a startling image of a ghoul girl clinging to the bars of a cell. Though Allen doesn't see anything out of the ordinary, Julie continues to take pictures and we can recognize that something isn't quite right. A local handyman, Jim Payne(Scott Hodges), a rather distant fellow who harbors a secret becomes a dangerous threat when it is revealed that his dead mother might have something to do with the haunts occurring to the Pykes. Meanwhile the neighbors who sold the Pykes the cabin find themselves victims as well, alcoholic Mr Booth's abuse to his wife coming back to haunt him. Allen will conduct an investigation into the history of his cabin, attempting to unravel the mystery about the place.<br /><br />Plenty of ghosts moving about in the background in this somber supernatural tale with practically every character miserable. Cheri Christian remains so vacuous and lost, it's incredibly hard to connect with her despite the fact that you understand her plight. The acting, as is often mentioned, remains frustrating because none of the characters exactly are easy to latch on to. I guess it's supposed to be this way, under their circumstances, but the trouble I had was never being able to properly embrace the Pykes due to their constant state of aloofness. Cheri comes off as cold and detached, as I figure a mother would tend to be when you lose a child in such a way, but the icy nature left me pleading inside to embrace her which I just never could. I think the right performers, even if the characters are going through an emotional turmoil, can grab the hearts of their viewers, if a humanity reaches out to us..in this movie's case, the leads are unable to do so, for whatever reason. It could've been me, I don't know. I wanted to care for them, but nothing in the characters tugged on my heart strings. Anyway, as the film continues, Allen slowly uncovers certain truths and must defend himself against his wife who has convinced herself that their daughter is among them and she won't lose her little girl again. Jim, the unstable neighbor who believes that to stop the hauntings plaguing the area he must kill the Pykes, becomes a vital threat. The ghosts remain a central part of the movie, their presence, particularly Jim's mother, established throughout, off in the distance. The finale reveals all of them as Allen must find help for his wife while trying to thwart Jim's mission. I had a hard time getting into this one due to my unease with the leads and their characters."
tt0439932,The Jane Show,"George Bloomfield, T.W. Peacocke, Brian K. Roberts, Paul Fox, Craig Pryce, Ron Murphy, Chris Deacon",2004,30,Comedy,"Here's why the Jane Show won't work. Once again Canadian bonehead producers and writers can't create a sitcom without putting some kind of different spin on it. I guess these people don't watch a lot of T.V. from the U.S. which has the sitcom model down pat. No, here we have to do something different, we have to make the A story absolutely absurd and then have a meaningful B story to try to make up for it. The characters are two dimensional and the story lines are way over the top: Forklift races??? give me freaking break. Here's a little advice for the writers of the show, Don't write funny situations, find the funny in situations. And remember, you have to be born with a sense of humor to write truly funny stuff, not just be an improv monkey."
tt0443527,The Hamiltons,"Mitchell Altieri, Phil Flores",2006,86,"Drama,Horror,Thriller","The Hamiltons tells the story of the four Hamilton siblings, teenager Francis (Cory Knauf), twins Wendell (Joseph McKelheer) & Darlene (Mackenzie Firgens) & the eldest David (Samuel) who is now the surrogate parent in charge. The Hamilton's move house a lot, Franics is unsure why& is unhappy with the way things are. The fact that his brother's & sister kidnap, imprison & murder people in the basement doesn't help relax or calm Francis' nerves either. Francis know's something just isn't right & when he eventually finds out the truth things will never be the same again...<br /><br />Co-written, co-produced & directed by Mitchell Altieri & Phil Flores as The Butcher Brothers (who's only other film director's credit so far is the April Fool's Day (2008) remake, enough said) this was one of the 'Films to Die For' at the 2006 After Dark Horrorfest (or whatever it's called) & in keeping with pretty much all the other's I've seen I thought The Hamiltons was complete total & utter crap. I found the character's really poor, very unlikable & the slow moving story failed to capture my imagination or sustain my interest over it's 85 & a half minute too long 86 minute duration. The there's the awful twist at the end which had me laughing out loud, there's this really big sustained build up to what's inside a cupboard thing in the Hamiltons basement & it's eventually revealed to be a little boy with a teddy. Is that really supposed to scare us? Is that really supposed to shock us? Is that really something that is supposed to have us talking about it as the end credits roll? Is a harmless looking young boy the best 'twist' ending that the makers could come up with? The boring plot plods along, it's never made clear where the Hamiltons get all their money from to buy new houses since none of them seem to work (except David in a slaughterhouse & I doubt that pays much) or why they haven't been caught before now. The script tries to mix in every day drama with potent horror & it just does a terrible job of combining the two to the extent that neither aspect is memorable or effective. A really bad film that I am struggling to say anything good about.<br /><br />Despite being written & directed by the extreme sounding Butcher Brothers there's no gore here, there's a bit of blood splatter & a few scenes of girls chained up in a basement but nothing you couldn't do at home yourself with a bottle of tomato ketchup & a camcorder. The film is neither scary & since it's got a very middle-class suburban setting there's zero atmosphere or mood. There's a lesbian & suggest incestuous kiss but The Hamiltons is low on the exploitation scale & there's not much here for the horror crowd.<br /><br />Filmed in Petaluma in California this has that modern low budget look about it, it's not badly made but rather forgettable. The acting by an unknown (to me) cast is nothing to write home about & I can't say I ever felt anything for anyone.<br /><br />The Hamiltons commits the cardinal sin of being both dull & boring from which it never recovers. Add to that an ultra thin story, no gore, a rubbish ending & character's who you don't give a toss about & you have a film that did not impress me at all."
tt0443632,The Sentinel,Clark Johnson,2006,108,"Action,Crime,Thriller","There is good. There is bad. And then their is The Sentinel, a bottom-barrel political ""thriller"" that ranks among the worst movies I have ever seen. The plot of a mole in the Secret Service is a good one, but never has a movie with so much potential been so utterly butchered. Directed with ham-handed ""edginess"" by Clark Johnson, every actor in this film seems to be working on autopilot. Even the great Michael Douglas looks bored here. I can honestly say I have NEVER, in all my life, viewed another film with so many glaring plot holes. The twist is predictable from square one, and the character's motives are so utterly ridiculous that they inspired laughter from the audience. Avoid this at all costs. This is a catastrophe of a movie with no redeeming value."
tt0444628,Fay Grim,Hal Hartley,2006,118,"Action,Comedy,Thriller","It's hard to believe that this is a sequel to Henry Fool. Hard to believe that the same director and actors were involved in both movies. While Henry Fool is refreshing, witty, comical, Fay Grim is slow, boring, and doesn't go anywhere. Where has the wit gone? I am baffled.<br /><br />It is 10 years since I saw Henry Fool and many of its dialogs and scenes are still vivid in my memory. Fay Grim is painful to watch. This is no fault of the actors, who are good (Parker Posey) or great (Jeff Goldblum) -- the blame lies entirely with the plot, the dialog, and even some of the filming (low budget is no excuse). A huge disappointment. <br /><br />Sorry I couldn't pay attention to the plot, I was so bored, so disappointed... if you enjoyed this one you might not enjoy Henry Fool so much... the two movies have absolutely nothing to do with each other... there is no continuity in the characters' personalities... it's all a fraud to entice fans of Henry Fool to watch the sequel.<br /><br />I'm switching this off now -- Henry in some sort of jail with a Taliban?!?!"
tt0444736,The Naked Brothers Band: The Movie,Polly Draper,2005,90,"Comedy,Family,Music","A very bad attempt at a young spinal tap. At least the music in spinal tap was good.<br /><br />This is really a very sad case of Hollywood nepotism at it's worst. A bunch of Hollywood execs, bad musicians and producers create some ""poopie"" show so their kids can be in the spotlight. Oh please!!! The potty humor was even bad. I hate this stuff when there is really incredibly talented kids (musicians, actors and artists) out there busting their butts to have success and this crap comes along.<br /><br />Help u all!!!! Why wasn't Gene Simmons in it??? Ameriac's taste in entertainment is going down the toilet."
tt0446685,Drawing Restraint 9,Matthew Barney,2005,135,Fantasy,"I can appreciate what Barney is trying to achieve, but after sitting through this last night at a college movie house, I couldn't help but think...when is this gonna end? A very long and ponderous two hours and fifteen minutes. I had only seen a part of Cremaster 3 on DVD and thought I knew what to expect. That said, experimental films such as this are better digested in small increments. There are a couple of beautiful/horrible images...including the title sequence (no kidding), but if you go into this expecting any kind of plot or meaning, then you are in for a long, snooze-inducing ride. I managed to stay awake for the whole thing (if that's a compliment) but more often than not, I was waiting for some kind of meaning or narrative...big mistake. Among the collection of images are a very ornate gift-wrapping ceremony, the creation of a disgusting dish of what appears to be petroleum jelly slabs formed with a cookie cutter and sprinkled with shrimp (this is served to the crew of the ship which is shown throughout the film), a large blubber cheesecake with a large tentacle turd placed in the center of it, and the mutual evisceration of Bjork and director Matthew Barney which eventually culminates in some bizarre kind of communion, followed by their transformation into whale-like creatures. The soundtrack is at times beautiful and annoying...sometimes even maddening. At one time, there is a song being sung by Bjork to go along with the ephemeral rituals being played before us, and at other times there is just a constant droning of a high-pitched instrument, which we see a mysterious woman playing at the beginning and end of the movie. If this sounds like it doesn't make sense, that is because is DOESN'T! If this sounds like your cup of tea, then you will absolutely LOVE it! If this sounds like something that you probably won't like, then stay far away from it, because you will most likely walk out of the theater during the halfway mark like several people at the screening I attended. This is the very definition of an art film. You get from it what you take from it. But otherwise, there really isn't much there, other than a few oddities and constant construction and deconstruction rituals. I'm glad that there is a place for films such as this, but I can't say I would want to sit through it again. However, I can't say I wouldn't want to see one of Barney Cremaster films from start to finish and compare it with this. I think, perhaps now that I know what to expect I might enjoy something like this more. To give you an idea of what kind of comprehension factor this film has, I probably would've liked it better if I had gotten stoned. Then again, it could've felt twice as long as it was, and then it would've REALLY gotten ponderous. Definitely not for everyone."
tt0448075,The Night Listener,Patrick Stettner,2006,91,"Crime,Drama,Horror",This movie is a mess. I'm surprised it even has a theatrical release. WIthout Robin Williams it would have gone straight to video. It is poorly written. It is poorly directed. It's worse offense is that it has taken an interesting topic and reduced it to a ridiculous and BORING thriller that has no thrills and no suspense and no inner or emotional logic.Especially after the first half hour the movie dovetails into a series of ridiculous set pieces that are so over the top that the audience I saw it with was laughing at it. Save your money. The trailer is totally misleading - it is not suspenseful and there are no thrills - in fact the movie's truly worst offense is that it is simply boring.
tt0450238,The All Together,Gavin Claxton,2007,84,"Comedy,Drama,Romance","It pains me to write such a scathing review but by not doing so I'm simply encouraging these people. First off, just because a film is made on a small budget does not automatically make it good nor endearing. In fact in this case, the small budget is probably the films sole achievement in that it prevented large sums of money from being squandered on a one legged race horse with the shits. Have you ever seen a comedy at the theatre? Ever heard people laugh and thought ""what the dickens are you on""? Well even these twats weren't laughing. Things got so bad by mid way my cat took his first ever bath. This is not film, this is children....no monkeys making images that leave you feeling like moving to France. Got to go, there's a clown at my door............."
tt0453671,Garam Masala,Priyadarshan,2005,146,"Comedy,Romance","I never understood why some people dislike Bollywood films: they've got charismatic actors, great dance numbers, and heightened emotion--what's not to like? What I didn't realize was that I had only seen the upper-crust of Bollywood. Then I watched ""Garam Masala"". I could tell from the first scene that this was not a movie I was going to like (the film opens with a montage of the two leads driving around a city and apparently happening serendipitously on a series of photo setups populated with gyrating models), but I kept hoping things would improve. Sadly, they didn't. The main problem is that the two protagonists, Mac & Sam, are completely unsympathetic. They spend the entire movie lying to women--and lying brutally- -in order to get them into bed, and the audience is supposed to find this funny, and be charmed. The boys are unscrupulous and inept, and not in a lovable way. Mac even goes so far as to have one of the women drugged in order to keep her from discovering his cheating. The script is extremely poor, with repetitive scenes, setups that never lead to anything, and illogical actions and statements by the characters. In fact, the characters are never really developed at all. The males are boorish, greedy jerks, and the women merely interchangeably beautiful. If you go by this movie, you would think that ""air hostesses"" are pretty easy to pass from man to man. In reality, betrayal is not so humorous. <br /><br />The only bright spots I found in the movie were one dance number that had brilliant sets, and a few slapsticky moments involving the French-farce, door-slamming aspects of the story. But Bollywood dancing is better enjoyed in movies choreographed by Farah Khan, and for slapstick you might as well just go straight to the silent comedies of Buster Keaton and Harold Lloyd, who seem to have influenced writer/director Priyadarshan not a little. Priyadarshan also takes false credit for inventing the story: the basic premise of the plot is stolen from the 1960 play ""Boeing Boeing."" The original author of that work, Marc Camoletti, is credited nowhere. At least Priyadarshan changed the title for this remake, rather than brazenly using the original without giving credit, as he did in his 1985 version of this same tale. (According to IMDb's credits list.)"
tt0455507,The God Who Wasn't There,Brian Flemming,2005,62,"Biography,Documentary,History","Let me start by saying that I totally agree with the basic thesis of the film, that there probably was no historical Jesus and Christianity is a sham. With that said, this movie does a pretty poor job of proving that thesis. It makes good arguments--the gap between Jesus' theoretical life and the writing of the Gospels, filled only by the writings of Paul, who doesn't indicate a historical Jesus--and then utterly fails to convincingly argue them. It makes broad statements without presenting the evidence the statements are based on, and it resolutely ignores counter-arguments presented by Christian apologists. The intellectual dishonesty, emotional manipulation, and lack of serious argument are obvious, and stunning. The only Christians we hear from in the film are the head of the filmmaker's old school--who comes off like a reasonable, rational person attempting to deal with a twit with a chip on his shoulder--and various Christians encountered apparently at random in a parking lot. I'm sorry, but revealing that average Christians don't know much about their religion isn't exactly damning evidence of Christianity's fraudulence. You may as well claim that Jay Leno has disproved the existence of Michael Dukakis on his Jay-Walking segment. The interviews with experts can be interesting, but the film is filled with too much of, let's be honest, the filmmaker just being snarky. Within the first five minutes the film has already conflated Jerry Falwell with Charles Manson and the writers of the Left Behind series with the Branch Davidians. And by the end, the film becomes so self-centered that there's no rational argument left, just an angry former Christian lashing out at the people and places he blames for his messed up childhood. Y'know, maybe that movie could've been interesting, but it's misplaced in a documentary about the historicity of Jesus, and it's so self-congratulatory as to deflate any sympathy. This is a Michael Moore film without the humor or the film-making acumen combined with a Richard Dawkins book without the wit or the intellectual rigor. Skip it."
tt0455538,How to Lose Friends & Alienate People,Robert B. Weide,2008,110,"Biography,Comedy,Drama","(Rating: 21 by The Film Snob.) (See our blog What-To-See-Next for details on our rating system.)<br /><br />Here's a movie that will have you clawing at your own face in an attempt to earn release from the on-screen tedium. <br /><br />You'll not be wringing your hands, nor rolling your eyes, nor sighing into your popcorn. No indeed. For a movie of *this* averagousity, only clawing at your own face will do. <br /><br />When you begin to claw your own face -- as begin you must! -- start in at the lower portion. You'll need your upper portion, with its handy tear ducts, intact for the Truly Tear-jerking third act which may bring you to your knees if you haven't clawed your way clear of the entire theatre by then. <br /><br />In a season celebrating Joe Six-Pack and Hockey Moms as the new Gold Standard for leadership and foreign diplomacy, permaybe a movie this tedium will be welcomed as A Thing that anyone could create. *Watching* it, however, is a much more dangerous undertaking. <br /><br />Here's our story... <br /><br />Sidney Young, the London publisher of a fourth-tier celebrity/entertainment magazine is just about to see his magazine go under. He needs a miracle, and what he gets is a phone call from New York City, in the USA.<br /><br />The publisher of Sharp's magazine, Clayton Harding (played by Jeff Bridges) says ""Come work for me!"" With his own employees carrying out the fax machine out of his apartment/office in the background, saying ""Yes"" is a no-brainer.<br /><br />Soon Sidney is at work in New York City, doing allllllll the wrong things. His interviews consist of asking Broadway musical directors if they are (1) Jewish, and (2) gay. <br /><br />He kills the pet dog of Sohpie Maes, the industry's hottest movie star, when she leaves it in the magazine's offices during a business luncheon.<br /><br />This is a spot of bad luck for everyone, for, among other things, Sidney imagines that he is in love with Maes, before he wakes up to the Dunst character.<br /><br />Worst of all, he totally alienates Alison Olsen (played by winsome scripting-confusion by Kristen Dunst), a colleague assigned to show him the ropes of the magazine *and* The Big Apple. (We have, of course, been to a movie before, and so we know how this relationship is going to end up. This is therefore why we'll need intact tear ducts for the movie's third act.)<br /><br />The problem with The Thing is, the script just never jells, excepting for the one tear-duct set piece in which True Love prevails.<br /><br />Publisher Harding is supposed to be a son-of-a-bitch who also wants to just throw the whole job over. The script never comes down firmly on one or the other sides of this dichotomy, however, and Bridges is left to twist and waffle in the breeze.<br /><br />Alison Olsen is supposed to despise Sidney Young, but whenever he comes up to her (as he does constantly) she makes a point of engaging him in conversation, instead of attempting to discourage his existence.<br /><br />The ""comedy"" of early scenes is built around a piglet destroying an expensive hotel room, and then taking the elevator downstairs to urinate on the expensive high heels of a celebrity at a cocktail reception.<br /><br />The hot starlet Maes confesses that she is attracted to Young because he is ""wounded."" The character never shows us *why* he is wounded, however. This is yet another resultant of the movie's mortally wounded script.<br /><br />At one hours and fifty minutes, This Thing feels longer (and more deadly) than Napoleon's retreat from Moscow. It is uninspiring, unfunny, unredeemable, and not even rentable. Run Away"
tt0455829,Vettaiyaadu Vilaiyaadu,Gautham Vasudev Menon,2006,174,"Action,Crime,Drama","Filmatography: Excellent, nice camera angles (I don't remember seeing a movie of late, with good close-ups, until this one). Could have avoided gruesome scenes with a soft camera. NY is pictured good.I liked the upside down angles, in particular (a different touch).<br /><br />Music: Not impressive. Songs don't stick around in your mind even after watching the movie. May be, I expected same quality like ""Anniyan"". A disappointment. <br /><br />Actors: Kamal needs to slowly pull away from hard-core action sequences. His age and belly really show up. Also, he should avoid close romantic sequences going forward. It was a very awkward to see a mature/aged star still trying to play like a 20+ heroes scenes. Love can be expressed at any age; as we get older, you still can express love nicely from a distance (without touching a woman too much. For example, the love expressed by Rajinikanth in ""chandrmukhi"").<br /><br />Jyotika just appears for the namesake in the movie. Not sure why she accepted this. Well, that is not my problem, I guess.<br /><br />Others just have a small presence.<br /><br />Direction: I expected Gautham to excel (or measure-up) to his other movie ""Kakka Kakka"". He disappointmented me. It took a long time to release the movie due to various issues. He slips in few scenes. Even abvious things got slipped from a famous director.<br /><br />Overall: Just a okay movie. Too much graphics. DEFINITELY not for kids (and adults who expect some kind of ""Entertainment"").<br /><br />Thx"
tt0459387,The Great Ecstasy of Robert Carmichael,Thomas Clay,2005,96,"Crime,Drama","This movie commits what I would call an emotional rape on the viewer. The movie supposedly caused quite a stir among the critics in Cannes, but for me the final scene was just a pathetic attempt for a newbie director to get himself noticed. Hardly a voice in the discussion on the issue of violence, drug abuse or juvenile delinquency (or any other issue, for that matter).<br /><br />The main character's metamorphosis from good, but troubled boy to the vicious rapist is virtually nonexistent, whereas the rape scene (being an over-dragged, exaggerated version of the rape scene from ""A clockwork orange"") is unbearable and I refuse to comment on its aesthetic values. There are some things an artist should not do to try and achieve his/her goal. At least in my opinion.<br /><br />To wrap it up: shockingly brutal, revolting and NOT WORTH YOUR TIME. See ""A clockwork orange"" or ""Le pianiste"" instead."
tt0459392,SharkMan,Michael Oblowitz,2005,92,"Action,Adventure,Comedy","If you read my review of SyFy's ""Dinoshark"", you know that I can appreciate the low-budget schlock that these made-for-television movies can provide. They're stupid...they're silly...but they're still pretty fun in a ""so bad, it's good"" kind of way. So, still smacking with guilt for liking (and recommending) the undeniably hokey ""Dinoshark"", I sat down to watch ""Hammerhead: Shark Frenzy"", a SyFy Original Movie about a half-man, half-hammerhead monster terrorizing people on an island. With the SyFy Channel's sure-fire recipe for creating B-movie creature features and a cast that includes William Forsythe and Hunter Tylo, how could it possibly go wrong? Well, to my surprise, it actually misses the mark...not by much, but enough to make me not recommend it. Why? Well, first of all, its titular monster, the dreaded hammerhead-human hybrid, takes a backseat to a bunch of faux-military thugs who really become the movie's primary villain. Though the hammerhead does rack up the body count, he (or it or whatever you call the thing) only arrives just before someone is going to be munched upon and leaves directly after. The rest of the movie is filler, pitting our heroes against the aforementioned soldiers. That, to me, is just not as compelling as watching a walking hammerhead eat people! <br /><br />Please Read The Full Review On My Blog: www.horrormoviejournal.blogspot.com"
tt0461642,7 Dwarves: The Forest Is Not Enough,"Miguel Angelo Pate, Sven Unterwaldt Jr.",2006,95,"Comedy,Fantasy","Despite what a lot of other people thought about the first movie, I really liked it. This one however. How to sum it up in one word?: This movie is (and here comes the word): CRAP!<br /><br />But let's look at it part by part: Here is the plot: Finally the old queen has been removed from her castle, but her successor: Snow white has problems of another sort: The Court-Jester, Father of her son, has gone astray, as the super, Spliss, goes to the extreme, to battle his gray hair and sells the royal offspring for some blond and full hair. In her desperation Snow white seeks the help of Bubi (Otto Walkees),who must first find his other six dwarf companions and then try to find the royal offspring or at least try to find the name of Rumpelstiltskin.<br /><br />The whole plot seems to have been written on a weekend, where the writers were very drunk but were just under pressure from the studio to write the screenplay. <br /><br />Yes, there are some good jokes. Even for fans of the first part, or for fans of any of the other actors, it's really not worth buying the the DVD. Believe me. <br /><br />The only thing, that at least kind of saves the movie from complete oblivion, are the performances of some of the actors. That's why I gave the move 3/10. Sadly, the script is so bad that none of the actors or all of them combined can make up for the bad story.<br /><br />For example, at one point, they even cross over in our reality, and sadly.. they don't do anything funny while being here. <br /><br />Still, a lot of great actors in this movie: Otto Waalkes, Ralf Schmitz, Martin Schneider, Nina Hagen, Cosma Shiva Hagen, (Especially funny): Rüdiger Hoffmann as the mirror, Helge Schneider and many more but sadly all these comedians aren't able to bring this really bad script to life. <br /><br />Maybe it is a treat for some hardcore fans but for regular movie goers or by now DVD Renters or buyers it's not worth the money. <br /><br />I even regret renting the movie."
tt0461887,Space Race,"Mark Everest, Christopher Spencer",2005,240,"Documentary,Drama","I've just visited Russian forum of our TV-channel that had showed this film. Well... 99 per cent of active Russian audience is disappointed. We wanted to see more true facts of our space achievements in this film. But authors had in mind something else... :( We are big and beautiful country with intelligent people living here. We are proud of all our space dreams, real achievements on the one hand in this field and in science on the other hand. So I'd like to ask authors: Where is our LUNOHOD? And where, the Hell our MIR station? Ah? I'm quite sure, that LUNOHOD events took place much earlier Armstrong's ""walk on Moon"". And to comment numerous technical and science mistakes - I really have no time and enough space here! Se our constructive critics in Russian forum on www.1tv.ru"
tt0463392,Zombie Nation,Ulli Lommel,2004,81,Horror,"This film has to be the worst I have ever seen. The title of the film deceives the audience into thinking there maybe hope. The story line of the film is laughable at best, with the acting so poor you just have to cringe. The title 'Zombie Nation' implies a hoard of zombies when in fact there are six in total. This cannot be categorised as a horror film due to the introduction of cheesy 80's music when the zombies 'attack'. The zombies actually talk and act like human beings in the film with the only difference being the make up which looks like something out a La Roux video. If you ever get the chance to buy this film then do so, then burn the copy."
tt0464095,The Lives of the Saints,"Chris Cottam, Rankin",2006,97,"Comedy,Drama","The Lives of the Saints starts off with an atmospheric vision of London as a bustling city of busy, quaint streets and sunshine. I was hoping it would maintain this atmosphere, but it gets bogged down in a story that goes pretty much nowhere.<br /><br />Othello works for big, fat Mr. Karva, his crime-boss step-dad (at least I think that is what he is supposed to be because it's never really defined, but he does drop kittens into deep fat friers, so trust me, he's a prick) doing scrappy little errands while his skanky girlfriend gives daddy hand-jobs. One of his colleagues is Runner, a black dude who is always dashing from A to B. Until the day he comes across almost mute homeless child who grants him his wish of being able to stop running. Runner dumps the lost boy in Othello's flat, where he promptly starts granting more wishes. Keen to have some of his own desires fulfilled, Karva has the boy kidnapped. But he isn't sure of what would really bring him happiness. Is it the innocence of being a child again or is it another hand-job? Either way, I don't want to see the little boy grant him the second.<br /><br />It just takes ages to get going and there are loads of repetitive scenes. The ending tries to be shocking but since there's hardly any back-story on investment in any of these characters it only serves as a release for the bored audience.<br /><br />Writer Tony Grisoni, a favourite of Terry Gilliam, tries to blend in some kind of religious allegory which ends up being pretentious as all hell, ironically. If he gave us something more accessible or at least had better explanations for the characters suddenly acting all weird then it would have been a more enjoyable film. As it is, we are introduced to a bunch of annoying loudmouths who then miraculously seem to develop intelligence when confronted by the mysterious boy. Who's origins are never revealed. That's just plain irritating! <br /><br />Aside from sporadic moments of atmosphere and a moody score, this film has little to recommend."
tt0465643,Time of Her Life,Steven M. Smith,2005,93,"Drama,Fantasy","It's one of those dramas that's so bad that it almost hits the point of being very funny, the script is absolutely dire, direction appalling, lighting purely armature, the only thing letting it down from a true so bad it's good feel is that the sound design is only quite bad; it adds no suspense to the story although trying hard, but doesn't at least destroy any speeches. There's continuity problems of seasons of out door shots throughout. And finally last but not least the acting is appalling. For a professional production it very much has the feel of a university media project you have to feel sorry for the sorry for anyone who had to put their names to this."
tt0466500,Life Hits,Christian E. Christiansen,2006,93,Drama,"Råzone is an awful movie! It is so simple. It seems they tried to make a movie to show the reel life. Just like Zappa did many years ago. But unfortunately Denmark lacks good young actors. Leon are by many still the little girl in ""krummernes Jul"", and Laura is simply not good enough to play such an important role. several times in the movie she plays with out soul and this is destroying the movie!<br /><br />Even though i consider it a movie you ought to see. I do not agree that the youth are behaving like this, but i think it can show how it can end, if you are letting your child down. Also it is important to support danish movies and new companies like ""Film folket""!<br /><br />all in all I think people should see Råzone. Not because it is a great film, but because it is a movies which is dealing with important themes. I also think it is important to point out that there are some violent scenes in it, and actually it is in these scenes, Laura is acting best. - like the ending where she is holding the gun!"
tt0468482,Fungicide,Dave Wascavage,2002,84,"Comedy,Horror","This was just horrible the plot was just OK, but the rest of the was was bad . I mean come on puppet and then they even tried to make the movie digital and that made it even worse! Normally I would like low-budget movie but this was just a waste of time and almost made me want to return the set that it came on. I have about ten low-budget movie set with like 6-8 movies on them and I would have to say this is the worse movie out of all of them. Also the wording is off and they use a fake plastic machetes that doesn't even look like a real one, they could of used one that looked even a little close to a real one so save your time and money and don't watch this horrorible movie."
tt0469913,Good Time Max,James Franco,2007,79,Drama,"The movie is about two brothers that are supposed to be alike - but are not in any way expect for being smart - one is a surgeon and they other is able to write a computer code. Geniuses as they like to call themselves which sounds very exaggerated if you compare it to personal characteristics can you perceive from the material of the title.<br /><br />I honestly didn't like the style of the movie. I believe that anxiety, confusion and deep blues it brings are there for a purpose, but what I don't get is why there is so much of it. The movie is cheap on scenes and tells the story basically with no human aspect in it at all. It gives the comic book like experience. However it's visually numbing the viewer, it somehow brings him inside the blues with brief dialogs, monotonic scenes, dynamic cut, music and abrupt noises.<br /><br />The movie's storyline is very simple, most of what's going on is being dramatically pictured for long minutes, mostly in confusing delirium simulating effects of drug use and dynamic cuts.<br /><br />I will say openly that this movie didn't meet my expetations a tiny bit."
tt0473310,Ram Gopal Varma Ki Aag,Ram Gopal Varma,2007,171,"Action,Adventure,Comedy","Sholay: Considered to be one of the greatest films. I always wondered if they would ever remake being the classic it is. That was the time RGV announced this movie and I was somewhat excited to see it. I always thought that maybe this will be a good movie, but every week we would here RGV change something. And the movie is a very B-Grade movie, something that I had not hoped.<br /><br />I really tried looking for positives, but I promised to keep Sholay out of my mind. The cinematography is awesome. The movie tries to be its own. But that is the up side. The action sequences are weak. The screenplay had potential. The biggest flaw is editing. None of the scenes excite you. For example, the comedy sequences felt very out of place and forced. Ironic because comedy was just as entertaining in the original. And none of the characters are developed. And no scenes will linger until the end. And the ending was very disappointing.<br /><br />The biggest question is acting. Amitabh Bachchan was good as Gabbar Singh, nothing great. It seemed as if they concentrated too much on his look, that the character only looks menacing, but you don't get creeped out. Mohanlal is barely in the movie, but he impresses in his few scenes. Ajay Devgan was decent. It wasn't so much the performance, he gave it his all, it was the weak script. Prashant Raj is very confident, and has potential to make it far with better movies.<br /><br />I had most expectations for Sushmita Sen, who was probably the best of the lot. She was expressive, but this still was not enough. Nisha Kothari surprised me. She seemed disinterested for the most part, but her emotional scene after her friend's death was quite good. Seems as if she needs to find a director who will help her talent, not her cute looks. But what disappointed me most was chemistry. Ajay Devgan and Prashant Raj didn't look like friends. Ajay-Nisha were not a strong couple. No passion was to be found between Sushmita and Prashant. And Amitabh and Mohanlal did not the hateful passion they needed.<br /><br />As for songs, they pretty much suck. Urmila's Mehbooba was too overblown and I pretty much slept through it. It was however nicely danced. The Holi number was enjoyable, but not memorable. Same went for the other songs. For someone who looked forward to this movie, I was heavily disappointed. I had high hopes for RGV because of his Jungle, but seems as if he lost his talent during the shooting of this movie. But hopefully he regains his talent for Sarkar Raj. But this movie is best forgotten. All the positives still do not make up for the boring movie it is."
tt0473356,The Flock,Wai Keung Lau,2007,96,"Crime,Drama,Mystery","Although THE FLOCK has some pretty good acting by veteran Richard Gere, and some okay shots that might harken some back to THE SILENCE OF THE LAMBS days, the movie stretches credibility to the breaking point and destroys itself against a plot that really leads nowhere.<br /><br />The film is about Erroll Babbage (Gere) who works for the department of safety and is preparing to retire. His office thrusts upon him his replacement, Allison Lowry (Claire Danes, STARDUST), who quickly discovers that Babbage is obsessed with his job. And that job ain't very fun. He monitors hundreds of sexual offenders who are on parole in his jurisdiction. Allison goes with Erroll on many calls to check up on his ""flock"" of offenders and learns that he is in desperate need of retirement. But Erroll is good at his job even if his methods aren't. He taunts sexual predators and even has physical conflicts with them. Erroll justifies his actions by bringing up these deviants' pasts. It is this ""good justification"" that challenges the audience on some level, letting us see how brutal Erroll is and yet how out-of-touch he's become (by being too close to his job).<br /><br />When a teenage girl goes missing in Erroll's ""area"", he immediate leaps to the conclusion that she was abducted by one of his flock. But how could he know? Is Erroll that good at his job? Allison challenges him and Erroll pushes back. Their battles become as fierce as Erroll's need to find this missing girl.<br /><br />Although the set-up for the story was okay, it didn't have any umpf! I will give credit to Richard Gere, however, who plays the Erroll character very well. Battling retirement. Worried about everyone who's near his flock. Disgusted with those he's responsible for overseeing. Disgusted with himself for having to do some of things he does. Quite a change in character portrayal for Gere. But beyond him there's not much else. Some of the sets are okay (dark and dangerous) but there are so many other problems as to be laughable.<br /><br />I'll be the first to admit that suspending disbelief is a requirement whenever watching films. But that suspension has limits. The biggest push against those limits is the destruction of EXTREMELY vital crime scenes. Someone as meticulous as Erroll would KNOW that moving a body would be a huge no-no. Or trampling through a crime scene. Or moving evidence. It went beyond and hurt the film to no end.<br /><br />The other damaging part of this film is that we never get into Clair Danes' character, Allison. She's almost dropped by the wayside at the end of the film and we're never privy to what her intension might be: Will she stay or leave? Will she end up like Erroll if she does stay? This isn't a horrible film as it does touch on some uncomfortable moral ground, but the story as a whole needed to be tightened up."
tt0473553,The Tooth Fairy,Chuck Bowman,2006,89,"Horror,Thriller","When I saw this movie cover, the first thing I thought was that it was made for video. The second thing that came to mind was how similar this looked to another terrible movie ""Darkness Falls"", the tale of this dumb witch who killed people in the dark. Unfortunately, Darkness Falls was quite the masterpiece compared to this pile of garbage, and this movie should not have been made.<br /><br />The film starts off with a small back story for the witch, or, more like a pointless introduction of two little kids who are going to go meet the tooth fairy in hopes of her giving them a shiny new bicycle for their tooth. The opening is filmed poorly, and like the rest of the movie, it's certainly not scary. In present time, the movie is about Peter (Lochlyn Munroe). Peter's renting out his house, and his ex-girlfriend Darcy (Chandra West), and her daughter Cole come to stay there. Cole meets a neighborhood child, and they talk of the Tooth Fairy, and how you shouldn't lose your tooth, or she'll come for you. Unfortunately seconds later, it looks like the Tooth Fairy steals her bike and knocks her tooth out (How ironic). Will Cole survive the wrath of the Tooth Fairy, and will her mother and Peter be able to save her, and rekindle their romance...this is a bad movie, you could probably figure it out.<br /><br />One of the main problems with this idiotic film is how undefined the Tooth Fairy is. They say she kills you if you lose your tooth, but nope. She's more like a serial killer who kills at random, and if you lose your tooth, you're definitely going to go. She steals a bike, so apparently she's a thief too. I said earlier that the idea for this movie was based on Darkness Falls, but where did they get the inspiration for the Tooth Fairy's appearance? Let's see. She looks like a burn victim, and she previously went around the neighborhood slaughtering children. Hmmm...it's almost as though she's an exact rip-off of Freddy Krueger from the ""Nightmare on Elm Street"" films. And this is not the worst part of this awful mess, the climax is. This movie might have the most laughable climax (Not literally laughable because I found it more sickening than funny) I've ever seen. Don't see this.<br /><br />Just a little trivia. Lochlyn Munroe was in Scary Movie, and Jianna Ballard was in Scary Movie 3, and they both were in this, so apparently Scary Movie stars are forced to end out their career with bad scary movies.<br /><br />My rating: 1/2 out of ****. 80 mins. R for violence."
tt0475937,The Abandoned,Nacho Cerdá,2006,99,"Horror,Mystery,Thriller","This movie is simply not worth the time or money spent. Full of clichés and a plot that makes absolutely no sense ! I cant believe that so many people have given this awful movie a 10. My guess is they are stooges of the movie maker. <br /><br />If I could give this movie a zero, I would. Too bad IMDb doesn't allow that. <br /><br />The only reason I watched it because I went with a friend who really wanted to see it. Whats sad is that I never had great expectations from this movie to begin with and yet I felt short changed. Take my word, don't waste your $8 on this piece of trash. The only entertainment I got out of the movie was making fun of the directors name. In all, highly NOT RECOMMENDED !"
tt0477337,The Sword Bearer,Filipp Yankovskiy,2006,108,"Action,Fantasy,Romance","(SPOILERS AHEAD) Russian fantasy ""actioner"" (and I use the term loosely) that I've been trying to watch for over a year. I've finally gotten to the end and now I wish I didn't put in the repeated effort.<br /><br />In an effort to save two hours of your life I'm going to tell you he plot- a guy who has the ability to project a long blade out of his arm returns home to see his mom. Things turn ugly after he is beaten up by the mafia boyfriend of an old girl friend. He takes revenge on the guy when he brings the girl home. The guys mafia mom sends her men out to get revenge while the cops begin looking for him as well.<br /><br />Very little is said. no explanation is really given for anything (like why they lock id girlfriend in an asylum) and the action, for the most part is all off screen. The film essentially consists of a guy who looks like Adrian Brody looking intense and not saying anything, killing people (off screen-most of the action happens off screen). It looks good, is well acted and had there been some form of reason for what is going on it might have been a good film. Hell, I would have liked some sense of real character development or back story (all we know is that the guy was picked on as a kid). The movie runs the better part of two hours and it feels like its six. If they weren't going to tell us anything they could have at least picked up the pace so it seemed like it was moving too fast. No instead we get the hero on a boat. The hero in a bus, the hero walking, the hero looking disturbed.Hero with his girl. It really annoyed me since I think this could have been a good film if they had simply done something or had someone actually say something meaningful other than give instructions to ""get this guy"".<br /><br />4 out of 10. Its about four hours (all my attempts to see this) I'll never get back. Only for those who want to see a brooding Russian action film with very little action"
tt0478197,Leonard Cohen: I'm Your Man,Lian Lunson,2005,105,"Biography,Documentary,Music","Hey,<br /><br />If your going to make a documentary about Leonard Cohen try making it about Leonard Cohen! This is filled with only enough Leonard to anger the viewer who will be left wondering why they are listening to all these other singers (some of them questionable) talk about themselves. Puleeze....sounds like them reliving their diary entries in junior high - who cares about you, what about Leonard? Guess what people, if you ""do something"" worthy maybe someone will make a documentary about you. I found particularly insulting the parading of U2's members as if that would add credibility to this movie - NOT. Leonard doesn't need Bono or the Edge talking about his spirituality. What would have been nice would have been for the filmmakers to embody some piece of his spirituality through the film. Gee, what a concept! I will give props to Rufus Wainwright and Jarvis Cocker for their covers of Cohen tunes - the rest of the performances were a bore and some were unbearable.<br /><br />Cohen fans, don't say I didn't warn you!"
tt0480035,The Eden Formula,John Carl Buechler,2006,92,"Action,Adventure,Horror",I got this as a turkey movie and was I not disappointed.<br /><br />Acting - overall even though many have been in other movies it is clear that they had to work hard to act this bad so constantly over this entire movie with out accidentally letting slip some degree of acting.<br /><br />Plot - being generous I could say that the scriptwriter did originally start with a plot but but did his best to ignore it. the plot broke down faster then a Chinese knock off computer <br /><br />Scrip - now that was an abomination of nature. it failed to flow with any rhyme or reason. the majority of the lines by the characters were at best pathetic to imbecilic. the script worked hard to make sure that no character managed to get to be considered memorable. I have watched other movies where the extras were more interesting and memorable.<br /><br />Special effects - ROTFLMAO!!!!! They were short bus special <br /><br />Directing - until you can come up with your own directing ability copy the style of your favorite directer otherwise you will only make failures like this.<br /><br />It is good to know that your friends/family have been giving you 10 stars for this movie
tt0481280,Live Feed,Ryan Nicholson,2006,77,Horror,"I agree with the last reviewer that this movie had terrible acting. Yes, there was a lot of gore and some nudity. But it was overshadowed by a slow-moving, meaningless plot and dumb ending. Where was this supposed to be filmed anyway: a Canadian Chinatown or Hong Kong? Hostel was a much better movie and I would recommend seeing that instead. A technical annoyance I had with the DVD is that if you shut off the Spanish subtitles, they return after a few scenes and then you have to go back to the main menu and turn them off again. Also, don't waste your time on the deleted scenes because there's no audio and it just looks like tourist footage."
tt0484437,Love Sick,Tudor Giurgiu,2006,86,Drama,"***LIGHT SPOILER ALERT*** The story sounds good and if you've read the novel, then you're probably expecting a deep and intense movie that could offer some insight for some interesting and insufficiently explored human relationships.<br /><br />True enough, the script tries to do that, the director tries to do that, but the main cast fails miserably. Maria's acting is so dry that lacks any feeling whatsoever, her most intense moments seem almost comical. Sometimes she seems to be nervous due to the camera. Her only really feeling scene is near the end where she gets dumped by her girlfriend.<br /><br />Ioana seems even more tense than Maria and even worse, she doesn't seem natural at all. Maria had the attitude, even if it was artificially pushed towards being obvious, but she had it and her character received some credibility. And to make matters worse, we don't have an insight on her: where does she come from, how come she got involved in the lesbian relationship, how did the relationship evolve? We only get some bits from her parents and their relationship just seems to 'be' there: it has a content and and end, but no beginning. Just like her partner Maria, she has only once scene that is truly touching, the scene where she dumps Maria's character Kiki.<br /><br />Tudor is the only person in this movie (aside from the landlady, great acting there) who manages to prove some acting talent. He has his character's attitude and it fits him. Only once or twice he seems to falter (the scene at his parents' meal, he tries to be obvious when it wasn't necessary at all).<br /><br />I love the story, Tudor Chirila is OK there, the landlady actually acts and Puya delivers his couple of lines with style, but this doesn't save the movie. Too bad, the entire setting had huge potential and the Romanian cinematography could've used a movie on this theme.<br /><br />Oddly enough, the incestuous relationship between brother and sister seems to have more credibility than the no-background no-feeling (well, Maria's spoken interludes are a nice try in this direction) lesbian relationship of Maria and Ioana. I'm quite sorry for spending money on a ticket, I'd rather had watched it from the comfort of my room."
tt0486321,Fly Me to the Moon 3D,"Ben Stassen, Gina Gallo, Mimi Maynard, Domonic Paris",2007,84,"Adventure,Animation,Family","With the MASSIVE advertising this is getting on Nickelodeon and Nick Jr. and that ilk, my son was bugging us to see it. Between DVD and the theaters, I've seen pretty much everything by now from the outstanding (Incredibles, Shrek) to the really bad (Wall-E, Brother Bear). But this was easily the worst movie I've ever seen, kids or no kids. It was a ""when it this stupid thing going to end?"" kind of experience? OK, it's aimed at toddlers (or it better be - it's insulting to the intelligence of anyone over 3), but I've never seen something so predictable, repetitive, and slow-moving. Then once you're finally fed up but relieved that the movie is over, there is this bizarre thing at the end that you think is the setup for a joke, but there isn't one - it's serious, though it's hard to tell what they're trying to accomplish. The 3-D effects... yeah, if you've never seen a Viewmaster they're a big deal, otherwise no (if you look at the screen without glasses, it appears to be the same process). Even my son was bored by the end. Both my wife and I looked at each other and said ""wow"" at the end. Bad in every respect."
tt0486583,Fred Claus,David Dobkin,2007,116,"Comedy,Family,Fantasy","How hard is it to write a watchable film with Vince Vaughn, Paul Giamatti and Kevin Spacey? Apparently VERY difficult for the writers here.<br /><br />I still have no idea how Santa is younger and looks 20 years older than Vince (who plays the BIG brother). I must have missed that part of the story but in reality, it really didn't matter. Many scenes seemed out of place and contrived; the kind of ""funny notion"" scenes that are drug out WAY too far to where any sense of comedy is lost.<br /><br />The director/producer tried to go ""tear jerker"" at the end, which would have been suitable if ANYTHING leading up that point had been worth following.<br /><br />Ugh, major disappointment. I can see how some people might enjoy this OK, since many people will take any garbage they're fed, but I would strongly encourage waiting for DVD on this one. NOT worth the $23,978 it takes to get your family to the movies these days."
tt0493424,Attack Force,Michael Keusch,2006,95,"Action,Sci-Fi,Thriller","What was Steven Seagal thinking? I mean firstly I love Seagal. I love all his movies up to the mid 2000s. His early stuff is some of the best in the genre. This however does not live up to its excellent name. Attack Force (with protagonist Marshall Lawson {Seagal}) would be expected to be a mindless action movie with Seagal in typical one-liner ass kicking form. However, what we get is a crime mystery, bordering on a political thriller with little or no action. Seagal is always in shadows because of his weight. I could not follow this story. There's people who mutate to superhumans when they take a drug. What happened in this movie. The dubbing of Seagal is a disgrace, a shambles and a shame. Why dub the man? The story is terrible. This got a 2/10 from me because of the scene where Seagal asks for backup despite having an army with him, and an hilarious fight scene where seagal swings his hands like a girl facing the camera! ""Revenge is a two way street"" seagal says in this movie...well forget revenge Steven, you need redemption!"
tt0497116,An Inconvenient Truth,Davis Guggenheim,2006,96,Documentary,"Let's be honest shall we? Al Gore no more TRULY cares about the environment than most folks care about contacting foot fungus. It's a hook! Make no mistake, Al Gore is a POLITICIAN! Three years ago he was busted/ticketed in his home state doing 70 mph in a 55 mph zone driving NOT a hybrid, a Yugo, or even a GM Metro but a LINCOLN (go google it if you like)! Or how about the fact that Mr. Gore & his Hollywood buddies continue to use a private fuel-guzzling jets to attend the premiers of ""An Inconvenient Truth."" So much for conservation huh, Al? Anyway, it takes a mere minute to subjectively look at ""An Inconvenient Truth"" & discover the main fundamental flaw. While the film parades out many seemingly impressive scientists to tell the audience the EFFECTS of supposed ""global Warming"" there is not one scientist to tell us the supposed CAUSE of it. For example: I can take a hundred folks out to a parking lot & they can point out an automobile which is not running right. BUT can they tell you with any degree of certainty WHY? Generally not! A second flaw, just how accurate were the weather instruments 100 years ago (the toilet wasn't even invented yet)? What did they have, a June bug in a match box? Hell, even 50-60 years ago? Therefore, how do we know with ANY degree of certainty that the planet is ""getting warmer"" when the records of yesteryear are highly questionable at best? Or that man is THE sole cause of it? The answer is we don't & Science is NEVER a consensus. Thirty years ago, Time Magazine did a cover proclaiming a ""New Ice Age"". The truth is that any 6th grade science teacher well versed in Earth Science will tell you that Volcanic Erruptions, Solar Activity & El Ninos have more to do with our eradicate changes in climate conditions than supposed ""Global Warming."" Finally, what Al Gore fails to adequately address is; even IF America decides to follow the global gospel according to Al & implement everything he recommends, how are we going to get the rest of the world to follow suit when we can't even get them to agree on something so obvious as terrorism? Answer: It's wishful thinking, Mr. Gore & you being a former VP of the USA know it! If the folks who produced ""An Inconvenient Truth"" were really honest, they would have titled their film ""Al Gore Wants Attention."" But what I'd really like is for someone to ask the former VP this; why were two of the planet's biggest polluters (AKA China & India) EXEMPT from abiding by the Kyoto Accords? Anyway, I hear the producers of A.I.T are working on their next film entitled ""Gnomes, Fairies & Elves: Our Endangered Friends."""
tt0499603,10 Items or Less,Brad Silberling,2006,82,"Comedy,Drama","After I watched this movie, I came to IMDb and read some of the reviews, which compared it to Lost In Translation LITE. When I read that I immediately could see the reviewers point.<br /><br />This movie was a poor attempt at a similar theme. Interestingly, the format of the movie is nearly identical, but the PACING is incredibly different. ""10 Items"" rushes the viewer through the 1-day time line of the movie, whereas the better-planned ""Lost In..."" seems to stretch out over a few long days.<br /><br />I'm sure some people will see this because it has Morgan Freeman, and will be disappointed. It seems his better roles now-a-days are supporting roles in big blockbusters, rather than leading roles in sub-$10mil limited release movies and indie films."
tt0713610,Asylum,Guy Norman Bee,2005,44,"Drama,Fantasy,Horror","The number of goofs in this episode was higher than the first 9. They don't follow their own rules about spirits where destruction of the body makes the spirit dissolve. This one dropped a second body. That body, and Dean, drop about 20 feet from Sam but then they are right with Sam. Flashlights go out in an unlighted asylum, at night, and we can still see everything. It's night but light is streaming through the windows. A ghost that died in 1960's is making cell phones calls? Come on! There is no way Sam could get a psychiatrist to see him in the same day he makes an appointment and the doctor talks to Sam like it wasn't his first visit. Sam and Dean knew there were other bodies in the asylum and innocent spirits still lurking and didn't do anything to help them. That doesn't seem like a thing the Winchester boys would do. Oh and after crawling around on a dirt filled mattress and all around a nasty asylum the girls' makeup and hair is perfect and not a smudge on her white shirt. <br /><br />While the implementation of this episode had problems the premise was good and a few times I was not creeped out but nervous as Dean sat reading Elicots' journal. I just knew that an object so intensely personal to the ghost would draw it to the person violating it's sanctity. Elicot didn't appear. Maybe that is a fault for such an important object or place (like Elicot's office) should draw the spirit when a living being touches or enters. When they separate I want to scream... 'that's how you die! Always stay together and watch each others backs!' but they don't listen to me :o The Elicot spirit and his special ability was a very nice touch. It's prime-time show but I do wish the horror of Elicot strapping one of his victims down and using anticipation of torture to creep us out further.<br /><br />Especially because of the lighting goofs I gave this a 4. Sudden darkness or the flickering of the whole scene's lighting as the flashlight flickers is all that more terrifying. The lighter coming or the flashlight reviving and instantly a spirit is in their face is shocking. I understand the directors wants us to see his scene but then make a mention or obvious connection by Elicot touching an electric socket and the lights coming on. Have the characters respond to the fact an asylum with no power suddenly has lights in the one room. Blue white lights flickering as electric arcs just like Elicot's finger power. <br /><br />Seriously, MCG could have done better."
tt0756683,The Man from Earth,Richard Schenkman,2007,87,"Drama,Fantasy,Mystery","speaking solely as a movie, i didn't really liked it. not because there were no FX or because we had a single cabin as the scenario for the whole film, actually that was what kept me watching it.<br /><br />i didn't like it because the acting was shady, his ""friends"" are all happy and then they're mad, but you have no idea why; then they take distinct roles, one is the believer, other is the antagonist, but they never really make the point! also, the lighting was terrible and i'm just mentioning technical issues.<br /><br />in a few words, i thing the movie could have just had a ""ok i'm outta here!"" from some characters. like the lady who doesn't want to hear his version of the bible.<br /><br />about the story itself, everyone is free to write about what they want, and the story is proof of some good writing and imagination. i credit the book author for that, hence, my 4/10.<br /><br />so, in the end, hear the man's story believe it or not, just don't spend the whole time acting like you believe him and being shocked at what he says, and at the same time moving around and making jokes like you don't believe him.<br /><br />Coherence.<br /><br />thanks for reading ;)"
tt0757933,The Wedding Curse,Chito S. Roño,2006,110,"Drama,Horror,Thriller","How did this become a blockbuster? Dear God I don't know where to start why this movie sucked too much. The movie was predictable & there was no originality. The only thing I can admire is the acting of some characters. The movie was too bright, they should have done something with the lighting, eg. making the environment more darker. The make up on certain dead characters made this movie look like a 1970 horror flick. This is 2006! People don't get scared by other people wearing heavy make up. Most of the horror scenes we're taken from other Hollywood or Asian horror movies. Total rip off! This is why I don't watch tagalog movies. The only reason why so many people ""screamed"" while watching this movie is because of conformity. How many times do we have to copy scenes from The Ring and improvise it that instead of the girl coming out of the TV, its now coming from the window next door? No matter how you put it, ITS STILL A RIP OFF. If you want a good horror movie, go watch the 50 best horror movie listed on this website."
tt0758781,Seed,Uwe Boll,2006,90,Horror,"After having seen and loved Postal (yes, I actually loved Postal), I decided to try another Uwe Boll film and I picked out Seed because I happened to stumble on it in a local DVD-store and it's supposed to be one of his better films.<br /><br />While the first 10 to 15 minutes of the film were very promising and seemed like the beginning of a not too mainstream psychological thriller, it soon went downhill from there and eventually degraded into one of the most generic slasher films I've seen so far, including a massive amount of plot holes, unrealistic emotional responses and sub-par acting. It seems like Boll tried his best to come up with a decent plot but after a while just gave up on it. Maybe he should stick to comedy?! The few good things about this film is that he does manage to create an overall creepy atmosphere, that the special effects are better than I expected and the soundtrack does go well with the overall atmosphere, but the unbalanced pacing of this film combined with the utter generic nature thereof makes he last half hour quite tedious to watch, which ruined my experience altogether. There are a very fairly well done shocking scenes, but they seem to be there for the shock value alone. And let's not forget the camera work that was pretty nauseating at times.<br /><br />I hope Uwe Boll will one day learn what makes a good film, because between a lot of horrible films he does seem to make a decent film every now and then. Seed just isn't one of those."
tt0760177,The Mermaid Chair,Steven Schachter,2006,89,"Drama,Romance","Kind of hard to believe that the movie from this book could succeed in topping its awfulness! The plot is so contrived and unbelievable. . . starting with laying a ton of guilt on a small child to spare her pain! Then we have the collusive behavior of at least six and maybe more people(including clergy) involved in what is a crime everywhere. Next we have a wife who seemingly in the length of a ferry ride goes from being comparatively happy to very shortly kicking over the traces. A very unpleasant and coo coo mother, aided, abetted and supported by a politically correct group of friends! Moving the setting from an island off the coast of South Carolina, did not help the story although it may have helped the film makers budget. The very beautiful buildings supposedly housing the monastery did not seem to logically suit an island small enough to need golf carts and such a small ferry service. Kim Basinger whom I do really like is painfully thin in this movie and her hairdo certainly belongs in another decade. Also there is simply no chemistry at all between her and either of the male leads. I thoroughly disliked the book from which this was taken but did read it all. The movie I kept surfing back and forth to, had to leave whenever that saccharine music got too much. Unless you like an unbelievable story, wooden acting, a contorted mixture of religious/mythological/allegory my advice is to skip this one. Oh and maybe a small carping criticism, but wouldn't a caring father have a life jacket on a small child on a small boat? The best part of this movie is the scenery"
tt0770810,How She Move,Ian Iqbal Rashid,2007,94,Drama,"We've been served - a terrible film.<br /><br />Okay, I'll admit that since I'm white and have had no practical experience in the ""competitive world of step-dancing,"" I might not exactly be an authority on this type of film. On the other hand, I do know a bad motion picture when I see it.<br /><br />And, boy, have I just seen it.<br /><br />Filmed in Low-Budget-Vision and directed by Ian Iqubal Rashid, (""A Touch of Pink""), ""How She Move"" tells the tale of how important it is to follow one's dreams - even if those dreams include bopping around to loud, irritating hip-hop music and speaking dialogue the average person would not understand if he or she had an international translator.<br /><br />I'll try to give a small synopsis of the ""plot."" First of all there are two actors that look like LL Cool J who work in an auto shop in Toronto (the Mecca of racial diversity), but still have time to practice dancing for eight hours a day. <br /><br />There are a few other guys in this ""crew,"" including a token white dude and a guy that looks like Denzel Washington in ""Malcolm X."" There are also two women in the movie - one resembles Serena Williams and the other looks like Geraldine from the old ""Flip Wilson Show."" One of these ladies was kicked out of a private college because her parents spent all of her tuition on a drug-addicted sibling. The other girl, a member of Salt N Pepa, no doubt, is just plain no good.<br /><br />There's another guy who looks like Eddie Murphy's Buckwheat, while still another actor who's a Huggy Bear knock-off. These guys are rival step dancers. Evidently, this activity is very hard-core in the 'hood, and they are all practicing for the big ""Step Monster"" jam in Detroit.<br /><br />Since I was unable to understand 90 percent of the dialogue (perhaps some subtitles would have been useful, as in a Bergman film or that one music video by Snow), it's hard to explain what happens, other than there's a lot of arguing, the Serena Williams girl (who never smiles, by the way) becomes a freelance stepper (moving from group to group), there's some step-dancing and a lot of irritating hip-hop music.<br /><br />It's a typical rags-to-riches story; sort of like ""Rocky"" with a really bad soundtrack, ""Rudy"" with annoying rap music in the background, ""Cry Freedom"" without the laughs. <br /><br />But why does a film - which could have made a big impact on black audiences - have to contain drug addiction, bad parents and a title that sounds like a first-grader saying the phrase, ""How she moves""?<br /><br />I was ""moved"" by this movie, however. Moved to leave the theater as quickly as possible."
tt0772154,Apart from That,"Jennifer Shainin, Randy Walker",2006,120,Drama,"This is one of those movies where I wish I had just stayed in the bar.<br /><br />The film is quite frankly boring. What story there is is very flimsy and you pretty much have to guess at it. The film indulges itself with pretentious camera techniques that seem intent on causing migraines and makes it look like a student film. Did I say it was boring already? If all the characters had suddenly died at the end of the movie I would not have cared less as I had no emotional attachment to any of them.<br /><br />There are about 4 good minutes in this movie, but that was about it. This is the first time I have ever considered walking out of a cinema during a performance, but I held on believing that it had to get better. I was wrong.<br /><br />The sort of film you could threaten naughty children with."
tt0780595,Redline,Andy Cheng,2007,95,Action,"I mean, I thought I heard this dialog in the movie, but it was so bad and out of place that I can't really believe it. I was laughing so hard at what must have been the worst writing and acting in human history, i was seriously worried that I might have a heart attack and die right there in the theater.<br /><br />So this is the scene I am talking about, the ""hero"" just watched his brother crash and his brothers car exploded right there just feet away from him (the hero). The ""hero"" was throwing the expected ""fit"" at seeing something so tragic and people were trying to hold him back from running into the burning car.<br /><br />In the middle of his fit and his uncontrollable rage/emotional break down he says ""I am so sad"" - he said that right? Am I crazy?"
tt0783518,Flight of Fury,Michael Keusch,2007,98,"Action,Thriller","he was my hero for all time until he went along with {if you can call it a movie} I went to the show to watch it and come out and not just asking for me money back but asked for double the money thats how bad my hero's acting and the hole thing was.............I can't believe that Steven Segal's career has hit so low that he has been reduced to making 4th rate films with 5th rate secondary actors. I watched this moving expecting to see him beet the crap out of some people the way he usually does. When he is reduced to using a single judo chop between the shoulder blades to take out an opponent and the guy falls like a ton of bricks something is wrong.<br /><br />The plot is unbelievable as a movie, and even if you excuse the visuals, and had read this story as a novel, you'd be left wondering why you had even picked up the book.<br /><br />Steven Segal goes through the motions and seems as if he is only doing this because he is under obligation. He shows no effort and no enthusiasm, and in some scenes he doesn't show up at all.<br /><br />I hate to repeat other peoples comments, but the use of stock footage for cut scenes and for visuals of the aircrafts in flight is pathetic. The condition of those scenes chopped in, is shaky and scenes themselves seemed to have deteriorated over time. The zappruder film showing President John F Kennedy being assassinated is steadier and cleaner.<br /><br />My honest opinion is to tell you not to waste your time seeing this movie, it is not up to the standards of his work in the glimmer man or exit wounds. I read one review that said the movie had a 12 million dollar budget (Segal being paid 5 of that) and that the movie still came in under budget. I must concur.<br /><br />It is no wonder that this is a direct to DVD movie, as no conscientious theater owner would play this movie ."
tt0783608,The Walker,Paul Schrader,2007,108,"Crime,Drama,Mystery","The film is bad. There is no other way to say it. The story is weak and outdated, especially for this country. I don't think most people know what a ""walker"" is or will really care. I felt as if I was watching a movie from the 70's. The subject was just not believable for the year 2007, even being set in DC. I think this rang true for everyone else who watched it too as the applause were low and quick at the end. Most didn't stay for the Q&A either.<br /><br />I don't think Schrader really thought the film out ahead of time. Many of the scenes seemed to be cut short as if they were never finished or he just didn't know how to finish them. He jumped from one scene to the next and you had to try and figure out or guess what was going on. I really didn't get Woody's (Carter) private life or boyfriend either. What were all the ""artistic"" male bondage and torture pictures (from Iraq prisons) about? What was he thinking? I think it was his very poor attempt at trying to create this dark private subculture life for Woody's character (Car). It didn't work. It didn't even seem to make sense really.<br /><br />The only good thing about this film was Woody Harrelson. He played his character (Car) flawlessly. You really did get a great sense of what a ""walker"" may have been like (say twenty years ago). He was great and most likely will never get recognized for it. <br /><br />As for Lauren, Lily and Kristin... Boring.<br /><br />Don't see it! It is painful! Unless you are a true Harrelson fan."
tt0787475,Hot Rod,Akiva Schaffer,2007,88,"Comedy,Sport","Quite possibly the worst movie I've ever seen; I was ready to walk out after the first ten minutes. The only people laughing in the theater were the tweeners. Don't get me wrong, I love silly, stupid movies just as much as the next gal, but the whole premise, writing and humor stunk. It seemed to me that they were going for a ""Napoleon Dynamite"" feel - strange and random scenes which would lead to a cult audience. Instead, it ended up being forced, awkward and weird.<br /><br />The only bright light was Isla Fisher and I just felt utterly awful that she (and Sissy Spacek) had signed up for this horrible thing.<br /><br />Thank gosh I didn't pay for it."
tt0787523,Towelhead,Alan Ball,2007,124,Drama,"I saw this film at its premier at Sundance 09.<br /><br />Since American Beauty is a movie that had something to say, I had hopes for Towelhead. Unfortunately, it was a disappointment. In fact, of countless movies I've seen in almost a dozen Sundance festivals, Towelhead is the only Sundance movie I've ever wanted to walk out early from.<br /><br />The worst problem with Towelhead is that it so obviously originates with a collection of ""provocative"" concepts concerning cultural stereotypes, rather than with an organic human drama. The screenplay derives from the novel of the same name by Alicia Erian. The famous Edith Wharton quote comes to mind: I have never known a novel that was good enough to be good in spite of its being adapted to the author's political views. That observation is especially devastating for Towelhead because its political views are so stale and simplistic. If there ever was a time when Towelhead's white male villains, condescending portrayals of blacks, ironic treatments of foreign cultures, etc., were fresh, it's long past.<br /><br />For a more detailed review, please look up any of the many professional reviews available online. Almost all rate this movie poorly and expose the shallow and manipulative tissue it is based on.<br /><br />On the other hand, the amateur reviewers seem more easily bamboozled. As you read through the reviews in this and similar sites, you'll frequently come across superlatives: ""stunning,"" ""breathtaking,"" ""profound,"" ""shocking,"" ... It embarrasses me to read them, but it does not surprise me. Indeed, I've encountered many people who seem to regard any book or movie dealing with racial, cultural, gender, or sexual issues as deeply moving, thought provoking, full of profound insight. If you are such a person, by all means, rent Towelhead and be moved by it. On the other hand, if you set your standards higher, you can safely pass on this one."
tt0790781,Wendy Wu: Homecoming Warrior,John Laing,2006,91,"Action,Adventure,Comedy","There are several things wrong with this movie- Brenda Song's character being one of them. I do not believe that the girl is a lousy actor- I honestly don't. I believe she is given poor lines. She is just supposed to be, ""that vain, rich girl"", and while it is funny in the TV shows she plays in, it can't even get a dry laugh from me here.<br /><br />Either way, I really should have known what to expect when I sat down to watch this film.<br /><br />The movie was not that terrible...initially. Wendy's reaction to Shen was completely natural. I mean, how would you feel if a man, claiming to be a reincarnated monk, chased you around commanding you to wear a medallion and insisting that you were needed to fight ""the great evil"" and save the world? Which brings me to another point. I know this movie is entirely fiction, but it is still has a founding in Chinese culture. It seems like all of the ""warriors"" in Wendy's family line were women. Correct me if I'm wrong, but I doubt that the monks would've just been okay with that. Sure, maybe they could've worked it in somehow, but they offered no explanation whatsoever. By doing so, they just contributed to the many cheesy attempts at female empowerment made by Hollywood and the media.<br /><br />Nevermind that, however- let us continue.<br /><br />Wendy's character becomes more unbearable as the film go on. Yes, she is a teenager, and it is near homecoming- I mean, who wants to fight evil during homecoming? The problem is, when ""the evil"" starts to manifest himself, Wendy does not seem as freaked out as she should be. She is extremely careless- even for someone like her. She continues not to care about her training. I will use this conversation as an example, Shen: ""If you do not win this battle, evil will take over, and everything good will be gone."" Wendy: ""Whoa, talk about pressure. Well...let's talk about something else."" Yes, let's Wendy. Let's also go dancing when you should rightfully be training. Of course Shen lets her, but his character has an excuse. Better that he cooperate with her, than that he not, and she not train at all, and get them both killed.<br /><br />Oh, speaking of which. Shen also told Wendy that it was his destiny for him to die for her in battle, as he had for her great-grandmother (I am assuming that part).<br /><br />This makes Wendy's actions more unforgivable.<br /><br />As the script-writer would have it, Wendy's homecoming and this ""great battle"" are on exactly the same day. Do you know what Wendy does? Do you even have to guess? Yes, she does end up going to the battle, for when she tries to leave for homecoming, the monks, (who Shen had trapped in the body of her coach and teachers because she ""felt weird fighting an old man"") inform her that Shen has gone to battle alone, so she goes to save him.<br /><br />We initially see some half-decent fighting, that is actually entertaining. Until finally, the great evil comes out of Wendy's rival-for-homecoming's body, and creates the actual embodiment of himself out of the broken pieces of the bodies of his ancient warriors.<br /><br />Don't ask.<br /><br />Anyway, Wendy gets all ""panicky."" Then Shen goes and defends her from this guy- forgive me for forgetting his long Chinese name- and manages to get himself killed.<br /><br />Wendy catches Shen as he makes his long descent from being thrust uncomfortably high into the air.<br /><br />She screams title of said article out.<br /><br />Now...it was bad enough that Wendy became powerful far, far too fast. No, I will not let it be excused because it was her ""destiny"" and she had ""the power within"" her.<br /><br />Since when, though, did she learn healing? No, worst...since when could she resurrect people? So Shen is raised from the dead. Then, Wendy and he fight the guy.<br /><br />He loses way to easily. The worst part, is when they jump together, and kick him at the same time, and he is banished forever. Then the monks commend Wendy on her sacrifice.<br /><br />Two things, #1: Don't the script writer and director know a battle needs a little more ""finesse"" to it? #2: What sacrifice? The fact that she didn't go to homecoming? Because the girl did not break a sweat, or even bleed. I mean, come on now, this movie was TV PG, I wanted to see somebody get hurt.<br /><br />Ah-hem...moving on.<br /><br />I know it sounds like maybe I should have given the movie a one, based on my comments. Part of critique, you must know, though, is breaking a thing down. You don't necessarily try to look for the bad, but if it's there, you bring attention to it. This movie has a lot of bad, but something funny happens when you never really expect something to be all too great in the first place.<br /><br />So, I suppose it was all right. Not that me not saying it wasn't all right would've stopped anybody from watching it."
tt0791303,A Summer in Genoa,Michael Winterbottom,2008,93,"Drama,Mystery,Romance","This film is about a family trying to come to terms with the death of the mother/wife by moving to Genova, Italy.<br /><br />The plot of ""Genova"" sounds promising, but unfortunately it is empty and without focus. The film only consists of a collection of scenes depicting the daily life of the family, such as swimming, taking piano lessons or cooking eggs. Most of such scenes are redundant and tiresome, completely failing to engage viewers emotionally. The ending is very disappointing as it is not spectacular, moving or emotional. I can safely say that I am disappointed and bored by ""Genova"" The only thing good about the film is the sunny weather and the beauty of Genova. ""Genova"" can serve as an extended tourism advertisement for the city, but not as a film to be enjoyed."
tt0791304,Georgia Rule,Garry Marshall,2007,113,"Comedy,Drama","I haven't seen this, & don't plan to see this movie or any other that includes Lindsay......unless & until ""poor little rich girl"" straightens out her life for a 2 year period beginning with her most recent arrest in July 2007.<br /><br />In fact, I don't know anyone that has gone to see ANY of Lindsay's recent movies. I rather imagine 2007 will be the high water mark in her movie making career, until she cleans up her act. All of the recent publicity has only hindered her movie making career, if she has any further aspirations to make any more movies <br /><br />Up to this time, movie producers have actively sought Lindsay for roles in their upcoming production. Now, Lindsay will probably have to go to auditions & actually compete for ANY role. Her reputation is currently ""poison"" & quite possible could have a negative effect on box office ticket sales on any movie she is in.<br /><br />Sooooo....now Lindsay is going to have to deal with ""not being wanted"".....is she going to be able to handle this?<br /><br />I wonder if even Jay Leno will want to have Lindsay back on his TV Show?<br /><br />All of the foregoing is merely my OPINION. I have no inside information."
tt0798733,Return to Gorée,Pierre-Yves Borgeaud,2007,110,"Documentary,Music","It is a Frank Zappa axiom that ""music journalism is people who can't write interviewing people who can't talk for people who can't read."" If you ever needed proof that musicians can't talk, this is the film for you. Repeated attempts at profundity stumble over themselves to end up in monosyllabic comments delivered in awestruck voices: ""Wow."" (Thank you, Idris Muhammed.) This film is pretentious but, while much of the pontificating from Youssou N'Dour and his gang of merry men (and one token woman) grates, the music saves the day.<br /><br />The main idea behind the film (what I take to be the main idea, dredged out of the inarticulate commentary) is interesting. To gather a group of musicians from America and Europe and take them on a journey through the different styles of music that grew up in and out of slavery, back to their roots in the music of West Africa, and a concert in the old slave fort of Gorée off the coast of Senegal. We are treated to gospel, blues, jazz and variations of these, including some fantastic drumming both in New Orleans and Senegal. There's also a good deal of N'Dour's own compositions.<br /><br />Sadly, that's another weakness. It's never entirely clear what N'Dour himself wants to achieve. To some degree, the film appears to be an exercise in self-promotion on N'Dour's part. He wants to play his own music, jazzed up to some degree and performed in the company of a bunch of musicians he admires. He's clearly a little embarrassed by this and early in the film obtains the blessings of the Curator of the Gorée museum.<br /><br />The clash between the different agendas shows through in several other places. For example, somebody obviously felt that it was not possible to tell the story of black music without involving a gospel choir, but N'Dour and most of his mates are Moslems (a point made repeatedly throughout the film). The whole early sequence involving the black Christians is uncomfortable and then they disappear from the story until the close harmony group (the only black Christians who can hold a tone?) turn up in Dakar at the end of the film. (To be fair, they turn up triumphantly and perform the best piece in the film.) If the story of black music needs to nod in the direction of gospel, why not also in the direction of Latin America? Where are the black musical influences from the Caribbean and Brazil? Samba? Reggae? Then there's Europe. Here the black diaspora doesn't seem to have produced any musicians of calibre, since N'Dour chooses to draft in Austrian guitarist and a trumpet player from Luxemburg. Are they in the team just because N'Dour has played with him before? What I personally found most irritating, though, was the long sequence which tried to recreate a kind of 60s beatnik/black power/Nation of Islam cultural happening in the New York home of Amir Baraka (a.k.a. Leroi Jones). Hearing people talk about the importance of ""knowing your history"", and then in the next breath perpetuating ignorance. Why do so many African-Americans believe that taking an Arabic name is an assertion of their African roots? And why do they think Arabic Islam is so much more admirable than European Christianity? Who do they think established the trade in African slaves in the first place? The film doesn't have much to say about the situation in West Africa today beyond the platitude that ""present conditions"" are a consequence of all the brightest and best having been shipped away for 300 years. The Senegalese appear to be a poor but happy, musical gifted folk, friendly and welcoming, respectful of their elders (and not above fleecing the visiting Americans in the fish market). Is this ethnic stereotyping or just my imagination? There is no comment on the armed guard that N'Dour and the camera crew seem to need in the opening sequence as they walk through the streets of Dakar.<br /><br />There is also a strong implication in the film that the slaves who were taken from Dakar came from Dakar. The similarity between the folk drumming style of New Orleans and the folk drumming style of Senegal is cited in evidence. The last thing the slaves heard before they were shipped away was the drumming of their homeland, bidding them farewell. Except, of course, that by and large, the slaves shipped from Dakar did not come from Dakar. They were captured or traded from the interior by the coastal Senegalese and sold to merchants of whichever European power currently held the Gorée slave fort. The people of Dakar are not the descendents of Africans who escaped the slave trade, they are just as likely  more likely  to be descendents of the people who sold their black brethren into slavery and exile.<br /><br />The two agenda's clash again in the final part of the film. There are two separate endings. On the one hand, the concert which N'Dour and Co have been rehearsing and preparing along the way and which they deliver in the courtyard of the Gorée slave fort. The other end comes when the Harmony Harmoneers sing the spiritual ""Return to Glory"", in the seaward doorway of the slave fort. This is deeply moving, even if it is hard to believe the performance is quite as spontaneous as it appears.<br /><br />This is a film that is flawed. Unclear of the story it is trying to tell and tugged in different directions. Irritating, confusing, beautiful and emotional by turns. Watch it (listen to it) for the music and the feeling, but don't expect enlightenment or intellectual rigour."
tt0799862,Caprica,"Michael Nankin, Jonas Pate, John Dahl, Wayne Rose, Jeffrey Reiner, Roxann Dawson, Tim Hunter, Omar Madha, Ronald D. Moore, Eric Stoltz, Michael W. Watkins",2009,60,"Action,Drama,Sci-Fi","I had to endure teen-aged, high school angst and family conflict for almost all of the show. I really do not care about high-school girls fretting about their relationships. I've spent my time in Hell dealing with such issues and I care nothing about fictional teenies going through ""lite"" versions of the horrors I endured. I want science fiction. That's the only reason I'm here. There were a few seconds of science fiction late in the show. We FINALLY see a proto-Cylon. It was good but with one problem. Its red eye-dot would lock onto an object of interest. We all know that Cylon eyedots always scan back and forth, giving the machine a map of the world. The red eye-dot does not ever stop moving back and forth.<br /><br />I really hope the writers fix this abuse before the second episode."
tt0800069,The Hills Have Eyes 2,Martin Weisz,2007,89,"Horror,Thriller","I appreciate the need to hire unknowns for these kind of 'horror' movies, but they should at least hire some proper actors. The sergeant especially is guilty of using his monotone to bulldozer every single line he has. But let's face it, the lines aren't really important. There isn't really a recognisable plot, so most of the writing involves the words f**k, s**t, m*****f****r and other assorted bad language in place of proper dialogue.<br /><br />The 'story' as it is, is mostly made up of seemingly random gore and death, with a couple of cringe-worthy 'surprises', which happen around 10 minutes after you see exactly what's going to happen. Not only this, but there are several glaring plot holes and continuity errors (Why are they going in there? Didn't he have a weapon? Wasn't he dead?), so it makes the whole film seem as if it has been cut down by the several hours it would take to fix them.<br /><br />Another film which simply relies on blood and gore instead of any real cinematic experience."
tt0806203,Carriers,"David Pastor, Àlex Pastor",2009,84,"Adventure,Drama,Horror","""Carriers"" follows the exploits of two guys and two gals in a stolen Mercedes with the words road warrior on the hood hightailing it down the highway for the beach with surfboards strapped to the top of their car. Brian (Chris Pine of ""Star Trek"") is driving and his girlfriend Bobby (Piper Perabo of ""Coyote Ugly"")has shotgun, while Brian's younger brother, Danny (Lou Taylor Pucci of ""Fanboys"") and his friend--not exactly girlfriend--Kate (Emily VanCamp of ""The Ring 2"") occupy the backseat. This quartet of twentysomething characters are living in a nightmare. Apparently, a viral pandemic--which co-directors & co-scenarists Alex Pastor and David Pastor tell us absolutely nothing about--has devastated America. Naturally, the lack of exposition shaves off at least fifteen minutes that would have slowed down this cynical melodrama about how humans degenerate in a crisis and become their own worst enemies.<br /><br />This lethal virus gives you the shingles and then you bleed and die. Most everybody runs around wearing those white masks strapped to their nose and mouth by a thin rubber band. Initially, this foursome encounters a desperate father, Frank (Christopher Meloni of ""Runaway Bride""),and his cute little daughter Jodie (Kiernan Shipka of ""Land of the Lost"") blocking the highway with their SUV. Brian swerves around Frank when he tries to waylay them, but in the process, the oil pan in their Mercedes ruptures and they wind up on foot. Reluctantly, they hitch a ride with Frank after they seal Jodie up in the rear of the SUV. She wears a mask over her nose and mouth and it is speckled with blood. Frank has heard that doctors are curing ailing people at a hospital and they head to it. Sadly, somebody has lied to Frank. The hospital physician is giving the last couple of kids some Kool-Aid that will put them out of their misery. The cure did not improve their condition. Everybody else in town is dead. Kate tries without success to get a dial tone on every phone. Frank realizes that there is no hope for his daughter and he lets the heroic quartet appropriate his SUV and take off.<br /><br />Indeed, ""Carriers"" qualifies as a relentlessly depressing movie about the effects of a pandemic on four sympathetic people who degenerate into homicidal murderers to protect themselves. They reach a country club and frolic around on a golf course until another four show up in suits and masks with pump-action shotguns. Incredibly, our protagonists manage to escape without getting shot, but Brian has a scare when he almost falls into the water with a floating corpse. Eventually, they discover that one of them has become infected. Later, as they are about to run out of gas, Brian blocks the highway like Frank did at the outset. Danny tries to stop a pair of older Christian women driving the car. Danny lies that his pregnant wife is about to give birth and he needs their help. Brian throws caution to the wind and blasts away at the ladies with his automatic pistol when they refuse to help them. Brian catches a slug in the leg from the passenger, but he kills her. <br /><br />No,""Carriers"" is not a beer & pizza movie that you can either laugh off or laugh with because the humor is virtually non-existent. By the end of this 84-minute movie, our heroes have turned into villains who only care only for themselves and their plight. Chris Pine makes quite an impression as fun-loving Brian and his energetic performance is the only reason to hang with this hokum, while the only other well-known actress, Piper Perabo, is relegated to an inconsequential girlfriend role. As Bobby, she makes tragic the mistake of showing compassion to a dying little girl and pays an awful price. It is a testament to Pine's performance that he can change his character to the point of putting himself before others. Essentially, Pine has the only role that gives him the ability to pull a one-eighty from happy-go-lucky guy to heartless guy. <br /><br />The two directors are Spanish brothers, and they never let the momentum flag. Since there is no relief in sight, ""Carriers"" sinks into predictability. ""Irréversible"" cinematographer Benoît Debie does a fantastic job with his widescreen lensing and as unsavory as this road trip becomes, Debie makes it look like a dynamic film. Aside from the lack of a happy ending or closure in any sense of the word, ""Carriers"" suffers because it is so horribly cynical. The scene when the German shepherd attacks Danny conjures up the most suspense, but even it could have been improved. Unfortunately, the Pastor brothers do not scare up either much tension or suspense. By fade-out, you really don't care what happens to anybody."
tt0807840,Elephants Dream,Bassam Kurdali,2006,11,"Animation,Sci-Fi,Short","This was thought to be the flagship work of the open source community, something that would stand up and scream at the worlds media to take notice as we're not stuck in the marketing trap with our options in producing fine work with open source tools. After the basic version download ( die hard fan here on a dial-up modem ) eventually got here I hit my first snag. Media Player, Mplayer Classic & winamp failed to open it on my xp box, and then Totem, xine & kaffeine failed to open it on my suse server. Mplayer managed to run it flawlessly. Going to be hard to spread the word about it if normal users cant even open it...<br /><br />The Film. Beautiful soundtrack, superb lighting, masterful camera work and flawless texturing. Everything looked real. And then the two main characters moved.... and spoke... And the movie died for me. Everything apart from the lip syncing and the actual animation of the two main characters ( except for Proog in the dancing scene ) looked fluid and totally alive. The two main characters were animated so poorly that at times i was wondering if there are any games on the market at the moment with cut-scenes that entail less realism than this.<br /><br />Any frame in the movie is fantastic.. as a frame, and the thing is great if neither actors are moving. I'm so glad i haven't actually recommended this to anyone. I'd ruin my reputation.<br /><br />Oh, and final fantasy had a more followable and cunningly devised plot.<br /><br />this movie would get 10 stars if it wasn't for the tragedy that sits right there on the screen."
tt0815241,Religulous,Larry Charles,2008,101,"Comedy,Documentary,War","Some funny bits, but come Bill! A film? Quoting Zeitgeist? Keep the TV Show and the interviews, but a film? I'm probably overreacting but what a unnecessary provoking film... I don't know. I laughed, disagreed, agreed... this film is very confusing and inconsistent.<br /><br />Bill's a funny guy... but also very cocky... Bill's rhetoric is similar to Bill Hicks, a brilliant comedian. But like many comedians, the borderline between comedy and preaching can be annoying. I think that the major problem in this film is his lack of sensibility. This might be just a personal taste, but comedy that constantly demeans somebody cannot be taken as truth. Bill is obviously emotionally reactive to religious fundamentalism. I agree with Bill that religious fanaticism is not sensible, but the response to it cannot be sensible. It will create unnecessary turmoil. We can do better than just react to fundamentalism. His conclusion is that ""we don't know"" and he fervently tries to convince the spectator that nobody knows anything, to the point that the agnostic community has been concerned with his lack of serious research in comparative religion. His humility that he only knows that he doesn't, is a contradiction as he tries to insist that all religious thought is non-sense.<br /><br />I had great trouble seeing bits of Zeitgeist, the movie in Bill's film. All the astrotheology-influenced non-sense that simplifies all religions as the same is simply disappointing. Zeitgeist has provoked a lot of controversy and has messed up the validity of so much of the valuable Religion Studies scholarship. It is very sad how wrong facts have been tossed around with no reliable scholarly sources. Astro-mystic sources that reduce everything to ""the stars say it all"" seem to be from the Middle Ages. This film is a confusing statement from a confused ""agnostic"". Agnosticism is far more complex and philosophically academic than defending every single issue as ""we don't know"".<br /><br />This film is an obvious proof of how postmodernism has been able to oversimplify and generalize major issues in human history.<br /><br />Watch the film (it has hilarious interviews and bits) but PLEASE do not behave like Bill. You cannot expect anybody to have a mature conversation if you are making sardonic comments in every other line. His arguing techniques are demeaning and insulting, provoking emotional reactions rather than rational and logical argumentation.. There needs to be a more mature way of dealing with these issues."
tt0819765,Dog Bite Dog,Soi Cheang,2006,109,"Action,Crime,Drama","As it is often the case, the impressive and explosive trailers of Asian films add up to nothing more than lackluster stories. Similar to Unleashed (which was great,) Dog Bite Dog tells a story where men are raised as ferocious savage dogs that carry out their master's bidding. The main characters, an emotionally undeveloped, amoral killer who is matched against an equally unstable police officer, are far from the common heroes and villains we often see. In fact, by the end, you lose track of who you're supposed to empathize with, failing to feel even the slightest emotion for either of the men  whether that was the failure of the director or perhaps the underlining message he was trying to tell is up to you to decide.<br /><br />Although the beginning of the film was filled with intrigue and unpredictability, by the half-way point it slopped down to a humdrum story of survival and revenge. The suspense which was evident at first soon disappeared because of a grossly mismatched music score which brought down the potentially effective story telling. And in the end, you were left feeling that all that detailed background information and introspection of the main characters was somehow very unnecessary.<br /><br />On the plus side, the transition in story from point a to point b was quite atypical compared to US movies  so those who aren't familiar with Asian films and are tired of Hollywood's predictability should check it out.<br /><br />The white balance seemed off throughout most of the film. It was like looking into a picture shot on fluorescent when it was supposed to be set on tungsten. Maybe I'm the only one, but it strained my eyes.<br /><br />The movie also enjoyed playing tricks on you  an interesting build-up gave me hope for the slow moving story until it was diverted to a low budget, low speed chase scene. And just when you think you were going to get an unanswered indie ending with a mix of Shakespearean tragedy, you realize that it's not an ending at all, but rather a transition into a wacky country-music montage about peace and serenity.<br /><br />Throw in some grisly from-behind choke scenes, a moment of redemption unexpectedly brought back into savagery and back again the other way, Asians' fascination with bodily fluids and a horrible music score that didn't match the film, and you get the average bland Asian thriller.<br /><br />I just don't get why every fight scene was overlaid with clips of roaring lions I thought they were supposed to symbolize dogs? Ultimately, in the end, we are reminded about a true killer that still lurks amongst us  tetanus.<br /><br />4/10"
tt0829432,"Me & You, Us, Forever",Dave Christiano,2008,92,Drama,"From everything I'd read about the movie, I was excited to support a film with a Christian theme. Everything about the movie was very unprofessionally done. Especially the writing! Without good writing a movie doesn't have a chance. The writer/director said in an interview that he didn't want to give away how the title relates to the story. Believe me, it was NO big surprise. I kept waiting for the teenage/young adult back-story to unfold, but it never did. As someone who has gone through a divorce, I was very disappointed. This movie would have been NO comfort to me when I first went through the emotional turmoil that divorce can bring to your life as a Christian!"
tt0834951,Seachd: The Inaccessible Pinnacle,Simon David Miller,2007,100,"Drama,Family","I rented this film out having heard of the fuss about it not being put up for an Academy Award, but after watching it, it's easy to see why it didn't. Despite the beautiful photography, the film is incredibly slow moving, despite having hardly any plot.<br /><br />The plot is about a young boy trying to come to terms with his parents' death in what may or may not have been an accident (the film is never clear on this), and how his grandfather used to tell him fairy stories. The fairy stories contain the only bits of interest in the plot, but they're very short, and don't really seem to have any point. <br /><br />The first fairy story in particular concerns a boy trying to get a magical flower to his dying girlfriend to save her life, but the boy delays by tasting the flower first to make sure it is not poisonous which results in him being a few seconds too late to save his girlfriend - the grandfather then pronounces that the moral is that the boy was too impatient, but that doesn't make any sense because it was overcaution and slowness which resulted in his failure. Perfect metaphor for this film really. <br /><br />The photography of Skye is beautiful though, but then Stardust which was released this year is another film about fairy stories filmed in Skye and beautifully photographed - and it's infinitely better than this one."
tt0840094,Five Days,"Otto Bathurst, Toby Haynes, Simon Curtis, Peter Hoar",2007,60,"Crime,Drama,Mystery","If you don't mind having your emotions toyed with, then you won't mind this movie. On the other hand, if you enjoy British crime mysteries, following clues and seeing how they all logically fall into place at the end, you'll be very disappointed.<br /><br />Here are some of the logical inconsistencies that lead to that disappointment: <br /><br />* While the police utilize the CCTV cameras early on to gather clues about the mystery, the huge truck that stopped and blocked the children's view just before her disappearance doesn't get caught on camera. This is a critical piece of the mystery. It's inconsistent to have the car the children were in caught on camera and not the big truck that is so critical to the mystery.<br /><br />* The movie goes to great lengths to show the sophistication of the equipment in tracking down the children's movements but misses the opportunity to utilize the same sophisticated equipment is tracking down vehicles that may have entered the crime scene from camera-visible locations adjacent to the crime scene as part of developing clues.<br /><br />* In England, driving is on the left. The director goes out of his way to have the car at the crime scene park on the right, several meters away from the flower kiosk, when it could have easily parked immediately behind, or even on the side; as the huge truck did.<br /><br />* The police forensics team is so meticulous as to find a discarded cell phone in a sewer drain several miles from the scene of the crime, but can't find any blood evidence from the head injury right at the crime scene, even though they secured the scene just hours after the disappearance and with no intervening rainfall.<br /><br />* Search dogs were not used at all to find the missing children; this from the country that is well known for developing the hound dog for search and hunting.<br /><br />* It is illogical that such a highly publicized news story would not turn up the presumably innocent truck driver that stopped at the flower kiosk.<br /><br />* It is illogical that the mother would go to such extremes and expend so much effort to leave carpet fiber clues under her fingernails for her eventual murder investigators even coaxing her daughter to do the same-- while she simply could not have crawled out of the unguarded mobile home. If she had enough sense about her to ask her daughter to get carpet fibers under her nails, she could of just as easily asked her daughter to call out for help or even leave the mobile home that was in a crowded residential park.<br /><br />* The suspect that abducted the little girl was portrayed as mentally slow/dimwitted --justifying his unknowingly drowning of the mother but, he was smart enough not to cooperate with the police and also fully exercise his rights not to self-incriminate.<br /><br />There are more inconsistencies like this that will lead to a true sleuth aficionado's disappointment. 'Five Days' is a very weak British crime story."
tt0865957,WarGames: The Dead Code,Stuart Gillard,2008,100,"Drama,Sci-Fi,Thriller","I can't say that Wargames: The Dead Code is the worst movie I've ever seen, as it had one or two decent moments, but I can easily say it's the most transparent movie I've ever seen. Not once did a plot device present itself without me guessing it 10+ minutes in advance. There was no subtlety to anything the movie did, no intelligence evident at all behind the scenes. Every spoken or typed line's intent was so glaringly obvious it was impossible to ""get into"" the movie.<br /><br />I found myself laughing at the horribly thought out plot line, and the bumbled attempts to reclaim the audience, far more often than I found myself enjoying the movie."
tt0871426,Baby Mama,Michael McCullers,2008,99,"Comedy,Romance","Come on Tina Fey you can do better then this. As soon as the movie started i knew how it would end. Sure it was funny at times. Even laugh out loud funny. But there isn't enough laughs to save this movie. I don't recommend buying this. At the most i recommend renting it but thats all. Baby Mama has some funny scenes but is predictable and fails to have the heartwarming ending it strives for.<br /><br />Tina Fey and Amy Poalher made a good team. Mean Girls is one of my favorite movies. Tina Fey and Amy Poalher both did great in that and they do good in this. But this isn't there best. Baby Mama had a great supporting cast. Dane Cook, Sigourney Weaver and Steve Martin add to the casts greatness.<br /><br />Another pregnancy movie has hit the cinema world. After the great Knocked Up and Juno, Baby Mama looks very average when compared. Knocked Up and Juno are Hilarious, Heartwarming and have endings that leave you with a smile on your face. Baby Mama's ending was unfunny and dull.<br /><br />Baby Mama wasn't the best comedy of the year and it doesn't try to be. I recommend it but don't expect it to be totally hilarious. Expect a average comedy that doesn't give the big emotional ending it tries to have. I give Baby Mama.....<br /><br />4/10"
tt0887912,The Hurt Locker,Kathryn Bigelow,2008,131,"Drama,Thriller,War","As an ordinary movie-watcher I can't say I enjoyed watching this one. It's not too emotional for a drama, not too gripping for a thriller, not too fast for an action. Plus, some moments of the movie are hardly credible. OK, I understand, soldiers become a bit out of their mind out there, but it's hard to believe that a person would risk his life, carjack into the middle of a hostile city, and after being shouted at by a professor's wife run away, without having asked a question (in a proper way). It would seem terribly romantic if it were an animation or so, but it's supposed to be a SERIOUS film about war.. There are several episodes like this, so the whole picture makes an impression that it's just a raw preview of a movie, and it needs considerable work.<br /><br />It feels like the movie makers wanted to create an image of an emotional brave soldier, but all these 'curves' of his psychology seem simply unnatural.<br /><br />This picture left a question in my head: WHY? Why they gave it an Oscar? Why SIX? And IMHO it's the most thrilling part of the movie :)"
tt0887971,While She Was Out,Susan Montford,2008,86,"Crime,Drama,Thriller","First of all, really Kim Basinger? Your rich banker husband leaves you alone in your beautiful, most likely paid in cash for home, and you can't even put on a decent shirt? I'm a woman, and yes, I'm going to come right out say it--clean something, starting with your hair. And while you're at it, it's Christmas Eve. Buy your kids some presents...or at least a Christmas tree. Don't drive 40 minutes to the crowded mall, park your car 3 miles away and cry about it the whole walk in, and simply buy wrapping paper. Also, the next time you decide to leave someone a nasty note, don't sign your name. I refuse to feel sorry for Della. Obviously, due to the fact that Kim Basinger is this masterpiece's executive producer, she wants you to feel bad for the poor white blond woman. We get it. Alec Baldwin is a jerk, but seriously, don't model horrible films after your own life. Also, you're in you 50s. You definitely wouldn't have 8 year old twins. AND THOSE NAMES? Terry and Tammy. Way to let your kids grow up with any decent chance of ever respecting themselves. It's also pretty fantastic to hear the characters in the film constantly call her beautiful or refer to her as a ""girl""...obviously Ms. Basinger had some say about what goes in the script. It's also pretty awesome how none of the criminals can fight back. Apparently, Della's magical ninja skills are impossible to beat. Her driving skills are pretty nifty too. This film is so cliché, it hurts. Wahhhhh! They spelled your name wrong on the tea cup. Or your husband put a hole in the wall but all you can think about is buying nail polish when you're at the mall instead of maybe some plaster and paint. Or the woman you went to high school with bought the teddy you were looking at. Boohooo! The fact that she refuses to take off that BRIGHT trench coat while running through the woods screaming and breaking everything in her path proves my point--this woman is a moron. Who thinks to grab the toolbox out of the car, but not their purse, full of identifying artifacts such as your ADDRESS. I have never wanted the ""bad guys"" to succeed as much as when I watched this film. And did anyone else happen to catch the ""African American"" shirt the black guy was sporting? Oh yes, rewind and feast your eyes on perhaps the most racially stereotypical prop in a film yet. Don't waste and hour and twenty minutes of your life. Instead, go do what Della couldn't figure out how to do...take care of your kids, and maybe brush your hair. That powerful ballad at the end though was pretty impressive. Singing ""I'll Be Home For Christmas"" in the rain while your bloody arm clings oh so tightly to your wrapping paper is about as emotional as it gets. Thanks Della!"
tt0888019,Five Across the Eyes,"Greg Swinson, Ryan Thiessen",2006,95,Horror,"I'm dumbfounded. Yes that's right. I'm really caught here. No way did I find it awful, but on the other hand it was a frustrating experience in macabre hysterical and murky incoherency. The idea behind such a trim, minimal low-budget Indie production isn't bad, but it's a confused muddle and in the end didn't do anything for me. It's amateurish and simple; it wants to exploit beyond reasoning and do so in that of-late fashionably rapid filming style. We have the documentary laced (hand-held) camera moving everywhere (despite never leaving the van), and sometimes feeling unfocused and blurry making certain details hard to figure out. Lately you kind of get use to it, but there are times when it does become too distracting and even nauseating. Keeping it still will help. The context has little groundwork (which has five teenage girls on their way home from a football game late at night and becoming lost on the back roads. At a road-side store they become involved in a minor accident which smashes an unoccupied SUV headlight. Scared, they flee and not too long that one-light SUV appears behind them. Soon to make their night an unforgettable ordeal in terror) spending most of the time playing out a drawn out, noisy and relentless cat and mouse game. <br /><br />As for being disturbing I guess that depends. Some moments can make you squirm with its attention to pain, desperation and demented brutality (with good use of piercing sound FX that seem to be more favoured over the imagery and not forgetting the alienating background sound effects), but also I found myself snickering too. In passages it can be repellent and intense with a real gradual rush, but hardly believable. The injuries of random characters never seem as serious like you were to believe, despite obviously they should be. Watch how blood runs freely, but it's not entirely convincing and can get dull. The constant nocturnal car chase could only do so much before getting repetitive. We get screaming, spewing, bleeding, running, cursing, body fluids and so on. Quite unpleasant details followed too. With little really to do, it needed a much stronger script than the measly forced one that was penned up. Too many cringe-moments arose from it, and there was not much in the way of depth for the characters and situation they were in. It was about set-pieces, waiting for next torturous encounter and it drew it out long enough. Helping out is it had an unpredictable pattern. <br /><br />The performances; Jennifer Barnett, Angela Brunda, Danielle Lilley, Sandra Paduch and Mia Yi are workman-like with their distraught characters and draw an authentic chemistry to make up for the script's weaknesses in its character-foundation . Veronica Garcia's flipped-out, bug-eyed intensity as the loony driver of the SUV was something yeah something. Her character's real motivation for terrorising the girls and her unstable state of mind is virtually non-existent. I guess being psychotic was good enough. Now probably the most unnerving thing I came across in the feature was that hideous soundtrack. Terrible techno music, to cheesy hard-rock and an overwrought closing score. It never felt overdone or got in the way, but it did stick out like a sore thumb. Co-directors Greg Swinson and Ryan Thiessen try to get the most out of their slight resources, but even with it edgy spirit it ends up being something quite ramshackle. Maybe it was enjoyable to make, but watching it just wasn't the case."
tt0906091,To Die in Jerusalem,Hilla Medalia,2007,40,"Documentary,Short","It's pretty clear that the director and production crew set out to paint a less than flattering picture of the Palestinian girl and her family. The film and it's website tries to imply that Ayat has a secret reason for blowing herself and Rachel up- a boyfriend problem- perhaps pregnancy. Neatly glossed over is the fact that Ayat had herself just witnessed the death of a close friend at the hands of the Israelis'-just outside her home. Gosh,so why on earth would a young, pretty, intelligent girl with plans for college go and do such a thing? Could it be that the hormonal, emotional teenager was traumatized by seeing seeing someone she loved die before her very eyes? This detail merits all of 5 seconds in the movie. Another neatly sidestepped detail is that Avigail Levy, Rachels' mother, could have prevented the destruction of the building the Akhras family lived in(along with 22 other families). One distinctly gets the impression that she's offering this as a ""concession"" - should Mrs. Akhras agree to speak with her.""why should I?"" she says.(since the movie was made the home has been destroyed- apparently the interview didn't result in what she wanted- so bring on the bulldozers)Mrs Levy claimed that she ""wanted the movie to be cathartic as well as a symbol of hope, a chance to transcend entrenched hatreds""- instead she uses it as an excuse to harangue Ayats mother, while dangling the house as a carrot.Moreover although the two women live only 4 miles apart, she is so out of touch with the realities of the occupation for her Palestinian neighbors, that she really thinks that Mrs. Akhras can just drop over for a cup of coffee?Please.And she forgoes the one chance she had to meet Mrs. Akhras in person and see what kind of life she lives.(the Akras family originally came from Jaffa, but now live crammed into a refugee camp only 4 miles from where the Levys live in comparative luxury.Any sympathy I would have had for the obviously well to do Mrs. Levy is dissolved by her air of self-righteous bitchiness.By contrast, Ayats mother comes off as kind,forthright and loving- in spite of the best efforts by the post production crew to paint her and her family as monsters. Heck even the music and sound design was one sided- I guess the muezzin sings ALL day every day 4 miles from the Levy family home, always in a sharply contrasting key from the sappy new-age music that scores this drab excuse for a documentary.Also there is the small matter of translations - Mrs. Levy DIRECTLY addresses the camera in English when she has something worked out to say ahead of time, Hebrew when she doesn't. Mrs.Akhras spoke only Arabic which received sometimes a TRANSLATION, sometimes TRANSLITERATION, always awkward, and very suspect for a supposedly objective movie.They also ""sweated"" her under the lights, while Mrs. Levy sat in (air conditioned) comfort.Rotten editing for Mrs. Akhras' segments too. I gave it a 2 because I liked Ayats mother and father, who seemed like good decent people. Shame on HBO, producers and director, for releasing such a stink-bomb."
tt0906734,The Broken,Sean Ellis,2008,93,"Drama,Horror,Thriller","This film is pure, distilled, unadulterated boredom. I knew nothing of it before I entered the dark room, took my seat. I was seduced by the ""mysterious and suspenseful"" blurb on the poster I suppose. Also, Lena Headey is nice and unconventionally sexy, and Richard Jenkins is always a reliable guy to have around, so the cast seemed reasonable. It may have been his name above the title that convinced me to go with this instead of whatever else was on. I should've gone to see Valkyrie for the second time instead.<br /><br />The thin plot revolves around Headley's Gina McVey, her boyfriend, her father, her sister and her sister's husband who for some reason are being stalked, in a very louche and unenthusiastic manner, by their evil doppelgangers who emerge from mirrors that mysteriously smash. There could be a great film behind this idea (not exactly an original idea, mind you, but still...) and in fact, if the filmmakers had shorn away all the supporting cast and simply stuck to Headey's character's story, The Broken could've made a reasonable 20-minute short. As it is, it is desperately unmotivated and boring, and terribly inconsistent.<br /><br />For instance, in one scene, a mirror smashes on its own in a room housing all the main characters; they look puzzled but quickly forget about it. In another scene, a mirror smashes in an empty room, and a doppelganger is visible as she ""steps out"" of the shards left hanging on the wall. So why did the first mirror smash if no creepy crawly was to come crawling out? Just for a little thrill? There are far too many scenes of the characters in the dimly-lit London flats, peering around corners cos they thought they heard something, but seeing nothing there and moving on. We begin to wonder, why doesn't this malevolent doppelgang actually ever want to try to scare them? Scare the characters and you have a chance of scaring the audience. But we, the audience, will need to start threatening each other, in the darkness of the theater, if we want to have any thrills during The Broken. By the way, once we've spent time with these evil doubles, we are totally bemused as to why anyone should be expected to be frightened of them - they just stand around, blank looks on their faces, perhaps totally harmless after killing their others.<br /><br />There are some nice moods and touches throughout, and I dare say director Sean Ellis could fashion a genuinely stylish and suspenseful mystery movie if he was to hire an imaginative screenwriter next time."
tt0912593,No End in Sight,Charles Ferguson,2007,102,"Documentary,War","There seems to be an overwhelming response to this movie yet no one with the insight to critique its methodology, which is extremely flawed. It simply continues to propogate journalistic style analysis, which is that it plays off of the audiences lack of knowledge and prejudice in order to evoke an emotional decry and outburst of negative diatribe.<br /><br />Journalism 101: tell the viewer some fact only in order to predispose them into drawing conclusions which are predictable. for instance, the idea of civil war, chaos, looting, etc were all supposedly unexpected responses to the collapse of governmental infrastructure following Hussein's demise: were these not all symptomatic of an already destitute culture? doctrinal infighting as symptomatic of these veins of Islam itself, rather than a failure in police force to restrain and secure? would they rather the US have declared marshall law? i'm sure the papers here would've exploded with accusations of a police state and fascist force.<br /><br />aside from the analytical idiocy of the film, it takes a few sideliners and leaves the rest out claiming ""so-and-so refused to be interviewed..."" yet the questions they would've asked are no doubt already answered by the hundred inquisitions those individuals have already received. would you, as vice president, deign to be interviewed by a first time writer/producer which was most certainly already amped to twist your words. they couldn't roll tape of Condi to actually show her opinion and answer some of the logistics of the questions, perhaps they never watched her hearing.<br /><br />this is far from a neutral glimpse of the situation on the ground there. this is another biased, asinine approach by journalists - which are, by and large, unthinking herds.<br /><br />anyone wanting to comment on war ought at least have based their ideas on things a little more reliable than NBC coverage and CNN commentary. these interpretations smack of the same vitriol which simply creates a further bipartisanism of those who want to think and those who want to be told by the media what to think."
tt0926129,Prom Night,Nelson McCormick,2008,88,Horror,"...let me count the ways.<br /><br />1. A title-only 'remake' that pulls out every cliché in the slasher handbook.<br /><br />2. A plot so predictable that it becomes quite pathetic.<br /><br />3. A completely weak execution of all attempts at suspense or thrills.<br /><br />4. A PG-13 rating that insures no gore, violence, or sex.<br /><br />5. A villain that is not frightening or even mysterious.<br /><br />6. A cast of characters that are so thinly written and stereotyped that we couldn't possibly care about them.<br /><br />7. A lack of any effectively creepy atmosphere (much unlike the original Prom Night).<br /><br />8. A script of dialog that's beyond poor - it's mind numbing. <br /><br />9. A series of cardboard performances (not sure whether to blame the actors or the lousy aforementioned script for that).<br /><br />10. A completely inept teen-targeted slasher remake that's not brave enough to attempt to have an imagination - or even to show a puddle of blood.<br /><br />It's a no-brainer horror fans, save your money.<br /><br />BOMB out of ****"
tt0932672,Second Coming,Jose Zambrano Cassella,2009,89,"Action,Drama,Horror","Okay at first this movie seemed pretty good even though it was moving rather quick and even though they only had a $60,000 budget it was good but if you found your sister dead in a lake and found out who might have killed her why would you go chase him around and pull a gun on him with only one bullet and waste it and end up running from him all retarded and get yourself killed? Plus after you found your sister dead in the lake and found a clue and figured out who the killer was why wouldn't you hand that clue over to the police who think you killed her? And at the end of the movie when she acts like her sister who was a waitress and she is talking to the bad guy she should of met him somewhere and recorded him saying she was dead and what happened for her ""proof"". I don't know I was not happy with the ending. This movie could of been so much better if it lasted longer and the acting was better and if the ending did not suck so bad! Do not waste your money on this movie because if you do you will be writing a review on here too and will not be happy."
tt0974959,American Pie Presents: Beta House,Andrew Waller,2007,85,Comedy,"First off to get my own personal feelings out of the way let me start by saying that I hate so called comedies where every single character is written and played as being so stupid that you wounder if they're all the result of inbreeding.<br /><br />Now I will say this I did see the first three American Pie movies and while they weren't the most amazing movies that I'd ever seen they were all right (and outright masterpieces compared to the three ""American Pie Presents"" films), I still feel compelled to ask what the hell were they thinking when they made this movie?<br /><br />I also have a few other questions too.<br /><br />Who thought that this was an acceptable use of studio funds and production resources? <br /><br />who approved the final script (and what was that person smoking when they approved it)? <br /><br />And lastly why did anyone think that it deserved to be released into theaters where the average cost of admission is between 10 and 15 dollars depending on where you live when it should have gone straight to the discount bin at Blockbuster or Wal Mart?<br /><br />There is so much wrong with this movie that I can't write a really comprehensive review of it because it would exceed the maximum allowed words on this forum so I'll just touch on the biggest things wrong with it.<br /><br />The plot is generic uninspired and stupid and characters are all about as interesting as watching paint dry for eighty minutes but the biggest thing that I can see wrong with this movie is the acting.<br /><br />While most of the cast are talentless no namers who will probably be forgotten in a few years,<br /><br />the one and only big name in this movie is Eugene Levy who spends almost all of the time he is on screen with this knowing smirk on his face that says to the viewer ""I know this isn't funny and I'm wasting my talents but hey I'm getting payed for it so who cares"" he doesn't even try to make any of his jokes funny (he really deserves better than this garbage). <br /><br />As I mentioned above most of the rest of the cast are horrible even though some of them have been in some really great TV shows, Tyrone Savage (from the classic Canadian series Wind At My Back) plays a character who is so unbearable unlikeable and irritating (there are things that he could teach to tropical skin diseases)that you almost wish he'd die a slow and painful death on screen, Christopher McDonald (NCIS, Law & Order) just hangs around on screen and wastes what talent he does have by being in this film.<br /><br />Maybe the next film in this series will just be a soft core porn with a story line so they can get around the MPAA and get an R rating this movie goes all out with pointless nudity vulgarity and pointlessly offencive sexual content that it should have gotten the X rating (the ratings board must have been drunk or on drugs when they reviewed this film for its rating). <br /><br />It's interesting that twenty five years ago when Wes Craven submitted A Nightmare On Elm Street to the MPAA for a rating review they forced him to cut twenty five seconds of footage (I believe that it was part of a death scene that had a silicone casting of a breast in it) to avoid getting an X rating and he had no other choice but to do it or the film wouldn't have been released, <br /><br />but this kind of needlessly offensive trash can get the R rating today because it's all done in the name of comedy, if this movie was a drama or horror film with this kind of content there would have been a huge stink over the content and it would havegotten the dreaded X rating.<br /><br />The last thing that really annoys me is the writing, this movie is written to play out like the wet dream of some twelve year old kid with an extremely overactive sexual imagination its quite juvenile and extraordinarily crass, nearly every expository situation that is supposed to move the corpse that this movie calls a plot along is so telegraphed that any intelligent viewer can see it coming a mile away and and the so called characters are just stereotypes of stereotypes of stereotypes, never mind the often repulsive sexual references and constant unnecessary scenes of deviant sexual behavior it feels like this film was written by some incompetent first year hack in a low rent film school script writing class.<br /><br />the long and short of it is its time to kill this series before it gets any stupider more crass and offensive, this pie is filled with road apples."
