product_id,review
B01DIJ9NDY,"The item title says ""Italy Made,"" which insinuates that the product is made in Italy. It is not. It is made in China. I guess what's ""Italy Made"" is the leather, not the wallet itself. This is not just misleading, it's outright deceptive. It irks me when we are not given the correct information to make purchasing decisions. All of that aside, I don't like the design of the wallet. American bills barely fit in the bill pocket, while the credit card slots are too loose. Also, the credit card pockets are not stitched to the edge, which means that a bulky point forms in the middle of the wallet where all the cards pile together when the wallet is folded. I guess this is how they make the wallet ""slim,"" by getting that bulk farther away from where it folds, but I don't see the leather wearing nicely given this construction.

Very satistifed!"
B005MZQ7EQ,"ugliest wallet in the world,don't buy !!!!!! ugliest wallet in the world,don't buy !!!!!! fuu i hate it,hate it very much

I was hoping for something a little more compact but it is better than the taped up wallet I carried around. Real leather, and many areas to store.

Stitching was a little funny in one spot, but otherwise this is a great wallet. It has around 8 card holders, a coin pouch, 3 pockets for cash one with a zipper, a flip clear ID holder, and two misc pockets.

This was a Christmas present for my 12-year-old son. We were specifically looking for a wallet that would hold his coins as well as his bills. This has worked out great. The leather seems to be good quality, the pockets are properly sized, and there's even a zippered slot where the bills go.

I was looking for a wallet that would hold coins. Although does not have a fancy brand-name, this one is perfect for my needs, neatly built and is of high quality. Moreover, its almost half the price of a comparable branded wallet.

Excellent product. It's taken three months of heavy duty work (lol) and is still going strong....no tears or scarring or burst seams. Would recommend for now, but will see how it lasts over the year and will edit/append my review to suit.

I've had this for several months and still good as new. I love it. simple, utilitarian, excellent. Havent overloaded the coin purse so cant speak for that."
B01DI3IW9G,"This is a great product. The quality is great. Does exactly what it is supposed to do. I was not sure about the quality of the leather and the stitching at this price but it is top notch.

I use an RFID cover for my passport when traveling, but wanted something I could use as a composite wallet in those counties where I need to carry my passport with me. This works well as I can organize everything in one place and toss it in my shoulder bag.

excellent

This wallet looks very professional and holds everything well. I leave for an international trip next week and will be very proud to pull this out and show my extensive party how sophisticated i am. Will definitely recommend that they purchase one for themselves. Biggest selling feature for me is the RFID feature, the look and quality feel are gravy. I feel safer for having this on my journeys.

Just what it was described to be. Very attractive. Just a tad larger than I expected... My bad!

This Travelambo RFID Blocking Leather Passport Wallet is lightweight. It holds my passport, drivers license, credit card and has room for more cards. There's a place for money (bills). The leather is soft and color beautiful.

This RFID Passport Wallet is also a great regular wallet for me. It is beautiful. I chose brown and it is a nice saddle brown. It's not dark brown but medium brown just as I was hoping. The wallet is leather and very soft and smooth. It has pockets everywhere! There are six card slots for credit cards, ID, or even business cards. There are two pockets on the sides inside for documents, cash, paperwork of any kind, etc. The top has a really large pocket for cash or checks or both. There is a mesh pocket that is supposed to carry a passport but can carry anything. I actually slip my iPod Touch in there as it is very slim and I use it as a transmitter or my hearing aids. It's the perfect place to put it. The quality can't be beat. I have a larger travel wallet from Travelambo and it is so awesome. This one is more compact but still has plenty of room for everything I need when I travel and for me to use as a wallet in my bigger purses.. I think the retail price is amazingly good for the quality and I cannot ind one thing that I don't like about this wallet. It's so versatile, well made, and useful. **I received this product for free in exchange for my honest review. Most people will see that sentence and assume I am a shill for the company but I have no affiliation with the seller or maker and I never promise to rate anything high unless I feel it deserves to be rated high. This wallet truly deserves the 5 star rating and I think you'll agree if you buy it.

This is a beautiful travel wallet - big enough to hold your Passport without curling the edges and large enough so that it's easy to get in and out when you need to use it. The leather is soft, smooth, and has no weird odors. It's such a lovely wallet that you can use it every day, carrying it in your back pocket, bag, or purse. There is RFID-blocking technology in both the Passport section and the slots for your credit cards and ID. At this reasonable price, you can purchase one for every family member. Perfect for men or women. Highly recommended. I'm a product review blogger and I received this product in exchange for an honest review.

Overall good quality. Giving it 3 stars because the one ordered is not brown. Instead, it is more of an Orange color. I was looking for the brown color.

do not order the brown version of this. It is not like the picture (dark brown) but instead a yellowish light brown. Other than the color, this seems like a good purchase.

Great quality! Shipped overnight, going to be such a great gift for the traveler in the family. I would highly recommend this product and would buy it again!

This is like red dirt brown if anything. I'm not returning it though because it's a really nice wallet

Bought this in brown because the image shows an attractive darkish coffee color. What I got instead "
B017QBMUYO,"As advertised.

Excelent producto

Exactly what I wanted. A simple wallet with a TRD log on it. I have sinced used some red acrylic paint to fill in the letters. The stitching on it seems very well done.

Perfect thank you

If you need a super thin wallet that would be considered a minimalist then this is your wallet. High quality and feels good in your hand. Well done, made in Japan for the TRD division of Toyota. Best wallet I have ever had.

Good sized slots for cards"
B01AVKSJ0Q,"I've been using it for almost 2 weeks and I haven't gone back to original wallet. I only need to carry 5 cards max and this hold them perfectly.

Very handy front pocket wallet. I like the recycled look

This product is awesome! Excellent craftsmanship American product one of my favorite purchases!

Great quality. Got this for my Dad about a year and a half ago and he loves it and carries it every day. Jake makes great stuff. Just bought one of the Captain wallets and just as I expected it's another quality product.

Tough little guy.

Love it. Definitely better than the usual back pocket deal.

These are really nice wallets for anyone who desires a front pocket wallet. Well made

Bought it for my 19 year old nephew. He loves it! Great for young adults who do not have to carry much.

Great minimalist wallet for a few cards and ID. The material is durable and overall construction is very good. Very satisfied with this product and made in the USA makes it even better. Will be purchasing from RecycledFirefighter again.

Can only hold up to 5 cards depending its thickness, money strap works well and fits anywhere. Fits on my front pocket and back pockets its an everyday carry. Only gave it 4 stars cause i wish it could hold 2 more cards other than that is a great wallet.

Phenomenal quality and a cool use of recycled material! I have several pieces from RF and I love each one. Makes unique and thoughtful gifts as well!

I have owned this wallet for about a year now. This is a slim type of wallet/money clip. Wallet is super durable and looks great. I would buy this wallet again ( if the one I currently own ever needs replaced. Seriously I could see this thing hold up for a decade or more with daily use)"
B0096HTEMS,"high quality wallet. i am very happy about the purchase i made and i would recommend anyone to buy this product

First off, the pictures don't nearly do it justice. It is a beautiful wallet, the best I've ever seen, of higher quality then I've ever seen. The feel of the leather is just awesome. It's not made with some cheap Chinese fabric they call leather, it's straight from the cow. However, I did laugh when I read that this cowhide product was made in India, where cows are holy and they refuse to kill or eat them. The Navy emblem is very clearly embossed into the wallet, which the picture doesn't show that well which worried me, but it's great. I could not have been more pleased with this product. CuffCrazy is a very reliable seller with a wide variety of pristine quality wallets, and I've already recommended them to my friends. It's not just looks, they thought of everything in designing it. I guess the best way of describing it is that if you told me it was made by a small American businessman who paid attention to every detail and cared about his work, I'd believe you 100%. If you're an active duty, veteran, or an aspiring member of the United States Navy, do not hesitate. Get this wallet. God bless America

This is the 2nd one that I have purchased, love it buy it your husband or whomever will love it

This is a fantastic wallet!! I was very impressed with the pristine workmanship and quality of it. It is a nice, rich, dark brown color, and the emblem is very clearly imprinted. There are plenty of slots and pockets, as well as a clear ID slot on the left side; that folds open upward. It has a nice feel to it: not too large or anything, and the leather is genuine and soft. It takes a few days of being in your rear pocket for the center fold to break in, but after that its perfect (normal for leather wallets). It holds its shape and structure well, but is not stiff. Overall a very good wallet. I would recommend it to anyone looking for a nice leather bi-fold. I was not disappointed in any way. Well worth what it cost!

The card slots on the left side were not there, and the wallet in the picture is slightly different than the one I received but the build quality is great so I can't be upset!

Great gift

Beautiful quality! Soft and sturdy. We bought it for our son's high school graduation since he will be joining the Navy in the fall. I asked the seller to please mail it in time, and they went over and above when they went to USPS that morning so we can give it to our son at his pre-grad dinner party! We are so thankful!

I surprised my husband with this and he loves it.

Well made

Picture does not do it justice !! It is really really nice !! Looks like it costs way more than I paid

Great quality! I got it for my dad and he loves it!

This is a very fine slim leather billfold wallet. Yet, it has plenty of slots for various cards -- with some of easier access than others -- even a see-thru window slot for picture ID. There are two areas with billfold folding action for four actual spots to store stuff like bills and papers. The leather quality, fold-pleating and stitching are finely crafted as well as the great indented US Navy inscription +++"
B00FKFLEY6,"I've had this for a week so far. It's exactly what I was looking for as I tried to slim down my wallet. Heck, it even forced me to re-evaluate the amount of junk I carried. The only drawback is that if you're not careful, it's easy for a credit card or two to slip out accidentally depending on how you hold the wallet, unzipped, during a transaction. As an added bonus, this wallet was in my jersey pocket as I cycled in the rain but no damage at all to the outer layer. I highly recommend for those looking to simplify.

the zipper is a little tight, but that probably helps is protect the contents...very nicely made. The leather is also nice.

I have been looking for this kind of wallet solution for a while and this one hits the target!!!! Well made, perfect size and keeps my money, license and cards secure!!!!

This wallet is great for front pockets, It is perfect if you need to carry a lot of credit cards but don't want the bulk.

This is an awesome wallet! I can carry 12 cards and cash and it fits in my front pocket. It's nice and compact. IMF you're looking for a truly easy to carry small wallet, this is it.

As advertised it's very small, however you will be surprised how much it can hold. Nice leather and seems like it has a strong zipper but time will tell. I wish that the zipper went around the entire wallet allowing you to open it up completely which would certainly give you easier access to your items. This design makes it difficult to pull your cards out especially if you pack it full like I do. This ""wallet"" is basically a small ""credit card sized"" pouch, nothing more. However, I like it because it is exactly what I was looking for. The real negative that led me to rate it only three stars is that I personally feel that this ""wallet"" is way over priced for what it is.

$65 95 for a coin purse ..it is a toy..worth may be .50 cents..dont waste your money and time..this is not a WALLET..i sent it back...

Bellroy has a hit! Not only is the leather luxurious, they have carefully designed the measurements to be the absolute minimum size for credit cards and cash folded in thirds. The tangs on the zipper are carefully covered so as not to allow dust or dampness into the wallet, but also protect the interior of your pocket from snagging. I've used this for a few weeks now and absolutely love it. It takes getting used to finding the right card, or folding bills into thirds, but after a short time I've found it second nature. No regrets.

I can't belief how badly this item is advertised. 70 bucks for a change purse at best. This item shouldn't cost more than 50 cents. It is not a wallet!!!! it is the size of a SMALL change purse and I mean SMALL change purse. I would not even recommend this to my worse enemy. This is the second wallet I ordered through Amazon. NO MORE!!!!! I recommend you be very careful ordering anything of this nature from AMAZON.

I had been on a quest for a better wallet for a very long time prior to buying this one. My requirements are simple: I carry a few cards and a couple of banknotes, hate coins, and a wallet has to be as unnoticeable as possible or I better leave it at home and just put the cards and banknotes in my pocket. I only need a wallet to hold the cards and notes together. It's the first wallet that I've been carrying with me all the time and haven't ever left at home so far. It's very small, it looks good and the fact that it's closed with a zipper is great, as I always know that whatever I put inside stays inside, safe and dry.

This is the one, people. It comfortably holds 12 cards (I have 8 in the bigger pocket and 4 in the main area) as well as receipts in the smaller pocket. It is high quality and I love the weather resistant zipper. Does it kind of look like a change purse? Yup. But I love it all the same.

I had stopped carrying a wallet approximately 25 years ago. I carry my license and credit cards in a plastic case in the car which often ends up still in the car when I'm in the st"
B00Q3O92PQ,"I really like the functionality of this wallet. I only have two frequent use credit cards but I have more cards than this wallet can hold. However I had to return the wallet because they put a wrong color wallet in the box. I just put in a reorder with hope that I will get the right color. For now I am giving a 5 star rating but if they continue to send me the wrong color, I will reconsider future ratings for this wallet. There are other wallets on the market that are very compatible if not better in quality but I purchased Alpine Swiss products to support the charity of this organization.

great, holding up well.

First of all, they sent me the wrong color. I ordered it in cream and they sent me taupe. I didn't exchange it because it was actually the other color I was considering, and it's still a nice basic color. I like it because it holds a lot of cards and it's not too bulky. I can just throw it into my backpack or purse. It's pretty good quality, but I wish there was a coin compartment and it's already stained (although that might be my fault for throwing it around). All in all, it's not the best, but it's cheap and gets the job done!

Bought as a gift, she loved it. seems like a high quality item for the price.

Works well. Good material

I needed a new wallet, my old one was so old!! And wanted something a little smaller. Even though this is a little smaller, it holds a lot. I can put small pictures in it, put my change, my paper money, my credit cards. One side when you unzip it, it has a lot of slits to put really anything slim in them, the othe zip I keep my change and bills in it. I like how you can have your ID right on the side showing, I always never could find my ID!!! Now it's right there, if I need to write down my ID number I don't have to take it out, I can see it right there! Or you can put a picture in it of your sweetie :) I love the pretty color, would go with any purse color, a nice yellowish, Carmel color, the wallet feels nicely made, not cheap feel al all. I love my new wallet! Fits perfect in my purse without taking half of the room in my purse!! But still allowing me to put the things I need in my wallet.

Only holds cards & they fall out easily. No where to put cash.

I like the wallet it holds cards and cash and has a place for ID but I chose a color by the picture and what I got was not a pale yellow but a muddy brownish color not very attractive but I needed it and have to put up with the ugly color. The wallet is 5 star the description of this color stinks.

Love this little wallet. It is great for travel and everyday. The color is exactly like the picture but I like the wallet enough to purchase at least 1 more.

The women's wallets were of the same top quality as the men's by this company. However, there is not a compartment for paper money. Just two tri-fold expanding sides."
B01DDFDJBK,"so thin that you can only fit a few credit cards and maybe 2 bills as it is way to tight. I gave it away.

It's smaller than it looked but it is a very nice credit card etc. holder."
B015YOODZO,"I bought this for somebody as a gift and she loves it she has a bunch of credit cards and she used to keep them in plastic bags and now I got her organized

The cover is a tad too soft, I wish they provided some kind of lining. Holder quality is reasonable and I expect this one to last a few years.

Got this as a little gift for my wife.....she LOVES it. The leather is extra soft but she likes it that way!!

I finally found something to hold all of my credit cards, reward cards, gift cards, and business cards in one place.

The cover is really soft and gets softer with time. Would like it if it was a little harder.

1

Ordered one for my husband, he liked it very much. The leather is extremely soft and touchy. There are so many pockets you would not run out of ever. My husband has over 70 credit cards and is working on more so this was an excellent offer for the price.

Worth the price. Arrives in a nice gift box. Good quality.

Love that this is leather and yet doesn't weigh a lot while still providing lots of spaces.

Quality construction. Keeps my business cards all in one place. Fits easily into my purse.

excellent quality at this price point. much nicer cases out there but you will pay for it.

I really love this and get compliments on it often. I took off one star because some of the plastic where the cards slide in is starting to split. Otherwise, it is perfect.

Really nice item. Very soft and flexible. Holds lots of cards. I'd buy it again.

Great!

Handy. Use it all of the time.

Well worth the money

Very soft leather. Works perfectly for what I needed.

I recently started a job where I have to go to many different doctors offices over 5 counties and keeping up with their addresses and names is so much easier if I obtain a business card from them. I had a lot of trouble finding a somewhat compact size book to keep these in until I found this on Amazon and it is perfect! I love the color of it too.

Good

The cover is not as sturdy as I would like it. The product gets the job done.

Perfect, so many compliments when I pull it out to pay for something "" Love the color"", ""That's a great idea"", ""Where did you get that"". My daughter said ""Finally! Now you can stop digging in all your bags/wallets looking for your card"" Love it

The plastic pockets are ripping already, so a little bit flimsy if you take cards in an out. If you don't remove them once there in, then it's probably fine.

Love it

This product is ok but a bit too large. It has good durable workmanship.

love this. I had to buy 2- hubby took mine

Nice leather for the price

It has two buttons on top which help accommodate the thickness when the book is full. Loved the color and the cards don't slide out. Wish it had a few full size sleeve for gift certificates, but it works great and I love it....Will proly buy another one as a gift and fill it with gift cards for them! Thanks so much!

Great quality business card holder! Nice leather, well bound. Happy with purchase

beautiful soft leather and fits credit cards without being too tight

Better quality than expected. Leather is very nice and the card sleeves hold all my credit cards.

This is a beautifully made product at an incredible price. Was exactly what I was looking for.

Very soft, good quality leather. I use this to store credit cards, and it is perfect for that purposes. I like that it has two buttons for the latch so that you can select the length that best suits how thick you have stuffed the holder.

This card holder is so soft. I like it much better than an other one that I have which has a hard cover. I bought red so that I could find it in the bottom of m purse. It is great for keeping store cards and other business cards that I receive. I also tuck my coupons inside before I close it up.

Loved it!!!

perfect! Exactly what I needed!

Helps me keep all my credit cards gift cards and doctors' appointment cards organized!

Awsome product fits all credit cards and business cards etc very easy Not"
B00WL6S17U,"Passport was beautifully packaged. Quality is better then expectation. Can't wait to give this gift. Very happy with order. Would highly recommend!

Bought as a gift. Packaging is impressive. I am satisfied with the product

I really liked this product, but after four flights the plastic that holds the passport in started to come off.

Just what I was looking for. Sophisticated with a real old world leather look and feel. Great construction.

Far exceeded my expectations.

Nice leather well worth the price

Beautiful, soft leather, well made!

He loves it!

Really nice - great quality for price!

Very nice. Love it.

Loved this passport cover, gave it as a gift for Christmas, but will be buying one for myself!

Very nice quality.

This is a very nice passport/wallet. Great leather and such great compartments. My husband loved the toiletry bag and men's grooming nail set. Great price for such wonderful quality. Would definitely buy from this company again!!

Very nice looks and feels authentic.

good wallet for the price if you carry a passport a lot. not much space for cash

Great quality. Nice wallet

Well made. Will use on trip planned later in the year.

Love it, amazing product!

Only have had it a week but fits passport well and is soft leather.

Very satisfied with the product, met our expectations. Even ordered an additional one for my brother who will be traveling overseas!

Item is as described nice leather. Package arrived looking ok. After opening the outer package the item arrived in a mangled box which made it impossible to wrap as a present.

My passport / wallet is amazing. I love the quality feel of the genuine leather. Received a lot of compliments during my European Tour last week

Thanks! Item was just what I wanted. Good quality!

Excellent product, was exactly as described.

Sometimes when I purchase items on Amazon, I really don't know what I am going to get. This passport holder is actually top quality leather. Comparable products would sell for double the price at brick and mortar retailers. Worth the buy. I just bought another one in the other color as well.

Great value- well made and as advertised- soft leather- very pleased with the value and quality!!

Exactly as one would expect but It did have a slight oily smell or something. Maybe leather conditioner etc. No big deal just throwing it out there if your sensitive to this.

Good wallet thin fits into sport or suit jacket easily

The passport wallet is slim and durable. Materials are of very good quality and I am quite sure thils will last me a long time. This product was well thought out and incorporates all that you would need access to in a hurry when traveling. I plan on getting one for each of my family members.

Beautiful leather

Holds passport and credit cards and still fit in pants pocket. Would purchase again.

Great product thanks mike

Excellent product, pleasure doing business. Thank you.

exactly what was needed.

Soft Leather, convenient for travel complete with RFID protection, its really one of a kind!!!!

Quality wallet for your passport and other wallet items. It will last for a while and the price is very reasonable for what you are receiving.

Beautiful leather and color. Great craftsmanship. Enough space for a lot of things but small in size.

Ordered tan and received black. Disappointing.

This is an impressive travel wallet that will fit all of my needs. The leather is soft but yet sturdy enough, and the distressed finish is just what I was looking for to fit my vintage style. I can't wait to hit the road with this terrific travel accessory! The package was impressive, too! It would make a great gift.

This is a great passport holder. Love the slits for credit cards. Would highly recommend.

Excellent quality and very stylish, I love it!!

Very nice wallet! The leather is soft, the stitching is great. Looks and feels fantastic. I always have low expectations when I order certain products from Amazon but this is truly a nice "
B00J8X1ZPY,"Good quality. Totally recommended.

Smells weird even after airing it out for days. Doesn't smell leathery, it's like a mix between toxic plastic and leather. The outer zipper works fine, but the inner zipper (for the coin compartment) is not smooth and it's kind of a hassle to open since the coin part isn't fastened enough to the rest of the wallet. It arrived with a stain on the front that looks like glue or something. It's not obvious, but it ruins the smooth texture that it's supposed to have. Tried washing it off but nothing changed.

The Logo is old and scratched. Cant return it because shipping is too expensive from Nairobi.

Very elegant ! Thin but holds a lot

The wallet looks worn out.. The metal plate and zipper are rusted..disappointed!

The black wallet was as expected. But I ordered a red one and was sent to blue one. I returned those and I am waiting to receive it from seller. The black one is of great quality and and workmanship.

Very NIce well made leather wallet. A bit long though but that makes it very roomy to fit the bills and coins perfectly. Card slots just right. Excellent product. Love it."
B01AU3JZHK,"I had a great wallet for years until it was no longer usable. For years I used a simple hair tie to hold my cards and cash together. After finding this wallet and using it for a while I regret nothing. This wallet works great if you don't have very many cards. It holds 2 cards per slit but it is a tight fit and hard to pull one out at times.l but a great wallet nevertheless.

Disclaimer: I bought this on my own at NO discount. That said I love this wallet. I used to carry trifolds and bi-folds and was tired of the bulk and decided to give this a try. It has just enough card space and I actually like the cash slot. I carry this in the front and back pocket. I did not test the rfid blocking capabilities though. If you're a simple guy looking for a simple wallet, this one is pretty good.

Nice wallet

Expected a bifold wallet and got a thin RFID blocking credit card holder with little room for cash.

This is a great wallet. I was looking for something like this (minimalist, as described) after seeing a news report about how easy it is for credit card scammers to get your card information without physically touching your card. This is a first quality product. I highly recommend it!

I like the shape and how it functions. But it arrived full of dust (that I assume was from manufacturing process) and smelled strongly. I'm still trying to get the smell out.

There was a strong chemical smell to the wallet and a powder film all over it. I had to wipe it down and air it out.

The wallet came quickly. Nice and thin. Packaging very impressive.

Just what i expected

Handsome small wallet. It is exactly what it is a minimalist wallet. When I first opened it had a strange smell but went away after a couple of days in the air. I would highly recommend it seems very well built.

OMG !!! I cant believe this , I bought this wallet as a gift for a family member for Christmas. It came in today and I was excited to wrap it up , i decided to unpack it from its original package and there came this nasty smell ! When i took it out of the box there was mold all over the wallet ,inside of the wallet , I AM JUST SO DISGUSTED !!! HOW IN THE WORLD ARE YOU GOING TO SEND A FREAKEN MOLDED ITEM !?!?!?!? NEVER AGAIN !!!!!!!!!!!!!!

I am happy with this item and giving it as a Christmas gift and believe it will be used and greatly appreciated....time will tell how long it lasts

I bought this wallet for my husband and he loves it.

I did not understand the wallet I received, I thought it was a wallet, not just an insert for credit cards that is the only problem, you state it a wallet, it is not

I purchased the Minimalist and love it. I have a skinny wallet with a money clip and another that requires me to put my money into a slot. This one has a center pocket that is open on 2 ends to make cash storage a cinch. Lots of room for my cards. Very thin. Just love it!

Husband likes it.

I like the wallet it's slim and arrived well packaged on time. That said, it doesn't seem like it's real leather as the heading would seem to indicate. There are no labels on the product that say it's leather.

just barely makes three stars. very tight. worn spot on it.

eh, its alright. It looked so dirty when I got it that i had to wipe it down before giving it to my boyfriend.

My husband loved it!

Nice wallet. Pwell packaged

The wallet is being returned be cause it had mold all over it.

Was not at all what we expected. It looks and feels cheap

Update 9/17 - Added the 5th star as it has broken in nicely! I've been using this for a couple of months now and I thought it would have stretched a bit with use but no such luck. The craftsmanship is fantastic just wish it was 1/8"" bigger

It's a nice compact wallet. It did force me to prioritise the cards I need on a daily basis, but so far so good. I haven't tested the RFD blocking part yet arrived much sooner than the predicted date too.t. For the money it seems pretty well made, so I think it's pretty good value."
B01883CH8S,"This wallet is really well made and is 99% of what I want in a wallet. I was a bit sad there was no coin section that was zippered, but the wallet is really awesome and I'd totally buy it again anyway.

cute wallet that has one section for cards and another section for dollar bills and coins. I get the 2 confused sometimes

Love it! Very well made. Zippers work well. Perfect for my needs. Thanks

Bought for wife. Really good quality PLUS she loves that Alpine Swiss donates meals.

Handy and fun color

I'm in the process of returning this item. One of the zippers was broken.

Great wallet organizer. I have used it daily since it arrived. So light and compact, perfect to stash in a small purse.

Very compact but not to small. Wife loves it so much I bought 3 all different colors.

I love it"
B00G9HULXE,"Exactly as said in the description. lots of space for cards. I love the outside pouch for and ID card.

I like it a lot It is just the right size and looks classy. I like the idea of the license on the outside so you can just show it to people without having to open a compartment if they want proof of ID. I like the color too.

Pretty much what I wanted. Slightly larger than I thought it would be. Wanted to replace similar wallet with outside pocket for id.

Easier access to what I'm looking for. The size is great too because my bag is bursting at the seams.

By looking at the photo of the color of this wallet I thought it would be more of a tangerine shade but it is more of an almond color which is ok with me. Very well made, you can store many cards with no problems. You will have to fold your paper money since it is long enough in length to store flat. very pleased with the quality of this wallet and it is small so if you have a very small handbag this would fit nicely.

The coin holder is not secure and my wife lost her coins the first time she used this wallet. Otherwise she feels that the quality is good and she is very happy with the two mini-wallets that she purchased. She wanted a smaller wallet and this fits the bill. She is still able to organize all her cards etc. in this small wallet.

The wallet I received wasn't as vibrant a color as the one advertised. The front of it above the ID slot is a faded brown color as well (see pictures). Besides the disappointing color, the wallet was a good purchase.

Works well, but purchased a similar one that is RFID protected. Other than that a good buy

Works as intended

I love this wallet. I can fit my money and all my cards and the two zippers keep everything inside

I just received my second alpine compact wallet. My first wallet lasted 3 years and I'm hoping this one last just as long!

disappointed with it...not enough compartments for my cards, but I guess I can give it as a Christmas present.

this is exactly what I have been searching for! I love it! It fits perfectly into my purse and keeps all my I.D's safely in one place. Thank you so much!

Nice quality - very simple and attractive. Does not hold all my cards but certainly enough to go through a normal day.

Bought this for a trip and it was very good. Was able to use it for 15 straight days and the wallet didn't got any damage.

This is a very compact wallet. It looks larger in the pictures however, that being said, it holds more than a typically sized wallet. I needed a small wallet to go with my new, cute cross body bag and this fits perfectly. One thing to note is that you will have to fold your bills several times so if that's an issue this is not the wallet you want"
B00TBHNTU6,This was a wonderful purchase. The seller's description was accurate and the price was amazing. I love it and would definitely buy from this seller again
B017WTVL0Y,"This product is perfect and is exactly as advertised. Couldn't ask for anything more. This wallet is amazing, gorgeous and functional. Just love it!! Worth every dollar !!

What a lovely wallet! Nice size, the artwork is a wow and I receive many compliments. The leather is soft and supple, zippers are easy to work, many places to put things and it fits a larger smart phone with a cover! So much better than a solid colored wallet and coupled with the RFID protection it's a win-win for all. Thank you for your fine workmanship!"
B019Q10ZVM,"I would have given this five stars if only the material was a little thicker.

I wanted to love this but it ripped just after a week of usage.

Love the color and deisgn but the quality is just not good."
B017OVM6RC,"Love this wtstlet. I use it as a wallet for my big bags and take it out and use as a wristlet when I don't want to carry my big bag in the big cities.

Very well made-- carry it almost everywhere! I want to get more colors!"
B0152GD63E,"Pretty. Nice case.

Great quality, soft case holding phone, also has pocket to hold money and cards if you don't want to carry a purse... HIGHLY RECCOMEND."
B0119HRJWY,Unimpressed. I think it's plastic leather.
B011Y2JIR8,"I normally don't take the time to write reviews but I had to make an exception here. This is by far the best wallet I have ever owned! Great quality, functional, sleek, and classy. The middle zipped pouch holds my iPhone 6 perfectly. I am considering getting a second one. Great product!"
B00XFC051O,matches my Coach purse perfectly. It is my valentines purse and wallet
B00CJ8SEQI,"dont like

too small in size and the tone is different not as big as pic let it seem i am disappointed

It's all about the color and style of this item and I love it. Nice large size yet not to big, chain strap is nice touch - overall great price for a great item. It arrived in a timely manner and packaged well. I haven't worn it yet but I'm sure it will be just the pop of style I need!

This purse came an was nothing like the picture its cheap an the color is off it came with a gold chain that was faded more like silver the tread is coming out the purse its not worth buying don't waste your money

I love this little bag. It is exactly as described and pictures. I will use it as a clutch and use the chain for something else."
B019C2HF0E,"Very nice, but the leather ""chain"" fell apart the first day, so replaced it with a metal one."
B019F1ZZNG,What a Great Little wallet!!!! I just love mine!!!! It was just what I was looking for!!!! I would definitely recommend one to anyone who loves great products!!!!
B00G4SEKS0,I got this wallet as a gift and initially scoffed it off as a piece of junk I had to store somewhere. After 5 years of use this wallet is still holding up strong. The leather and craftsmanship are of very high quality. I don't think I'll ever buy a different brand of wallet again. Nocona is one of the best.
B0074ETXWQ,The Coach quality comes through and the design is classic with the cute turnlock. I was lucky enough to find this at an outlet store and snapped it up. This one was a gift. I have another black Coach wallet (Legacy) that I just love. There is a lot of storage in their wallets for the basics. Not sure if your iPhone would fit (I don't have one). Get this one!
B018S0HHSQ,"Love this wallet, just wish it would fit my iPhone 7 Plus.

LOVE this wallet. My iphone 5 easily fits in the zip up coin purse part and there's enough space for all my cards, money, and receipts. And it fits nicely into my larger purse.

Great wallet for every day and to grab and go out. Holds money, cards and phone.

Satisfied

Love it!! Just what I wanted!

Is very pretty and looks just like shown in the picture. I have the iPhone 6plus and it will fit only if case is removed. Other than that, great product and happy with my buy.

Love this clutch. It's perfect to carry your informant ID cards Color is nice and its soft and appears to be well made

Love this wallet. Big enough to put my iPhone 6S Plus in with the case.

Overall I love the idea of this wallet. But...the zipper is really lacking. It sticks, and almost feels like it is going to come apart. I wish it was just a big thicker to accommodate my iPhone 6s."
B01G134EL0,"Small, beautiful and spacious. Every girl should have one.

first of all i am very amazed with the design,its looks very elegant,i like the fish design with accent..it has space for your coins and a secret pocket with zipper which you can put your extra money ,specially if your planning to save it for later...it has 3 slots for bills ..the black and pink combination is very pretty ..i got this for discounted price ...it looks expensive and its a good quality ...and i bought wallet before and i said something about the gas snmell,but this one don't have the bad smell..i love it and i recommend this for everybody that looking for elegant,high quality but reasonable price...

My Women's Leather Diamante With Heart Clutch Handbag Card Holder Purse Wallet finally came in after the long wait. 1st picture: It came in with this shipping/package envelope, not sure what it's called, it's made out of paper which is not necessary for a purse, should have placed in a box! 2nd picture: This is what's inside the package, a purse/wallet covered with cheap plastic. 3rd picture: The purse is secured with a paper! Yes, you read it right! a paper!! Not right for me! Should have included a bubble wrap or something SO THE PURSE WON'T BE DAMAGED. 4th picture: This is what the actual purse looks like. It's glossy, the quality is not that good, it looks good though! Very nice detail. Nice color, black and some sort of metallic gold in the metals, hot pink on the inside. 5th picture: It came with a chain that you could use to make it a sling bag. You just have to hook them up! (See 7th pic) 6th picture: I just noticed this! It seems to be a mark since they just glued it. It just doesnt look good. Yea, let's say that it looks good in the outside and not everyone would see every little detail, but come on! a purse is a purse, and it should look good for the sake of fashion 7th picture: This is where you hook up the chain to make your purse a sling bag. 8th picture: This is what the inside looks like! Pretty big purse. It's pretty spacious. Lots of space for me. 9th picture: I just hate to see what the sides look like. You could see that they cut the leather wrong, and some sort of cardboard can be seen. Not cool for me. And one gem is missing. Not cool!!! Overall, i like the design. It's pretty cute. But I hated some small details. The stain/mark inside, the missing gem, the wrongly cut sides, the cardboard's showing already, ugh! I know that you can improve this. Maybe you should check the item first before shipping it. Well, it's not always about how inexpensive it is, maybe we should always look and care about the quality too! Remember, quality over quantity. I am just not 5 out of 5 satisfied/happy about it! *I did received this at a discounted price in exchange for my honest and unbiased opinion. Compensation of any kind is never accepted in exchange for a positive review. All opinions expressed are my own and not edited by any companies mentioned.* <a data-hook=""product-link-linked"" class=""a-link-normal"" href=""/PGXT-Women-s-Leather-Diamante-With-Heart-Clutch-Handbag-Card-Holder-Purse-Wallet-Black/dp/B01G134EL0/ref=cm_cr_arp_d_rvw_txt?ie=UTF8"">PGXT Women's Leather Diamante With Heart Clutch Handbag Card Holder Purse Wallet Black</a>"
B01CQNND3Y,"This is an excellent case. It holds 4 cards and the pocket is roomie and it all fits so you can close it! I've had it about 6 months now and it's holding up nicely. Definitely protects my phone.

Very pretty case, I love the colors."
B01GJ5L91I,It fit perfectly!
B01GYJI26O,"It didn't have quite as many card pockets as I was hoping. The pocket above the card pockets is one long pocket, instead of being divided into two.

It's very roomy! The only thing is that the inside is pink rather than gold like in the picture, but that doesn't bother me at all. It's gorgeous, and very sturdy.

I ordered the pink and received the purple instead.

Looks Like the picture

I love this zipper wallet. My things are secure and I like how the inside is designed.

Looks as pictured, super nice!

looked like the picture and very durable.

It's so pretty!! I love it!

It is absolutely perfect. Color was better than picture.

Cute as heck. Extra satisfied.

Surprisingly good quality. Has separated slots for money and whatnot. It's much better than expected for a novelty item. Gf was a little concerned about the bow falling off from going in and out of her purse, but so far so good. She's a big Sailor Moon fan, so she loved the design of being related but not blatant about it being a Sailor Moon item.

Wallet came a day early and undamaged, and looks just like it does in the photos. The fabric and stitching are well-done, nothing loose or out-of-place. I'm satisfied with the color and body overall, and the main pocket spaces are large enough to fit (and zip up with) my iPhone 6+, even with a case on it! My only issue is that the wallet doesn't have some of the features listed. There are 8 card slots instead of 12 (and I can confirm that they're a little tight, as others have mentioned), and there is no clear view slot (not a big deal for me, though I admit I would've liked a clear view slot to showcase photos). Also, the two center-most pocket divisions are not sewn into the bottom of the wallet, so there's a small gap beneath them. I don't have any huge issue with this, but it's worth noting. Conclusively, it's a well-made wallet. Haven't taken it out to test durability or anything (I'm a student with a heavy bag and a testy route around school, so we'll see), but it seems as if it'll hold up, as there aren't any loose threads or stitchings that might pose a problem. If there are any changes, I will update my review accordingly.

Very good quality.

I adore Sailor Moon, but didn't want a wallet that had cartoons plastered all over it. This is subtle, well-crafted and showed up really quick in my mailbox! It's really well made, fits all my credit cards, cash (even the change!) and my iPhone with plenty of space. I bout this in the soft pink and it's exactly the color that appears here, and is sturdy made. The button on the front is anchored in strongly, and the zipper is a heavy one I find on a lot of my expensive, brand name purses. It's perfect, and I want one in every color now!"
B01DDFAHX8,"I am happy with this purchase.

Keeps my Tab safe and the design is beautiful.

Beautiful vibrant colors, strong construction....very practical."
B01HGLIH8M,"I love it

This is such an adorable and nice quality wallet. It really was a great deal."
B016NJ3YL8,"Very nice purple coach wallet

It did not come in a coach box, just a shipping box. Questioning its authenticity"
B00MMORECO,"poor quality, the pink edges around the wallet peels right away."
B011OKGGZW,"Great!

The wallet itself is what you expect. But when you checkout with a green wallet, and a blue one is on your tracking information and arrives. It's kind of disappointing.

A Christmas gift

I bought this wallet as a gift for my son and he really liked it. The quality was great."
B00OQIWSRA,"Money clip is good the rest of the wallet is too small to be useful . Window is not big enough for drivers license, if you have more than 2 credit cards your out of luck . Ill struggle by while looking for an appropriate replacement"
B00LM1OMXW,"so beautiful and elegant looking! I wanted something small and stylish, this is the one! the color is exactly how it is on the picture. It also has this very light lavender/purple inside which makes it look very rich and expensive.

The wallet is nice but the picture is misleading. I thought it was yellow with a yellow interior but it's yellow with a pink interior. Not what I ordered! The overall quality of it is pretty good though.

The color was nice. The model holding it must have hands of a 5 year old the way it looks in her hand I have med / small hands and my hand covers it all. Not a cluche more a small wallet

I thought this would be larger. The lady in this picture must have small hands. I do love it. It has alot of compartments. I do which it was a little larger so I can fit my check book in there.

I love the color, and it has a removable wallet inside.. alot of compartments. Love it

Very bad quality material and the buttons were broken when I received it

Cute

perfect"
B00V3OW9AQ,"great

This wallet would be ok in a purse but not as a mans wallet. Its light weight and padded, It will not hold up being pulled out of a pocket.

Great product. Very nice"
B01CEAKMYC,Great Wallet! It has many different compartments for IDs and Cash.
B00SS1CSX0,"Well made wallet. The one problem I had with it is that there aren't enough sleeves for credit cards.

Amazing quality, elegant design, a lot of slots and the perfect size. My husband loved it!

Excellent design and quality."
B01DAMJ6VS,"The leather is already peeling off and its a lot lighter in color than it looks in the picture. Disappointing

Not a bad price for actual leather has its pros and cons"
B01GHP7LIA,"Nice wallet. Soft, zippers work."
B00KKIODQY,"Came a month earlier than projected. Just in time for Christmas. The quality was even better than imagined including the box it came in,which is a keepsake. I would highly recommend this product and would definitely buy from this company again."
B00I0EI5CS,"It was a birthday gift for my niece. She is very happy with it.

It's only been a week and so far I like the style, color and quality of the leather. I may have to rerun for the brown at a later date.

Good product, good price, fast delievery. Recomend to others.

As described

I would have preferred to find a very small crossbody strap wallet-purse, but there wasn't anything available that met my needs in RFID-secure. Sooo, I bought this instead. The leather is nice; it seems well made, roomy compartments, true to color in the picture. The slots for cards ARE very tight, but I imagine they will loosen up with use. For now, I'm just not sticking things in all the way.

This is the type and quality I was looking to buy. The CC slots are a little tight, but should be OK.

This is a really nice wallet for the price. It has lots of slots and pockets it is just what I was looking for. The company really backs their products. The credit card slots are tight at first but they loosen up in a short time to just right. I recommend them and would buy from them again.

This is a nice wallet and it is good to know my credit cards cannot be copied by a hand held device

I ordered three wallets; they all smelled of mold.

Each slot is so small and tight I have to fight to get a single credit card in. I was extremely disappointed.

Great wallet. I was worried after reading that the slots were too tight, but that is not the case. Cards and IDs are snug, but getting them in and out is not a problem. Fits everything I need and looks great.

Like it but too hard to get cards out of middle

Although this is a nice-looking wallet, the credit card slots were so tight that I had a difficult time trying to insert/remove my credit card(s). I finally gave up and returned it to Amazon. I have peripheral neuropathy in my hands and I just don't have the dexterity to fight trying to remove a card (or my license). I had purchased two of these (the other in the tan ostrich pattern), thinking I'd give one to my daughter for Christmas. But there's no way I'd burden her with the same problem. It's really a shame that they didn't allow just 1/16th of an inch more for easy access. I suppose that with use the slots may loosen up, but no one should have to ""break in"" a wallet that should have been made properly to begin with!

This is perfect to hold all my cards and cash.

The wallet is well made. The inserts for the credit cards are a bit small and it is difficult getting the cards in and out of the slots. I regretfully returned it because of this.

The best wallet I have ever owned and it protects my cards. It has plenty of room for everything. The cost is very reasonable. Constructed nicely too."
B00I1QJ2D6,"Cute and useful... But very poor quality

Great getting full use out of it, last long time, the button get lose, but last!

It arrived broken. The strap can't be attached to the wallet

Will not order again"
B011LU4TOK,"Ive used this wallet everyday for the past two years, and there are absolutely no signs of wear and tear, fabulous quality!"
B00HFKKZ08,Have to fight with the zipper to get it to open and close.
B01GFVPEJO,"It's (very) inexpensive, yet gets the job done.

Very thin metal, simple to the point of looking cheap. Feel lightweight as well. Edges are relatively sharp and should have been more polished and rounded. Was expecting a more brushed look as they appeared in the pictures, however they have a shiny finish. Can be easily bent to accommodate thicker or thinner ties.

While these tie clips are a good unobtrusive size, they are crimped overly tight and are mirror polished, unlike the matte finish shown in the picture. Rather than bending the clips back acutely, I found that placing them on a mug and leaving them helped to relieve the spring tension somewhat. I think hitting them with a scotch brite pad or ceramic bead blaster will give a more subtle finish. Nevertheless, if you are looking for a shiny, high polished clip, these are a good value.

I wear 2.5"" ties (not the skinniest, and not the fattest) and this is perfect. The 1.9"" clip fits exactly as it should, where it should, and yes it's tight, but I assume it'll loosen up as others have. If you favor slightly thinner (and more stylish, in my opinion) ties, then this clip is for you at 1.9"" wide. If you favor wider ties, look for something that's 2.1"" wide.

I can honestly say that I have never owned a tie clip before in my life. But recently I have bought a tie that never seems to lay flat. No matter what I do, it always tends to get off center and it drives me crazy so I figured it was time to find a good tie clip because other than that one problem, I really do like the tie a lot. So, when I saw this Stainless Steel tie clip set, I thought that I would give it a try. I have to say, when I took it out of the package, I was really impressed with how it looked. It is quite sharp looking and it seems really well made. I put on my dress shirt and put on that crazy rebel tie to see if this tie clip really could tame it. I clipped it on, and I have to say, that tie wasn't giving me anymore attitude. Not only did it keep my tie under control, but it looked amazing while doing it. Now I don't have to worry about my tie (or any of my other ties if they are thinking about getting unruly) not being straight. All and all, I can't find a single thing wrong with this tie clip with the exception if you have some chubby fingers you may have a hard time slipping them on; you just got to fiddle with them for a bit. If you are looking for an awesome tie clip, that is extremely well made, and looks gorgeous and I highly recommend this set, you won't be disappointed. I received this product at a discount or for free in exchange for my honest review. I strive to be as honest as possible and always consider the full price that other customers will be purchasing products at when I do my review. I have received no compensation for my review, nor do I have a relationship with the seller or manufacturer of this product. I count on honest reviews when making purchases as much as you do! If my review has helped you, please let me know by clicking below!

Let's be honest here. This is not a silver tie clip. It is not a gold tie clip. It is a stainless steel tie clip and my rating is based against similar price and material. That being said, this tie clip rates very well against others in it's class. It came in a very nice box for storage and safe keeping. The design is shiny stainless steel and it goes well with almost all ties. It is well built and does it's job of holding your tie securely in place. Some might say it is a little on the tight side, but that is exactly what i was hoping for. Yes compared to other tie clips in its price range this is a top notch clip. I highly recommend this item. Disclaimer : I received this product on a promotional discount for my honest review and they are 100% my own opinions. I received no compensation for this review and I am not required to give a positive review. I am also not associated with the seller in any way.

I really wanted to give this tie clip set a fiv"
B019YWHJC6,"Very thin material and shrunk after first wash. The cover up gets catches really easy.

. My great niece is only 2 weeks old so I figured she'd be 7 to 9mos before she could wear it. Bought the 12 month since reviews said it ran a little small. Really cute but looks more 3 month size. We'll know for sure come summer.

I really liked the look of the swimming suit and I really like the cover. The thing I didn't like about the swimsuit is that the straps were really big for my little girl. I had to tie them at the top and the front was still sinking low.

Fits as expected. Good quality. Than you."
B016CUIB7K,For a sweatshirt very thin material.
B00CR6WJA4,"It is rather large. Not enough Velcro to make a good fit.

It's pretty, and I like the Velcro which makes this adjustable, but the bow makes quite a bump on the back.

Perfect

This was the only hat I used on my 8 day Caribbean cruise. It was so handy. I'd roll it up and drop it in my beach bag and roll it out when it got too sunny. Everyone wanted one. Many ask where I got it. I told them amazon of course!

Nice hat and convenient to pack in a suitcase or carry-on, unlike the typical straw hats. Easy to store, too.

Okay, so it's a little dorky, but it definitely does the job. I have long hair that I always wear pinned up, making hats challenging. This lets my bun stick out in the top/back and fits comfortably and securely. 3 years and I still wear it all summer long.

perfect

This visor is great for sun protection. It folds to fit in a bag. My hair is naturally curly. So, i really don't like the velcroe in the back. It snags on my hair big time. I usually put a piece of silk under the velcroe. It also runs a bit small. My head is average size but i have to move it in such a way that its adjusted. No major complaints. Its worth a try.

Nicely made, stylish and very convenient!

I have a big head... A really big head PLUS dreads. But this hat fit beautifully.

I ordered one as a gift and one for myself. When I opened up the first one and the stitching came undone. The 2 me one is fine so I will give it as a gift. I really love these as I have one I purchased a year ago in a different color and love it.

Crown too tall, does not fit well.

I'm returning this hat - the hat is cute but once it sits on your head it loses all appeal. The brim is too wide and floppy, it's hard to see unless you're looking down at something.

a great hat! I would have preferred the bill to be a little bigger (for dramatic effect) but most importantly not so floppy... I'm constantly adjusting it out of my view. otherwise it's great! I love that its compact and the black/white color scheme compliments any outfit.

Doesn't stay 'unrolled' well. Looked messy as it wanted to roll. Great idea if it were a bit smaller. I have an average size head."
B00VIOUBAQ,"Material too thin.

Love love and will buy more

I love all of the bras I got. They all for so well and are perfect for a nursing momma who can't afford nursing bras!

good quality and wears well easy care

Super thin, too large, basically don't wear a bra if you're going to wear these. I'm sure they are comfy, but not what I'm looking for. Will return.

Uncomfortable in the back

Awful cheap metal clips...absolutely no support. Material feels cheap. Sorry to say even for brunettes these were too loose, stretchy ...

I'm not a fan of underwire and I've been wearing these bralettes every day since I've received them. I'm a larger cup size but a small band size (30). While these bralettes were a little big in the band, they did the job!

I refuse to wear an actual bra now. These are my go to and I love them. Will probably buy another set once I decide to let all my Victoria Secret bras go.

Wish it had pads inside the bras.

They are too big and don't have any support, my boobs sag. And if I want to keep them up some I have to tighten them to the point that the straps dig in.

She loved it, every thing she expected it to be. She liked the various colors, and adjustability of the straps.

These are exactly what I wanted. I will note that if your chest size is larger than 36 it might be a bit too tight, but for me it's perfect. Thin soft material, not padded at all but that's what I wanted. Thanks!

When I first put one on, I thought it was too small, but then I adjusted the straps and it fits perfectly now.

Fit as expected daughter loves them

Did not like it

gr9 fit

I love these bras so comfy and I feel like one size really does fit all I have huge tittes and they fit great my cousin has tiny ones and it fits great for her too

Love them

Exactly what expected, this top is for a daily use, it's loose and comfortable but not for working out. Also it fits for B cup and c cup for sure.

Super comfortable and light weight. Fits as expected.

Thank you! Best summer bra ever!!!!!!!!!!! I am so tall, and these fit!

comfortable....very skinny straps

Comfortable, straps are very flimsy, no support but ideal for lounging around

Great as bra covers for too low necklines. I am a 34D and I was hoping they were not too small. But, they are lightweight and stretchy, perfect as bra covers, especially since I live in a warm climate. Other low necklines covers can be too thick and hot when it's warm. Good variety of colors, I'm going to see if they have more!"
B01C3M8SL0,"This was a gift for a Co-worker. Everyone loved it except Mr. Old Fashioned LOL! we ordered a Fonzie Style in black from this same company and he loved it.

Finally a jacket that fits great! I bought and returned 4 other jackets all size large but this was the only one that fit. All the others were too tight across the arms, back and chest. There's plenty of room in the shoulders and arms. It has a nice zip out quilted liner and looks great. I guess it's not as easy to find a real large anymore. I'm really happy I found this one!!!

Fits great,good quality cowhide and great color and finish with no blemishes. I'm hoping it will be durable too, it certainly feels like it will. The price was $99 dollars on this and after receiving it I would have gladly paid double that amount.

For the money you can't beat it. Appears to be well made. I recommend purchasing if you're looking to not break the bank and still get a good looking leather jacket.

After returning several thin lambskin , cheaply made poorly stiched China junk this coat has not only surpassed my expectations it crushes my doubt that a quality leather coat can be had for around $100. It will be a gift for my oldest 18 year old son and any teen is guaranteed to fall in love with the retro cafe heavy leather coat. Not only is built to last it is loaded with features like a zip out diamond pleat liner. Stunned!"
B01H55UFT8,"VERY VERY poor quality. The material is VERY thin and has strings everywhere at seams. The major thing that bothers me is that the logo was not even centered, and soo poorly attached/(ironed on?) that top half of it came right off! I'm not joking, it just peeled off right out of the package. Now i'm stuck with this pos. On top of all that, it runs very small, it fits like a shrunk large size then an XL.

Awesome workout hoodie. I'm 5'9 165lb with a 42 chest. Size: XL fits perfectly. It's a cool looking shirt n great for working out. The cut out are huge, doesn't restrict movement. Excellent shirt. Order 2 size up."
B016ILTA32,I was very disappointed in the product. It does not look anything like the photo. The material was really thin and not sweatshirt material as stated. It looked really cheap. I wouldn't have paid $20 for it much less $68! I returned it immediately.
B0000D8WDJ,I have Keratoconus which is a degenerative eye disease that causes my eyes to be extra sensitive to light and wind. Wiley-X sunglasses/goggles work great! Not only do they offer great protection from excessive light by having foam seals around the edges they also protect against wind and debris. Technically they are goggles but they are slim enough that looking at them you would likely not know it especially when you have the sunglass arms on them instead of the bands. At about a hundred dollars they are not cheep but in my opinion they are defiantly worth it!
B0032ADVEC,"For three or four dollars, you cannot do wrong with this procuct. Easy to adjust and looks good. Had for 3 months now, no problems.

Very good necklace, and even better seller. If you are looking to buy a good choker/necklace, then buy from these people!

Never thought I would be writing a review on such a small, basic item. Actually forgot about it. Just took the loss. I received it, started wearing it after a month, did not take it off for approx 8-10 weeks and it actually fell off one day in the shower. Looked at it and it had stretched an inch in one area and snapped. Luckily, it happened where I did not lose the charm I had. Previously, I had the charm on a cheap cord that came with it that I purchased in Hawaii and thought since the original lasted almost 2 years that this thicker cord would do at least the same...wow, I was wrong. >>>Edit: The vendor just emailed me and said they were going to replace with a rubberized one...they responded within a few hours. Nice. Please don't take my rating of the cord to represent the rating of the vendor, they were fast and courteous. Maybe like all products, I got a bad one.

When I first ordered this it never got here, but we all know the post office can lose things. The seller was notified and got back to me super quick along with my order. The necklace was what it said and looks very nice! All in all not bad.

I usually wear puka coco chokers, however, this one really appealed to me. It's thin, composed of leather (A+), sexy and easily adjusted. I purchased one and it fits great. Only problem I had with it. Given I have a thin neck, I usually have to pull it a little tighter to keep it from coming loose and swaying around my neck, so the tighter you pull it, the greater chance of placing a red ring around your neck. I even can wear this along with my puka choker, which is cool. I also have noticed, (don't wear too tight), if you do, you won't be able to swallow or yawn. LOL.

simple cord, well made. the knots are glued so they will not come undone..good perfect to add a medallion

My fav

Broke almost immediately

Like it. It's simple and goes with any outfit however it doesn't stay where I put it. It constantly loosens and I always have to adjust it.

Ummmmm what to say about this not really what my girlfriend was expecting she got this as part of her halloween costume. Still to this day don't really know how to get it looking as it does in the photo.

cord is too thick and won't stay at the adjusted position.

Love that it's adjustable!

How can someone sleep at night knowing they're selling this to people for $9? its a plastic piece of string tied loosely in some basic knots that are nowhere near a choker. I could buy this same thing at a craft store for about 5 cents and I wouldn't even do that. It is such a disappointment do not buy. and screw you for selling it to me.

Love it, It has served it's purpose as an all around necklace. I do not ever take it off, shower, swimming, gym, etc. Sure it cracked a little bit, but is worn, and still hold together great. It was just the look I was going for. Have had it on for 9 months now well worth the $6-8 I spent.

It was for my boyfriend's turtle he's worn since he was a teenager. He plays disc golf and works in a warehouse and sweat made this necklace ""bleed"" black and turned his neck black.

this leather pieces wasn't really leather .... it has a waxy build up on it which makes it to slick to add any kind of piece to it.

I wear it around my neck frequently. It's a very nice edition to any naturalist style choices one would make. Pros: - It's sturdy, and of simple construction, so if it falls apart you can put it right back together - Adjustable to fit any neck - Doesn't stain clothing Cons: - Not comfortable for long use - Slips out of fitting easily. Overall, a very worthwhile purchase.

Bought this choker for my grandson. Love the ease of adjustment. The price is right and he loves it. Highly recommended.

This was way smaller"
B016K3Q6VW,"I'm between a 34-35...a 36 really baggy. Ordered a medium and it just makes that first belt loop to tuck into. But never rotates over unless you are really doing strenuos core movements. Overall I love it... hardly moves even afters hours of wear. Got this for hiking since my old fabric belts kept loosening, and leather ones couldn't fit just right. I would buy this again, it stays put, feels decent but just a bit stiff...compromise beteen those flimsy fabric ones and leather. I also run other rigging gear that rests over top of this belt, and it does not loosen or slack. Even a few times used it with normal day use, especially with shorts.

Nice belt...wish it would have fit. I bought the large size first, and it was too long. I bought this medium size, and it was far too short. For reference, I'm an average-built guy who wears a 36""x32"" pants. I really wanted it to fit...even held on to it for a week trying it over and over to see if I might come to be OK with too much or too little strap. Nope. It was just too much of a discrepancy in length to appreciate. Arcteryx needs to make this belt in inch-ruled lengths, not in sizes. I am giving three stars because of the way this belt fits, not because of the quality or look (both of which I loved).

I've worn webbed belts from about everyone including Patagonia, Mountain Khaki and this one is by far the best. I specifically like the lightweight the plastic sewn tab on the end that doesn't fray. The canvas seems high quality as it's interwoven and doesn't show signs of wear at all.

Great belt, but too large for my 32-33 in waist. Now giving to buddy for BD and have ordered a small.

I wore this belt the first time for a 12 hour shift installing cabinets. Lots of heavy lifting, bending over, kneeling, up/down ladders, etc. The belt never loosened or moved, the buckle fastens very well. The belt itself seems to be very strong, perfect blend of comfort and stiffness. No deformation thus far. After destroying other leather and cotton blend canvas belts in the past I'm optimistic with this one..We will see how it holds up to repeated shifts over the next few months.

Very well made, rugged feeling belt. I like that the loose end of the belt is finished with a riveted tab. For my 32"" waist, there's lot of overhang that's flopping loose if the particular pair of pants doesn't have a loop at that location. So I wished the belt had it's own loop

Could bra little larger, hard to pull belt when it's on, buckle holds on to strap part. They run big, according to a previous review, so bought a medium size, I'm a 35/36 waist, but not enough left over to play with. Fits fine, just needs a little more.

Good friction belt. Sturdy fabric that does not slip. I have a 32"" waist and the Medium fits with plenty of slack.

This is the best belt I have bought for everyday use. It can go with a lot of outfits and it's very sturdy and strong. I've been wearing it nearly everyday for the past few months there is almost no change to the form. I know I will have this belt for years because of how strong it is.

Zero slip from the buckle, lightweight, and sturdy enough to hold gear. The low profile of fabric compared to leather is well suited for backpacking when your transferring weight to your hips."
B01CDFDLUA,"I found these to be comfortable. They are thin like dress socks, but held up better in the wash then some of the novelty socks I have bought. Fun design!"
B00FLMLGDM,"This was perfect and really comfortable. The material is stretchy for a comfortable fitted look. I want to pick up more! FYI the vest is NOT detachable but you can unbutton the vest and have it open to expose the shirt also it doesn't have a back so you will ses just the white shirt.

low quality

I tried this shirt on once, and loved it, but I never wore it in public. I wore a full vest over a button down shirt instead.

Returned it! Cheaply made!

Brilliant shirt, highly recommended

Very decent quality for the price!! you can't beat it. The previous reviews were wrong with the sizing. I think your normal size is fine. Its a slim fit.

Great shirt...the us med would be a perfect fit except for the collar ... It's way too big to button and wear a tie! Totally bummed about that but, wearing without a tie...slam dunk!

Just like the others.

Worked awesome for my daughters Halloween costume!!

Great shirt definitely follow the asian US sizing chart if your a medium get a large or whatever it is fits perfect

Returning"
B009KM5FUE,"Love Love Love this dress, If I could wear it everyday I totally would! Everybody loves and compliments me on how nice it looks!

This is so comfortable and stylish too! Love the material and very easy to care for. Nice dress for the money.

I'm sad. I was really looking forward to receiving this dress in hopes I could wear it for my daughter's Rockabilly wedding. lt's really well made, and the material is kind of stretchy, which makes it optimally form-fitting...except it didn't fit. 8/10 medium is what I ordered. I wear a ""medium"" or size 8 in everything. I also have curves, and thought it would be really nice for a regular curvy woman's figure. But, I guess this dress is meant for young women or teens. Sigh. I didn't return it, since it was pretty, well-made, and relatively inexpensive, so I decided to give it to my daughter who wears a size 5 or smaller. So, my recommendation is, if you have curves, get a size or two up from what you normally wear. A large MIGHT have fit me...maybe. Also, if you need it soon, don't bother. The shipping was painfully slow. Mine was shipped from Germany.

This dress fit perfectly! Love it!

I love the look of this dress. Simple and elegant! Be aware that the material can be seen through in certain light. Also, it is made of a slightly stretchy material therefor it is conforming, that being said, undergarments will show if they have seams or are bulky. I did change one thing on this dress immediately, they added a strip of material to the top that takes away from the overall beauty of this dress so I simply folded it in and quickly stitched it down.

love it. fits very well.

made with cheap material with frayed edges.

I order an XS, it it extremely big. For the cost, the quality is decent.

I really like it. Lots of compliments. The only thing is that it's somewhat thin so you'd probably need to wear a slip.

But fabric not the quality expected

I ordered an xsmall and received a large. Of course it's too big. I am keeping it to give to a friend as it is of good quality and a sweet dress.

I get so many compliments every time I wear this dress. It fits like a glove, I'm 5 foot 10 inches and about 135 pounds. Nice tee shirt like material, nothing fancy but great design. After a few wears still holding up well, some of the buttons coming loose. Nothing you can't fix with a thread and needle though.

excellent

This is the greatest dress and so comfortable. I'm a small so I ordered a medium. Very classy dress and I received many compliments!!

DO NOT BUY, I NEVER RECIVED THE DRESS

Fit true to size. I love the length and fit. Got several compliments. Fabric is a bit light. For the price it is much better than I expected.

I really liked this dress. While not poorly made, it is not that great either - but for the price it is fine. The fabric and stitching are not of great quality, but again, the price is right. The fit will flatter most any figure. I'm relatively slim, but I am curvy. This dress accents you in all of the right places. Very cute and I got compliments. An investment piece? No, but it adds to my wardrobe and I'm glad I bought it.

Cheaply made

Butt to big

I look beautiful AND hip in this dress. Buy one for you.

Cute, but the color was off not quite navy blue. I can't ware it but my daughter can just somewhat small

I got a medium since I read it ran small and fits great. Not good quality, but cheap price. Very cute. In pic it showed below the knee. But it's short, it above my knee and I'm 5'1.

It couldn't have fit better. The measurements they have were perfect. They dress is well made and the style is very becoming. Great purchase.

I love it. It fits perfect!

It is a great dress, it fits like a glove, so make sure you wear right underwear. If your don't want it to be too tight, order a bigger size. I was wearing it for a staff development day and got a lot of compliments! The only thing I am not that happy about is the upper central part of the neckline: for some reason it "
B00U6AB2MY,"Decent quality shirt, not super thin, but not thick either. Good for the price and fits just right, as expected.

Nothing did noteet my expectations.

Great product looks great!!!

Penn State Proud

Love it"
B00KHNUYV0,"Very soft and cute. Not as short as I was expecting but still needs tights under. Love it

Perf

Before ordering this dress, I read the reviews and was hesitant at first because some reviews said things about the dress not being hemmed at the bottom and that the print wasn't as clear and vibrant as the picture. However, when I received my dress, it was in great condition! The bottom was hemmed, the print was clear and vibrant, and it's a great length. The details did state that the dress would fit a size XS to M, but the plastic package it came in had a M sticker on it. I'm 5'4"" 105 and a size M is a little loose, but with minimal sewing, this dress will fit me like a glove. P.S. super silky and stretchy

I wear an 8 or 9 and ordered medium to be sure it wasn't tight, but it is still a little tight. But it's cute so I will wear this summer after I lose winter weight.

I bought this for wifey for a surprise and she LOVES it! It fits her perfectly. It is made of stretchy material and it hugs her form perfectly!!!

Great fit and I use it in pool to take my kids in the pool with a swim shorts.

The dress fits perfectly and I love the material! Slips on like a glove and looks great.

Love this dress!!!!

I'm a boy and this dress is amazing on me. The material is so soft, and feels great when wearing satin panties.

The colors aren't as vibrant & it fits very oddly it's not tight & the hem line that I thought would be below the bust is at my belly button :(

Great dress for the summer!

The material will not work in hot weather, which is what I got it for

Very cheap and thin fabric, not well sewn. It's an okay dress but it does have a cheap/knock off look to it. Don't give it as a dress.

didn't really like the material, fit ok though

I am petite (5'1"" 110lbs) and this dress really caught my eye. The seam that is shown to hit the models waist hits me very low and the hem of the dress falls at my knees which makes me look shorter than normal. Also, with all the excess fabric gathered around my midsection, it makes me look a little heavy. It's overall very unflattering for my body. Too bad this didn't work out for me because I really liked the pattern.

I'm 5ft3in and this fits perfectly. It is almost too short, so I wouldn't recommend this for those who are taller.

:)

Cute but very short. Top was a little tight for me also, better for someone with a smaller chest.

Beautiful Dress. Print is not as clear as the picture but pretty anyhow. Thank you,

I'm pretty disappointed, I'm 5'3"", 107 lbs & this dress was too big on me. I'll have to get it either taken in or give it to someone else. I absolutely love it though, the length isn't as short in the picture & I'm happy about that. When I pull it back to fit my body its very flattering. It's a really nice dress but I'd only recommend it to anyone who is a little curvier, unless you're okay with paying to get it taken in. When it said it fits xs-m I figured I'd be okay because I could be a medium in some things. But this would definitely fit more of a m-xl better

I really wanted to like this dress. The print and fit looks extremely cute in the picture. The estimated shipping was supposed to take a month and it arrived only about a week after I ordered it, so I was very pleased with that. However, when I opened the dress the colors just didn't do it for me. When I opened the package and pulled out the dress, my friends little sister commented that it looked like something an 8 year old would wear. The twig design looked very gold and less brown than in the picture. The material is similar to that of a swimsuit, which I thought was okay but I think it would be better in cotton. The biggest problem was the length. I'm about 5 ft 3 and 110 lbs and this dress almost came down to my knees. By looking at the picture I expected it to be about finger tip length. I'm a junior in high school and I would see other options before buying this dress. It was made well, and the service was great, but "
B01DSJ1MD8,Nice color but material was way too thin~
B00YMMIGH6,"Great

Thin material, but a lot of shirts are made that way now. It is very cute and fits as the sizing chart measured.

Got xl but too small

I ordered an extra large and it would fit someone who was a small. I usually wear a medium. I could wear it if I liked crop tops (which i don't) because it's WAY too short. And the colors aren't even like the picture at all and the bow looks weird. I'm very disappointed."
B00CGBYNMC,"This is a really cool tee, but it doesn't look as nice in person as it does in the pic. Makes me wonder if it is really an authentic affliction tee.

Going to be a great gift for granddaughters boy friend .. this was out of stock everywhere else.. happy I found one!

It fit well and good matrial

Husband loved them!

I love this shirt , I love the feeling of this s*** and i love Affliction . Cant go wrong with any Ts from them.

Great shirt, fits as expected

Nice shirt. Great graphics.

My Son in Law loved this tee for his birthday. This is a perfect gift for those that like the Affliction line of clothing and its a decent price on Amazon.

Comfortable shirt.

exactly as I ordered perfect 5 stars

Love affliction stuff so I love this T very nice design comfortable feeling. If is still on stock get it now u won't be dessapointed

The shirt is made of a very thin material considering it says 100% cotton. I guess I am paying for the print not the shirt.

Great design, fit & feel

I invested some time into reading the reviews before ordering this shirt. I take an XL so I order a XXL since most customers seem to feel these shirts are one size too small. I'm overall happy with the fit. The quality of the material is as expected and the design is pretty much the same as in the photo unlike some of the other shirts advertised. There are cheaper versions of similar shirt on Amazon but for the extra money I feel this shirt is worth it. I ordered a few of the cheaper shirts but I'm not entirely happy with the quality which feel thinner and cheaper and usually have silver highlights which do not show up in the photo. I would have given this shirt a 5 star if they had correct sizes but other than that I am very happy with this shirt.

Great buy"
B013T8T5E6,"Love this! Perfect fit! Looks wonderful on

<div id=""video-block-R3J14OV5CP2SXN"" class=""a-section a-spacing-small a-spacing-top-mini video-block""></div><input type=""hidden"" name="""" value=""https://images-na.ssl-images-amazon.com/images/I/E1FWLvGqYwS.mp4"" class=""video-url""><input type=""hidden"" name="""" value=""https://images-na.ssl-images-amazon.com/images/I/01huQF6pkOS.png"" class=""video-slate-img-url"">&nbsp;I love this beach cover up! Living in Florida we go to the beach or the pool several times a week so I am always looking for cute cover ups. The main thing I really like about this one is that it doubles as a little jumper or mini dress as well. Many beach cover ups are completely see through so they pretty much can only be worn at the beach or pool. Since this one isn't it can be worn over my suit with a cute pair of sandals, and I can feel comfortable wearing it into a store or restaurant when we are done swimming. The cover up is very well made out of 100% polyester. It is a soft and very comfortable material. The stitching is done well, and I have noticed no loose threads in the seams. I have washed it several times in warm water and tumble dried it on low, and it has not shrunk or faded at all. The design is really cute in my opinion. It is a one size fits all which normally makes me a little nervous as I am pretty tiny. I am 5'5 and about 105 pounds. I normally wear a size X-Small or Small. This fits me perfectly, yet because of the drawstring waist there is plenty of room to loosen it up to fit other sizes as well. There is a deep V in the back with a decorative string that goes across the back and hangs down. It has brass or copper looking decorative engraved beads on it, which are also on the ends of the ties at the waist. The front has a smaller V. I tried wearing it the intended way at first with the deeper V in the back, but my problem was that the string with the beads that hangs down would always flip up every time I would bend over and hit me in the neck. It got to be very annoying. So I figured out that if I turned it around, and flipped the string over my head so it was still in the back it was much more comfortable, and I actually like the way it looks better. (I demonstrate wearing it both ways in my video.) I sometimes wear it off the shoulder, and sometimes wear it on the shoulders. It looks cute either way. I love this cover up and would definitely recommend it. I will probably be buying more in other colors. *I received this cover up at a discounted price for testing purposes, and for an honest and unbiased review. The opinions in this review are 100% my own based on my experience with the product, and I made no commitment to leave a positive review.*

I love my dress and the back side is so beautiful.....

Fits great!

Exactly as expected. Fits good! Good quality.

This cover is great, the material is made out of light weight material and is very breathable, and covers very nicely. The string that is around the waist is great for creating a better fit, and adjusting to your body type. The material has a very good stretch to it and can be worn with those of different sizes. Even though its a small, I can see this fitting a size medium as well. The length of this beach over is great as well, it is not too long that it gets in the way, and not to short that you feel uncomfortable wearing it. It covers nicely while placed over the swim suit. The material is very soft to the touch and is breathable so the wind will go right through it on a windy day. I received this item at a discounted rate in exchanged for my honest opinion.

Fabric is thin.

Wasn't what I was hoping for

I purchased this for my mom, who lives in Florida & frequents the beach. It arrived ( to me) within a week & looked great, however I kept it folded, in the plastic.) My mom made a point to call me a few days ago to let me know that she has been wearing it a lot & loves it."
B00LJMQW8C,"I really like them super cute. They are leggings not jeans. There are a print of what ripped jeans would look like. The yellow print is what the stitches would look like on real jeans. I got them to wear with long over sided tops. They are thin fabric light weight but not poorly made. For the price I thing I am going to order more. I am a size 2 petite in women's they fit perfect for me.

i ordered the black too. I would get these if i were you

These are super thin knit leggings with printed on gold ""stitching,"" ""belt-loops"" and screen-printed fraying/holes on the legs. While the description does say ""faux"" jeans, they do not look like the pictures...almost like they took a picture of real jeans or jeggings and printed it on cheap knit fabric. Definitely in no way attractive.

es horrible

so cute!

thanks

These pants where to small for me but fit my daughter great.

These are amazing they are comfortable they only problem is I have to pull them over my stomach of the pants sag

It's Great

they look as expected, like jeans. BUT you have to wear leggings underneath them because you can see everything through them. other than that, I love them and they are comfortable, kind of stretched because my thighs are a little big. (I wear a size 5/6 in jeans). very comfortable around the waist, not cutting into you.

DO NOT PURCHASE. Although they say faux, it does seem like they took another picture and posted it here. They're leggings that are see through and do not look like ""jeans"" at all.

Looks cute from far away, but I have to wear another pair of leggings underneath since it causes irritation on my thighs. Not really worth the irritation. Too thin and design literally printed on it (even the belt buckles and stuff) I'm 5'2"" and weigh 100 pounds and it's baggy in the back of my knees. (I wear a size 0 at hollister so I'm pretty small.) It's stretchy though.

Love these look great and serve their purpose but the fake huge yellow side stitching is a little much."
B00PRZ42I4,"The size is a bit weird. I'm asian standing at 5'7"" middle build. It's not slim fit at all. It barely reach down to my belt. The arms are too short."
B008Z1DQBG,the length was ok and it fit well but the material is incredibly thin and you can see everything through it
B01HB5RFE0,"Love these socks! They are light and durable.

The best no show socks I've ever bought. I've tried several styles and brands and these are by far the best. Really low profile for my shoes with the lowest vamp and still stay on my feet.

Runs small. The worst socks I've ever bought. They do not stay on your feet at all.

These socks are okay, but if worn with tight shoes, the backs will still slip down, despite the rubber grippers

A little thinner than expected but fit well and do the job

excellent product."
B0196UWGL0,"The color was a blue tone not the charcoal gray that was stated and expected. Very thin fabric also.

got this for my sons prom last year and he will be wearing it again this year"
B00VSYFWZ0,"very poor quality, no recommended absolutely! I threw the shirt into the trash.

This was a great price but came from China! Not just made in China, but shipped from China. It is much too large for a small, and although quite pretty is made of cheap material."
B01DM169VW,"Does not fit as expected!!! It does not look like the picture either...lies!!!!

See through material. Cannot adjust to make too tighter. Material is not really bathing suit quality.

Worst bikini ever!!!!! They do not look like the picture! The flowers are totally blurry and it's a shiny pearl white.' The bottoms are AWFUL quality and keep ripping. There's no shape at all. Also the back does NOT go the way the model's goes all the strings are messed up and looks like a mess!! I totally disrecommend. I'm 5'8 and 131 pounds I bought a medium because I'm usually an XS for bottoms and a 30DD and the bikini does not hold a cute side boob it barely stays on!

Cute outfit but the bottoms run a bit large

The top offers no support, If I lift my arms up my boobs will pop out below. Quality of material seemed just ok. Nothing special.

couldn't tell what the front side vs the backside was on the bottoms

The fabric feels cheap to the touch. The bottoms are tall and narrow - i.e. they were way above my hip bones and practically a thong. It wasn't flattering in any fashion and the top didn't sit properly on my chest - it pulled in some places and sagged in others. The only think that looked the same as the picture was the color/pattern. I would not recommend this to anyone nor will I be purchasing anything similar. I am returning it.

Although I had mixed feelings it's definitely a sexy suit. The bottoms are not the same shape as the photo. If you zoom in you'll notice the fabric is scrunched, that is the only way to wear these bottoms. The fabric is shiny and soft, i would recommend hand washing."
B01G5X1X7E,It looked cute but too small for my 6year old
B00HZH1PFK,"Perfect! Absolutely beautiful too!

I was a little iffy ordering this item online it is very hard to tell if they are well made or not .I was very impressed and I love this piece it looks very nice and is well made.

looks exactly as the picture"
B005A0QHZ2,The belt itself was fine and as described but the center of one of the snaps was missing and didn't work so I had to return it!
B00KVNA59M,"Just lightweight casual shorts with pockets. Full cut. I usually wear a 12, but according to their size chart for my 41"" hips I ordered the Large (14-16). Should have ordered a medium. They come to a bit below the top of the knee. Fit at waist with a long stride. I'll wear them for working in the yard, sleeping, and going to the gas station and walking the dog. Next time I'll get the medium. Many manufacturers size charts are different. Pay attention and hope for the best. I probably could have checked ""Fit as Expected"", since these, according to their chart, fit like a 14-16 size, which I think they do. I also bought http://www.amazon.com/Womens-Shorts-Scoop-Pockets-Elastic/dp/B007BP1Y02?ie=UTF8&psc=1&redirect=true&ref_=oh_aui_detailpage_o00_s00, size Small! and they fit better. They serve the purpose for which I bought them, so they are fine, and the right price. The material is lightweight -- so you would not be happy with a snug, clingy fit."
B00R8JKG7I,"hubby likes it

Great quality t shirt!!!"
B017K1M0RM,"first wash and they look old

I'm happy with the shirt, and it is very comfortable!

Better quality than some of the others out there. But, I don't think the material is going to maintain color and texture after washing more than a couple of times. A little too expensive for an item that is temporary.

Great top very soft. Fit to your size. Wonderful, love it"
B004TIW6UG,"I bought this product for daily use at work, but it didn't last much. Using 3 or 4 days per week, I would expect being able to use this for at least a couple of years (like the Vintage Heritage did), but I was very dissapointed when realized the quality began to dessapear on it. Because the top of it began to wear down, I had to stop using it."
B00SNOC2MY,"Fun cool tank to wear to the beach exactly what you'd expect

Bigger then I expected, I wear a medium and that's the size that I got and it looks like it would fit someone that would wear an XL

My son loves this shirt

Husband loved it!

Sons loves it. Now the joke.let's get tickets to the gun show has more meaning.

Thanks!

My son and his best friend were the character from ""22 Jump Street"" for Halloween and this was part of the costume. They look awesome!

I may reorder to see if the large fits better.

Shrunk in the wash, but still fits amazing!

My boyfriend loved it! Gave it to him as a present"
B00TV3KD1S,"This ring is so nice. Its dainty, and I love it with my ring. Just nice to not have to spend a fortune to get the look you want. The stones are beautiful."
B01CNNTN90,nice quality
B012BDEA1I,"Love it

I love the material and colour but it's way too big. I don't know what's the purpose of a size chart if it's going to be incorrect. Don't use the size chart. Check the description lower down on the page.

I love it , very nice , love the color!!!

Great work shirt but I prefer a couple of different colors and all the cuts of the shirt are different. This one actual runs small and I only got a large because I have large breast but I can't button it at the top."
B00XY6Y0M6,"Such a good purchase. I'm always wary when making purchases that I know will come from China, but this top is so worth it! The product looks just like the picture. For reference I'm a A cup and I use this as a bikini top. It looks really cute, my only complaint is that when you wear this for the first time the straps will stretch out so you have to retie them to fit. Other than that it it well and looked great on me. It's also machine washable, just throw it in a laundry bag so it doesn't get tangled up. For five dollars this price can't be beat at all, I would highly recommend this top."
B00EB3HFZA,"1year ago: This is nice. Very pretty and high shine. Clasp is easy to open, the screw on piece tightens just fine. Its definitely worth the price. Today: well after having it about a year it looks like it is fake, tarnished. I paid 35 with Shipping, this should not have tarnished. Not happy. Can't figure out how to edit and add a photo. We will see what happens, ad is misleading!

Like the bracelet very nice quality but it's too big for my wrist, be careful when sizing. Do not add extra space for charms as I did which is why it now doesn't fit. Hoping EvesErose will exchange it for me since I have not been able to wear it.

Very nice product, more than what i expectec, this is a great gift and it's the same or better than other bracelets. People I know wants to buy this product, where can we find it.

This bracelet is very attractive and the price is fantastic. I have been wearing it on my hand for 2 months now and it still looks as great as ever. I like how the water and soap has no negative impacts on it as far as I can tell. Some people complain that the screw comes off but they probably did not screw it in all the way. I had the problem the first day but I realized I didn't fully screw it in so I used some pliers to screw it in as tightly as possible and it has never come off after that (even when I went on a few roller-coasters). The clasp on the bracelet is very strong and it has never come undone. Of course I always use a safety chain to be absolutely sure my charms are protected. Great item!

I loved how it looked and it is stamped 925. Therefore I added my charms and wore proudly along with my faney-expensive Pandora. The removable screw will open itself and if it wasn't because I am extermely lucky, I would have lost it. I can't wear because I can't be checking the screw all the time to avoid loosing my bracelet. Therefore I do not like it and would not reccommend it."
B011WVTNMQ,Pillowcase has a slight tear near the top and photo is very dark and hard to see. Case is nice quality just wish photo was lighter in color and easier to see
B00OHNMJCI,ooooh
B00VDPJ2IW,Bought them for my 20 year old daughter. She is very petite and still wears a size 2 children's shoe so it is hard to find her size and they don't light up or aren't pink. She loved them and very pleased. They also arrived quicker than quick.
B00MLXIJ2K,"great shirt fit nice

she love it"
B00QS7ECT4,"Fits really well, I was pleasantly surprised by the quality. I will look for similar bathing suits from this company in the future.

So cute and makes my body sexy while covered and is modest. Also long enough I wear as a tank with my shorts! LOVE THESE TOPS!!!

Returned due to the top being too large around the chest area. No support for breasts at all, but very cute top, just not right for me.

Good product, fast shipping!

Loved it but could have went one size bigger

this swim suit is awesome for the price I paid. I normally wear a large...so I got the large. definitely no bra support BUT it fits well for a swim suit. it's a little tight but it's nice, I know it's not falling off when I jump in. the straps are removable and they hook in two different spots which is handy. the shorts are the perfect length. not too long but fully covering of the booty and the thighs.

Great for the price but needed just a little support on the top.

No support, No lift, I am a 34C and it fit like a 38DD

The padding is terrible

This suit fits great and functions well. Often I find suits are too tight or too small even at the bigger sizes. I am a 14 and it fits just right has the right amount of coverage and functions well. If you are looking for a modest swim suit especially for a larger shape this is a great option.

Very comfortable and stylish.

Not very flattering unless you look like to model photo

I absolutely loved this suit!

Love how the top is long, it stays where its supposed to stay and is made very nice.

Trendy, with good fit.

Love the shorts. Great fit. Top too large but liked bottom so much that keeping anyway. Plan to just take a few tucks around the top to adjust. If top fit as well as bottom would give a five.

Absolutely love

No support but cute swimsuit"
B01G7Z902U,"Look n feel great, they just run on the small size. Order them at least one size bigger."
B0197XI5EI,Good Value.
B014BGTRWU,Box was damage and the bag is so cute but not of a good quality. Not worthy the price
B00HJR2P0K,Nice hat fit as expected good price
B01FRS5AKE,"Beautiful shirt, at bargain price."
