product_id,title,brand,category,price,review
B00PIFQU0G,King Ma Women Long Sleeve Turtleneck Chunky Knit Loose Sweater Pullover (beige),King Ma,,,"Love it

Save your money and don't buy this. The color is nasty the fit is horrible. Nothing about the sweater looks like the picture.

Came waaay early, like more than a month early. Also super good quality, perfect size, and REALLY warm. I love it

Good recommend hand wash

It was not sized as pictured. It fits and is cozy, bit not as big and baggy as expected.

Refund, need return label

This sweater is so comfy and warm and definitely fits nicely!!! I'm in love!

I am in love. The sweater is exactly as advertised. Its an over sized, very soft, very comfy, very well made, adorable with laggings and skinny jeans with boots kinda sweater. I am 5'1 and about 125 thick nice and long.. past my bum... and the sleeves have room to spare in length. I'm more than happy. I will order again.

Omg Luv I'm 5'4 130 36 DD ordered a cream I am usually U.S. Size 8 M smells so good too like flowers so soft I'm so happy going to order more for x mas presents also!!! Not happy with the smell of the black one so odd same company I would order the cream & not the black ???

Cheaply made....

I love this!!! It's chunky and warm and very cute. Exactly as pictured

If I could give it 0 stars I would. Bought this for a Sadness Inside Out costume, and what I got was an extremely oversized, scratchy sweater, but that's not the worst part. No matter which way you had it - inside-out or normal - there were huge seams sticking out. On one side it was on the sleaves, and if you turned it inside-out there was a huge seam cutting right through the center of the sweater. Absolutely awful. DONT BUY THIS

Very cheap looking. Fits kind of strange.

I love it very fast shipping

It is meant to be large and cuddly and very soft. It fits the bill. I do love this company. Very inexpensive and well made.

I never wore it. Has this HUGE collar and the collar has a seam like it was seen inside out.

Sweater arrived all wet. It is also very scratchy and uncomfortable. Nothing like the picture. Very bulky but smaller thank it looks in the picture.

Very warm.

Too big I need small size

Its good quality, and fit just how I like it. But its to warm, I get hot and sweaty after wearing it a little bit. Very thick"
B013Y6OON0,SheIn Women's Fall Grey Off the Shoulder Crop Scarf Sweater,,,,"Aweful- cheesy- looks nothing like picture- I am a size2-4 and it looks like a scarf or an oversized sock- and it looks horrible any wat I wear it-

This is a scarf with sleeves! It does not work either... if I try to put it on its super disappointing. I'm average buikd, not big at all... it doesn't fit, my child could wear it though, as she is 6... Ya that's how bad it is. :/

Cant figure out how to put on and look like the picture

I thought it was a real sweater but it still is cute

So, I finally take this out of the packaging excited about the way this may look and it is just a thin strip of cloth (like a scarf) with sleeves. I tried to look past this and put it together but the fullness of the cloth shown in picture is nothing like what I received. It's awkward and I unfortunately did not like this. I am only giving it 2 stars b/c the cloth is thick and the concept is great but the execution was a complete fail.

It's great for someone who is super thin though

They have directions to put this on, but I can't get it to look like the picture. I expected it to come looking this way ad its not it looks like a really long scarf with sleeves. The sleeves were leo really short and tight on me. Not worth buying.

scarf with sleeves... very awkward

Very surprised but this sweater turned out to b very cute.

I thought this was the whole sweater. It is just a wrap like a scarf that has a whole in the middle for your head. It doesn't even come down over the chest area. Very disappointed!

NO instruction on how to put it on, and fit very small, could not get it to fit comfortably at all.

Lesson learned . . . Never forget to read the reviews! Now, I'm adding my perspective. (1) HORRIBLE fit. I'm average size and can't even get my arms all the way through. And to the girl who described the look as ""T-Rex arms,"" you couldn't have come up with a more perfect description!!!! Not to mention that you'll look and feel absolutely ridiculous!!! (2) The photo suggests a graceful lay on the arms and shoulder - not true! You put it on a you look like you just bunched up an old sweatshirt and wrapped it around your shoulders. (3) In the photo, the grey looks like a lovely dove grey. The reality? Kinda like grey gym sweats! And (4) Impossible to raise your arms to elbow level with this thing on!

Not what I imagined but still pretty cool. You can style it in a few different ways. more of a cover than an actual sweater. I like it, very different

Eh, wish I read the reviews. I can get it to work but it's just a scarf with sleeves. Save your money.

Anyone larger than a size 3 will not have desired effect. And if you do happen to be any larger you can attain the look at the cost of movement and comfort. It bites into your arms and doesn't go long enough to wear with anything that doesn't have a very high waist, otherwise the seam or waistband does show and it looks weird. Certainly not even one size fits most.

Size is ridiculously small. I doubt this would fit any one other than a preteen. Fabric is itchy as well.

This was a disaster. 1. Poor quality. Scratchy/Rough. 2. Incredibly small. RUNS VERY SMALL. 3. Spent 2 hours trying to get it on -- WITH help from two other people. Impossible. Returning.

This is not one size fits all. They have to know this. Firstly, the sleeves are tight, so you cannot pull it up far enough to be comfortable. You walk around looking like a t-rex. The sleeve part is a different knit than the ""body"" there is not much stretch there. Secondly, in the photo, it drapes nicely. It does not in the real world. It is not wide enough to drape like that; roughly 16 1/2 inches wide. Even worn off the shoulders it is just not wide enough. This is not designed for an adult,American woman, of average size, to wear. The body of the knit is soft and stretchy and I like the shade of grey, but the edging is uneven and I wonder how long it would hold up after washing and wearing it a few times. That will never be an issue for me, becaus"
B018TE2ZQA,Ugly Christmas Sweater Womens Red Minion Santa Jumper (M/L),Missi,,,I typically wear a large and the medium/large fit nicely. It was a tiny bit itchy around the collar.
B00GNU3R6K,Womens Trendy Crewneck Loose Warm Soft Sweater Pullover Tops (Blue),Ostart,,,"Horrible itchy and smells bad

Smells like chemicals. Cant stsnd to wear it.

Very disappointed when I opened this sweater and saw how tiny it was. A women's large looked like a kids small. It smelled like K-1 fuel too. It would fit my 6-year-old niece, but I wouldn't even give it to her because I wasn't sure why it smelled so bad. Very disappointed in this product.

Cute, but what is the fabric content? What are the washing instructions?

Really nice but was too small.

Good product

when I first took this out of the package, it smelled weird. The sleeves are three quarter length and do not come to wrists. It is very warm."
B00PIEXW2Q,"Oure Women Back Buttons Crewneck Drop Shoulder Knitwear Sweater Top (M, Nude pink)",Oure,,,Not a very good material and fit was horrible. Item was very itchy.
B013FTNEJG,ELLAZHU Women Baggy Map Print Knit Pullover Sweater Onesize SZ194 Grey,ELLAZHU,,,"Very cute. Getting lots of compliments. It's mostly comfortable, but the sleeves are weird and itchy as hell!

I love this sweater. I'm 5'4"" and 130 lbs. and this fits great. It's cute, comfy (but a little itchy when you first put it on), and unique. I definitely want to buy more of these.

It was nice at beginning, after wash, it looks like a mop.

I love the design, great sweater."
B00FGRH4QK,Waltzmart Women's Geometric Knitted Sweater Casual Loose Jumper Pullover Tops,Waltzmart,,,"its terrible

Because it was too small and I couldn't return it so I wasted my money. I ordered a medium and this is not a medium.

I ordered this sweater for my little sis. We got this yesterday. Size is good. It's stretchy (yay! One size!). I agree, it did have some sort of smell. But you can fix that anyways.

I liked this and the fit is good....it's just a little itchy. For the cost, it seems fair but I definitely need a 3/4 length sleeve underneath."
B00EIDUU2I,Ninimour- Women's Long Sleeve Round Neck Knit Loose Pullover Sweater,Ninimour,,,"Bought this for my 14 yr old daughter for Christmas. The sweater was beautiful BUT when I took it from the plastic bag it smelled horrible of mildew or sour laundry! I wash everything before wearing it but didn't know I had to before it was gave as a gift!!!

It's a nice sweater, but when I got it the sweater was wet inside the plastic it was packaged in (not the result of shipping as the outer packaging was dry inside and out). It smelled very musty, but once washed it was perfectly fine. It's very soft.

VERY thick & VERY hot. Better if you live in a colder climate.

Small in sleeves, but not in the body. I usually roll up the sleeves when I wear it. I don't like the feel of it, it's a bit scratchy so I usually wear a collared shirt underneath.

Much too small a small girl would fit into this sweater thought it would be mohair

Adorable sweater, just had a really potent smell when I got it.

Perfect

I bought this sweater about a year ago and figured I should at least leave a review (finally) I am 5'2"" and 90 pounds and the sweater fits a bit smaller than I wanted. I was looking for something oversized and if that's what you want too then don't buy this. That said, it does fit me nicely. The sleeves are a bit short but I have that problem with most long sleeved things. (my limbs are really not proportionate to my body.) It's a bit itchy and I can't remember if mine smelled when I opened it but if it did it clearly washed out. I can't say I'd buy it again but I wear this sweater often and don't regret the purchase.

I like the service of the company that sent it - but not a fan of the sweater material

This sweater is very nice. But when I received it I couldn't wear it I had to put it to wash because it had a really horrible smell. That smell was horrible like if it was in a old storage room for years. But after I washed it, I wore it a couple times.

The sweater is cute but much smaller than I expected. Little hand was so helpful and gave me a refund since it didn't fit. They were very communicative throughout the whole process.

When i got this it DID have a bit of a chemical odor but once you wash it, it comes out! This fits good, and i bought it and was hoping it would be kind of oversized so i could wear it with leggings, and it looks great! I weigh 105, and i am 5'2 but i'm sure it would fit people bigger, or even smaller because i was going for the oversized look when i got this, and it worked as i hoped! I recommend !"
B01A57KPFM,Women Round Neck Button Down Long Sleeve Loose Knit Sweater Jumper Top Grey M,WANGSCANIS,,,Runs small and the cuffs are so itchy. The cuffs also fit funny where they are sewn to the sleeve they are not a flush straight sleeve like you would think
B00PC1P2DC,"Galsang Women's Loose Irregular Wool Sweater Dress with Shawl Collar#853 (M, Dark Gray)",GALSANG,,,"Great dress/tunic. Just make sure to consider the unusual sizing: I wear a 12, large, 38C, broad shoulders, and the ""medium plus"" fit nicely (fitted on top, and loose from the waist down). Very flattering, nice texture (soft in charcoal ). Liked it so much, I just ordered a coffee one! Looks very very nice for the price! I plan to wear with leggings, but definitely can be worn on its own. Nicely surprised! I just wish it would come in more colors...the black is too closed to the charcoal one, and the red looks very brightand on the orange side.

Now this dress is a beauty. it hangs just at my knees and the fit is just as expected. The cut of the bottom is unique. As you can see from photos it has an irregular cut, was unsure how I would like it since its different but I love its cut. That makes it so different from any dress I have and it is stylish. Material is soft. Some sweaters are scratchy, this is not. The dress doesn't itch my skin and is comfy on. I can tell it's a very high end material and made to really get wear from it for a long time. It will keep warm in the winter but not to make you sweet. This dress has a good stretch to it. I don't have a pencil figure, I'm a curved woman and I do like this style on me, even with the irregular cut bottom. The collar bone has a nice round shape. The arms go a little past my wrist and isn't tight at all. I ordered extra large and it is true to size. The dress is classy and would be great to wear to church, weddings and even daily wear. I do recommend. I received this product free to provide my honest and unbiased review. My opinions are me 100%.

I'm only 5'4"" and was concerned it would be too long. It was not too long and fit perfectly."
B00HQVV0U0,Sheinside® Women's Batwing Long Sleeve Geometric Cardigan Sweater,Sheinside,,,"Cheap material, itchy, and awkward fit"
B00PC1P4KI,"Galsang Women's Loose Irregular Wool Sweater Dress with Shawl Collar#853 (S, Dark Gray)",GALSANG,,,"Dress is a nice fit. Looks great with leggings and boots.

It's warm and comfy, I had to wear a shirt underneath it because it was a little itchy but I love it.

Looks just like the picture"
B015MSTYSI,"SEXYARN Womens Loose Knitted Crewneck Long Sleeve Pullover Sweaters (One size for S/M/L/XL, Green)",SEXYARN,,,"Love it...nice and cozy...did have a weird smell at first though but washed out.

don't waste your money itchy

Doesn't look very well made, and it isn't exactly the jumbo-sized sweater I wanted.

had a very oily smell to it

I think this posting would do better with a model. From the way it's draped this looks like a big/oversized comfy sweater you can just wrap yourself in on a cold day. It's not. The sleeves end at the elbow (even though the listing says long sleeve) and the length hits at the waist so it fits like a fat lumpy short sweater and isn't attractive at all. The green color's beautiful and it is soft.

Nothing like the picture !

Not sure where this product was made but I opened the box and was hit in the face with the smell of fuel.... The sweater smells like gasoline. I'm attempting to wash it now but the initial scent is off putting.

I wear this waaaaay too much for a normal person now. It's so comfy, the color is beautiful- I love how it slouches, I live in this sweater.

Love the color but was looking for longer arms to cuff up and the body length is shorter than I was expecting (guess I am trying to say...it's not oversized for the look I thought it was) :)

Weird fit. Short arms, big body."
B012C16QSY,"Halife Women's Long Sleeve Draped Knitted Cardigan Sweaters Open Front (S, Khaki)",Halife,,,"This sweater smelled like gasoline when I got it and the smell never went away. I also felt like it was cheaply made and never wore it. I also didn't care for the draping in the front. Kind of strange on me.

Good product but snags easily

I had wanted this item for a long time and when i received it, I pulled out of the bag and it smelled like mild and was damp. So after washing it a few times I tried it on and was immediately disappointed. It looked nothing like picture and was scratchy. Was short in length and as described in another review, like a school crochet project. So upset.

I bought this small , and you can give it to a very large person. Horrible.

Very cute but a little too big in the shoulders

Awful looking sweater - terrible material, looks like an elementary crochet project, not at all what the picture looks like. I never write reviews but this product is so horrible that I feel like I should let others know. Do not purchase!

It's an okay sweater wasn't really what I was expecting"
B00NHX6JAM,"Woolrich Women's Sheep Crewneck Lambswool Sweater, DENIM COMBO (Blue), Size XL",,,,"I would have liked it longer.

It way too big. I can't wear it and be cute. I used the size chart and I would have done better to get a medium. I am 5'6"" and 140 lbs and busty so I went for the bust measurement to order. Big mistake this sweater is like a boxy tent. I would prefer to return it for a ""correct size"" however, I fear I may get the wrong size again.

Super cute sweater and fits well - also about 1/2 the price on Amazon/Woolrichs than at Dillards. We had to return though as it is SOOOOO itchy and uncomfortable. I guess you could wear a long sleeve T under but that would have made it just too hot.

Just love it, love the sheep, love the fit, it's perfect over another shirt, feels very well made with great quality wool fiber. Nice!

Woolrich brand is always excellent quality. I can count on it to be very nice. Will continue to buy this brand!!!!

Very satisfied."
B00LUC8VSK,Egelbel Women Elegant Long Sleeve Gradual Color Cardigan Sweater,Egelbel,,,It's a pretty sweater especially for $7! I just wish the size was listed to compare better and also indicated no buttons. Other than that the colors are pretty but fits somewhat small in some areas in the front but it's not too bad.
B019G9GNOM,"RoAcH Women's I Like to Party I Mean Read Books Sweatshirt | Lounge Sweater (Medium, Charcoal Heather)",RoAcH,,,"I thought it would be a tad looser, but it still fits. I do love it and it is SO soft!

Not many times you order online that everything fits, this did. Loved it."
B015MSH4B2,Pink Wind Women's Flower Skull Printing Round Neck Pullover Sweatshirt Sweater,PinkWind,,,I'm a small and it was tight. It's an interesting material. Fun design. Would be better if was more of a one size fits all.
B018LOJQ7O,ITFabs Lady Women's Winter Warm Cotton Casual Off Shoulder Bandage Bodycon Long Knit Sweater Knitwear UK 12-14,ITFABS,,,not the same product as the pic show.
B00GSNHT6G,"REFRESH LIBBY-09 Women's Round Toe Sweater Knit Lace Up Low Heel Ankle Bootie, Color:BROWN, Size:6",re(FRESH),,,"Very comfortable. I can wear this with almost anything.

GORGEOUS SUPER CUTE LOVE ITTTTT

I had to get a half size larger. I love this shoe especially for camping and hiking.

good

I needed a casual boot that was comfortable to walk in to wear with my jeans on casual days. These fit nicely; the sole is flexible; and the lacing and stretch fabric make the ankle area fit well. I like the rugged yet feminine look of these boots. Would buy them again.

Got a size 10, when I usually wear a 9. More comfortable than the ""combat style"" in width (not tight). But needed to add a comfort liner in them. No cushion for the bottoms of my feet.

Very nice boot and fits as expected

I like the shoes but you have to remember they are cheap, so a piece by your heel sticks out sometimes and is very painful. I have to put the piece back in place and then all is well.

I wear these shoes every day to work. Though the side material is much like a sweater and will pill up just the same, with a little care these are great shoes. I did replace the insole with my typical cheapie no brand name insert, and have had no issues out of these shoes. They aren't particularly warm for winter, and I did double up on my socks, but they are comfortable, and fit as I thought they would, no rubbing, no aches, nothing.

cheap material, looked like it was worn.. returning

Very comfortable. I usually wear an 8.5. Got them in a 9. They fit very well. Perfect ankle height

I have been having issues with my feet. I've been looking everywhere for shoes that are attractive and comfortable. I can even get my inserts in them which I was happy about since the shoe doesn't have much of a foot bed, this is why I only gave them 4 stars. Would recommend. Can be worn to work, out with jeans or a dress/skirt.

Defiantly order a half size larger

They look cute... fit great im inlove w them getting another pair in black now... I really recommend it

They're cute, but cheaply made and uncomfortable.

They are very comfortable shoes.

Iam not confortable with the boots , i haved to return it.

My boyfriend is not too fond of them, but I love them! They are so comfortable and stylish. I wear them to work and on the weekends. This has turned out to be one of my favorite pairs of shoes.

Way to narrow. Nice looking shoe. Sorry it ran very narrow.

Great shoe

I really like the boots...just wish they had a little more padding for the soles.

I love these shoes! They're kind of stiff and the material is a little cheap, but I honestly don't mind for the price and i know they'll be more comfy when they get broken in. I might order another pair in a different color.

Cute style and pretty comfortable, but extremely cheaply made material (felt like they were made out of paper). Would not last very long at all.

These boots are so great. And comfy.

They fit perfect. (I immediately went for a long walk at the zoo and had no ""first time shoe"" pain) They look good, especially with jeans. They feel a little cheap, which they were. Only real negative is that there's pieces of rubber or whatever the heel is made of, shredding off in little pieces. Once I pulled them off, the heels looked fine.

Quite comfortable and it fit large enough. I sometimes feel that I should go up a size, but not on this boot.

These are the UGLIEST CHEAPEST boots ever!!! I am so disappointed and wish I could get a refund or something. They gave me the wrong size, they are hideous, and the material feels like paper. They literally feel like I could rip them in half. Very very disappointed :(

I got a size 8 but I'm a size 71/2...the shoes fit me a tad big but I don't mind! They are super comfy and I love them!

The shoes look very nice and they fit true to size, but the sole is thin and hard and the sides around the ankle and leg are hard and rubbed against my skin when walking. The rub was too much for me even over leggings or pants. I had to return them.

Cute & fun to wear with jeans or a dress. size 10 fit great after "
B015NXOHAM,Pink Queen Women Sweet Doughnut Outwear Jersey Shirt Sweatshirt Sweaters,Pink Queen,,,This sweater is made out of cheap synthetic material. The logo is great but I was hoping for a real sweater. This would not keep you warm in winter. Maybe good for fall/spring. My SO hasn't even worn it once since I got it for her.
B009H5DJJ8,"Women's Plus Size Turtleneck Sweater With Rich Ribbed Trim Black,3X",,,,"I love every color. This is the only place I could get a very nice turtle neck sweater so I ordered blue, cherry, black and green. They wash and dry perfect. I love them all."
B0164CD414,Urban Fashion Cute Women's Panda Hoodie Sweater Jacket with Ears 2015 (XL),Urban Fashion,,,"My granddaughter loves her panda pullover!

Showed up weeks before the estamated time and was very happy with the product. The base is a bit snug so if your not slim you might want to try a size bigger but still very happy with the out come over all."
B00OE826YM,"Roamans Women's Plus Size Jacquard Sweater Black,M",,,,"Had to return and paid for shipping. It is not how it's described. The size is not accurate.

So soft and comfortable. Great tunic length for jeans or leggings. I received many compliments on it. I love the design. Highly recommend it.

I usually wear a 1X in other clothing manufacturers, but with roamans I wear a M and it fits great."
B00PP7AOBS,Bestal Women's Loose Knitting Crochet Sweaters Batwing Sleeve Coat Pullover,Bestal,,,"Color was beautiful, material was of acceptable quality but shortened after one wash. Runs smaller and shorter. Totally not worth $29.00 at least that's what I paid for that mustard color."
B016NVCHDW,MNBS Women's Cute Birds Pattern Crewneck Soft Comfy Knitwear Pullover Sweater Medium Navy,MNBS,,,I wanted to fall in love with this shirt. It's a little larger than I thought and I wished I had ordered a small.
B00NW4EIY0,Cocobla Women's Hollow Batwing Sleeve Pullover Sweater (Dark Blue),Cocobla,,,"Fits very small. Looks way better in the picture than on me. Only worn it once.

nice!

made small

good"
B00NK97UCE,Women 2014 Fall New Movement Women Sweater Parrot Pattern Printed Loose Sweater,Lady house,,,"good one , I like it"
B016ZVVB3C,Sunsent Women Autumn Winter Long Sleeve Knit Slim Sweater Dress,Sunsent,,,"came on time, my wife didn't like the fabric and the size was to big, but thats what you get for shopping for cloths online, the price was good so ill give it a three

Very nice"
B017F4ZND2,CHICOCO Womens Japanese Cartoon One Piece Printed Long Sleeve Fall Sweatshirts Sweater,CHICOCO,,,"the print is great, just the size is super snug... It can be a go to sleep shirt, but out in public..."
B01H42WZAY,"Women's Plus Size Hooded Pullover Shaker Stitch Sweater Golden,2X",,,,"I love my new sweater!! I got the bright yellow one. It's my new favorite sweater. Comfy, soft, and just the right weight. Well made. I plan on ordering another one in gray."
B00983ZX5C,Womens Usa American Jumper Pullover Sweater (M/L US 10-12(UK12-14)),MTC,,,"It is beautiful, I'm happy for this sweater. I love it. I recommend it.

Dressing pretty. looks good quality.

This sweater is festive and fun, but you definitely get what you pay for. The quality is cheap and the sizing is more like a S/M than a M/L by American standards. But overall, very fun and festive for the price.

This sweater is gorgeous! Seriously super cute and vibrant colors.

excellent service, I recommend it

a little on the thin side a long sleeve thin tshirt or body suit has to be worn underneath to hide the bra otherwise very cute and spirited

I love the sweater fits comfortable looks good with my heels, I recommend this sweater it runs the regular size

Colors are very nice & vibrant. material Is ok and it fit a little snug but overall its a nice sweater."
B013QMWDYE,Women's One Size Lace Lap Design Pullover Sweaters Autumn Winter Clothes Tops,Women Clothes,,,Super cute!
B00WOATW4Y,xiaoming Sweaters Winter Women's Long-sleeved Pullover Long Turtleneck White X-L,xiaoming,,,"It was perfect for my Lana Kane costume. I've wore it many of times and it fits wonderfully. Took awhile to ship it felt but it was well worth the wait.

This is sized for a kid. I bought large after reading the reviews. Even that was too small..and I usually wear a small. I had to pay for shipping to return this item."
B00EH9V8AG,Women's Batwing Sleeve Knit Hollow Design Smock Sweater (Pink),asoidchi,,,"It is great

This is a super cute top. It did smell chemical like when I first got it, but I threw it in the wash and it came out fine. It will fit even if you are a lg/xl."
B016NUCU8U,Bluetime Women's Striped Drape Collar Long Sleeve Open Front Knitted Cardigan Sweater,BLUETIME,,,"Buyer BEWARE!!!!! This is nothing like a cardigan, the material is sleek and doesn't look stitched, i ended up giving it away. I was so excited to find a cardigan this cute, but once it arrived i wish i never spent the money!

The only reason I gave this 4 stars and not give, is because its advertised as being a sweater. It is T-shirt material. It does fit well though.

This item was terrible. Not even a sweater. It was a jersey stretch material and the colors weren't even like the picture. There wasn't any mint design. It was an ugly faded blue and pink. I was very disappointed especially since it took over a month to arrive. Plus as I was waiting for the ""sweater"" to arrive the image on the order detail wasn't even the item I ordered. It showed a blue and white sweater when I ordered a grey sweater with mint and pink. So I waited a month to make sure it was the right item and got a cheap and ugly version of what I ordered.

What I got was definitely not what is pictured above. Apparently it comes from China, so it took weeks to arrive, so I will not even bother to try to send it back. The item I received is not even close to a sweater, as this appears to be. It's super thin and it's not even the same colors or design; it's a little similar, but not what's pictured. Do not order from them."
B016NMRUO2,King Ma Women Oversize Loose Casual Knitwear Thicken Winter Cardigan Sweater,King Ma,,,"This comes in a very small size. The arms were irregular. It is not a one size fits all and the quality is rough to the touch. It's shipped from Asia so it's not as easy to return. However, the manufacturer was polite and quickly responded to my concerns.

At first it looked big after washing it, it shrink up so small my 5 year old can wear it. The sleeves are quarter not long sleeves. Totally disappointed!

This cardigan is what I was expecting. It is warm and fits me as I wanted (a bit baggy). Yes, it came with a funny smell, but I got rid of it after I washed it. The finishing is not perfect, but that is OK considering the price. Looks great with jeans and a colorful scarf."
B00OBFR026,Towallmark(TM)Womens Casual Sweater Print Loose Pullover Sweatshirt Hoodies Tops (M),Towallmark,,,"I was surprised it will fit because it's from China but the sizing was perfect

I did have to get a bigger size but this the coolest purchase I've made I love it!!

it doesn't fit as well as i thought it would, but the design is beautiful and nice. the fabric is a little thin and its a bit tight on the upper arm area.

Ran small, should have ordered a large instead of a medium.

Took a long time to arrive and it was a small medum"
B008BHEV8G,Carraig Donn Women's Irish Knit Roll Sweater Small White,Carraig Donn,,$79.95,I have been looking for this ever since I saw Anne Hathaway wear one like it in the movie Love and Other Drugs. It is beautiful and well made.
B016UKRUEC,"OURS Women's Sexy Deep V Neck Slim Casual Kniited Pullover Sweater Solid (XL, Gray)",OURS,,,This was so small I gave it to my ten year old niece. It was the laugh of the evening. Horribly tiny.
B00OTDOZM8,"Women's Sweater emoji suit white Hoodies 3D jogging Sportwear Sweatshirts, S",Mang GO,,,This is a gift that was sent to my grand dauthter in another state. SHE LOVES IT! Thanks. I would buy from you again
B014SGN4SQ,Froomer Women Long Sleeve Cardigan Knitwear Sweater Coat Casual Wool Outwear,Froomer,,,I bought this in two colorx
B015IOL74A,Shivali Sethi Women's Boyfriend Pocket Cardigan Shrug Sweater,Sartoria,,,"I'm 5'2, and usually wear a s/m. I ordered the 6/8 and its perfect, a bit long but still fits just fine. The material is thin. I ordered a white and charcoal. The white is see through. Very comfortable fabric to wear.

nice

I wear a small but ordered a medium. Fits good. Not the color I ordered.

Wife loved it!

It's a perfect fit

Same miss shirt thank u

I am 4'11 125 lbs. I bought a large, it didn't fit right.

I am a true size medium, so that's the size I ordered. What I received can only be described as comically small. The back of the sweater doesn't even come to my waist and the sleeves end a good two inches before my wrist. I advise looking elsewhere.

This product was nothing like I expected and the fit was terrible.

Love it.so much

Yucky fabric and different color then the pic. Bummer :("
B017U73RDM,ZHU Womens Zip V-Neck Long Sleeve Sweater Jumper Pullover Blouse Tops,Made By ZHU,,,"Comfortable and cozy

Decent design but NOT cotton blend as advertised. This is polyester all the way. Not happy. Deceptive advertising."
B012C16RK6,"Halife Women's Long Sleeve Draped Knitted Cardigan Sweaters Open Front (S, Black)",Halife,,,"Cant even rate this product. Horrible quality. The fabric is coming apart. Its really big. It looks nothing like the picture. Horrible horrible!!!!! I order small and seems like its a size extra large. Will not order from this seller again. I don't recomend this. Dont waist your money or time to get this.

A LOT shorter and much less fabric than appears in the photo.

does not look like the picture, but still a great product overall, it is super soft more white and black then gray."
B00Z8V89C2,August Silk Solid Metallic Print Women's Scoop Neck Sweater Red XL,August Silk,,,The sweater was just as I expected it to be. Great sweater for the price
B016LQVSLQ,King Ma Women's Turtleneck Chunky Knit Loose Sweater Pullover Plus Size,King Ma,,,"Glad I sized way up! Beautiful sweater, but size 2 or so up! But, Im all fairness I wear my sweaters big!"
B017WX2ZMS,Luna Flower Women's Basic Slim Fit Deep V-Neck 3/4 Sleeve Thin Sweater Cardigans Red M,,,,Loved it?
B00TSH00L0,Tommy Hilfiger Women's V-Neck Cashmere Sweater X-Large Blue Heather,,,,Was very disappointed in the quality of this sweater. One wearing resulted in pilling and bagged out look. Ended up returning it.
B016BJDJFG,Bluetime Women's Casual Loose Cable Crochet Knitted Pullover Jumper Knitwear Sweater Tops,BLUETIME,,,"meh. not so great. it's got a weird flare. I have never worn it.

Already ripped. Don't purchase...

I really like these sweaters but you have to make sure you wear something under them because of they are very loosely knit."
B00KDOCMJU,2013 (Blonde) Human Hair Mustache Handlebar Mustache,,,,"It was hard to keep on in that area but I ended up using eye lash glue and it saved the day!

A little itchy. It poked my nose, but it was exactly what I expected.

Cool mustache !"
B01E37F29O,Set of 3 Star Top Tragus Barbell 316L Surgical Steel Cartilage Bar Helix Piercing 16g,Pierced Owl,,$9.99,"Great product

these are perfect!

Loved the variety of sizes to choose from. Looks good and wasn't too hard to screw the back on.

The smallest one was a pain to get unscrewed but they were all in good condition and don't bother my ears. You may need some help putting them in.

I've been wearing them for about a month and the piercing itself is really good and it doesn't irritate my ear at all, but the star lost its shine. Like I have to keep taking it off to clean it in order for it to look shiny and I don't have that problem with my other stud piercings that have any kind of ""diamonds"" on them, but they do pass.

Really cute, nice and shiny. The different sizes included make it easy to wear if you have more than one cartilage piercing. They fit nicely together. I have paired the largest and middle together and they aren't rubbing against each other. Hypoallergenic pass, too. I usually react very quickly but have had no issues with them.

Bought these to put in my regular ear lobe pirercings so that I could just keep them in at all times including while I sleep. The screw on balls mean there is nothing stabbing you in the neck if you are a side sleeper, which was exactly what I was looking for. They are very cute and sparkly."
B013JNYDHA,Cottonique Hypoallergenic Sleep Eye Mask made from 100% Organic Cotton (Melange),Cottonique,,$12.75,"This eye mask is a must for any day-sleeper or frequent flyer. -It is the softest eye mask I've ever used--feels like a pair of pajamas. Very comfortable and high quality. -No chemical smell, and it didn't irritate my face or leave my skin flaky (I have sensitive skin, especially on my forehead). -The strap is adjustable with Velcro so you can size it to fit your head, which is helpful if you're a lady with thick hair like I am. -I wore it with the strap over my hair, and it didn't leave much of that telltale ""bump"" in my hair like less expensive masks do. -This would be a great gift for a nurse, anyone who works the night shift, or a frequent traveler. -I agree with another reviewer that for those with large heads and/or a lot of hair, some additional velcro would be helpful. However, the velcro does appear to adhere to the fabric as well, so this really wan't an issue for me. -I love the gray color, as it won't show dirt or wear, which we all know is inevitable when traveling and sleeping! -I did receive a discount on this sleep eye mask in exchange for a review; however, my views are my own and I'm not at all required to give a high rating.

I just started using this product and it makes a huge difference. My husband stays up later than I do and he likes to watch TV when he falls asleep. This eye mask kept the light from disturbing me when I was falling asleep, and I had the most restful night sleep that I have had in ages! It is comfortable and soft, I didn't even know it was there. I love this product. Disclaimer: I received this product at a discount in exchange for an honest review.

I have looked everywhere for a comfor take sleep mask that won't leave lines or cause dis comfort when sleeping. The material is extra soft while still providing the needed darkness. I have tried many sleep masks and none compare to this one. Adjustable strap for different head sizes. I love this mask. I received this item at a discounted price in return for an honest review.

No latex, no weird smells, soft and comfortable.

Cotton and Hypoallergenic the most. I took it to the hospital and the nurse threw it out with the bed linen. Fortunately I was able to purchase another one!!

The strap isn't long enough. IT does NOT block out all the light. And I purchased the grey one instead of the white Because they were out of the black ( IF amazon even sells it) and the grey One is supposed to block out all the light according to the description on the sales page for it and the white one. It IS NOT letting me open my eyes easily when on. And it often if not ALWAYS comes off before I wake in the morning. Pros- It's truly organic/non toxic Some may like the eye coverage size if your head isn't that big and IF the strap size works for you. Or you create an alternative strap arrangement. I wish it had free return shipping. If it did. I would have returned it.

Cozy and nice sweatshirt material, but a little heavy duty. Please make a lighter-weight version- this is hot!

Great sleep mask. Very soft, adjustable, and blocks 90% of the light. Non-irritating and comfy.

I have issues with latex and various products so I wanted a cotton eye mask. This one is perfect and doesn't aggravate my skin. There is no elastic on the mask anywhere. The band that goes around the head is adjustable so it will fit a wide range of head sizes. It's very comfortable and probably my favorite eye mask I've owned.

Comfortable, and met my expectations. Very pleased with this purchase!

First, I really love that it's a non toxic product! It's also well made, seems very durable yet soft. However, I got the gray one because the reviews for the white one said it didn't block out light. I sleep with sound, but have to have a blacked out room to sleep. Even though there is an extra bit of fabric cushioning that sits on the bridge of your nose, (therefore it should block out all light)...it still let's in enough light to bother me and the gray one isn't dark (or maybe thick?) enough"
B013EY290W,Beydodo Stainless Steel Men Women Stud Earrings Reversible Side Vintage 4-prong Royal Earrings Stud Black,,,,"LOVE THEM!!!!

Great product

Bought for a teenager and she loved them, the post was thicker than usual, but they look great!

My oncologist loved these earrings, I gave them to him for Christmas. Beautiful and unusual looking. G.G.

Bought as a gift for my dad and they are uncomfortable, hard to put in and too costly for the low quality also kinda heavy for studs.

Son and I like them. 1 for him and 1 for me.

These were notnwjat inthough they were

Arrived very fast. My sister loves them.

Beautiful earrings, had to give it 3 stars because they were not hypoallergenic so I ended up with a rash on both ears, swollen and sooo uncomfortably itchy. If you're sensitive to certain metal, don't purchase otherwise super pretty.

No one of them were stripped and wouldnt stay in

The space in between both studs are way too big. Unless you have huge ear lobes this will NOT fit right. Mistake for purchasing this.

Beautiful. Excellent quality. Only wish is that they were a bit lighter weight.

Super cute and they don't fall out! YASSSS!!"
B00R9A4G40,Fantasie Eclipse U/W Spacer Moulded Balcony Bra in Viola (9002),Fantasie,,$15.99 - $58.00,"Love love this bra. Best bra I have ever had. Pretty, supportive and comfortable. Rare to find all that in a big cup size bra. (32F) Much prettier than I expected. Want every color.

My favorite brand of underwear !! The perfect bra creates a beautiful breasts. I love it sooooo much!!!

My breasts don't hold a round shape naturally, being very much the opposite of firm or perky, so I was looking for something to both support and shape. This bra is super comfortable, gives my breasts a nice shape, and is invisible under even my most clingy tops. Cup sizing is great, while the band is slightly loose compared to my other size 30 bands. I love it and would buy again.

I don't know who designed this bra but it's definitely not for a large bosomed individual. The straps are entirely to slim so you have a use the clip in the back which is very uncomfortable in order to have any support. The cups are too small and they are very padded, just what I need-not! The band which is supposed to support this contraption is so thin you will think it's folded in half at first. Bottom line is don't waste your money on this bra. I have a couple of Fantasie bras and for the money I'm satisfied except in this case.

Fantasie made some of my favorite T-shirt bras in the past, but I've been disappointed by the last two I've gotten from them. I think it must be the ""spacer foam."" The cups of the bra are comfortable but are not supportive, and actually squash my boobs down, which is not a flattering look at all. I do think the Eclipse spacer is a slight improvement over the Rebecca spacer in the regard ... but still nothing compared to my old Fantasie bras. That said, if you're just seeking a comfortable bra and don't care about the shape so much (or have perky boobs), you could do worse.

I love this as a cheap decent fitting bra. Being larger on top I need something decent, and I don't worry about these stretching out or wearing them two day in a row. They do however squeek, it's the bra I don't know why but the first few wears until about one or two washes the back strap clasp makes a weird noise when you move, usually I don't notice with a shirt on but it could be irritating to some. It does however go away

Best convertible bra I've ever had. The material is super comfortable, and it looks amazing in racerback style!

This bra was pretty and in a cool color but was completely unsupportive and felt large in the band. I wear a 30 across Fantasie styles, but this felt very different from their usual products. It also felt very cheaply made in comparison with their usual quality. It's hard to find cute styles in larger cup sizes and this was a real bummer. With the Christmas season, I held onto this way past 30 days, so I'm hoping the seller will allow a return or exchange, in which case, 5 stars for the seller!

I wanted to love this bra - it's pretty & I love purple. The band & cup are true to size (I'm a US 32I / UK 32G), but unfortunately this bra provides no support whatsoever. My understanding is that surgically enhanced breasts don't require a whole lot of support so if that's you, this bra may be fine. If you have natural breasts, I wouldn't bother with this style. I only wear it around the house.

I really like this bra. I have a bigger bra cup, and the fantasie brand gives great support, and shape, and are super comfortable, and last.

I had this bra in nude and loved it so loving this was no surprise. It gives me great shape and I love the j hook back under halter or other necklines."
B00JGNHO1U,"Partiss Womens Round Neck Mesh Decor Shirt,Large,White",Fancy Dress Store,,,"Nothing at all like the picture! The picture makes it look like some type of lace in the sleeves, when it is actually plain cheap tulle. Ugly, itchy, and cheap."
B00U4M2M6O,Pair of 925 Sterling Silver Plated Crystal Rhinestone Heart Love Design Ear Stud Earrings,Firewings,,$9.99,"A great deal! So pretty, look expensive. Nice size.

I bought these for my daughter.. She loved them.. I will buy again.

These studs showed up broken and with 2 crystal things missing. Disappointed :/

I was not happy! I received the earrings in the mail and as soon as I opened them they were falling apart. Waste of time

Darling, sparkly and fun earrings. They are a unique design that looks great on your ear.

Very nice

Very Pretty love them

Brocken mussing diamonds

Thanks

Cheap plastic backs

Beautiful earrings not cheap at all. I even bought more for the women in my family as gifts. Wonderful buy.so beautiful. I bought a total of 7 pairs & they all were perfect.

Cheap, don't waste your money

Great pair. Looks alluring and stylish at the same time. My daughter and I take turns in wearing it.

I gave these away as a gift they look beautiful on the ear.

Very cute & sparkly.

I luv the heart shaped ear rings however I haven't worn them yet. Truly Luvp

I'm not a dangling earring type, that being said I like these alot. I almost always buy real silver or gold, but these caught my eye. Nice and shiny right next to my real diamond studs.

These are so cute I love heart jeweler.

So cutr

Super cute, they feel really durable, bigger than excepted. Took almost a month to arrive, which isn't ideal.. and 1 of the stones was missing when I received them, not super noticeable, but it still a little annoying.

This silver studs are very pretty, it looks very pretty, and shinny. Thank you.

I love them!

These earrings are adorable. I get complements on them all the time. They are not too small and not too big very noticeable though. Sparkles very pretty and I'm sensitive to certain earrings and these ones don't bother me I love these earrings!

looks like children's play earings

These earrings are of very poor quality. I didn't even try them on because they looked so bad:(

Not worth the price. One of the earrings broke before I could put it on. The heart BROKE WIDE OPEN.

Love em

Bought another 3 pair so far for those that compliment mine - a nice affordable gift

Got these a lot sooner than expected, they are really cute and very light so it's comfortable to wear all day. The backs that they came with slip off so I had to by separate backings.

love it

Really pretty for the price! Takes a couple weeks to come but worth the wait.

earrings didn't even come with backs...broke 1st day..do not buy

Love the product! The earring are gorgeous!

These earrings are much more beautiful than the pictures depict. When I got them I wished I had ordered more to give as Christmas gifts. With Valentine's Day coming up they would be a perfect gift. They seem to be worth much more than what I paid.

You get what u pay for

Good!! For the price is good

Good quality,rather small for the price

They are so pretty

Love them

They fit wonderful.

They are pretty. Arrived earlier than expecte. Really enjoy these.

These earrings are nice.

No big issue, smaller than expected but no big deal... looks great...

These are very nice looking pair of earrings at a very good price.

Ok not like on pic..but ok!

Had some trouble receiving. Took a very long time to get here! Had to email and complain but then once they were sent I didn't have anymore problems! Strong, durable, and cute!

Beautiful

I love these earings, I am giving them to my mom for Christmas and they are gorgeous!

Love it

Great for the price.

beautiful earings..

Looks cheap :(

Very pretty

BEAUTIFUL

Little but so pretty and cute

pretty when wearing

Realy nice

I bought them for my daughter and they look beautiful on her.

Good price

Very pretty

Way too hard to get on my ears.

terrible. couldn't fit through ear wholes.

Love it

Always get compliments wearing these

Cute pair of sterling silver plated earrings, very similar to picture however they may cause irritation and quickly to dull in color.

One of the earring backs was un-usable.

These earrings are much more beautifu"
B005MZCZWE,"Long tulle bustle skirt with gathered lace front and satin bow accent.(BLACK,O/S)",,,,"quick delivery

When it arrived it of course was wrinkled but that is expected due to the material. All it takes is a light tumble dry in the dryer and it straightens out. I love the strength of the material, it's not too flimsy to where it will tear like you think it would. Most material like this tears and rips, but the sturdiness of this one does not cause that. I am very happy with this product especially for the price. I received it in perfect timing as well. I give it a perfect 5 ;)

I love this skirt. I wish I had found it before I bought a similar one for my daughter for 3x as much. The tulle is soft and not itchy. The skirt portion is a bit shorter than I had hoped but it still worked perfectly with little shorts under it.

I wore this with a velvet corset to a costume party and got so many compliments! Everyone wanted to know where I got it, and couldn't believe I found it browsing Amazon. It helped make my evening fantastic!

This is gorgeous. Fluffy and full and alot of fun. I have been delighted with the product. It fits comfortably and is very sexy. I didn't have any trouble with it, it came out of the package a bit crinkly, but totally fluffy. Great item!

I was afraid that this wouldn't be as poofy as it is in the picture, but it was! The quality is great and I would definitely recommend it.

I wore this with my fallen angel costume. This year. Everyone love it. It was totally worth it. I steam out the wrinks

Super cute! Needed to be ironed after being squished in a box, but super cute and worth the money! Looks great under the short corset dress I bought!

very pleased with product. arrived very quickly and is just as described and very full/fluffy. will go great with my halloween costume or to fill out a ren dress.

Perfect for my costume I added a bunch of freshers, it came out beautiful

LOVE IT

Works great. Was perfect for my costume and everyone loved it.

This bustle is for my wife's costume she is going steam puck with a pair of spankies. Yes the skirt bustle looks good with the whole costume. Remember to is sheer so it can't been worn in public with out being covered.

the skirt is very full and very pretty. i used it under a victorian steampunk skirt and it looked beautiful. the only issue i had was that the front is very short so i can't wear the skirt alone unless i want my frilly bloomers to show.

Wore it to a masquerade party, looks great, not itchy.

Was extremely short in the front..had to purchase an additional skirt to put under it

Tacked this to another short tutu to add length to the front so cute. Had lots of people asking were I got it at.

wOw What a beautiful skirt. This is everything you expect, very sexy. Short in the front in a sexy way and long bustle in the back. People's review make a big deal about it being wrinkled but it was stuffed into a box, what do you expect? I shook it out and hung it up for 2 days before wearing it and it was perfect. A bit loose in the waist but I'm an extra small size and 5'1 so as a one size fits all of course it would be a bit larger fitting but did not ride down. BTW, I won the contest for best costume. I wore it with a large feathered headpiece, blue brocade corset, fishnet stocking, and black booties. Yeah it was quite a look. I love this skirt.

I really am happy with this skirt. A few criticisms: The front is very short and sheer and isn't the same material as the rest; it isn't as long as it appears; there's a very sharp contrast between the back and front, not a soft transition. I also though the skirt tied with the bow. It's actually an elastic waistband. This is perfect for my Halloween costume."
B0186ZNMAK,Ladyde Women's Fashion Scarf Neck Batman Tops Hoodies Tees Sweatshirt,Ladyde,,,"I love this hoodie great material it's soft on the inside and is very comfort able.

Material is itchy

My daughter is a big Batman fan and loved this sweatshirt. She usually wears an extra small shirt so the small fit perfectly. She likes how soft and comfortable it is.

It's warm and comfy

Very cute and fits perfectly. Took longer to be delivered than I was hoping for."
B01FHRVB44,EPLAZA 6 Pairs Cotton No Show Women Socks Silicone Grip Non-Skid + 1 Wash Bag (a),EPLAZA,,,"I wear an 8.5 or 9 sized shoe and this fit fine, but are a little snug in the toe when wearing a shoe with a heel that pushes your foot forward. These are the first sock of this type that actually stays up. Love them for that reason!

<a data-hook=""product-link-linked"" class=""a-link-normal"" href=""/EPLAZA-6-Pairs-Cotton-No-Show-Women-Socks-Silicone-Grip-Non-Skid-1-Wash-Bag-a/dp/B01FHRVB44/ref=cm_cr_arp_d_rvw_txt?ie=UTF8"">EPLAZA 6 Pairs Cotton No Show Women Socks Silicone Grip Non-Skid + 1 Wash Bag (a)</a> I have a lot of skirts, which means, I wear my flats quite frequently. I previously have purchased no-show socks, which are now either starting to fall apart, or don't properly fit my wider feet. Though I've only worn these a couple of times, I am very satisfied with my purchase. Not only do these ""socks"" accommodate my wide feet, but they stay on ALL DAY, and because they are not terribly big, you either do not see them, or only see them slightly. To me, they appear to be of god quality (ie, do not seem flimsy or cheap). I have yet to wash them, so I cannot say how well they withstand a cycle or more through a washer. (I know, I should have washed them first before trying them, but I was in desperate need!) I also cannot yet speak to their longevity, wear and tear, etc., but for $10 for six pairs, so far, I think they have been well worth their price, and I am contemplating buying another set!

These socks actually stay on unlike many no-show socks I have purchased in the past. I only air dry these instead of using a dyer which I have learned from the past can wear out the elastic. They show when I wear flats, but it's not too bad. The material is thick enough to absorb sweat and my feet don't smell which is a problem I have with the thinner nylon or spandex socks . I will most likely purchase more pairs of these.

Love these, will buy again if I need more.

These liners are the only ones that stay on my feet all day, no matter how active I am. They are truly invisible. The fabric is gentle on my skin and the gel ring that keeps it from sliding off does not irritate my skin. I like them so much, I ordered more for myself and I know they will make a perfect addition to any gifts for my daughters.

Covers more toe than the lace version from EPLAZA. If you really don't want the sock to peek from shoe, the lace option is better

I was a bit confused to which end was toe and which was heel but other than that I was pleased

Before I found these socks I would walk around like everything was OK, but deep down, inside my shoe, my sock was ALWAYS falling off! These actually stay on and I love them!! The rubber grippy that goes all the way around keeps the socks where you put them. I personally prefer the lace version just for the cuteness factor, but practicality-wise these are amazing. EPLAZA no-show socks are my jam!!!

The first time I wore them the seam started to come apart. The fit was somewhat small, but not enough to cause the seam to come apart. Looks like poor workmanship on the one.

These socks are AMAZING! They don't show in any of my shoes. The toe comes up to where you can still see a bit of cleavage between my toes, so you could wear them with a relatively low-cut ballet flat and probably still be in good shape. THEY DO NOT SLIP!!! After a full day of walking around NYC where I live, I have been extremely comfortable and secure in them all day!

These are no-show socks. Grip is decent. However, one sock came with a huge hole... Seems to be poor quality or a defective item.

Good

Holes sprung in socks after one use. Poorly made.

Too thin and ripped on first use.

They stay in place

Don't slip off your feet.

Three of the six pairs ripped near the big toe the first time I wore them. Also, the wash bag zipper doesn't stay shut during wash cycles, so all of the socks spill out. On a positive note, they don't slip off of the heel.

The material is really thin and one got torn after the first use itself!

It doesn't slip."
B01GCDNG9A,bestwishes2u Cute Without Pierced Ear Bone Folder Punk Fashion Ear Cuff Wrap Rhinestone Cartilage Clip On Earring Non Piercing Jewelry,Skyvan LLC,,$3.00,"I really enjoy this earring, I have always thought about getting a piercing like this but I've let the fear of the pain get to me. This beautiful fake one has solved my problem!! I think what I like most is that friends and family thought it was real!! It is small but BEAUTIFUL.

Great quality for the price! I was afraid that the ear cuff was going to break after the first few uses like my old ones did but this cuff is very durable and very well made. It is small enough and it accents the right amount of my ear so it doesn't look too big for my ear. Love this product and I would buy it again.

These earring cuffs are so simple and beautiful! I was initially scared about the quality of the product and that it would easily snap or break. Since it is a clip on, that would require me to pinch and adjust it to my ear and so one of my main concerns was being able to comfortably wear it (and not feel that it would easily fall off my ear) without having to readjust it every few seconds. I'm glad to say that I didn't have any of these problems! The material is sturdy and held well against my ear. It is very easy to adjust and look super cute on. I wish there were different designs and metals such as gold. I would love to purchase some more!

These earrings are so adorable! You couldn't tell that they were clip on at all! It's a very nice alternative when you don't want to get your ear pierced. This is also a great product for children. You can push them closer together so they stay tighter on your ear. I wore them all day and didn't lose one!

I got these ear cuffs to hide the seem of my elf ears when I wear them. I put my elf ears on and put the cuffs on and they did what I needed them to do. I like that they are not so big and bulky and they are just sooooo cute!!

Exactly like the picture, couldn't get it to stay on my ear for a second.

They don't stay on me.

These are perfect especially for people without pierced ears.

Didn't come as a full piece. It was broken and the broken part wasn't even in the package. It was wrapped well.

Now way near as pretty as the picture, but I bought for a kid. Hard to bend.

It was ok...ill tell ya tho, Amazon delivers very quickly and definitely has the best prices! I liked it.

Love this!! I bought a second one for my other ear. It makes me want to make sure that my ears show. Very cool!

Kind of cheap looking. But it was OK for costume jewelry

I don't know why they show two in the picture but it only comes with one

Low cost and it's cute. No commitment, works for me.

Piece of plastic that broke, waste of money.

they hurt my ear when you place them on well enough to stay on.

Very good price. Takes a long time to get here. Very pretty and delicate but still nice.

Quality not as expected. Darker metal & made my ear itch.

Beautiful ear cuff. A little difficult to put on, but looks lovely on!

They are super cute but tiny. I couldn't get them to stay on my ear.

Too small. Cannot tell what it is!! There are two parts but they are tiny. There is no way these fit together to form anything. They feel like cheap plastic and they feel as though the will break if manipulated. Please save your money!

5 Stars for just one night. 2 Stars for quality. 5 Stars for arrival time (1 weekish). 3 Stars for similarly being the design. It's probably good for one night, pretty for photos. It's more like costume jewelry. So for weddings and what not, you'd wear it every once in a while. It came EXTREMELY fast. It's cheap, but the design is probably worth the 4 dollars. I would not purchase again if I lost them, but, again, it would be a nice accessory for a fancy night out. It's nice to not have to pierce your ears.

For the price it's nice, but not quite as pretty as in the photo

They are darling! Little smaller than I thought but, that's OK! They will look good with anything I wear!

nice

Very nice but I thought I was getting a pair. Only received one.

Looks very cheap and you have to buy them separately.
"
B00KRT73YA,zeroUV - Retro Bright Horn Rimmed Sunglasses with Colorful Mirrored Lenses - UV400 (Orange),zeroUV,,,"Everything ok

Has a terrible glare. I hardly wear them...very dark as well

loud but cool

very comfortable! fit great

Inexpensive and looks sharp!!!

Exactly what I was wanting for our teambuilding event!

I ordered the orange ones and the color isn't really orange. It's a reddish-orange. Bummed.

Work perfect and fit great. I hiked throughout Israel with these with no problems

I really love these sunglasses, they block out light very well and I love the way they look!

I like the glasses but the color is more pink than orange. I am thinking of ordering a different color.

I love the look and the fit. I would easily give them 5 stars if the paint did not cause skin irritation. I've had 3 pair of these, different colors. The first pair's paint started to peel a couple of months after I got them. This by itself didn't bother me, but the paint started getting into the skin above my nose and between my eyes and caused bumps and rash. The only way I could make it go away was to quit wearing these sunglasses. I ended up giving all three pair way. It's a shame, too, because I really did love the colors, fit, and styling of these. I won't buy them again.

Good, cheap sunglasses. They get the job done. If you are just plain awful at hide and seek with sunglasses I recommend you give these a go.

I ordered the orange pair, hoping it was close to the shade it showed online. When they arrived, they were closer to a coral color. Still somewhat orange, just not the shade I was hoping for/expecting. The glasses themselves seem sturdy and block sun quite well, so I'm pleased in that regard.

My neighbor loves them. Don't think I'll get them back.

I love the glasses the only thing is that there are a few spots on the inside of the rim of the glasses that seemed to have been missed when painted. Overall I love them!

Sharp looking and excellent UV protection. They are well made high quality sunglasses. I have sunglasses that cost me substantially more and are not as good."
B01CRSBAP6,Women Blending Solid Scarf Sheer Infinity Wraps Beach Cover Lace Crinkle Shawls Wine Red,Fashion Land,,,"Love the color! It is not too bright -sometimes an issue with deep color tones. Nor is the color too dull -which can happen with some darker colors. The fabric has a nice feel to it -it does not irritate my skin. I have not experienced any dye transfer with this scarf. I would certainly consider buying another color for myself and would certainly consider buying it as a gift.

Absolutely lovely. It's so beautifully packaged that I think I will order a few more to give as gifts. The included reusable tote bag and little bracelet are a lovely touch. This vendor is one to keep bookmarked - I wish all were this thoughtful with their merchandizing. Update: went to order more of this but the colors I want (wine red, blue) are no longer listed. I found them but now they are no longer branded as Ysiop and the price has changed. Same seller. That's a bit disappointing, as I know can't be sure the item and packaging are of the same quality. I meant them as gifts.

Wonderful scarf, can be worn many ways. Nice quality too. Will order again.

I am so surprised at the nice quality of this scarf when received it. Usually I order something from Amazon clothing department and ended up returning them or keeping them with a little dissatisfaction but too lazy to return them. But this scarf looks great - the fabric the color and the design. I am very happy with it and I think most of the people will not be disappointed by it. Definitely recommend. I purchased this item at a discount rate for a honest review

This wrap is absolutely beautiful. The color was accurate to the photos. The size is surprisingly large, it often seems like most items ordered online are smaller than they seem, but not this one (The measurements are accurate). Everything about this item was quality. From the heavy plastic bag it came in, the cording instead of plastic holding the tags on, the reusable gift bag included, the small free gift thrown in (mine was a beautiful beaded bracelet) to the actual wrap itself. The beautiful lacing around the edge is stretch and the whole wrap, including the lace, is snuggly soft. I look forward to using this accessory often. It is great for dressing up or casual. Again, not only is the wrap beautiful and quality but the whole presentation is one of quality. I am quite impressed that the company took the the initiative to make every aspect speak to the quality of their products. LOVE IT! *I received this item at a discount for my review. It is against Amazon's policy to ""buy"" good reviews however and any seller attempting to bribe for stars can be removed from Amazon. Take comfort in that my integrity and my love of Amazon will not allow me to post a dishonest review. After all, I shop here too and rely on others honest reviews when I myself am purchasing items. Therefore I strive to make MY reviews an honest and clear assessment of the products.

Absolutely gorgeous scarf! Am a scarf lover and trust me this was a perfect buy. The scarf is exactly as depicted and the material is very good. Its really elegant and can be used for all occasions. I got a discount on this item but this is my honest review. Its perfect for the perfect occasion. :) Definitely recommend this item."
B00557QLLK,7mm Polished 316L Stainless Steel Ball Stud Earrings,,,,"I bought these for my daughter but ended up keeping them as they really do go with everything from casual to my work outfits

These are a little smaller, and heavier than I thought they'd be. They also are a little darker than silver, because they're stainless steel. But they don't irritate my ears, I can wear them in the pool without damaging them, etc.

Well made, very pretty, I have worn these for days on end with no irritation, one of my favorite pairs of earrings.

The steel ball on this earring I think may be solid steel if you have those ear nuts that are larger it will stop the droop in front and then you have a pair of earrings forever probably.

Prefect Size Prefect weight, just prefect earrings all together if you're looking for a simple pair theses are it. Great quality

I love these earrings. They are just the right size for an adult. I was very happy with the quality and finish. The best part of all is that they do not irritate my ears. It is the first time I was able to wear anything other than 14K, - even sterling silver irritates me."
B0155WL5KG,"Fxford Women's Waist Slimming Latex Waist Trainer Corset Body Shapewear, FX2219 (Black, XL)",Fxford,,,"It is a circus act trying to get in it but once you get it zipped it looks amazing! I'm an XL in regular clothes so that's what I got and it's a bit of a struggle to get on but not bad. I have 2 kids so I have the mom pouch but this makes it all go away.

This item is totally different than the one in the picture. There is only one column of hooks and it is not adjustable.

The product runs small. Need to exchange for larger size.

It took a fight but I was able to get it on and it fits wonderful it is so comfortable. I was skeptic as to what it would feel like to wear it but once it is on you can feel it working. I will be wearing it for hours to get the real effect of it.

First strap broke

Holds me in and is breathable. I was also able to sit in it easily. I wore it under my wedding dress.

When I originally tried to put this on, I could not. My husband stretched it out a little for me and then I was able to wear it. I wear a size 12/14 and ordered an XL thinking it would fit like a glove and it was small. I am going to make it work so I don't have to order another one.

This is a great quality waist trainer, the clip make it very easy to put on and be able to zip with ease. I liked this product so much I ordered myself another one a size smaller in beige. So happy with it!

I gave 4 stars only because it was harder to put on than my other waist trainers. I must say it was very much worth the effort though!! it does the job and it much more COMFORTABLE than my others!!!!!! delivery was prompt!! very pleased

To small need a refund.

Fits great, I expected it to be too small, but it's got brilliant fabric as well as being comfortable

This is a great wait trainer. At first I thought it was too loose but after an hour of wearing it, when I took it off I felt the difference. Sometimes i don't notice it's on and I look great with it on. I just found out that I'm not supposed to wear these things for more than an hour, but I often find myself leaving it on all day. The whole gist is it's comfortable but it also does its job

IT'S DONE ME WONDERS AFTER 3 KIDS NOW, AS YOU CAN SEE IM ALREADY NATURALLY CURVY BUT THIS CINCHER ENHANCES YOUR CINCHED WAIST LOOK. I DON'T NEED IT FOR WAIST TRAINING, AS I STATED BEFORE THAT I HAD 3 KIDS AND I JUST NEED SOMETHING TO BOND MY AB MUSCULES TOGETHER (THIS IS ALSO USEFUL FOR POST-PARTUM BINDING BTW) THE ONLY ISSUE IS IT'S SIZE IS NOT UP TO PAR WITH THE CHART. IT IS A BIT SMALLER THAN THE ACTUAL SIZE IT GOES BY. I RECOMMEND THAT IF YOU WANT TO BE COMFORTABLE AND CINCHED IN, THEN I SUGGEST YOU GO UP A SIZE. ALSO (LITTLE CONFESSION) I HAVE MOMMY STRETCH MARKS WHICH IRRATATED MY STOMACH AND MADE ME ITCH, SO THE FRICTION AGAINST MY STRETCH MARKS AND THE FABRIC IN THE INNER PART OF THIS WAIST TRAINER DOES NOT DO ME JUSTICE. I SUGGEST MOTHERS APPLY A FIRMING, SLIMMING, OR REGULAR BODY CREAM TO YOUR TUMMY AND SARAN WRAP IT FIRST THEN APPLY THIS WAIST TRAINER FOR THE BEST AND LESS IRRITABLE RESULTS AND BE THE QUEENS THAT YOU ARE! STAY BEAUTIFUL ALSO FOLLOW ME ON INSTAGRAM @angeliquepagan

Great, came in about 1 week. Very comfortable, only downside the zipper can get caught in the fabrics, and one clip is getting loose. Overall still great for the prixe

Fits perfects

It fits great and I love it

Did not fit well at all and was not comfortable. Too bulky to wear under anything too thin or form fitting.

I love my waist trainer for the zip up option but the hooks aren't very sturdy. I popped the bottom two hooks trying the trainer on for the first time. They popped with very little resistance. The two additional hooks at the top are good and the fact that it is still firm when it zips works just fine. I've seen a significant difference in my waist in just a weeks time.

Good for working out in. Has no support in the front so it bunches up when you sit down.

Love this its comfortable and still shapes your body. When its comfortable you can wear it alot longer and more often.

The zipper is the problem no"
B01CQ8UW5G,Areke Stainless Steel Crystals Piercing Jewelry Nose Studs Rings Pins Bezel Flat Nose Bone with Jewel Ball Color White,,,,"I had high hopes for these nose studs as I bought another set a few weeks back which I really liked. I don't use these for my nose as studs just don't work for me. But I use them in my ears. The stud overall is not bad and they stay in place but unfortunately the rhinestone on these looks really bad. Almost all of them are glued on crooked or stick up by a lot. Which makes them look really cheap. I hope I only received a faulty batch but the fact that almost all of them looked like that makes me doubt it. *** I received this item at a discount in exchange for my honest review. ***

I don't know about anyone else, but I have a really bad habit of losing my nose studs. I prefer the studs over screws and definitely prefer them over rings. Unfortunately though, I seem to always lose them. Whether it's in the shower, after the shower when I'm drying off and it get caught on the towel and comes out, or once when I was ill and it actually fell out into the toilet (ew!). I usually never think to have back-up studs just in case, and the last few times this happened I had to place a two day order for new ones because the longer you wait, the harder they are to get back in. THANKFULL there are these stud sets available! I received this set at no cost in order to test out and provide my honest opinion and it's really a life saver! The studs come in a decent (let's be honest, it's not top quality, but it will do) container and held in by a foam piece. They are in there pretty good though and don't just fall out when you open it. These studs are a lot smaller than I usually wear, but that's fine because I can use these ones for work due to them not being as obvious as my preferred stud that I have in now. I have yet to have any issues with the crystal in them falling out. It's nice to have back-up studs now in case I lose one again!

Comes In Real handy

Prey ...3 ave allen o wle wearng e o ar. I w e one wa gger can' really ee . Can' ea e prce. I' glad I go e won' y ore.

They don't have the best stopping mechanism for keeping them in, but it's a great value. I'm also not sure if it's just my piercing, since I've never had great luck with keeping a nose stud for more than a few weeks. None of the gems fell out, even being rattled in a case that I keep a few spares in.

These are super cute and last forever. I was a little sketched buying them because how cheap they were but was not disappointed when I received them. They are the perfect size and I lobe how the stone looks. 100% reccomend

Very pleased with the product but

I love these small studs for my nose piercing. Small enough to not be gaudy but sparkle enough to be noticed.

They're great! Many nose studs seem to irritate my nose, these do not.

They are nice, but there is no way they are 18 gauge; they are very small. Overall, I am satisfied with my purchase.

Just right and looks good!

You can not beat the price of these nose rings! I was a little Leary because of some past purchases and had the stone come out shortly after purchase. Areke! Great job, very nice quality.

This is a perfect purchase for people like me that have a bad habit of losing their nose rings all the time! The jewel is small and subtle. My only complaint about these is the size - they are much thinner than the typical nose ring. Some people may not care much about it, but I do because I frequently change my jewelry and I don't want the piercing itself to get smaller. Full disclosure: I had the opportunity to purchase this set of nose rings at a discounted rate in exchange for an honest and unbiased review after trial. This opinion is 100% my own and I have no affiliation with the seller of this product.

I like the nose rings. They are cute and just the right size fit my nose. The only thing is is that they can be easy to lose.the up side is that they give you do many that you losing one isn't a big deal.

I returned these as they were smaller than I had thought, nevertheless they were lovely.

Fit great, wou"
B0176HNWGI,"Sunward Fashion Womens Tassel Slash Tops Long Sleeve T-shirt Blouse Sweatshirt (M, Grey)",Sunward,,,"Their sizes run very small.

If you're a small be sure to order an XXL fits as if we were chinease.

This looks like a crappy thin sweatshirt with slits in it to create tassles, it is cheap looking & feeling.

I am sorry, I hardly ever write reviews. The item in the photo is not the item received, barely close. The item received is a copy of that photo and made from cheap, thin, scratchy t-shirt material. Extremely poorly sewn, uneven shoulders, different length arms. I learned my lesson and it went straight to the trash. I couldn't be comfortable in this even just sitting around my house. I didn't look close enough. If it is that cheap..... than it is that cheap.

Awsom dress and quick delivery. Thank you

not quite the material I was expecting

the arms are a bit tight, but the rest of it is quite flattering and comfprtable

tried to return - only gave me 2.89 back - very disappointed with the experience

Cute top but the grey is much lighter than pictured and the tassel are wide cuts of fabric. I was expecting them to be more string-like.

Cheap material. Misleading picture! It's not what you expect at all!!

I absolutely this item!!!! I bought a medium and it fits wonderful. I love it It's more like a shirt and not a sweater. And you definetly need a camisole underneath of it depending in your build! I love it and it fits great!"
B00LJMQW8C,ETOSELL Girls Vintage Skinny Leggings Slim Distressed Stretchy Faux Jeans Blue,Etosell,,,"I really like them super cute. They are leggings not jeans. There are a print of what ripped jeans would look like. The yellow print is what the stitches would look like on real jeans. I got them to wear with long over sided tops. They are thin fabric light weight but not poorly made. For the price I thing I am going to order more. I am a size 2 petite in women's they fit perfect for me.

i ordered the black too. I would get these if i were you

These are super thin knit leggings with printed on gold ""stitching,"" ""belt-loops"" and screen-printed fraying/holes on the legs. While the description does say ""faux"" jeans, they do not look like the pictures...almost like they took a picture of real jeans or jeggings and printed it on cheap knit fabric. Definitely in no way attractive.

es horrible

so cute!

thanks

These pants where to small for me but fit my daughter great.

These are amazing they are comfortable they only problem is I have to pull them over my stomach of the pants sag

It's Great

they look as expected, like jeans. BUT you have to wear leggings underneath them because you can see everything through them. other than that, I love them and they are comfortable, kind of stretched because my thighs are a little big. (I wear a size 5/6 in jeans). very comfortable around the waist, not cutting into you.

DO NOT PURCHASE. Although they say faux, it does seem like they took another picture and posted it here. They're leggings that are see through and do not look like ""jeans"" at all.

Looks cute from far away, but I have to wear another pair of leggings underneath since it causes irritation on my thighs. Not really worth the irritation. Too thin and design literally printed on it (even the belt buckles and stuff) I'm 5'2"" and weigh 100 pounds and it's baggy in the back of my knees. (I wear a size 0 at hollister so I'm pretty small.) It's stretchy though.

Love these look great and serve their purpose but the fake huge yellow side stitching is a little much."
B0123BTLR6,Besteel Stainless Steel Womens Mens Plain Wedding Band Ring Polished 4mm Size 10,,,,"My husband loves this ring it's thinner and not as bulky as many men's rings and is a tad bit big but perfect

Great Product, as described

Great travel ring for vacation. Wore in ocean and pool, didn't turn.

Ordered a size 10 and received a size 9. Completely dissatisfied.

COMFY.

When I first ordered this ring, I ordered too small. The seller immediately sent me a larger size FREE of charge! Excellent customer service, and the ring is lovely! I've worn it for a week outside and the shine looks brand new. It is a comfortable fit, and I often forget I am even wearing it. If you are looking for a simple silver ring that shines, this one is for you! I HIGHLY recommend this ring and seller!

Very happy with my purchase. Bought as a replacement wedding band. Looks as bright as my old white gold band. I've had it a few months now and it still looks great and I wear mine all the time. I'm sensitive to metals and this does not irritate my skin or turn it green. I would definitely purchase again if needed.

Every review on here before mine has the same disclaimer to the effect of ""I got this discounted or free for my (I totally pinky swear) unbiased review"". Sketchy does not even begin to describe this. I cannot in good conscience buy this ring, despite it fitting my every need, because no reviews can truly be relied upon."
B00K76NA8G,Lovaru Women's Pearl Rhinestone Lapel Gauze tutu Dress with Bow Belt,Lovaru,,,"Cheapest sh*t ever! I mean, yeah, I should have known better but danngggg! You get less than what you pay for :( Super terrible quality, like eBay, where you think you're getting something nice looking like a nice thick wool-type coat and it comes and it's some thin felt crap. Ughh literally didn't even think it was worth trying on so I honestly can't say how it fits, but just don't buy it.

My friend loves it

When I first received my package it smelled abit like plastic. It was wrinkled all over, and the bow felt really cheap. The material of cloth is cheap and scratchy. Don't waste your money. Felt like a Halloween costume.

I am a very small and short woman. There is no way this is a dress. very bummed and disappointed"
B016LDE3J8,Disney Toddler Girls Pink Princess Elsa & Anna Night Gown Frozen Satin Nightie,,,,"very soft, not scratchy material. cute as a nightgown or as a costume.

It was a gift for my niece and she absolutely loves it!

My 2 year old daughter loves this nightgown, she wants to wear it every night. It fits as expected and it is beautiful on.

Cute, but runs small."
B00EDQMQCM,"Barbra's 6 Pack Full Coverage Women's Brief Panties (Satin Brief, Medium)",Barbra Lingerie,,,"These panties looked very nice. Well made and the colors were very pretty. However, saying these panties have a bad smell is not being truthful. They actually STINK. I am in process of washing them for the second time with all kinds of laundry additives, but I am skeptical. Since I have tried washing away the offensive odor, I don't think I can return them. Too bad, I am disappointed they are so pretty. 4 HR UPDATE: I have washed these 3 times. The last time I added vinegar to the wash water. The smell is still awful. I simply cannot wear these. I wanted to return. Tho I can somewhat understand the return policy, it seems unreasonable under the circumstances. I am going to be forced to throw them away. Too bad. NEXT DAY UPDATE: Washed again....used Fabreze...line dried. They still have a strong chemical smell. If anyone figures out a way to make this product useable....please let me know. I want to like them. Also, if you decide to take a chance, be aware of the return policy. * We do not accept return due to hygienic reason. Our products are personal items and should be used by only one individual. * You may return unused, new item within 30 days from the purchase with original product packaging, Returned items must be in their original condition and original packaging with tags. We do not accept any item with the tag removed or has been worn/Soiled.

These are pretty and femme but they aren't soft the way they are supposed to be. They are a polyester blend, not satin and too big.

Covers the but really good .

Great buy for the undies I wear. Hard to find.

love these panties.oh my they fit great and look great too.i just love them.thank you so much

They did develop a hole on the left side on 4 out 6 items

I am 5'6 and 160 pounds and medium size fits perfect for me. They arrived very quick and as far as I can see they are of a great quality.

Feel so good

These are nice, quality panties for the price. A couple of them in this six pack were larger in size than the other, but not great difference.

LOVE THEM!

These were very pretty and came in vivid colors. I have bought other styles in this brand and they were fine. But these have thick heavy elastic around the critch snd rubbed me raw. Furthermore, the crotch was too wide. The panties fit fine in the stomach area (my stomach is flat) but seemed cut way too short in the rump, like for a flat rear. They ended up rising higher in the front than in the back on me. Not going to buy this style again though pretty.

I love the fit, feel and look of these guality grest firbthe price.'shopping for mire

Fabric is heavy and thick.

... just soft, silky, feminine panties that are strong, breathable and most important comfortable. No matter how active you are whether at work or play these panties move with you. No bunching up or the waistbands rolling up. I find them to fit great and they seem to hold up well. Even after washing. I will admit that I had read a couple of comments that while the panties hold up the seams can come apart. I only had one pair have that problem. But with a little thread and a sewing needle I could fix the problem. I like these so much I just ordered a second pack. I love 'em and I think you will too! (Added 12/29/16 I did get a second pack of these panties and find the quality of this pack as good and comfortable as the first order).

Satisfactory and well made.

Made chesply. Seams coming apart

mom was quite pleased.

Fit is great well made

first time washed threads came loose and falling apart, to expensive not to be able to wash, bad product

Great seller! Product was as described and sizing was spot-on. These are great when full coverage is desired. The elastic waistband and leg openings hold them in place without riding up or being to tight. Material is soft and sexy looking. Priced great and fast shipping too! Highly recommend these and will buy from this seller again.

Returned. Seemed very scratchy at seams

Love the satin finish makes all of my"
B00901G0NG,Women Front Opening Long Sleeve Col Boule Coat With Waistband,Allegra K,,,"I'm not really sure what I was expecting. This is a very obviously cheap product that has extremely weak, meshy, sheer, fabric. I was hoping the fabric would be thicker and softer, but the feel against your skin is kind of yucky and a little itchy. It looks more like a 5$ lingerie bathrobe than anything you'd wear out. The photo is pretty misleading, it looks so plush and vibrant, but it's very thin and loose with unattractive ragged edges. Because it's mesh-like, the color is dingy and not at all like the photo, but if you folded it up it might be close. It arrived with a tear in the sleeve and the stitches look like they would fall apart from only a few wears. The best thing I can say about it it that it has a nice bit of drape to it and that I didn't spend a lot of money on it."
B00JVEQ19U,TopTie Full Circle Skirt Flowing Maxi Skirts Best Chiffon Skirt BLUE-S,TopTie,,,"The dress is not big and fluffy as pictured, however it does flow when you walk. It was worth the money and I will buy the other colors.

I love it! I volunteer at a local hospital and I dress up! This is a great skirt to add to my collection!!!!

What a disappointment.. I'm a size 4 with room And this skirt doesn't flow And is way to short to flow on the floor I'm 5 foot 5 115 lbs I was hoping to walk with the skirt flowing. Never gonna happen

Ordered for me (size 12) ended up giving to my daughter (size 2) because was so tight. She's 5'7"" and fits beautifully.

I rarely write reviews but I loved this skirt so much I thought I should share. I am 5'8 1/2 and weigh 158lb. I purchased the blue in XL. It was a bit loose but fit just as I expected and hoped. It's a full chiffon not cheaply made and the slip that is attached is dark enough you don't need to wear a separate one. It does drag a bit on me but if I pull it up to my belly button it won't drag, wich defeats my purpose. It is super comfortable and I wore it from work to play (all day) I received lots of compliments. I will be purchasing all the colors. ***Warning- this skirt is meant for taller women, my sister 4'11 and friend 5'4 tried on the skirt pulled it up to below their breast and it was still to long***

Start, low maintenance type lady, wear size 4 Old Navy stretch jeans. I LOVE the skirt! It fits my waist perfectly, I had no issues or problems pulling it up over my upper thighs & hips (MUCH larger/wider than pictured Asian models).the length is to my ankles, 5'6. Definitely recommend the skirt and definitely returning as a customer.

Way to big and much bluer than in the picture.

The skirt was a little loose on me but it's fine I wore a white crop top with some blue sequins on it and they matched perfectly. I love this skirt! And the best thing about it is I always get compliments when wearing it.

This skirt is like a long adult tutu. It's pretty big! I will were it with a tee shirt like the model an some wedges cause it's pretty long... I'm 5'3"". I plan to wear it out with my daughter, only she'll have a real tutu on. It's fun though an cute. I like the color.

I ordered this item for a dance performance that my daughter had. The item arrived the day before, so I'm glad that she was able to do the performance. I would of liked the item to arrive earlier because the pressure of not knowing if it will arrive in time, was nerve wrecking, but all and all the item is exactly as described. I'm happy with the purchase.

Fun skirt!

I love this skirt. It was flowy, long, and beautiful. I wore it in a movie I am shooting.

I did not like the skirt, in the photo it looks more attractive and light and romantic. In reality it resembles a bag with an elastic band at one end. I will not buy it and I want to return it.

Fit was great and it flows very nicely

Very cheaply made, came with many unclipped threads. Not as pictured, just hangs from the waist. Under slip is sits crooked when on. Not happy with this order at all.

A BIT SMALL, BUT THE ELASTIC ALLOWS FOR THE SIZE DIFFERENCE. COLOUL AND MATERIAL ARE VERY NICE

I did not like the waste band as it want to roll up it the fabric

The quality is kind of cheap and the waste band makes me itch. First time I've ever experienced that with clothing.

Not the best construction, but the colors are exact.

Bought this skirt to do some fantasy like pictures. Would buy again in other colors!

This skirt is a great purchase!"
B00H96GVYC,"Beachcoco Women's Fold Over Comfortable Wide Linen Pants (L, Taupe)",Beachcoco,,,"I didn't realize that this was in Juniors sizes and they are too small so I will be returning them.

They are comfortable and soft which is awesome but I read that they ran a little small so I ordered a size up; and they are a little long so if you're 5'3 be prepared for that. I should have ordered a my real size. But these will just be my new favorite saturday pants. Other than that im pleased with my purchase! :)

I'm really shocked at how great these pants are for the price. They are comfortable, and the fold -over waist band is very flattering as well. I bought the taupe, and after receiving them purchased the black. I'm 5 ft tall, slender but with wider hips and thighs than waist, but the small fit great, except for the length of course, but I'm used to having th hem my pants.

these are great pants. ive got 3 pair now and just love them. dress them up or dress them down. the size is spot on. ive had no issues w/ color transfer, tearing or holes. the length is perfect, im 5'8 and they have plenty of material gathering at the bottom, but not too much.

see through

they are okay.. no stretch. after 1 year they were dumpster food.

I love these linen pants and am planning to buy another pair. Very comfortable, especially in the waist area with its soft, comfortable waistband.

Love these pants they did shrink a little and fit more snug but still look great

Comfortable but they kind of look like scrubs :/ They are baggy and really long!! Even for someone with long legs - they drag on the floor. Good for around the house but not to wear out in public unless you have a good tailor and work at a hospital...

Love the fit of these pants. The fit loosens a bit as you wear them, but not too much. They are comfortable and can be wear casually or dressed up a bit.

I didn't like my continually pulling up these pants. Although a nice fit and flow I didn't like the fit. If I'd gotten them a size smaller they'd have been too small. So, the sizing just doesn't work for me.

I'm using these as maternity pants and I think I'll still get some use out of them after Baby arrives. I'm 5'10"" and ordered a Med Long. The length is perfect. I just wish they had black in a long size!

I looked everywhere for beachy style pants that would be long enough to fit me. I am 6'0 tall. I ordered a large. Let me start of by the feel, these pants feel like wool against a sunburn, they are extremely itchy...I washed them about 5 times before I wore them. And now for the fit, like I said, I ordered a large, they were long enough, and I were a size 32"" Jean and they fix the waist....For about an hour. After that I wish I had a pair of suspenders to hold these bad boys up. They stretch out like crazy and there's no keeping these bad boys hoisted up. I was out running errands, needless to say I bought new pants while I was out and threw these away in Kohls bathroom trashcan

I ordered 3 pair of linen pants from 3 venders and these arrived the fastest !!!! They fit perfect !!! I am 5ft9 so finding pants that are the right length is a major challenge!!! These pants are plenty long and i love that !!! The waist is a perfect fit as well. The waist for these pants in a size large will fit anywhere from a size 8 to a size 14. It's always a crap shoot ordering clothes online that can't be tried on first but these pants are perfect and were priced very economically so I will be ordering other colors as well. I've already ordered some in black !!! They are lightweight but not too lightweight so they will work for every season too. One of the things that I love about these pants most is the comfortable waist that eliminates the need for bent buckles and belts. Bravo !!!

I loved them but they were a bit long. I made them work though.

Very comfy - a bit long but shrinks after washing. Fitted on the hips and falls straight. Material is good quality.

I love these pants. I usually take larges in bottoms but I wish I would have gotten a medium because they started out tight"
B0079MBENO,"Star Flower Snood,4001BLK,Black,One-Size",Dasha,,$6.95,the bar that holds hair - across the top - was a struggle to fasten snoods are cool perhaps the clip should be longer or wider
B00NTGPYVM,Everbling Murano Green Heart Glass 925 Sterling Silver Bead Fits Pandora Charm Bracelet,,,,Got the bead today very nice quality I love it
B01HAWZ50A,"Women Long Sleeve Crew Neck Cotton Shirt Elephant Print Pocket Top (Tag M=US6, Light Blue)",Laslong,,,Cute shirt but NOT AN AUTHENTIC IVORY ELLA.
B01CNEVBY4,Brutal Girl Women's White Oversized Cover up Baggy T-shirt Swimsuit Beach Dress,NOPTEG,,,Awesome beach cover up! I have gotten many compliments. Women have stopped me at the beach to ask where I bought it. I wear it over my bathing suit both at the beach and on our boat. I will pull on a pair of shorts if I'm stopping somewhere on my way home from the beach. I'm also going to buy it in black.
B00GXHUMUW,"Cartoon Hands Holding Rosary Beads Hooded Pullover Sweatshirt (Lt Gray, Medium)",Ghast,,$31.94,"I love it. Fits well and is comfortable and warm.

i liked everything about the jacket exept the material it was really thin i expected it to be a lot thicker then it actually was, but other then that is was great and my friend loved his gift."
B010U4EQ82,Basic Round Neck Fine Quality Knit Cardigan White Size L,Awesome21,,,"Great cardigan! fit was as described!

This was supposed to be a woman's size, but it will only fit a tall slender person.

My wife purchased this sweater after reading many reviews. These are her words, "" I no longer believe in reviews. This is not at all as described by many supposedly happy purchasers. If I hadn't already worn it once, I would return it. It fits a bit small (even though reviewers of my same height and weight described it as fitting a bit big) and does not provide any warmth. It is very thin and see-through, and does not fit well over other clothes. Disappointing. Even more disappointing is not being able to believe reviews. I will not buy clothes online any more."""
B001LK7V2I,"Vans Youth Old Skool V Core , Navy-1 Youth",Vans,,,"Vans usually run big for my son, so we order a size down. Well made shoe and looks good too."
B00TK8J41O,ZANZEA Women's Bowknot Neck Puff Long Sleeve Stripe Career Slim Shirt Blouses White US 8/ASIAN L,ZANZEA,,,Very cheaply made.
B01EHUXSCK,Elady Red Flowery Print Surfing One Piece Monokini Long Sleeve Cut-Out Swimwear Bathing Suit (M),Elady,,,Thanks
B00LZFLS9Q,"ufengke® children outside sport watch, dive 30m waterproof electronic wrist watch-blue",Ufingo,,,its not waterfroof as it says!!!!!!!!!!!!
B00ZC9DMDQ,"Sheinside? Women's Black Long Sleeve Cross Backless T-shirt (S, Black 2)",Sheinside,,,"I expected more open back. I like it. not the same like in the picture .Thank you

Absolutely rude seller. Like other third party sellers on this website, sheinside provides a picture of a beautiful product but unlike other sellers, sheinside will give you a product that looks ABSOLUTELY nothing like the picture, and they will refuse to send a prepaid shipping label, which in turn leaves you unable to get a refund, unless you are willing to pay for a damn label to just return a horrible product and get your refund.. (which is absolutely ridiculous because they are basically making you pay, to get you money back.) STAY AWAY. I have linked my experience with them regarding another product. http://www.amazon.com/gp/product/B00UFBV4TU?psc=1&redirect=true&ref_=oh_aui_detailpage_o09_s00"
B01D5C6DM8,"Carter's Little Girls Lined Striped Racerback Tankini Swimsuit (2T, Multi)",,,,Bought as a gift....really liked it
B00K2XN4UI,Tropical Group Men's Hawaiian Shirt Aloha Shirt M Waterlily Indigo,Tropical Group,,,Beautiful shirt! Very comfortable and fit is accurate.
B000J58KCQ,Columbia Men's Titanium Bugalution GTX Cold Winter Boot,,,,"I love these boots. They are lightweight and very comfortable. They are well made and I think they will serve me well for years. What really impressed me was the customer service from the vendor. The boots came in with one of those security tags still stuck on the laces. It was one of the tags that spill ink if not removed with the tool. I called the store and they were very apologetic. They instantly emailed me a prepaid UPS label to return the boots so they could remove the tag off the lace and send them back to me. In addition, without me requesting it, they told me they would take $25 off the boots. Now that is caring about how the customer thinks about you. I figured that I would have to wait for the credit and maybe it would show up in a couple of weeks, but no, I got an email from Amazon the next day telling me that Amazing Socks had issued a credit. I got the boots back, and found an excellent vendor. Thanks Amazon!"
B00NWJ1YP6,Dark Lens Retro Wayfarer Sunglasses Flex Fit Frame - Black,Retro Rewind,,,"Very Good :)

Love how dark they are , they are a little fragile so keep them in a safe place

Already broken

Great! Inexpensive. Love the flex fit temples. Came quickly. Happy with these glasses.

Great looking and light weight!

They aren't dark lens. They are like a light grey.

Fits and looks great. Much handsomer than at local stores

Great product

lenses are not as dark as expected.

Love the sunglasses. Only regret I have is not getting them in a darker color (concerning the lenses themselves)"
B00DRBMKEI,Brand Military Royale Men's Army Style Metal Black Dial Rubber Band 24 Hours GMT Swiss Watch MR073,E-MENS Collection,,,"stem fell off on first use. threw it out.

Decent all around watch for the price."
B01AW29GMS,Zando Marijuana Weed Leaf Printed Cotton Colorful Sports High Crew Socks 5 PackRandomly Choose,Zando,,,"When they stretch around the calf you can tell how cheap they are because of the white showing through upon stretching. Literally donated them the next day after receiving them.. Bummer.

Super Cute, but they don't all fit the same. Some are quite small.

THESE ARE NOT HUF!!! FAKE!!!!

Really thin material probably won't last to long. I would say Im disappointed.

These socks bring me joy.

Soft as hell

My guy has size 13.5 dogs so the socks were a bit on the small side. That being said, he still loves the socks and calls them part of his uniform. =)

It's fake

Great value for what I purchased as a gift. They are made of a nice, thick fabric (I'd say average cotton sock thickness) and they are comfy on the feet."
B01D3WHP4U,Polo Ralph Lauren Men's Classic Fit Mesh Pony Shirt-Heather Gray 7105-Large,Polo Ralph Lauren,,,Great quality
B00BH3H5IO,"Kiditude Ramones Seal Baby Bodysuit Romper, Black (18-24 Months)",Kiditude,,,My child is on the petite side at 20 months and this onsie does not fit. This item would fit a 6-12 month old child.
B00QRHHOKO,Aeropostale Womens Glitter Logo Hoodie Sweatshirt 662 XL,,,,"Cute

Beautiful hoodie just what I was looking for my only problem is the xl seems more like a med or lg it's a bit smaller than I was hoping for if it shrinks in the wash I won't be able wear it. I ordered a larger size for that reason.

Pleased with the item"
B01E4E6CKE,JJ Perfection Women's Solid High Low Button Down Blouse with Chest Pockets White S,JJ Perfection,,,"Very cute but not as dressy as pictured. I was hoping to use this for business casual attire but it is much too casual. I kept it and it's cute with jeans though.

I didn't like this top at all. It's just not flattering in any way. I gave it to daughter because she seemed to like it but I haven't seen her wear it yet. The material feels great, it's just the way the shirt is made that gives it a weird fit. I received this product at a discount in exchange for my honest review. This does not change my opinion of this product in any way. My reviews are for the consumer and have not been manipulated or compensated in any way.

I ordered based off my measurements for a large, I usually wear a medium but went with the size chart and it was way too small. Also, the description and pictures you cannot tell unless you look closely the back top portion of the shirt is a sheer see through material. This is also not your average high low. The high part in the front is completely midriff. That may be because it is too small on me in the first place. But I do not think even an XL will fit me and I'm 5' 3"" and 138 lbs."
B00MY5XGKU,TeeStars Men's - Nerd? I Prefer Intellectual Badass Hoodie X-Large Black,,,,Exactly what I was looking for
B0116VPESY,Enlishop Women Fashion Long Sleeve Sequin Leather Blazer Jacket Business M Black,Enlishop,,,"I love the jacket but medium size is like small size..:(

TERRIBLE. VERY CHEAP DO NOT BUY UNLESS YOU LIKE CHEAP CLOTHING. GETTING A REFUND.

The fabric softener s a little cheep looking, but for the price I can't complain

I like the look However it doesn't fit in the arms and shoulders so I'm hoping they will reply with exchange instructions for a Large or XL"
B00ZGQNALY,"Champion Boy's Gusto Runner, 6 M US Big Kid, Black/Lime",,,,my son loves these shoes- nice and airy. Also dry quick which is nice if they get muddy or wet.
B00BFGL480,Cole Haan Air Conner Shoe,,,,Best shoes on the planet!!!!
