tconst,review
tt0099260,"I actually saw China O'Brien II before I ever saw the original China O'Brien. And I have to say that the first incarnation is actually worse. But: worse = funnier! And funnier = better. If you're a bad movie fan like I am, this is great material. If, however, you are looking for any sort of meaningful plot, acting ability, or movie-making skill, this is best avoided. The best part is how they filmed all the fighting sequences in stuttering fast-forward. Hilariously bad. See it for a laugh, see it for mindless entertainment, but whatever you do, see it for free on TV."
tt0099674,"I dislike this movie a lot. If you've read the Puzo's books, or at least have watched very closely the two first movies (specially the first one), you're going to agree with me.<br /><br />Compared with the Corleone's saga presented by Puzo's novel, the script of this film is, sometimes, even ridiculous. The characters and the relationships among them are distorted. The story ends up reaching nowhere, although it appears to go to some direction during the movie.<br /><br />It is understandable that different times should be expected for the Corleone's saga in the 90's, and that we would not gonna find things the way they were before. But, in the other hand, I don't know why they had to copy some dialogues from the other movies, in contexts when they didn't fit. Why this? It sounds like those poorly made sequels that just try to copy the original film's qualities.<br /><br />What will never be understandable is the fact that Mario Puzo, Coppola and Al Pacino joined together to make this. A man who directed pieces like Apocalypse Now and Godfather has to be forgiven for almost anything he does in cinema until he dies. So does Al Pacino, for being the actor he is. But Mario Puzo shouldn't have written this. How come? He damaged all his previous work. What a shame, my friend. The Puzo's novel ""The Last Don"" is a 90's story about the mob, and it is great. We can never tell the same about the plot for the Godfather III."
tt0102422,"This was an absolutely terrible movie. Don't be lured in by Christopher Walken or Michael Ironside. Both are great actors, but this must simply be their worst role in history. Even their great acting could not redeem this movie's ridiculous storyline. This movie is an early nineties US propaganda piece. The most pathetic scenes were those when the Columbian rebels were making their cases for revolutions. Maria Conchita Alonso appeared phony, and her pseudo-love affair with Walken was nothing but a pathetic emotional plug in a movie that was devoid of any real meaning. I am disappointed that there are movies like this, ruining actor's like Christopher Walken's good name. I could barely sit through it."
tt0103858,"While it contains facts that are not widely reported, it is not exactly the truth. They took a lot of liberties in rearranging events, excluding people, and using sets that do not meet the facts of their lives in the 30's. There were more than just Bonnie, Clyde, and W.D. in the gang at various times, and those people had as much to do with the facts as those included. Buck and Blanche went to convince Clyde to go straight much earlier than the one shootout, and in fact got drawn back into crime. Some of the events that were portrayed in daylight actually took place at night. Bonnie's wound was much more severe and never healed right. It was so bad she had to be carried around by someone until it healed up, and even then it stiffened up so she walked stiffly. Clyde also walked with a limp because while in prison he cut off a big toe. I know, I'm being nit picky, and it was a TV movie, but even without these factual errors in this ""TRUE"" story, the movie moves too fast from event to event and comes across more as several separate snapshots of their lives, rather than being a cohesive flowing story.<br /><br />I'd recommend reading a book or seeing a documentary if you want to get closer to the truth."
tt0105699,"This is another typical unbelievable and non-sensical piece of Hollywood dreck.<br /><br />Kurt Russell, as Snake Pliskin in a business suit, convinces me he was a better 2nd baseman. Ray Liotta as the psychotic cop is totally predictable and absurd. Madeline Stowe is her usual cardboard self, and does little to be a convincing victim.<br /><br />Every scene in this persiflage is absolutely predictable all the way to the end when Kurt clouts Ray with a vase or something, knocking him down and out. Kurt and Madeline then do their obligatory end-of-the-movie embrace, and EVERYBODY--- except Russell and Stowe, KNOWS Liotta is going to get back up and menace the couple again.<br /><br />He does, of course, and Russell drills him 10 times with his 9mm, which was ENTIRELY unnecessary. This movie could just as well ended with the bludgeoning scene--- EXCEPT Hollywood dotes on unnecessary violence, and the more they can add, or ""enhance"", the more slobbery they get."
tt0106922,"I was unsure whether or not Andy Sidaris could repeat his success with the cinematic hit ""Malibu Express."" With his film Fit to Kill he has proved that Sidaris is a serious filmmaker and not just a one-shot director. The plot written by Sidaris, which was ungratefully passed up by the Academy, is a complex screenplay involving many unseen twists and turns. The main characters composed work for a sexually based radio station known as KSXY. Cleverly, KSXY is actually their secret headquarters. In ""Fit to Kill"" they confront their long-time nemesis Kane, who is trying to steal one of Russia's most prized diamonds. A well-written screenplay is not all, excellent acting by the cast helps to ensure this film as a cult classic. Panned by the critics and the box office, this film will be appreciated in years to come. It is now suffering the same fate as Clockwork Orange and Taxi Driver did, but in the future will undoubtly become recognized. I am disappointed no critic circles have recognized Andy Sidaris's trademark filmmaking. The costumes, the special effects, all help to compliment this already beautiful piece of filmmaking. It may do you best to ignore the dismal 3 rating on this film and go out and rent it for yourself. My personal rating is 10/10. The drama is as thick as the blockbuster Runaway Bride, and the action better or equal to the cinematic masterpiece Last Action Hero. Andy, keep up the good work."
tt0107151,"This movie is a good example of how to ruin a book in 109 minutes. Except for the names of the characters the movie bears very little resemblance to the book. A book full of strong Latino characters and they are represent, for the most part, by non-Latinos. There is no character development in the movie and we have no reason to love or hate the characters. And to delete a complete generation is inexcusable. Isabel Allende has written a powerful book and the book is what should be read!"
tt0110695,"Oh a vaguely once famous actress in a film where she plays a mother to a child . It`s being shown on BBC 1 at half past midnight , I wonder if ... yup it`s a TVM <br /><br />You`ve got to hand it to TVM producers , not content on making one mediocre movie , they usually give us two mediocre movies where two themes are mixed together and NOWHERE TO HIDE is no different . The first theme is a woman in danger theme cross pollinated with a woman suffering from the pain of a divorce theme which means we have a scene of the heroine surviving a murder attempt followed by a scene having her son Sam ask why she divorced ? And being a TVM she answers that the reason is "" That people change "" rather than say something along the lines like "" I`m a right slapper "" or Your daddy cruises mens public toilets for sex "" as does happen in real life divorce cases . And it`s young Sam I feel sorry for , not only are his parents divorced but he`s as thick as two short planks . Actually since he`s so stupid he deserves no sympathy because he`s unaware that a man flushing stuff down a toilet is a drug dealer , unaware that you might die if someone shoots at you , and unaware that I LOVE LUCY is painfully unfunny . If only our own childhoods were so innocent , ah well as Orwell said "" Ignorance is strength "" . Oh hold on Sam is suddenly an expert on marine life ! Is this character development or poor scripting ? I know what one my money`s on . And strange that Sam the boy genuis hasn`t noticed that if the story is set in 1994 then why do people often wear clothes , drive cars and ride trains from the 1950s ? But as it turns out during a plot twist it`s the mother who`s the dummy . Then there`s a final plot twist that left me feeling like an idiot for watching this"
tt0113305,"MINOR SPOILERS!<br /><br />Well i just sat up late and watched this film, mainly because i enjoyed and rated some of Singleton's earlier work like ""Boyz n the hood"". However, i have to say this was a major disappointment and is everything i hate about contrived, clichéd, so-called ""message"" movies. <br /><br />The acting is mainly poor,(pop stars and models do NOT necessarily make good actors...take note), the situations hard to swallow, (rape victim becomes overnight lesbian?...please!), but worst of all it reinforces every screwed up stereotype you can think of. By the second half of the film it has become cartoon like in its characterisation, making you lose any shred of empathy you may have had for its one-dimensional players.<br /><br />Not once is any valid point made about the inherent causes of racism and cultural, sexual and political ignorance. As a result it merely ends up sensationalising the results of these problems. It's message is contradictory, resulting in a sense of confusion and a general lack of plot cohesion. As for the films conclusion i found it predictable, embarrassing, exploitative and mildly offensive. For a film called ""Higher Learning"" i have to say all i learned is to avoid seeing this ever again.<br /><br />If you want a true comment on some of the themes that this film completely fails to elaborate upon then go hire ""American History X""....unless you were just watching it for Tyra Banks then go hire a life."
tt0114057,"Working with one of the best Shakespeare sources, this film manages to be creditable to it's source, whilst still appealing to a wider audience.<br /><br />Branagh steals the film from under Fishburne's nose, and there's a talented cast on good form."
tt0114736,"This film was so predictable, that during the entire time you're hoping that the obvious suspect is innocent, and there's some other big twist still coming. However... it doesn't. He just continues to act creepy, and she continues to ignore it. Mary found very incriminating evidence at his place, and she still trusted him? And what was that ""baiting the trap""? There was no trap. She confronted him, he said ""excuse me. I have to go kill someone"" He left, and that was the end of it. They make attempts to use other suspects, (like that one older carnival girl at the end) but they're completely underdeveloped. Actually, all the characters are underdeveloped. They have no depth, and the setting is just plain strange... who hangs out in a recycling factory?? Its choppy and nothing is well developed. For example: When she leaves his place after having the beer, and he finds the pics and she runs out and he catches her and they end up having sex in that car... what was that? Her reactions weren't portrayed. In the car she acted scared like it could have been practically rape- but then all we see is her showering the next morning. booooooooo It could have been so much better.. sooo much better."
tt0115543,"This might be the poorest example of amateur propaganda ever made. The writers and producers should study the German films of the thirties and forties. They knew how to sell. Even soviet-style clunky leader as god-like father-figure were better done. Disappointing. The loss of faith, regained in church at last second just in time for daddy to be ""saved"" by the Hoover/God was not too bad. Unfortunately, it seemed rushed and not nearly melodramatic enough. A few misty heavenlier shots of the angelical Hoover up in the corner of the screen-beaming and nodding- would have added a lot. The best aspect is Hoover only saving the deserving family and children WHO had ""proven"" their worth. Unfortunately, other poor homeless were portrayed as likable and even good- yet the Hoover-God doesn't help them. A better approach would have been shots of them drinking spirits to show the justice of their condition. Finally, bright and cheerful scenes of recovery (after Hoover saved the country from the depression) should have rolled at the end. We could see then how Hoover-God had saved not just THIS deserving family, but all the truly deserving. Amateurist at best."
tt0116684,"This 1996 movie was the first adaptation of Jane Eyre that I ever watched and when I did so I was appalled by it. So much of the novel had been left out and I considered William Hurt to be terribly miscast as Rochester. Since then I have watched all the other noteworthy adaptations of the novel, the three short versions of '44, '70 and '97 and the three mini series of '73, '83 and 2006, and I have noticed that there are worse adaptations and worse Rochesters.<br /><br />This is without doubt the most exquisite Jane Eyre adaptation as far as cinematography is concerned. Director Franco Zerifferelli revels in beautiful long shots of snow falling from a winter sky, of lonely Rochester standing on a rock, and of Jane looking out of the window - but he is less good at telling a story and bringing characters to life. In addition, his script merely scratches the surface of the novel by leaving out many important scenes. As a consequence the film does not show the depth and complexity of the relationship between Jane and Rochester, and sadly it does also not include the humorous side of their intercourse. There are a number of short conversations between Rochester and Jane, each of them beautifully staged, but the couple of sentences they exchange do not suffice to show the audience that they are drawn to each other. We know that they are supposed to fall in love, but we never see it actually happen. The scene in which Rochester wants to find out Jane's reaction to his dilemma by putting his case in hypothetical form before her after the wounded Mason has left the house is completely missing, and the farewell scene, the most important scene - the climax - of the novel is reduced to four sentences. Zerifferelli does not make the mistake other scriptwriters have made in substituting their own poor writing for Brontë's superb lines, neither are crucial scenes completely changed and rewritten, but he makes the less offensive but in the end similarly great mistake of simply leaving many important scenes out. What remains is just a glimpse of the novel, which does no justice to Charlotte Brontë's masterpiece.<br /><br />The cast is a mixed bag: While Fiona Shaw is an excellent Mrs Reed, Anna Paquin's young Jane is more an ill-mannered, pout Lolita than a lonely little girl, longing for love. The ever-reliable Joan Plowright makes a very likable, but far too shrewd Mrs Fairfaix, and one cannot help feeling that Billie Whitelaw is supposed to play the village witch instead of plain-looking, hard-working Grace Poole. Charlotte Gainsbourgh as the grown-up heroine, however, is physically a perfect choice for playing Jane Eyre. Looking every bit like 18, thin and frail, with irregular, strong features, she comes closest to my inner vision of Jane than any other actress in that role. And during the first 15 minutes of her screen time I was enchanted by her performance. Gainsbourgh manages well to let the audience guess at the inner fire and the strong will which are hidden behind the stoic mask. But unfortunately the script never allows her to expand the more passionate and lively side of Jane's character any further. As a result of leaving out so many scenes and shortening so much of the dialogues, Gainsbourgh's portrayal of Jane must necessarily remain incomplete and therefore ultimately unsatisfactory. This is a pity, as with a better script Charlotte Gainsbourgh might have been as good a Jane as Zelah Clarke in the '83 version.<br /><br />But while it is still obvious that Gainsbourgh is trying to play Jane, there is no trace whatsoever of Rochester in the character that William Hurt portrays. Hurt, who has proved himself to be a fine actor in many good movies, must have been aware that he was physically and type-wise so miscast that he did not even attempt at playing the Rochester of the novel. His Rochester, besides being blond and blue-eyed, is a soft-spoken, well-mannered nobleman, shy and quiet, slightly queer and eccentric, but basically good-natured and mild. He is so far from being irascible, moody and grim that lines referring to these traits of his character sound absolutely ridiculous. Additionally, during many moments of the movie, Hurt's facial expression leaves one wondering if he is fighting against acute attacks of the sleeping sickness. Particularly in the proposal scene he grimaces like a patient rallying from a general anaesthetic and is hardly able to keep his eyes open. If you compare his Rochester to the strong-willed and charming protagonist of the novel, simply bursting with energy and temperament, it is no wonder that many viewers are disappointed in Hurt's performance. Still, he offends me less than the Rochesters in the '70, '97 and 2006 versions and I would in general rank this Jane Eyre higher than these three other ones. Hurt obviously had the wits to recognise that he could not be the Rochester of the novel and therefore did not try to do so, whereas George C. Scott, Ciaràn Hinds and Toby Stephens thought they could, but failed miserably, and I'd rather watch a character other than Rochester than a Rochester who is badly played. And I'd rather watch a Jane Eyre movie which leaves out many lines of the novel but does not invent new ones than a version which uses modernised dialogues which sound as if they could be uttered by a today's couple in a Starbucks café. Of course this Jane Eyre is a failure, but at least it is an inoffensive one, which is more than one can say of the '97 and 2006 adaptations. I would therefore not desist anyone from watching this adaptation: You will not find Jane Eyre, but at least you will find a beautifully made movie."
tt0116762,"This is a genuinely horrible film. The plot (such as it is) is totally undecipherable. (I think it has something to do with blackmail, but I'm not entirely certain.)<br /><br />Half of the dialogue consists of useless cliches. The other half is spoken by the various actors in such unintelligible imitations of ""southern"" accents that (thankfully) the words cannot be recognized.<br /><br />But the one true tragedy of the movie is that such a historic talent as Mary Tyler Moore apparently was in such dire financial or personal circumstances that she appeared in it.<br /><br />"
tt0118882,"I haven't seen anything this bad since I walked out of the James Bond movie ""Moonraker"" twenty years ago. I managed to sit through the entirety of this one only because of Tilda Swinton, but there was nothing she could do to save this beast.<br /><br />As a cross between ""Pi"", ""Orlando"", and ""Tron"", this movie failed miserably in every aspect of moviemaking. The characters were cardboard and unable to evoke any kind of sympathy. The plot was wholly unbelievable. The acting was, with the exception of Swinton, amateur. The computer graphics were worse than in ""Tron."" Timothy Leary was extremely annoying. I could go on, but what's the point.<br /><br />The only good thing I can say about this film is that Tilda Swinton was in it. I have no idea why an actress of her caliber consented to appear in such a dud, but she most likely regrets it now.<br /><br />Don't waste your money or your time on this stinker. There's nothing worth seeing here."
tt0119173,Demi Moore's character in the movie was selected for the SEALs because of her looks. That was a bad start and the movie went down from there. The plot was totally unbelievable. The will to make it in a tough military unit is not enough. This movie did not convince me of a woman's physical ability to perform the types of tasks required.<br /><br />Trying to pretend that women and men are basically the same is an insult to everyone's intelligence. The differences between the sexes are what makes life interesting.
tt0119427,"JUDAAI was a bold film by Raj Kanwar at it's time In 1997 when such a topic was damn out of the box<br /><br />To give him his credit he does succeed in showing how greed changes a person and to what extent the person can go to get what she wants<br /><br />The film however is damn melodramatic, many places ridiculous<br /><br />One wonders why Anil doesn't buy a TV for his wife? when he earns so much Just to show how poor he is?<br /><br />The twist is well handled but the handling is straight out of 80's The Johny- Paresh comedy which entertains here and there stands out as a sore thumb as it doesn't fit in the story<br /><br />Even there are several cringeworthy scenes<br /><br />Direction by Raj Kanwar is adequate though at times too melodramatic Music is okay but most songs look forced<br /><br />Anil does his part well Sridevi is excellent in her part Urmila is decent Amongst rest Kader Khan is as usual Johny Lever is funny, Paresh irritates Farida is decent"
tt0119792,"STAR RATING: ***** Saturday Night **** Friday Night *** Friday Morning ** Sunday Night * Monday Morning <br /><br />Ray (Ray Winstone) has a criminal past, has had problems with alcohol and is now forming a drug habit that is making him paranoid and prone to domestic violence to his wife Valerie (Kathy Burke) who tries to hold the family together but ends up coming off more like a doormat. Meanwhile, her mother Janet (Laila Morse) is aware of Ray's son, Billy (Charlie Creed-Miles) and his escalating drug habit that is sending him off the rails. The film follows these despairable characters as they tredge along with their lives.<br /><br />It is said that the British seem to enjoy being miserable, and that would include watching films that entertain them this way. Films like Nil by Mouth highlight this. It's a tale of a broken family, torn apart by crime, poverty, booze and drugs, the kind Jeremy Kyle would lap up like a three course meal. It is also essentially a tale of self destructive men, three generations apart and each copying the other, tearing a family apart and women trying to hold it together, despite not being strong enough. If you pick up a little of what it's about from the off-set, you can see it doesn't promise to be cheerful viewing from the start and it certainly doesn't disappoint in this.<br /><br />It's true what everyone said about the performances, and the lead stars, Winstone and Burke, do deliver some great acting. We see Winstone lose it with his wife, beating her senseless after some more coke induced paranoia, breaking down during a phone conversation with her and unleashing a typical arsenal of f and c words when she refuses to let him see his kid. Likewise, in a private moment, we see Burke skillfully lose her composure on a staircase, the full impact of the night before kicking in.<br /><br />This is another of those films where there's no 'plot' to follow, as such, just a real life feel of these hopeless lives carrying on from one day to the next. It's been acclaimed by many (including the Baftas!) but it really was just too grim and bleak for me. I have no right to criticize it for this, knowing what I knew about it from the off-set, but sadly this is how I found it. **"
tt0120620,"I had been looking forward to seeing this film for a long time, after seeing ""Return to Paradise,"" which I found to be gritty. I was so disappointed. The most realistic thing about it was the unpredictable ending which I think was partly stolen from ""Return to Paradise."" <br /><br />Maybe I was expecting too much. <br /><br />On the positive side Danes, Beckinsale and Pullman were fantastic in their roles. Although I didnt like Danes's character and first and found her very annoying. <br /><br />I couldnt see anything realistic about the film. It could of been done so much better, for example there could of been more emphasis on the prison conditions and the sheer horror. It was too cheery a movie to be realistic. There could also of been more action and tension<br /><br />The best thing about this film is the ""tragic"" ending. I couldnt of predicted that. But by that time I really didnt care what happened to them.<br /><br />3/10"
tt0123385,"The acting is good, the women are beautiful, and the men are handsome, so if you're looking for well-acted soft porn, this movie is for you. Otherwise, you are wasting your time. The motivation of the main characters, in particular the eponymous lead, is often a mystery. She could have just told the truth - the truth as presented in the film, not necessarily the historical truth - and her lover would have been spared time in jail for a rape he did not commit. Was she protecting her father, who went off half-cocked, as it were, when he impetuously instigated a malicious lawsuit? Was she protecting herself, with her reputation suddenly of concern when heretofore only her art seemed to matter? During the trial, this strong-willed woman turns to mush before our eyes. Conversely, her lover, who starts off as a narcissistic jerk, becomes a selfless hero during the trial. At least his motivation is clearer: he sacrifices himself for love. Naturally, since no good deed must go unpunished, we are told that she never sees him again."
tt0161023,"While watching the film, I'm not sure what direstion it was to take. There's a reason a writer shouldn't direct his work and even act in it as well, you can't do it all. I felt the story really suffered in this film due to the director wearing so many hats. Ms. McTeer is the film. To add to her amazing talents, her portrayal of this woman was why I was engaged. Here is a British actress who can do anything. In my view, conflict is what makes drama and a great story. I felt this film didn't have that. Everything was somewhat easy for the characters, there were no real obstacles preventing the chahracters from getting what they wanted. Watch the film for the sweetness, but most of all for Ms. McTeer's brilliant performance."
tt0164877,"I have to say I was really looking forward on watching this film and finding some new life in it that would separate it from most dull and overly crafted mexican films. I have no idea why but I trusted Sexo, Pudor y Lagrimas to be the one to inject freshness and confidence to our non-existent industry. Maybe it was because the soundtrack(which I listened to before I saw the film) sounded different from others, maybe it was because it dared to include newer faces(apart from Demian Bichir who is always a favorite of mexican film directors) and supposedly dealed within it's script with modern social behaviour, maybe because it's photography I saw in the trailers was bright and realistic instead of theatrical. The film turned out to be a major crowd pleaser, and a major letdown. What Serrano actually deals here with is the very old fashioned ""battle of the sexes"" as in ""all men are the same"" and ""why is it that all women...;"" blah,blah,blah. Nothing new in it, not even that, it uses so much common ground and clichè that it eventually mocks itself without leaving any valuable reflexion on the female/male condition. Full of usual tramps on the audience like safe gags about the clichès I talked about before(those always work, always) and screaming performances(it is a well acted film in it's context)..and by screaming I mean, literally. The at first more compelling characters played by Monica Dionne and Demian Bichir turn out to be according to Serrano the more pathetic ones. I completely disagree with Serrano, they shouldn't have been treated that way only to serve as marionettes for his lesson to come through...he made sure we got HIS message and completely destroyed their roles that were the only solid ground in which this story could have stood. Anyway, it is after all, a very entertaining film at times and you will probably have a good time seeing it (if you accept to be manipulated by it)."
tt0175880,"Great cast. Great acting. Unpredictable story line for the first half<br /><br />hour or so. I was really wanting to know what was going to<br /><br />happen to each of these unredeeming characters, and how their<br /><br />seemingly disparate lives would become intertwined. But when<br /><br />the writers took out the glue to start connecting the players, they<br /><br />mistakenly used super glue and brought the movie to a standstill<br /><br />for the last two hours. I kept thinking it would get better, but it only<br /><br />got worse. Don't believe the reviews. This is a waste of time. <br /><br />Think about it -- Tom Cruise made ugly -- why? The gorgeous<br /><br />hunky bartender wearing braces -- why? I know it had to do with<br /><br />the plot, but without them, at least there would have been one<br /><br />attractive cast member to remember."
tt0179443,There is no doubt that this film has an impressive cast but unfortunately this doesn't help with the major downsides to the movie. I never understand why directors ask actors/actresses to use accents not their own when it is obvious to everyone they can't convince. Fiennes just can't do Irish and Fitzgerald isn't much better at Russian. When the voice is wrong then no matter how good the acting the character will never be convincing. As the for the major problem....the plot....was there one? I guess there was some sort of storyline involved but it was so full of holes that I just couldn't wait for the film to end...it was ridiculous. Save 90 minutes of your life and don't watch this movie!
tt0190524,"I didn't agree with any of the theology in the Left Behind series, but nonetheless I found the books gripping and I read 8 of 12 of them. Undeniably good writing and interesting story. However, I didn't have very high expectations for the movie. There was no way mainstream Hollywood would have taken up a Christian series and produced a big-budget movie. So it was done independently... and it just felt like I was watching a really long TV show. It just didn't FEEL like a movie; it didn't have that movie ""experience"" to it, if anybody knows what I'm talking about. So the movie suffered because of that, and the low-budget, poor special effects were another detraction for me.<br /><br />On top of that, I feel that Gordon Currie was woefully miscast as Nicolie Carpathia. Reading the book, my impression of NC was that he was supposed to be this charming, dazzling, amazingly handsome guy who spoke English with almost zero trace of an accent. So I imagined somebody like Pierce Brosnan in the role. Instead, they found some Clay Aiken pencil-neck who looks like an employee of the month from Best Buy, and gave him a really bad fake accent. So that lost a few stars for me right there. A movie is just not convincing when the major villain doesn't look or sound the way he's supposed to.<br /><br />The acting was okay, but nothing to write home about. Some of the scenes - like one of the conversion scenes (can't remember which one) - were real seat-squirmers for me. And some of the Christian rock music or whatever it was, was really out of place for some of the scenes, like in the one with Kirk Cameron praying in the bathroom.<br /><br />In short, it wasn't a bad movie, but it just didn't do it for me. Stick to the book, folks, it's much better."
tt0196267,"Okay, let me break it down for you guys...IT'S HORRIBLE! <br /><br />If Roger Kumble did such a fancy job on the first Cruel Intentions then why did he do such a bad job on this. I'm sorry but this movie is stupid, true it may have improved if its series was ever aired but lets be realistic...this movie a crock! A lot of bad acting *NOTE The Shower scene* ""Kissing Cousins"" ?????? What kind of line is that? ""Slipery when wet"" ?????????? Can we say DUH-M! This movie had effort, I'll give you that, but it was too stupid! They even tried to make it funny by giving the house servants stupid accents which actually....WASN'T FUNNY! It was pathetic. Not to mention that they made everyone in the this one look Absolutely NOTHING like the original cast. It's as if they made them look different on purpose or something! I like watching it when I'm really really really board which doesn't happen occasionally. For those of you who did like it...Okay, what were you thinking? Could you possibly choose this movie over the other one which had great acting and the fabulous Sarah Michelle Gellar? A movie is gold if it has Sarah Michelle Gellar in it, DUH! But this movie doesn't, no offense Amy Adams. Oh, yeah since when does Sebastain have a heart????? UGH!"
tt0200374,"Amen to Magsel. There was a lot of confusion going on. First off, how do you know which movie you are purchasing? Henry Cele stars in every one of them. I bought this movie thinking it was the miniseries...WHAT A LETDOWN!! It would have been a comedy but for the young girl being raped. David Hasselhoff (spelling?) is OK for popcorn TV but he was not believable in this film (where was his English accent?) AND WHAT'S WITH THE LOVE STORY??? The movie was supposed to be about a young man's rise to military power - not the slave ship captain getting jiggly with the English maiden looking for her daddy...<br /><br />If I had paid more than $7 for this movie, I would have to call the police - because that would be a crime!"
tt0201538,"Strange... I like all this movie crew and dark humor movies; but didn't like this one at all! It's awful, horrible and surely not funny at all. Pity cannot do a whole movie plot, disgust either. And it was really boring. Long empty moments fills the movie; it could have been removed. It should have been in another shorter format, surely. Maybe i expected too much from the crew - like saving the movie lol -. It's also filled with overused clichés of characters and situations... I don't get it why people liked it... ""Poetry"", ""hope""; nope 'mam, didn't see anything like that! ^^ All in all, it's empty and crude, pitiful and hopeless. Oh darn this one........"
tt0237616,"I went to school with Jeremy Earl, that is how I heard of this movie, I don't really know if it was in the theater's at all. I don't recall the name. I have seen it, it is like one of those after school specials. The acting is OK, not great. The plot was kind of weak and the lines were pretty corny. So the only comment I can give this movie is ""Eh"" I borrowed the movie from Jeremy, if I was in a movie rental place, this is one that I would walk past and after watching it I wouldn't recommend it to anyone past middle school age. I've also noticed that many times when urban kids are portrayed, the slang is overused or just outdated. Many times I think thats what makes their characters unbelievable."
tt0254199,"This is a movie about making a movie. Such movies may be entertaining, but they need some substance, to do so. It did not happen here, I am afraid. Mr Coppola did not inherit his father's skills, unfortunately (neither did his sister, who can however make movies which one might watch).<br /><br />I do wonder how this movie came to get such rave reviews. <br /><br />Let's see: the lead male actor, supposedly a director, is as expressive as a frozen squid and his voice has the same pitch whatever he says, the lead female actress has an expression on her face that never changes, the plot is totally segmented in bits with perhaps one single connecting element, the movie within the movie idea must be more stale than paleolithic rocks... Would that be enough?<br /><br />I regretted every single moment I watched this movie. A walk with the dog is far superior entertainment to this unbelievably lame movie. It's as if a François Truffaut plot were directed by Dick Cheney...<br /><br />Brazil, some other classic SF movies? You must be really joking..."
tt0257044,"This film is overblown, predictable, pretentious, and hollow to its core. The settings are faithful to the era but self-conscious in their magnification by prolonged exposure. The lingering over artifacts stops the action and cloys almost as much as the empty dialogue. Tom Hanks seems to be sleepwalking much as Bruce Willis did in Hart's War. Tom, you can't give depth to a character simply by making your face blank! The content did not warrant the histrionic acting by Paul Newman. This is a dud wrapped in an atomic bomb casing."
tt0259054,"This foolish, implausible tale is redeemed only by the opening scene in which a hard-boiled police detective delivers some nearly-audible lines confirming our greatest fears: He is dead. Perhaps the film would have been saved had the director forgone the dazzling star power of A. Martinez in favor of this sadly-anonymous actor who filled the screen for a brief moment. That a no-name hack-tor off the street could salvage such a dishwater film is no less likely than a villain committing murder by dropping stones into a quarry for an unsuspecting diver. His moment is brief; his promise is immense. Perhaps we will be treated to more screen time by this obscure thespian if there is ever a sequel to this ill-advised film."
tt0274711,"Saw this movie in an early preview, and I cannot stress enough how bad I thought this film was. From the very beginning, the audience was groaning over Pacino's awful southern accent. Poor Al looked really, really haggard, and I can't decide whether this was purposely part of his role as a drug addicted publicist, or perhaps he just didn't get any sleep before coming to the set. Much worse than Pacino's close ups, however, is the wretched excuse for a plot. Early in the film we are given indications that Pacino's character is gay, and I suspect that is what the screenwriter had originally intended. Later, however, we are supposed to suspend our incredulity and believe that both Tea Leoni and Kim Basinger (both of whom are sleepwalking through lame roles) lust after this elderly, half dead looking, effeminate man with the ridiculous accent. The worst part overall was the main plot thread, which had to do with some corporate espionage that is never fully explained and we never, ever care about in the slightest. Because this was a preview I will reserve my final judgment, because of the possibility of re-shoots and editing, but you can bet I will not pay a cent to see this in theaters."
tt0301924,"Contrary to another reviewer, I think that this is WELL-written, especially the more fictional it is, because greater imagination would be required; and well acted, because there were no other characters with whom to share the focus of these dozen-minutes-plus, well-done monologues. But I'm just not entertained by such solemn, pious rememberances. Everybody has a story to tell and some are more interesting than others. Everybody has problems and some are more intense than others. These are just ten, not-very-atypical stories and problems, exemplifying how anybody's life (or part of it) is fodder for film. Then again, I think poorly of TV's reality shows, too. So, if that's your bag, you may like this. It's the kind of stuff that would make for good 'phone and/or internet gossip; but absolutely without other-than-verbal action. And, although each of the speakers is female, I'm gonna leave gender outta this."
tt0306597,"A film about the Harlem Renaissance and one author in particular. It contrasts it with a modern day story about a young, gay, black artist.<br /><br />If that sounds vague it's because the movie itself is. It's well-directed, fairly well-written and (for the most part) well-acted. Also the scenes in the past are shot in moody black & white. Also this is one of the few film dealing with gay men that does NOT shy away from sex scenes (not that explicit and no frontal). Still, I mostly hated this.<br /><br />The film meanders all over the place, is full of unlikable characters (including the main protagonist) and (this is the killer) moves at a snails pace. Three times I considered leaving the theatre because I was so utterly bored. But the director WAS there so I stayed. <br /><br />His talk afterwords shows this was a labor of love and took 6 years to complete. I really wish I could like this more (there are VERY few films dealing honestly with gay blacks) but I can't. Unless you're very interested in the Harlem Renaissance there's no reason to see this."
tt0307875,This is supposed to be well-researched and based on fact. How come therefore that it's so packed with McGovernisms. Did the people of Derry live in some kind of bizarre Philip K. Dick world in which reality was uncannily like Cracker/ Liam/ Priest? Or is McGovern an idle hack who just keeps repeating hims
tt0325597,"A young man kills a young woman for no reason. The man's brother is jailed on charges that he was an accomplice, but soon escapes. Upon escaping, the seemingly innocent man kidnaps three victims and soon he ropes his girlfriend in on the plot. If this isn't bad enough, the situation quickly makes a downward spiral.<br /><br />This film had some good aspects and many bad ones. Its strongest aspect was lead actress Emily Haack. Setting aside the fact she's nude in a fair amount of this film, she presents herself as a decent actress and a very strong character. I see no reason she cannot take this experience and somehow turn it into a career in some way. I was convinced she was a ruthless individual.<br /><br />Also, the makers of this film were very bold and pulled no punches. Graphic nudity (both male and female), coprophagia, and extreme anal violence are not shied away from. I like my horror films to push the boundaries a little bit, and this one ignored them altogether, gladly skipping towards Gomorrah. Maybe it was too much, but I think they achieved what they were looking for.<br /><br />But now the negative aspects. First, and most noticeable, this film is very low budget and the film quality shows this. I can excuse that -- the plot was decent, the acting fine and in some scenes the lower quality film actually made the movie more disturbing (a more realistic feel). So, I won't scold them for having low-grade equipment. What I will scold them for is the use of poor choices in shots. For no reason I can ascertain (besides plumping the movie), there is a large amount of footage of a cemetery. I don't really know why, and I frankly started dozing off at this point because it was so long and pointless.<br /><br />I also take issue with the title. The idea here was to deceive people into thinking this film had some connection to the classic ""I Spit on Your Grave"". Now, there is a line that seems to imply the main character is the daughter of the woman from this other film. And the themes are very loosely the same (a woman getting revenge on men). But there is no firm connection and the reason this title was chosen was for the video store customer to think they were getting a sequel. This was deceptive and dishonest.<br /><br />My last major complaint is that this plot makes no real sense. Not even a little bit. A woman is killed in the beginning for no reason. A prison escapee finds time to kidnap people to torture them, for no reason (because they wronged his girlfriend?). The same man goes from good to very evil without explanation. Likewise, the female lead (Haack) turns fro ma normal person to someone who is overly cruel and sadistic, for no reason at all, and against people who for the most part were only marginally mean to her (a neighbor offering drugs for sex is wrong, but by no means worth getting tortured for).<br /><br />Don't let this title fool you, or the claims that the film is incredibly shocking. Yes, some scenes were shocking, but the vast majority of the film is dull and makes you want to take a nap. If you see this in the video store or on Netflix, just keep browsing. Or rent it, and we can sit around and vent about it for hours. You have been warned."
tt0332658,"This was no Trainspotting or Guy Ritchie film. It was a big wannabee. It wanted to be an edgy, nervous-laughter, urban-life affirming film, but it's more of a camera jerky, mess. It's a lot easier to imitate something else, than to create a real story with real characters. From the beginning, I couldn't care less about the characters or what they were involved in. They were always always hitting, pissing, or crying on each other. Only, there wasn't any substance to what they were doing. The dialog between characters is meant to be hip, revealing, instead it comes out trite, and one scene after another is predictable. I know there are viewers out there that really liked this movie, so I could be wrong."
tt0344273,"""Kings and Queen"" is a bloated French drama that rambles on for an interminable two hours and thirty-two minutes to no discernible point or purpose.<br /><br />The film features two stories that seem unrelated at first but which eventually connect with one another about halfway through the movie. The first centers around Nora and her struggles with various men in her life, including an elderly father who discovers he has only a few days left to live. The other story involves a young man named Ismael, a violinist who finds himself placed - unfairly, he believes - in a mental institution through the machinations of an unknown third party. After traveling along on separate tracks for awhile, these two narrative strands eventually come together when we learn that Ismael is a former lover of Nora's and the man she has chosen to adopt her son from an earlier, tragic relationship.<br /><br />With a bit more focus and a considerable amount of streamlining, ""Kings and Queen"" might have been a potent, engrossing drama about modern day relationships. It certainly has moments of tremendous insight and emotional power, and the performances are, for the most part, complex and touching. But, taken as a whole, the film meanders and maunders to such an extent that, quite frankly, it begins to wreak havoc on our patience and to wear out its welcome early on. Even more distressing is the fact that, even though we spend what seems like a mild eternity in the company of these people, we really don't know quite what to make of any of them when the show is finally over. For instance, Nora's father, on his deathbed, writes a withering diatribe against his daughter's character that simply doesn't gibe with the woman we've been looking at for well over two hours. Nora is admittedly no Mother Theresa (then, again, who is?), but she certainly doesn't deserve the invective thrown at her by her very own father. Nora could be accused of being confused, indecisive, a bit self-absorbed at times, but evil enough to have her father wishing he could give her his cancer and make her die in his place? I don't think so.<br /><br />Perhaps this film is simply operating at a level of depth that I was unable to fathom. But my suspicion is that even writer Roger Bohbot and co-writer/director Arnaud Desplechin would have trouble fully explaining their purpose here. This is a well acted, pretentious bore of a film that takes the viewer on a long, rambling voyage through a sea of personal crises, a journey that leaves him no wiser or more enlightened at the end than he was at the beginning."
tt0346293,I watched this film few times and all i can say that this is low budget rubbish and that it does not have anything to do with a real history facts. Actors performances is very poor but it is result of limited acting possibilities. Anyone who watched this film now probably think of Hitler as some crazy skinny lunatic who running with a gun like some Chicago gangster. I can only to say that there is much better films about Hitler and Germany in those years and that Rise of evil is very much under average. I can recommend German film Downfall in which you can see brilliant performance of Switzerland actor Bruno Ganz in a roll of Adolf Hitler.
tt0365686,"Ritchie's first two films were snappy, stylish entertainment. Here, he raids two recent classics  'The Usual Suspects' and 'Fight Club'  and still comes out empty-handed.<br /><br />Despite parading itself as a con-mystery (with the sub-'Usual Suspects' twaddle ""the greatest con he ever pulled was convincing you that he was you"" or whatever it was...) and attempting a 'Fight-Club' twist about which characters are real and which are internal manifestations, the film struggles to maintain interest in its second half. By the last third, you know you're being lead down a blind alley, and tediously slowly at that.<br /><br />Cons, chess and game theory are all great subjects, but Ritchie delves into them too superficially and too repetitively to make much use of the material.<br /><br />The only thing that keeps the movie (almost) watchable is Ritchie's bold way with with a scene and Maurice-Jones's dynamic camera. If Ritchie stuck to a more satisfying plot, and succumbed to tighter editing, there's no reason why he couldn't have made another enjoyable gangster caper.<br /><br />As it is, Revolver is a waste of your time. Incomprehensibility does not equal profundity. If you want to see a great film that doesn't make logical sense but makes a virtue of it (and, incidentally, which also involves an inexplicable escape from solitary confinement) watch 'Lost Highway'."
tt0371212,"This film is really something of a curate's egg, good in parts. In contrast to other reviewers, I found that the main fault with it is its inability to draw in the viewer's interest in the characters and the plot. I sat through it because I'm interested in rock'n'roll and the dynamics of bands, but if I were to evaluate it purely on the basis of its merit as a movie, I would have to give it the thumbs down, with a few caveats: Jason Behr is good in the part of John Livien, and quite convincing as a rock singer; the narrative regarding his childhood trauma is unclear, although we are given hints in Livien's well-acted relationship to his parents, but his behaviour is ultimately bizarre to the viewer (which it shouldn't be). Nevertheless the idea of using a stage persona to solve inner conflicts is interesting, albeit not novel nor fully explored as a theme in this film. The allusions to John Lennon were irritating, but I confess I'm not a Beatles fan. At any rate, Livien and his band reminded me more of Oasis than the Beatles, in the sense that there was something derivative about them. Another frustrating thing about the movie was the way it opened up with some interesting - albeit middlebrow and high-school level - philosophical musings of the lead character, but left the threads of his thinking there, only to pick them up again in the middle of the film very briefly, when Livien says, ""before God, there was music"" (ever seen that ad for Tia Maria in the 1990s, ""Before time, there was Tia Maria""? That's what sprung to mind anyway); it seems an idiotic conclusion, and the viewer has no idea how he reached it, but he's entitled to it. Fortunately his bassist and friend, played ably by Dominic Monaghan, seems to acknowledge the fallacy of this thinking when he responds ""You don't know that"".<br /><br />In all, the limited strengths of the direction and the plot could go either way on future projects, into pointless banality or into an interesting and more mature perspective."
tt0374569,"What an unusual movie.<br /><br />Absolutely no concessions are made to ""Hollywood special effects"" or entertainment. There is no background music, not special effects or enhanced sound.<br /><br />Facial expressions are usually covered by thick beards and the Spanish language is a strange monotonic lilt that sounds the same whether in the midst of a battle or talking around a campfire.<br /><br />I sort of viewed these movies (parts 1 and 2) as an educational experience, not really something to go and get entertained by. Its quite long and in places dull.<br /><br />But I suspect that given the lack of any plot development, I don't think its very educational either.<br /><br />Its also difficult to perceive any story from the movie dialogue - it would be a good idea to read up a little on the history so that you can understand the context of what is happening, since for some reason the director didn't see fit to inform the audience why Che's band was moving around the way they did - as a result there seem to be groups skulking around the woodland for no particular reason and getting shot at.<br /><br />I would have loved to give this movie more stars for somehow generating more empathy with me and developing depth of character, but somehow all of the characters were still strangers to me at the end. The stars it gets are for realism and showing the hardships of guerrilla warfare."
tt0375210,"Absolutely one of the worst movies of the year. The plot is ridiculous, the characters poorly developed, and the premise irritatingly stupid. It all begins when Michael Keaton, fresh off of doing nothing noteworthy since Batman, loses his beautiful author wife, Anna, to a car accident, possibly caused by her driving one of those convertible VW bugs even though she's supposed to be rich. In his grief, Batman moves to a new apartment and takes up a hobby: recording nothing and then watching it. He learned this from a really fat pathetic guy who got murdered by three tall shadowy fellows who lived in his TV. Pretty soon, he starts to see dead people, thanks to EVP, or Electronic Voice Phenomenon, which is evidently this deal wherein dead people can send messages to living people through tape recorders, video cameras, dead cell phones (""Anna cell calling? But she's...DEAD!...Must be ghosts. Mhmmm. No other possible explanation. I'd better start messing around with this indiscriminately."") etc. Why they can't just write something down on a piece of paper or knock over some stuff to form creative pictograms is never explained. ANyway, eventually Batman discovers that he's actually seeing the future, and he decides to go help this woman he doesn't know. He gets out of his house just in the nick of time, because the tall dark guys enter just after he leaves (""D*mn it! Can travel between the living and dead using electronics, but I'll be d*mned if we can be on time! Am I right guys? (They nod in bemused agreement).""). He tracks this lady to a warehouse and finds out that this character from the first ten minutes of the movie (look hard, or you'll miss him!) is actually a serial killer working for three tall shadowy demons, who in Raiders of the Lost Ark style swoop down and kill him, looking like the cartoons that they are. Just then some detectives show up and save the lady. After Batman's funeral, he decides to send a message from beyond the grave apologizing to his son for being an idiot, evidently feeling that the best way to protect his kid from the horrors of EVP is to expose him to it. The little kid just smiles. Nothing phases that dude, not even when his dad, Batman of course, starts talking to TV's. The high-point of the movie was when someone's phone rang and some guy yelled out, ""It's Anna!"""
tt0378947,"This movie stinks! You will want back the two-plus hours it takes to get through it. Sliding Doors, w/ Gwyenth Paltrow and directed by Peter Howit, did what Melinda & Melinda tries to do much much MUCH better. That movie was clever, witty, and well-acted. I cared about what happened to both Gwyenths -- or rather the characters she played -- and the performances by supporting cast were fantastic.<br /><br />Where as Melinda & Melinda is tiresome, the dialogue is contrived and I could have cared less about any of these people -- least of all Melinda. One Melinda is so dysfunctional -- her first glass of wine is at 10 a.m. -- and so melodramatic she is laughable, and not in the comedic sense. The 2nd Melinda is fine, but forgettable.<br /><br />Woody Allen's previous ensemble movies worked because, I'm guessing, he spent time on the screenplay and the actors were talented. One piece of trivia for this movie is that he wrote this screenplay in two months: you can tell. And while Chloe Sevigny is talented -- those around her are not, not enough to be a whole presence. The movie ends up being Chloe Sevigny and a bunch of other people you know you've seen in other movies but can't quite remember which ones.<br /><br />Sad, very sad."
tt0382765,"With no fault to the actors (they all put on great performances), the overall story was not very well executed. The movie opens with a great zinger: a crazy old guy forces a young Aborigine girl's car off the road. But then, we're forced to endure 40 minutes of character development with an entirely new group of characters ... and we don't know why until the 40 minutes are up. It turns out that they are the ones who eventually discover the girl's body ... and the story progresses from there.<br /><br />While the story does pick up at that point, it really goes nowhere. After 2 hours, I asked myself: was there a point to this, or was it just to see the characters struggle with accusations of racism and stupidity of how they handled the discovery? The story was ultimately unsatisfying and felt unfinished. While it is well acted, there's not a strong enough backbone in the film to warrant recommending it."
tt0384814,"Gorgeous bodies, gorgeous colors and camera work, pretentious dialog, banal plot. The name of the prima donna, Camilla, and the eponymous flowers that appear frequently, are enough to remind us of the plot similarities from Dumas' novel La Dame aux Camelias, the movie Camille starring Garbo and (I think) Robert Taylor, and last but not least Verdi's opera La Traviata. Beautiful, not-too-virtuous young ladies, social outcasts for one reason or another, loved, split up, reunited just in time to die of tuberculosis in the last scene... One forgives banal plots and stupid unrealistic dialog in opera, but why waste Hayak, Don Sutherland, a beautiful rendition of LA in the 30s, a deus ex machina earthquake that conveniently kills the other woman, and all that beauty on this mediocre turkey where there isn't even any beautiful singing?"
tt0388769,"What's with Indonesian musical movies? Never have I seen Indonesian musical movies like the ones made in Bollywood. They miss the spirit of the story and just a bunch of 'what they called' poetic lines.<br /><br />This story about love of two kids who are separated and then meet again after a few years of changes has no special remarks. It's a simple story plot (but it's quite focused though) with 'meant to be' musical story lines here and there.<br /><br />Confusing characters that should be saved by brilliant acting are neglected. The main actress may try to live up the character, but it's the best that she could do, trying. As for the casting, I don't feel the necessity to put a Balinese student in that story and of course, that's not the only unnecessary characters.<br /><br />The strange thing is, why would I want to watch this movie? Maybe because of the mangoes..."
tt0389957,"When you go at an open air cinema under the Greek summer night you usually don't care what the movie is! Edison started really good with some good effort from the singers-who-want-to-be actors and a once again great Morgan Freeman but... (In a movie there is usually a good start to catch audience,done, a bit boring yet story filling middle of the movie that is more about characters and less about action ,done, and the third part is something really good so that you can remember the movie...) when you see 30 elite police officers (packed with weapons that can demolish a building) shoot at a guy behind a car, fail to hit him even once while he kills all (but 3) and then the guy takes out a flame thrower (to kill the rest 3) ,you realise that the Greek summer sky filled with stars is way too good to be distracted by a movie like this!"
tt0395512,"This obvious pilot for an unproduced TV series features young Canadian actress Shiri Appleby as an amnesiac with some pretty incredible powers that must be put to use when a man-turned-flying demon is let loose on the world. The CGI is par for a TV job, and Appleby is OK as an amnesiac but hard to swallow as a superheroine. Familiar TV face Richard Burgi is along for the ride as Appleby's mentor, but he can do nothing to elevate this dreck above the mediocre level. We see way too much of the cartoonish flying demon right from the start, a bad sign. Also, the scenes where Burgi is training Appleby for battle are actually laughable. They are a bad copy of similar scenes in several other movies, most notably REMO WILLIAMS."
tt0404356,"If you want an undemanding and reasonably amusing hour or so, then it's OK to watch this. It's not all that bad, really. Yeah, it's got more lapses in logic than I care to describe here and might tax the patience of people - like myself, I have to admit - who are inclined to throw things at the TV on occasion, but it's funny at least. Just because it's not always INTENTIONALLY funny, there's no need to let that get you down.<br /><br />However, if you've read the book - or any of the other books by Brookmyre - then you'd probably best avoid it. I've read them all and when I first watched this film, I despised it. I've trashed it in detail and at great length on another site, in fact. The TV plot bears practically no relevance at all to that of the book and served only to outrage and infuriate many faithful (and admittedly rabid) Brookmyre fans.<br /><br />Best bit of advice..? Watch this, then read the book and only THEN make your comparisons and submit your judgement."
tt0408309,"I honestly have to say that I could not stop watching this movie from the second that it started. Simply for how bad it was!!! It's kinda like watching paint dry only a lot more confusing. I mean you sit there and just wait for something to happen, anything in fact, preferably something that makes the whole film make sense! At the end of the film I actually sat there wondering if there was any chance at all that I may have missed the first hour that explained everything or whether I may have inadvertently passed out during the film and missed the parts that glued the plot(if there was in fact one)together! The main thing that really confused me about this movie, is nearly at the end the main girl (if there was indeed a main girl) was in some sort of alternate reality, i mean what the hell was going on at this point?! all of a sudden she awoke and was in a mental institute, chained to a bed being drugged by doctors or something, then quicker than it would have taken me to slit my wrists, it flipped back and she was getting eaten out by some random vampire!it made no sodding sense! I'm tempted to email the makers and demand my time back, i mean i wasted 2 hours of my life watching this rubbish!i am kinda interested to know if the filmmakers themselves actually knew what it was all about! just seemed someone had edited out all the bits that could have made it make sense though i think the film would have had to have been 4hrs long to make that happen! I side completely with the other person who wrote the other review, i was duped royally with this film by its title, and that alone. I'm just so sodding grateful i didn't actually buy the film, no matter how many times iv seen it in the local pound shop. You would have thought that would have given me a clue that the film was a complete pile of steaming movie rubbish but to be honest I think £1 was way too much money to spend on this film!!!! what a sodding huge waste of time and a good razor blade, i mean i wish i OD'ed, its less painful than watching this film!!!!"
tt0410162,"THE KING MAKER will doubtless be a success in Thailand where the similar (but superior) 'The Legend of Suriyothai' set box office records. The film directed by Lek Kitaparaporn after a screenplay by Sean Casey based on historical fact in 1547 Siam has some amazingly beautiful visual elements but is disarmed by one of the corniest, pedestrian scripts and story development on film.<br /><br />The event the picture relates is the arrival of the Portuguese soldier of fortune Fernando de Gamma (Gary Stretch) whose vengeance for this father's murderer drives him to shipwrecked, captured and thrown into slavery and put on the bloc in Ayutthaya in the kingdom of Siam where he is purchased by the beautiful Maria (Cindy Burbridge) with the consent of her father Phillipe (John Rhys-Davies), a man with a name and a past that are revealed as the story progresses. There is a plot to overthrown the King and Fernando and his new Siamese sidekick Tong (Dom Hetrakul), after some gratuitous CGI enhanced choreographed martial arts silliness, are first rewarded by the King to become his bodyguards, only to be imprisoned together once Queen Sudachan (Yoe Hassadeevichit) reveals her plot to kill the king and son to allow her lover Lord Chakkraphat (Oliver Pupart) to take over the rule of Siam. Yet of course Fernando and Tong escape and are condemned to fight each other to save the lives of their families (Tong's wife and children and Fernando's now firm love affair with Maria) with the expected consequences.<br /><br />The acting (with the exception of John Rhys-Davies) is so weak that the film occasionally seems as though it were meant to be camp. The predominantly Thai cast struggle with the poorly written dialog, making us wish they had used their native Thai with subtitles. The musical score by Ian Livingstone sounds as though exhumed form old TV soap operas. But if it is visual splendor you're after there is plenty of that and that alone makes the movie worth watching. It is a film that has obvious high financial backing for all the special effects and masses of cast and sets and shows its good intentions. It is just the basics that are missing. Grady Harp"
tt0427038,"Quote: theurgist: Anyone with an I.Q. over 50 would have seen this film what it is, an intelligent well acted prequel to a modern day classic, yes it doesn't have a blockbuster cast or a huge budget BUT it is still very well done and had me hooked for the full duration.<br /><br />An I.Q. over 50 you say.. that most mean you have an I.Q. lower than 50.. its name is CARLITOS WAY: Rise to power !!! meaning it should have something whit the first one to do.. <br /><br />all and all its a OK movie if.. YOU CHANGE THE TITLE AND NO CHARACTERS NAMED CARLITO BRIGANTE!!!<br /><br />P.s don't comment on a movie if you don't know anything about movies. but i guess an I.Q. under 50,, you wont know what the hell i am yelling about...<br /><br />Peace out!!"
tt0430768,"One would think that a film about a young person's coming to terms with his burgeoning homosexuality would be anything but boring. Think again. This production should be bottled and sold as a cure for insomnia because it's about ten times as potent as any sleep aid on the market. It's almost as if the film maker *considered* making a movie, but got lazy and decided instead to run a series of random (and randomly BORING) images and go-nowhere scenes, throw in a couple of actual scenes featuring actual acting, pretend that good lighting ins't important in the film-making process, and wrap it up under the auspices of an ""arthouse"" film. This is exactly kind of crappy product that makes it easy for a lot of traditional film-makers to poo-poo the indie film movement, and which keeps the general public from more easily embracing indie films.<br /><br />If you're interested in films covering this subject matter, you'd be much better off tuning in to some of the great short films available at Logo's website or renting Get Real. Better yet, read Stone Butch Blues. Whatever you do, skip this long-winded piece of dreck."
tt0443527,"When I saw this at a shop I thought it looked really good and original. Like Wolfs Creek meets Texas chainsaw massacre, and I mean it only cost three quid (around $6). To be honest I don't think it was even worth that.<br /><br />It seemed like the directors- the 'butcher brothers' couldn't decide whether wanted to do a artsy sort of horror or a gory slasher horror. It ended up with a cliché ridden gory sadistic hour and fifteen minutes with all the characters being one dimensional and you couldn't care less what happened to them but to try to make the audience care about the characters they added a useless monologue at the end and the beginning of the film which to be perfectly honest wasn't needed.<br /><br />The only good part really was the middle/end- I won't ruin it for you. But that was the only ""good ""part.<br /><br />Overall a pointless watch. It felt like a two hour film but was in fact only 75 minutes. If you want an artsy film-don't bother. If you want a slasher movie- don't bother- The film moves so slowly with nothing ever happening."
tt0455538,"(Rating: 21 by The Film Snob.) (See our blog What-To-See-Next for details on our rating system.)<br /><br />Here's a movie that will have you clawing at your own face in an attempt to earn release from the on-screen tedium. <br /><br />You'll not be wringing your hands, nor rolling your eyes, nor sighing into your popcorn. No indeed. For a movie of *this* averagousity, only clawing at your own face will do. <br /><br />When you begin to claw your own face -- as begin you must! -- start in at the lower portion. You'll need your upper portion, with its handy tear ducts, intact for the Truly Tear-jerking third act which may bring you to your knees if you haven't clawed your way clear of the entire theatre by then. <br /><br />In a season celebrating Joe Six-Pack and Hockey Moms as the new Gold Standard for leadership and foreign diplomacy, permaybe a movie this tedium will be welcomed as A Thing that anyone could create. *Watching* it, however, is a much more dangerous undertaking. <br /><br />Here's our story... <br /><br />Sidney Young, the London publisher of a fourth-tier celebrity/entertainment magazine is just about to see his magazine go under. He needs a miracle, and what he gets is a phone call from New York City, in the USA.<br /><br />The publisher of Sharp's magazine, Clayton Harding (played by Jeff Bridges) says ""Come work for me!"" With his own employees carrying out the fax machine out of his apartment/office in the background, saying ""Yes"" is a no-brainer.<br /><br />Soon Sidney is at work in New York City, doing allllllll the wrong things. His interviews consist of asking Broadway musical directors if they are (1) Jewish, and (2) gay. <br /><br />He kills the pet dog of Sohpie Maes, the industry's hottest movie star, when she leaves it in the magazine's offices during a business luncheon.<br /><br />This is a spot of bad luck for everyone, for, among other things, Sidney imagines that he is in love with Maes, before he wakes up to the Dunst character.<br /><br />Worst of all, he totally alienates Alison Olsen (played by winsome scripting-confusion by Kristen Dunst), a colleague assigned to show him the ropes of the magazine *and* The Big Apple. (We have, of course, been to a movie before, and so we know how this relationship is going to end up. This is therefore why we'll need intact tear ducts for the movie's third act.)<br /><br />The problem with The Thing is, the script just never jells, excepting for the one tear-duct set piece in which True Love prevails.<br /><br />Publisher Harding is supposed to be a son-of-a-bitch who also wants to just throw the whole job over. The script never comes down firmly on one or the other sides of this dichotomy, however, and Bridges is left to twist and waffle in the breeze.<br /><br />Alison Olsen is supposed to despise Sidney Young, but whenever he comes up to her (as he does constantly) she makes a point of engaging him in conversation, instead of attempting to discourage his existence.<br /><br />The ""comedy"" of early scenes is built around a piglet destroying an expensive hotel room, and then taking the elevator downstairs to urinate on the expensive high heels of a celebrity at a cocktail reception.<br /><br />The hot starlet Maes confesses that she is attracted to Young because he is ""wounded."" The character never shows us *why* he is wounded, however. This is yet another resultant of the movie's mortally wounded script.<br /><br />At one hours and fifty minutes, This Thing feels longer (and more deadly) than Napoleon's retreat from Moscow. It is uninspiring, unfunny, unredeemable, and not even rentable. Run Away"
tt0455590,"Before I begin, I want to briefly say that this movie in and of itself is very well made and well acted by all involved, including Whittaker, who indeed deserves his nomination. It is highly entertaining, and . . . taken in the right context as a work of FICTION, it is a very good movie. For that, I give it the two stars.<br /><br />However, rather than wasting your time with what you can read a hundred times elsewhere, I want instead to point out the absolute fictional nature of this film and how dangerous it is to sell people a work of fiction as if it is truth. I stress that this film nowhere in the credits lets us know that the main character, Dr. Nicholas Garrigan, is a complete invention of fiction. Rather, it presents this character into a real historical setting, and allows the uninformed viewer to assume he was in fact real, and what they are seeing is the truth. I have no problem with the blending of fact and fiction - but to do so in such a dishonest matter is, in a word, reprehensible.<br /><br />There can be no doubt that Africa, along with most Third World Countries is rife with human misery and suffering. Hollywood has long attempted to capture the suffering of people in these countries on film. But Hollywood also has its eye toward making money. The only true way to capture the suffering that seems to happen everywhere but the West is to either experience it for yourself, or to at least have it captured in an honest documentary.<br /><br />But these depictions of fictional characters in real historical settings can only do so much. At the end of the day, they become less about presenting the facts for the viewer to decide for himself, and more about leading you from image to image and hitting you over the head screaming, ""SEE, WE TOLD YOU IT WAS BAD!"" The seminal example of this can be found by anyone willing to watch the documentary on the DVD after sitting through the movie. Arguably the most shocking image of the film is the viewing of the body of Kay Amin, Idi's second wife, whom he killed when he discovered her infidelity. In the film, we see that her limbs have been severed and reattached in reverse (arms for legs and vice-versa). This is the director making sure you understand that Amin is, as the Gungans say, Bom-bad! But watching the documentary, we learn that this is in fact nothing more than a myth, which the sitting Minister of Health at the time himself tells us is not true.<br /><br />So . . . what . . . they just MAKE UP these things? Why? Because Hollywood has a low opinion of our intelligence, that's why! They don't trust us to come to the right conclusion ourselves. Look, that she was murdered and dismembered is in itself enough for us to conclude that Amin was not the likable guy he portrayed to the media - we don't need this Texas CHAINSAW MASSACRE inspired imagery to reinforce that! And this is just the tip of the iceberg. What is also not explained to the casual viewer is that lead character Garrigan is himself fictional. There was no young Scottish doctor taken under Amin's wing. As such, Garrigan is clearly present only for the sake of helping us dumb Westerners understand the African world. The producers seem to thing we won't be interested in a film about Africa unless there is a white face in it. (Ironically, even the titular character is portrayed by an American black actor!) The problem with this is that the movie is no longer an expose of Amin and his regime, but instead an exploitative thriller about a white Westerner coming to Africa for all the wrong reasons, making several horrible mistakes, and then ""redeeming"" himself, even at the cost of three other innocent lives. Honestly, I have to say it is nearly reprehensible to suggest that the real tragic death of Mrs. Amin was the result of a tryst with a fictional Scottish doctor - it almost seems to become a morbid joke for the sake of entertainment! I really wish Hollywood would stop jerking us around for our money. I first realized its propensity to do this with the woefully manipulative A BEAUTIFUL MIND, Ron Howard and Akiva Goldsman's sugary-sweet adaptation of the life of John Nash, which deleted the darker side of the man to present only the tortured hero that America just can't get enough of. The sad truth is that Hollywood has been selling us these fakes for years, and viewers, who are predictably and understandably too lazy or uncaring to investigate for themselves, buy these fake portraits hook, line, and sinker.<br /><br />Look, I'm certainly not suggesting Amin is being turned into a villain he wasn't. My point is, with the truth being so shocking enough to convince us of the brutality of the man, why must Hollywood then go to such fictional lengths? Why must Hollywood continue to insult us by holding our hands through these films? Why can they not trust us to think for ourselves!? Can we not just put the honest portrayals on screen and let the audience decide for themselves? I urge all who continue to watch Hollywood's purportedly ""true"" movies to do yourself the favor of ALWAYS investigating for yourself, and to NEVER assume that what is on screen is even close to the truth!"
tt0459387,"This movie commits what I would call an emotional rape on the viewer. The movie supposedly caused quite a stir among the critics in Cannes, but for me the final scene was just a pathetic attempt for a newbie director to get himself noticed. Hardly a voice in the discussion on the issue of violence, drug abuse or juvenile delinquency (or any other issue, for that matter).<br /><br />The main character's metamorphosis from good, but troubled boy to the vicious rapist is virtually nonexistent, whereas the rape scene (being an over-dragged, exaggerated version of the rape scene from ""A clockwork orange"") is unbearable and I refuse to comment on its aesthetic values. There are some things an artist should not do to try and achieve his/her goal. At least in my opinion.<br /><br />To wrap it up: shockingly brutal, revolting and NOT WORTH YOUR TIME. See ""A clockwork orange"" or ""Le pianiste"" instead."
tt0461887,"I've just visited Russian forum of our TV-channel that had showed this film. Well... 99 per cent of active Russian audience is disappointed. We wanted to see more true facts of our space achievements in this film. But authors had in mind something else... :( We are big and beautiful country with intelligent people living here. We are proud of all our space dreams, real achievements on the one hand in this field and in science on the other hand. So I'd like to ask authors: Where is our LUNOHOD? And where, the Hell our MIR station? Ah? I'm quite sure, that LUNOHOD events took place much earlier Armstrong's ""walk on Moon"". And to comment numerous technical and science mistakes - I really have no time and enough space here! Se our constructive critics in Russian forum on www.1tv.ru"
tt0464095,"The Lives of the Saints starts off with an atmospheric vision of London as a bustling city of busy, quaint streets and sunshine. I was hoping it would maintain this atmosphere, but it gets bogged down in a story that goes pretty much nowhere.<br /><br />Othello works for big, fat Mr. Karva, his crime-boss step-dad (at least I think that is what he is supposed to be because it's never really defined, but he does drop kittens into deep fat friers, so trust me, he's a prick) doing scrappy little errands while his skanky girlfriend gives daddy hand-jobs. One of his colleagues is Runner, a black dude who is always dashing from A to B. Until the day he comes across almost mute homeless child who grants him his wish of being able to stop running. Runner dumps the lost boy in Othello's flat, where he promptly starts granting more wishes. Keen to have some of his own desires fulfilled, Karva has the boy kidnapped. But he isn't sure of what would really bring him happiness. Is it the innocence of being a child again or is it another hand-job? Either way, I don't want to see the little boy grant him the second.<br /><br />It just takes ages to get going and there are loads of repetitive scenes. The ending tries to be shocking but since there's hardly any back-story on investment in any of these characters it only serves as a release for the bored audience.<br /><br />Writer Tony Grisoni, a favourite of Terry Gilliam, tries to blend in some kind of religious allegory which ends up being pretentious as all hell, ironically. If he gave us something more accessible or at least had better explanations for the characters suddenly acting all weird then it would have been a more enjoyable film. As it is, we are introduced to a bunch of annoying loudmouths who then miraculously seem to develop intelligence when confronted by the mysterious boy. Who's origins are never revealed. That's just plain irritating! <br /><br />Aside from sporadic moments of atmosphere and a moody score, this film has little to recommend."
tt0465643,"It's one of those dramas that's so bad that it almost hits the point of being very funny, the script is absolutely dire, direction appalling, lighting purely armature, the only thing letting it down from a true so bad it's good feel is that the sound design is only quite bad; it adds no suspense to the story although trying hard, but doesn't at least destroy any speeches. There's continuity problems of seasons of out door shots throughout. And finally last but not least the acting is appalling. For a professional production it very much has the feel of a university media project you have to feel sorry for the sorry for anyone who had to put their names to this."
tt0466500,"Råzone is an awful movie! It is so simple. It seems they tried to make a movie to show the reel life. Just like Zappa did many years ago. But unfortunately Denmark lacks good young actors. Leon are by many still the little girl in ""krummernes Jul"", and Laura is simply not good enough to play such an important role. several times in the movie she plays with out soul and this is destroying the movie!<br /><br />Even though i consider it a movie you ought to see. I do not agree that the youth are behaving like this, but i think it can show how it can end, if you are letting your child down. Also it is important to support danish movies and new companies like ""Film folket""!<br /><br />all in all I think people should see Råzone. Not because it is a great film, but because it is a movies which is dealing with important themes. I also think it is important to point out that there are some violent scenes in it, and actually it is in these scenes, Laura is acting best. - like the ending where she is holding the gun!"
tt0469913,"The movie is about two brothers that are supposed to be alike - but are not in any way expect for being smart - one is a surgeon and they other is able to write a computer code. Geniuses as they like to call themselves which sounds very exaggerated if you compare it to personal characteristics can you perceive from the material of the title.<br /><br />I honestly didn't like the style of the movie. I believe that anxiety, confusion and deep blues it brings are there for a purpose, but what I don't get is why there is so much of it. The movie is cheap on scenes and tells the story basically with no human aspect in it at all. It gives the comic book like experience. However it's visually numbing the viewer, it somehow brings him inside the blues with brief dialogs, monotonic scenes, dynamic cut, music and abrupt noises.<br /><br />The movie's storyline is very simple, most of what's going on is being dramatically pictured for long minutes, mostly in confusing delirium simulating effects of drug use and dynamic cuts.<br /><br />I will say openly that this movie didn't meet my expetations a tiny bit."
tt0477392,"If you're a fan of Mystery Science Theater 3K, Attack of the Giant Leeches, or Pinata Survival Island, this movie might be for you.<br /><br />I live in Nashville and I didn't even know of this movie's existence until the day prior to its release, when the advertising company panicked and blanketed Music Row with dozens of fliers and billboards. It barely lasted two weeks in theaters anyway.<br /><br />Bad acting, bad writing, and poor production only begin to describe this embarrassment of a film. For starters, the names are a bit much: Bo Price, Angel, and Dixie? Eesh.<br /><br />Toby's awkwardly slow delivery of lines makes one wonder what production assistant got stuck holding the cue cards off camera. Angel's character rapidly transitions from her city-slicker ways to a cowgirl, slipping into southern slang after two days on the ranch. Her wardrobe goes from chic to a female version of Toby's--in fact, in the final scene, their outfits are identical, making one wonder if the wardrobe assistant called in sick.<br /><br />The audio is inconsistent - perhaps the most noticeable example is when Toby decides to go for a swim and his voice suddenly sounds like he's shouting in a gymnasium.<br /><br />There's never quite enough explanation or character development to suffice what happens on-screen. Overacting, exasperation, grimaces, and moodiness best describes the actors' interpretation and direction of the terrible script.<br /><br />This movie is best enjoyed after consuming a couple of alcoholic beverages and in the company of your wittiest friends. But that's not saying much."
tt0484437,"***LIGHT SPOILER ALERT*** The story sounds good and if you've read the novel, then you're probably expecting a deep and intense movie that could offer some insight for some interesting and insufficiently explored human relationships.<br /><br />True enough, the script tries to do that, the director tries to do that, but the main cast fails miserably. Maria's acting is so dry that lacks any feeling whatsoever, her most intense moments seem almost comical. Sometimes she seems to be nervous due to the camera. Her only really feeling scene is near the end where she gets dumped by her girlfriend.<br /><br />Ioana seems even more tense than Maria and even worse, she doesn't seem natural at all. Maria had the attitude, even if it was artificially pushed towards being obvious, but she had it and her character received some credibility. And to make matters worse, we don't have an insight on her: where does she come from, how come she got involved in the lesbian relationship, how did the relationship evolve? We only get some bits from her parents and their relationship just seems to 'be' there: it has a content and and end, but no beginning. Just like her partner Maria, she has only once scene that is truly touching, the scene where she dumps Maria's character Kiki.<br /><br />Tudor is the only person in this movie (aside from the landlady, great acting there) who manages to prove some acting talent. He has his character's attitude and it fits him. Only once or twice he seems to falter (the scene at his parents' meal, he tries to be obvious when it wasn't necessary at all).<br /><br />I love the story, Tudor Chirila is OK there, the landlady actually acts and Puya delivers his couple of lines with style, but this doesn't save the movie. Too bad, the entire setting had huge potential and the Romanian cinematography could've used a movie on this theme.<br /><br />Oddly enough, the incestuous relationship between brother and sister seems to have more credibility than the no-background no-feeling (well, Maria's spoken interludes are a nice try in this direction) lesbian relationship of Maria and Ioana. I'm quite sorry for spending money on a ticket, I'd rather had watched it from the comfort of my room."
tt0486968,"This movie was so bad it was laughable. I couldn't resist watching it though. The plot is standard, the acting quite horrible (supporting cast such as the nutty neighbor and the lawyer friend were better actors). Kind of amusing if you have some time to waste and like seeing the conclusion to a dramatic plot.<br /><br />The headliner who plays ""Kathy"" was just fascinating because I couldn't decide if her deadpan, flat affect was the result of bad surgery or simply bad acting (I decided it was both). This leaves the script to comment on, which was pretty awful. Pat remarks, idiotic decisions, and reckless stupidity on the part of every character in the movie. Maybe this is what was so riveting; I don't know. I just watched it to see how bad it could be. (Actually the dialog doesn't even qualify to be called ""cliche'"" - but it's almost completely inane.)<br /><br />All in all, very bad, cheaply made movie. The sets, the same scenes (a house, a building) were shown over and over with no artistry or actual tie-in to the action; more like props that were randomly dropped into the action in a bad play. A chase scene could have been shot by any juvenile in a warehouse or an old school: poorly shot, cheap props, minimal action.... and I still wanted to see the ending. Go figure."
tt0499570,"I rented this movie on the merits of what the trailer showed, and of course Sir Anthony Hopkins.<br /><br />If Jackson Pollack teamed up with David Lynch, and Timothy Leary to make a movie, this would be the end result. I don't think I've seen a movie like it that made an LSD trip look like an episode of Sesame Street.<br /><br />It's a bunch of set pieces where the characters flash in and out of reality, or various realities, and the film doesn't culminate into anything until the last 5 minutes, where all of a sudden it makes sense. I wrote a scathing review on my movie review blog that essentially gives everything away, and I won't do that here. It's a well acted piece of cinema, and the soundtrack was written by Sir Anthony Hopkins, and let me say this, if there's one redeeming feature to this film, it's the music. It fits perfectly. Some of the dialogue is unbelievably good, and unbelievably bad all at the same time.<br /><br />I enjoyed parts of this movie, I truly did, and once you get to the end of it, you'll actually figure out what's truly going on. It's unfortunate that you have to wade through 2 hours of crazy to get to a salient point, which minimizes the effect of the entire movie.<br /><br />I give it a 3 out of 10 for the simple fact that the real problem with this film isn't the acting, it's everything."
tt0499603,"After I watched this movie, I came to IMDb and read some of the reviews, which compared it to Lost In Translation LITE. When I read that I immediately could see the reviewers point.<br /><br />This movie was a poor attempt at a similar theme. Interestingly, the format of the movie is nearly identical, but the PACING is incredibly different. ""10 Items"" rushes the viewer through the 1-day time line of the movie, whereas the better-planned ""Lost In..."" seems to stretch out over a few long days.<br /><br />I'm sure some people will see this because it has Morgan Freeman, and will be disappointed. It seems his better roles now-a-days are supporting roles in big blockbusters, rather than leading roles in sub-$10mil limited release movies and indie films."
tt0757933,"How did this become a blockbuster? Dear God I don't know where to start why this movie sucked too much. The movie was predictable & there was no originality. The only thing I can admire is the acting of some characters. The movie was too bright, they should have done something with the lighting, eg. making the environment more darker. The make up on certain dead characters made this movie look like a 1970 horror flick. This is 2006! People don't get scared by other people wearing heavy make up. Most of the horror scenes we're taken from other Hollywood or Asian horror movies. Total rip off! This is why I don't watch tagalog movies. The only reason why so many people ""screamed"" while watching this movie is because of conformity. How many times do we have to copy scenes from The Ring and improvise it that instead of the girl coming out of the TV, its now coming from the window next door? No matter how you put it, ITS STILL A RIP OFF. If you want a good horror movie, go watch the 50 best horror movie listed on this website."
tt0765447,"I went to see ""Evening"" because of the cast. I'd gone to see ""Norman's Room"" for that reason -- that movie offering Diane Keaton, Leonardo De Caprio and, also, Meryl Streep -- and had loved every minute of it. Same for ""The Notebook"" even though it was chick-flit lite. And my feeling was, anything offering performances by Vanessa Redgrave, Meryl Streep, Patrick Wilson and Glenn Close would be at least as good. Instead, I found sometimes even the greatest actors cannot overcome trite, simplistic and -- on one occasion -- truly offensive material.<br /><br />Now I had no problem with the way the film was structured. I actually enjoy movies that cut back and forth in time to tell a story...so long as one era illuminates the other and vise verse. But while Vanessa's character being on her deathbed and recalling a past event she felt ""was a mistake"" was riveting, at times, the part actually showing what that ""past mistake"" was does nothing to clarify the matter. In fact, it makes it seem meaningless in the silliest ""girl meets boy, girl gets boy, girl loses boy"" fashion, and in the most unbelievable, clichéd, wrong-headed way possible.<br /><br />And from here be spoilers, so bear that in mind should you continue reading.<br /><br />First of all, Claire Danes was brutally miscast. Not only does she not even begin to resemble Vanessa Redgrave as a young woman, she has nowhere near the chops when it comes to acting. Don't get me wrong, she can be good in the right role -- just not this one. And Patrick Wilson was miscast, though he has the acting chops to almost pull it off. He'd have been better suited to the part Hugh Dancy played -- the rich confused WASP -- and not the object of sexual attraction to one and all; he's a bit too WASP-y for that. Hugh Dancy? One note -- ""I'm a tortured drunk and wait till you find out why."" And the ""why"" (I'm a closet case in a sexually repressed world, so I have to drink to excess and make a fool of myself in front of everyone I know) was so offensive to me and the manner in which he died (as you knew he would because that's the only thing that can happen to a faggot in the Fifties) so ludicrous, wrong-headed and mishandled, I nearly threw my candy at the screen.<br /><br />As for the modern part between Toni Collette and her sister, her fear of commitment, her jealousy of her sister's ""perfect life,"" her sister wondering if she's made the right choices, her pregnancy and her too-perfect boyfriend (which actually might have been more interesting and meaningful if played by Patrick Wilson, and Ebon Moss-Bachrach might have been a more interesting Harris, given his dreamy eyes) -- anyway, all this was hashed over in the 70's and 80's. And in much greater depth. Do we REALLY have to present it, again, and all as if it was fresh and momentous?<br /><br />And to top it off, Meryl Streep doesn't even appear until the last ten minutes of the movie, all in old lady makeup that hides many of her facial expressions. She's still good, but only because she's Meryl, and Meryl can find a way to pull off even the silliest dialog under the heaviest of makeup.<br /><br />So to put it simply, this movie has every cliché in the ""really meaningful message"" movie book, and it adds a few that really had no business being trotted out, again. At two hours long and laced with ""Lifetime Movie-of-the-week"" music that is guaranteed to rub you raw, it's a complete failure in both the ""meaningful"" and ""moviemaking"" aspects. I give it ""3"" only because of Meryl and Vanessa.<br /><br />Now, if all you require from your films is twadd le, then please set my comments about ""Evening"" aside and have the time of your life. But if you want a truly meaningful experience being served up by great actors and filmmakers who know what to do with a simple story about life and death and all the nonsense it brings, rent ""Norman's Room"" and find out what truly great acting is."
tt0783608,"Plot is not worth discussion even if it hints at corruption, murder, power and the rest of thriller related topics. Characters are interesting though sometimes. Not realistic but interesting nevertheless.<br /><br />Development is slow like tea drinking ceremony. Visuals not stunning, but good enough to ease the eye strain. Good movie to watch after dinner before going to bed - nothing shocking too much, nothing overexciting. Movie sitcom style.<br /><br />I liked Woody - excellent performance. Had to fight the plot inadequacy and did the job pretty good. The rest are bearable though very predictable. The whole is watchable and better than most TV shows."
tt0791304,"I haven't seen this, & don't plan to see this movie or any other that includes Lindsay......unless & until ""poor little rich girl"" straightens out her life for a 2 year period beginning with her most recent arrest in July 2007.<br /><br />In fact, I don't know anyone that has gone to see ANY of Lindsay's recent movies. I rather imagine 2007 will be the high water mark in her movie making career, until she cleans up her act. All of the recent publicity has only hindered her movie making career, if she has any further aspirations to make any more movies <br /><br />Up to this time, movie producers have actively sought Lindsay for roles in their upcoming production. Now, Lindsay will probably have to go to auditions & actually compete for ANY role. Her reputation is currently ""poison"" & quite possible could have a negative effect on box office ticket sales on any movie she is in.<br /><br />Sooooo....now Lindsay is going to have to deal with ""not being wanted"".....is she going to be able to handle this?<br /><br />I wonder if even Jay Leno will want to have Lindsay back on his TV Show?<br /><br />All of the foregoing is merely my OPINION. I have no inside information."
tt0806203,"""Carriers"" follows the exploits of two guys and two gals in a stolen Mercedes with the words road warrior on the hood hightailing it down the highway for the beach with surfboards strapped to the top of their car. Brian (Chris Pine of ""Star Trek"") is driving and his girlfriend Bobby (Piper Perabo of ""Coyote Ugly"")has shotgun, while Brian's younger brother, Danny (Lou Taylor Pucci of ""Fanboys"") and his friend--not exactly girlfriend--Kate (Emily VanCamp of ""The Ring 2"") occupy the backseat. This quartet of twentysomething characters are living in a nightmare. Apparently, a viral pandemic--which co-directors & co-scenarists Alex Pastor and David Pastor tell us absolutely nothing about--has devastated America. Naturally, the lack of exposition shaves off at least fifteen minutes that would have slowed down this cynical melodrama about how humans degenerate in a crisis and become their own worst enemies.<br /><br />This lethal virus gives you the shingles and then you bleed and die. Most everybody runs around wearing those white masks strapped to their nose and mouth by a thin rubber band. Initially, this foursome encounters a desperate father, Frank (Christopher Meloni of ""Runaway Bride""),and his cute little daughter Jodie (Kiernan Shipka of ""Land of the Lost"") blocking the highway with their SUV. Brian swerves around Frank when he tries to waylay them, but in the process, the oil pan in their Mercedes ruptures and they wind up on foot. Reluctantly, they hitch a ride with Frank after they seal Jodie up in the rear of the SUV. She wears a mask over her nose and mouth and it is speckled with blood. Frank has heard that doctors are curing ailing people at a hospital and they head to it. Sadly, somebody has lied to Frank. The hospital physician is giving the last couple of kids some Kool-Aid that will put them out of their misery. The cure did not improve their condition. Everybody else in town is dead. Kate tries without success to get a dial tone on every phone. Frank realizes that there is no hope for his daughter and he lets the heroic quartet appropriate his SUV and take off.<br /><br />Indeed, ""Carriers"" qualifies as a relentlessly depressing movie about the effects of a pandemic on four sympathetic people who degenerate into homicidal murderers to protect themselves. They reach a country club and frolic around on a golf course until another four show up in suits and masks with pump-action shotguns. Incredibly, our protagonists manage to escape without getting shot, but Brian has a scare when he almost falls into the water with a floating corpse. Eventually, they discover that one of them has become infected. Later, as they are about to run out of gas, Brian blocks the highway like Frank did at the outset. Danny tries to stop a pair of older Christian women driving the car. Danny lies that his pregnant wife is about to give birth and he needs their help. Brian throws caution to the wind and blasts away at the ladies with his automatic pistol when they refuse to help them. Brian catches a slug in the leg from the passenger, but he kills her. <br /><br />No,""Carriers"" is not a beer & pizza movie that you can either laugh off or laugh with because the humor is virtually non-existent. By the end of this 84-minute movie, our heroes have turned into villains who only care only for themselves and their plight. Chris Pine makes quite an impression as fun-loving Brian and his energetic performance is the only reason to hang with this hokum, while the only other well-known actress, Piper Perabo, is relegated to an inconsequential girlfriend role. As Bobby, she makes tragic the mistake of showing compassion to a dying little girl and pays an awful price. It is a testament to Pine's performance that he can change his character to the point of putting himself before others. Essentially, Pine has the only role that gives him the ability to pull a one-eighty from happy-go-lucky guy to heartless guy. <br /><br />The two directors are Spanish brothers, and they never let the momentum flag. Since there is no relief in sight, ""Carriers"" sinks into predictability. ""Irréversible"" cinematographer Benoît Debie does a fantastic job with his widescreen lensing and as unsavory as this road trip becomes, Debie makes it look like a dynamic film. Aside from the lack of a happy ending or closure in any sense of the word, ""Carriers"" suffers because it is so horribly cynical. The scene when the German shepherd attacks Danny conjures up the most suspense, but even it could have been improved. Unfortunately, the Pastor brothers do not scare up either much tension or suspense. By fade-out, you really don't care what happens to anybody."
tt0808399,"Following the success of ""Paris, Je T'Aime"", a group of directors decided to get together and make a similar anthology style film based in New York. Unlike the original film, the stories in this film seem to sometimes come and go too quickly--by the time you think are getting into a story, it's over in too many cases. And, the often start up and stop and then begin again--with the stories woven together. As a result, there is no title to indicate that a story is complete and it is less formal in structure.<br /><br />Sadly, however, while ""Paris, Je T'Aime"" was hit or miss (mostly hit), most of ""New York, I Love You"" was miss. The stories tended to be much more sexual in nature but also far less sweet--and often quite terrible. It was an amazingly dull and uninteresting film with only a few exceptional stories--and perhaps the often depressing music made it seem more so. Now understand, it was good quality music but its somber tone really, really made me feel like cutting my wrists! Among the better ones was the story about the young man who took a girl in a wheelchair to prom, the couple talking about cheating outside a restaurant (though this was also in the first film) and the crotchety old couple. This is all so sad because I had loved the first film so much--and I really WANTED to love this film. I respected what they tried but simply didn't like it very much.<br /><br />By the way, and this is NOT really a complaint, but I was amazed how many people were smoking in the film. For a recent film, that was unusual in our more anti-smoking culture.<br /><br />Also, if you get the DVD, there are two segments included as extras that were not included in the film. One consists of Kevin Bacon (wearing a cool fedora) eating a hotdog....and absolutely NOTHING more for almost ten minutes. The other features a teen who spends the film videotaping the world--including a very unhappy couple."
tt0840094,"If you don't mind having your emotions toyed with, then you won't mind this movie. On the other hand, if you enjoy British crime mysteries, following clues and seeing how they all logically fall into place at the end, you'll be very disappointed.<br /><br />Here are some of the logical inconsistencies that lead to that disappointment: <br /><br />* While the police utilize the CCTV cameras early on to gather clues about the mystery, the huge truck that stopped and blocked the children's view just before her disappearance doesn't get caught on camera. This is a critical piece of the mystery. It's inconsistent to have the car the children were in caught on camera and not the big truck that is so critical to the mystery.<br /><br />* The movie goes to great lengths to show the sophistication of the equipment in tracking down the children's movements but misses the opportunity to utilize the same sophisticated equipment is tracking down vehicles that may have entered the crime scene from camera-visible locations adjacent to the crime scene as part of developing clues.<br /><br />* In England, driving is on the left. The director goes out of his way to have the car at the crime scene park on the right, several meters away from the flower kiosk, when it could have easily parked immediately behind, or even on the side; as the huge truck did.<br /><br />* The police forensics team is so meticulous as to find a discarded cell phone in a sewer drain several miles from the scene of the crime, but can't find any blood evidence from the head injury right at the crime scene, even though they secured the scene just hours after the disappearance and with no intervening rainfall.<br /><br />* Search dogs were not used at all to find the missing children; this from the country that is well known for developing the hound dog for search and hunting.<br /><br />* It is illogical that such a highly publicized news story would not turn up the presumably innocent truck driver that stopped at the flower kiosk.<br /><br />* It is illogical that the mother would go to such extremes and expend so much effort to leave carpet fiber clues under her fingernails for her eventual murder investigators even coaxing her daughter to do the same-- while she simply could not have crawled out of the unguarded mobile home. If she had enough sense about her to ask her daughter to get carpet fibers under her nails, she could of just as easily asked her daughter to call out for help or even leave the mobile home that was in a crowded residential park.<br /><br />* The suspect that abducted the little girl was portrayed as mentally slow/dimwitted --justifying his unknowingly drowning of the mother but, he was smart enough not to cooperate with the police and also fully exercise his rights not to self-incriminate.<br /><br />There are more inconsistencies like this that will lead to a true sleuth aficionado's disappointment. 'Five Days' is a very weak British crime story."
tt0841150,"Andy Lau stars in another cop undercover tale. Daniel Wu plays Nick who is working for the cops and is also close to the top of a drug dealing gang(Lau). The movie begins as we watch the police try to make a drug bust only to see it go to pieces. We then are introduced to the young drug addicted mother and her daughter living near Nick and to his cronies and the cops, and 45 minutes in I shut off the movie and put on the news. Well acted and great to look at this is as uninvolving a movie as I've seen in a long time. Its not bad as such its just you really don't care. I mean I really didn't care at all. I actually started to do something else completely forgetting I had on a subtitled movie on, thats how much I didn't care. I wish I could have hated the film but the film is such a nonentity that it made almost no impression on me (its not even something I could sleep to its just something to ignore). Come on the box called it the Chinese Scarface,what after he was dead? This is one to avoid."
tt0857265,"Harold Pinter rewrites Anthony Schaeffer's classic play about a man going to visit the husband of his lover and having it all go sideways. The original film starred Laurence Olivier and Michael Caine. Caine has the Olivier role in this version and he's paired with Jude Law. Here the film is directed by Kenneth Branaugh.<br /><br />The acting is spectacular. Both Caine and Law are gangbusters in their respective roles. I really like the chemistry and the clashing of personalities. It's wonderful and enough of a reason to watch when the script's direction goes haywire.<br /><br />Harold Pinter's dialog is crisp and sharp and often very witty and I understand why he was chosen to rewrite the play (which is updated to make use of surveillance cameras and the like).The problem is that how the script moves the characters around is awful. Michale Caine walks Law through his odd modern house with sliding doors and panels for no really good reason. Conversations happen repeatedly in different locations. I know Pinter has done that in his plays, but in this case it becomes tedious. Why do we need to have the pair go over and over and over the fact that Law is sleeping with Caine's wife? It would be okay if at some point Law said enough we've done this, but he doesn't he acts as if each time is the first time. The script also doesn't move Caine through his manipulation of Law all that well. To begin with he's blindly angry to start so he has no chance to turn around and scare us.(Never mind a late in the game revelation that makes you wonder why he bothered) In the original we never suspected what was up. here we do and while it gives an edge it also somehow feels false since its so clear we are forced to wonder why Law's Milo doesn't see he's being set up. There are a few other instances but to say more would give away too much.<br /><br />Thinking about the film in retrospect I think its a film of missed opportunities and missteps. The opportunities squandered are the chance to have better fireworks between Caine and Law. Missteps in that the choice of a garish setting and odd shifts in plot take away from the creation of a tension and a believable thriller. Instead we get some smart dialog and great performances in a film that doesn't let them be real.<br /><br />despite some great performances and witty dialog this is only a 4 out of 10 because the rest of the script just doesn't work"
tt0865957,"I can't say that Wargames: The Dead Code is the worst movie I've ever seen, as it had one or two decent moments, but I can easily say it's the most transparent movie I've ever seen. Not once did a plot device present itself without me guessing it 10+ minutes in advance. There was no subtlety to anything the movie did, no intelligence evident at all behind the scenes. Every spoken or typed line's intent was so glaringly obvious it was impossible to ""get into"" the movie.<br /><br />I found myself laughing at the horribly thought out plot line, and the bumbled attempts to reclaim the audience, far more often than I found myself enjoying the movie."
tt0887971,"Well, let me start off by saying how utterly HILARIOUS this film is, I simply couldn't keep myself from laughing at the sheer stupidity of it. Don't get me wrong, it IS well acted particularly by Bassinger but the script is just, well the mind boggles truly.<br /><br />The premise is good and up until Della actually witnesses the murder it is engaging but after that it just goes downhill . Half way through the film the protagonist pulls out her toolbox and of course instead of lobbing it at the guy's head, she decides to pull out a screwdriver, car jack and finally a flare (as in for a sinking ship) respectively to kill her victims.<br /><br />Then there is the final line that I promise, if it doesn't have you in stitches then I will eat my own left foot.<br /><br />I would recommend this film to those who simply want to laugh at some good old fashioned, appalling film making. Might I also suggest you watch out for the scene in the scrap yard with the guy falling from the one foot high plank of wood, gets me every time."
tt0026273,"Falsely accused, skirt-chasing chums John Wayne (as John Scott) and Eddy Chandler (as Kansas Charlie) change identities to become ""Alias Smith and Jones"". Mr. Wayne becomes ""John Jones"". Mr. Chandler's is supposed to be ""Rev. Smith"", but Wayne calls him ""Dr. Smith"". At no time are either of them as entertaining as Roger Davis, Pete Duel, Jonathan Harris, or Ben Murphy; although, Wayne can be considered infinitely more successful than any of them, career wise. Pretty blonde Mary Kornman (as Anne), grown-up from her days in ""Our Gang"", is a lovely interest for Wayne. She and Chandler have a couple of cute scenes with Wayne. If you're not a fan of low budget John Wayne films of the 1930s, this movie won't make you one."
tt0026725,"I had read many good things about this adaptation of my favorite novel...so invariably my expectations were crushed. But they were crushed more than should be expected. The movie would have been a decent movie if I had not read the novel beforehand, which perhaps ruined it for me.<br /><br />In any event, for some reason they changed the labor camp at Toulon to a ship full of galley slaves. The scene at Bishop Myriel's was fine. In fact, other than the galleys, things survived up until the dismissal of Fantine. Because we do not want to have bad things happen to a good woman, she does not cut her hair, sell her teeth, or become a prostitute. The worst she does is run into the mayor's office and spit on his face. Bamatabois is entirely eliminated. Because having children out of wedlock should also not be talked about, Tholomyes is Fantine's dead husband, rather than an irresponsible dandy. Valjean is able to fetch Cosette for Fantine before the Champmathieu affair, so they reunite happily, yet another change. Then comes the convent, which is a pretty difficult scene to screw up. Thankfully, it was saved. After this three minutes of accuracy, however, the movie again begins to hurtle towards Classic Novel Butchering.<br /><br />As Cosette and Valjean are riding through the park, they come across Marius giving a speech at a meeting. About prison reform. When he comes to hand out fliers to Valjean and Cosette, he says the one line in the movie that set me screaming at the TV set. ""We aren't revolutionaries."" I could hear Victor Hugo thrashing in his grave. OF COURSE THEY ARE REVOLUTIONARIES! They want to revolt against the pseudo-monarchy that is in place in favor of another republic, you dumb screenwriters! It's a historical FACT that there was an insurrection against the government in 1832. <br /><br />At one point Cosette goes to give Marius a donation from her father for the reform movement and meets Eponine. Except...not Eponine. Or at least not the Eponine of the book. This Eponine appears to be a well-to-do secretary girl working for the prison reformers (who are working out of the Cafe Universal as opposed to the Cafe Musain). Not to mention the audience is already made to dislike her thanks to her not-period, low-cut, tight-fitting dress and her snooty mannerisms.<br /><br />The prison reformers (Lead by the most poorly cast Enjolras that I have EVER seen) decide that handing out pamphlets isn't good enough anymore. So they're going to build barricades. I don't know about you, but I have never heard of reform movements tearing up the streets and building barricades and attacking government troops. About three hundred people (it was not supposed to be so many) start attacking the National Guard and building a bunch of barricades, etc. Eponine does die for Marius, thankfully. <br /><br />The rest of the movie is sort of accurate, except that Javert's suicide again seems hard to understand thanks to his minuscule screen time and odd character interpretation. The movie ends with Valjean watching Javert jump into the river. This is again inaccurate because Valjean would never have let Javert drown. He saved the man's life earlier, why let him die now? Then there's the whole skipping of Valjean's confession to Marius, his deterioration, and his redemption on his deathbed with Marius and Cosette by his side.<br /><br />Overall, I can blame the script mostly for the problems. While I am glad Enjolras and Eponine were at least present in the film, they were terribly misinterpreted, as was the entire barricade scene. The elimination of Fantine's suffering prevents us from feeling too much pity for her. That Cosette knows Valjean's past from the start messes with the plot a good deal. I did not even see Thenardier, and Mme. Thenardier only had a few seconds of screen time. The same with Gavroche. I did like Frederich March's interpretation of Valjean a lot, however, which was one of the redeeming features of the movie. On the other hand, Charles Laughton, for all his great acting in other movies, seems to have missed the mark with Javert. The lip tremble, the unnecessary shouting, and his acting in general all just felt very wrong. He also, like many Javerts I have seen, did not appear at all menacing, something required of the character.<br /><br />Again, this film would probably feel much better if I had not read the book. I would not recommend it to book purists, though. I would also say that the movie would have been a good adaptation for the time had not the infamously accurate French version come out the year before."
tt0028944,"Luise Rainer received an Oscar for her performance in The Good Earth. Unfortunately, her role required no. She did not say much and looked pale throughout the film. Luise's character was a slave then given away to marriage to Paul Muni's character (he did a fantastic job for his performance). Set in ancient Asia, both actors were not Asian, but were very convincing in their roles. I hope that Paul Muni received an Oscar for his performance, because that is what Luise must have gotten her Oscar for. She must have been a breakthrough actress, one of the first to method act. This seems like something that Hollywood does often. Al Pacino has played an Italian and Cuban. I felt Luise's performance to be lackluster throughout, and when she died, she did not change in expression from any previous scenes. She stayed the same throughout the film; she only changed her expression or emotion maybe twice. If her brilliant acting was so subtle, I suppose I did not see it."
tt0029608,i should love this movie . the acting is very good and Barbara Stanwyck is great but the the movie has always seemed very trite to me . the movie makes working class people look low and cheap .the fact that the daughter is ashamed of her mother and that the daughter does not rise above it has always made me a bit uneasy . Barbara Stanwyck as the mother worships the daughter but the daughter forgoes a mothers love to find happiness with her well to do fathers family . i wonder how many others who have seen this film feel this way about it.again the acting was very very good and worth watching . i really don't like the story line . just a personal preference .thank you
tt0030252,"I suppose I always felt that Hotel du Nord was studio-bound, the movement of people cars and camera were just too effortlessly smooth and stagey to have been filmed on location. But no problem - it's still a much underrated lovely composition from Marcel Carne. The plot seems a bit choppy at times, as if they were making it up as they went along, but because it is unpredictable holds the attention to the bitter end. The money shots when the 2 lovers are alone in their room are saddled with some rather stilted dialogue, but it's all so lovely to fall into any inanity can be accepted. Are these 2 young people symbols of a cancerous hopelessness in pre-War France or simply idiots? Suicide pacts are fairly common; if the suicidees are young and healthy with their lives before them untrammelled would you think anything other than that they were just misguided fools?<br /><br />Arletty played the part of prostitute well - she kept that zipper on her dress busy throughout anyway! I've only seen a few films with Jouvet - he is the most impressive invention as pimp in HDN - my trouble is shallow: every time I see his face I think of Sonnie Hale in Evergreen!<br /><br />A remarkably atmospheric, well acted and photographed film with so much happening it needs a few viewings to get it all in place. Annabella and Aumont made an exceptionally beautiful couple; Francois (Heurtebise) Perier in his 2nd film had a small amusing part as a gay man. All in all: wonderful."
tt0032155,"I tried twice to get through this film, succeeding the first time - and it was like pulling teeth - and failing the second time despite a great DVD transfer. The problem? It's simply too boring.<br /><br />If you can get to the dramatic courtroom scene, which takes up most of the second half of the film, you have it made, but it's tough getting to that point. There are some interesting talks by ""Abraham Lincoln"" (Henry Fonda) during the trial. The ending is touching as Lincoln walks off and they superimpose his Memoral statue over the screen.<br /><br />It's a nice story, well-acted and such....but it lacks spark in the first half and discourages the viewer from hanging in there. I suspect the real Abe Lincoln was a lot more interesting than this film."
tt0033105,"Hollywood always had trouble coming to terms with a ""religious picture."" Strange Cargo proves to be no exception. Although utilizing the talents of a superb cast, and produced on a top budget, with suitably moody photography by Robert Planck, the movie fails dismally on the credibility score. Perhaps the reason is that the film seems so realistic that the sudden intrusion of fantasy elements upsets the viewer's involvement in the action and with the fate of the characters. I found it difficult to sit still through all the contrived metaphors, parallels and biblical references, and impossible to accept bathed-in-light Ian Hunter's smug know-it-all as a Christ figure. And the censors in Boston, Detroit and Providence at least agreed with me. The movie was banned. Few Boston/Detroit/Providence moviegoers, if any, complained or journeyed to other cities because it was obvious from the trailer that Gable and Crawford had somehow become involved in a ""message picture."" It flopped everywhere.<br /><br />Oddly enough, the movie has enjoyed something of a revival on TV. A home atmosphere appears to make the movie's allegory more receptive to viewers. However, despite its growing reputation as a strange or unusual film, the plot of this Strange Cargo flows along predictable, heavily moralistic lines that will have no-one guessing how the principal characters will eventually come to terms with destiny."
tt0034613,"A number of brides are mysteriously murdered while at the altar, and later their bodies are stolen en route to the morgue. Newspaper writer Patricia Hunter decides to investigate these mysterious killings. She discovers that right before each ceremony, the bride was given a rare orchid (supposedly from the groom) which contained a powerful drug that succumbed them. Patricia is told that the orchid was first grown by a Dr. Lorenz, who lives in a secluded estate, with his wife. In reality, Dr. Lorenz is responsible for the crimes, by putting the brides in a suspended state, and using their gland fluid to keep his wife eternally young. Patricia, along with Dr. Foster (who is working with Dr. Lorenz on the medical mystery surrounding his wife) try to force Dr. Lorenz's hand by setting up a phony wedding, which eventually leads Patricia into the mad doctor's clutches. This movie had a very good opening reel, but basically ended up with too many establishing shots and other weak scenes. The cast is decent, Walters and Coffin deserved better, but that's life. Russell steals the show (even out hamming Lugosi- who does not give one of his more memorable performances, even considering his Monograms) as Countess Lorenz playing the role with the qualities of many of the stereotypical characteristics of many of today's Hollywood prima donnas. Weak and contrived ending as well. Rating, based on B movies, 4."
tt0035096,"This is a direct sequel to 'The Mummy's Hand' (1940), because the lead character, Stephen Banning (played by Dick Foran) is now thirty years older and is relating the story (with the help of archival footage) to his son's fiancé. There are only two unusual aspects to the film: the early death of Banning, and the presence of Turhan Bey.<br /><br />Lon Chaney as the mummy Kharis gets top billing, though given the nature of his role, he has little more to do than limp along or thrash his arms about. There's nothing scary about his presence, except for his attempt to carry off the fiancé, Isobel (Elyse Knox). Dick Foran gets second billing, but he's killed off within the first fifteen minutes! We'd have to wait until 'Psycho' (1960) when a lead character (Janet Leigh) dies way before the end of the movie! Banning's buddy from the first film, Babe Jenson (now Henson), shows up a little later looking much, much, older and not doing any of the comic shtick he did in the original. It's hard to believe it's the same actor! Unfortunately, this great acting job is wasted because he gets killed by Kharis after only two brief scenes. It's then left up to Banning's son John (played by bit player John Hubbard) to led the chase to the cemetery--NO! The sheriff leads a torch wielding mob to Banning's house to burn it down and kill the mummy. Sound Universally familiar? <br /><br />Turhan Bey is introduced to audiences as the new High Priest, Mehmet Bey, to care for and feed tana leaves to Kharis. With his 'exotic' voice and appearance, it's too bad he gets so easily killed. A better movie would have had 'Babe' take Von Helsing type charge of things in tracking down the mummy, with a final decisive battle with him and Mehmet Bay. But instead we have a pedestrian rehash of different set pieces from previous Universal horror films, put together by the hack Griffin Jay who wrote many of Universal's other clunkers, although he also did 'Don Winslow of the Navy' (1942) as well as 'Don Winslow of the Coast Guard' (1943) which also featured Elyse Knox.<br /><br />Elyse Knox played Anne Howe in six Joe Palooka movies (1946-1949), and of course, Turhan Bey, with 43 movie and TV credits, is great in the title role of 'The Amazing Dr. X' (1948).<br /><br />The cinematography is much darker and more atmospheric (with lots of noirish shadows in the sheriff's office) than the first 'Kharis' mummy film, but there's little else of interest or excitement.<br /><br />I'll give it a 3."
tt0046149,"I sat through this movie this evening, forcing myself to stick with it even though I never cared about any of the characters or what happened to them, because the two leads, Gérard Philippe and Michèle Morgan, were major film stars of their era and I wanted to see them in ""something different,"" which this certainly was. They both gave fine performances, but of distasteful characters.<br /><br />Indeed, the whole movie is about a shabby little town in Mexico inhabited by almost uniformly distasteful characters (the doctor is, of course, the major exception). What Michèle Morgan ever sees in Philippe to fall in love with him is never explained.<br /><br />This is supposedly based on a work by Jean-Paul Sartre. All I could think was that, if Sartre's work is anything like this movie, it must be a very mediocre attempt at imitating Camus' masterful novel The Plague, which dealt with a plague in North Africa.<br /><br />A well-acted but uninteresting movie."
tt0049904,"Esther Williams gets her first post MGM starring role and gets off<br /><br />to a good start. This film is a well acted entertaining suspense<br /><br />with a mature theme that would be repeated a million times more<br /><br />in the future - innocent girl stalked creepy woman hater. Esther<br /><br />looks great and if she wanted to, probably could have gone on to<br /><br />do more and better films but according to her autobiography, <br /><br />pretty much gave up working for marriage. Either way she is so<br /><br />likable and engaging that its fun to see her in a totally different role<br /><br />outside of the 'swimming musical'. Universal was fabulous for<br /><br />making films with former MGM stars after that studio began<br /><br />dropping its biggest names as it began to slide down hill. Stars<br /><br />like Lana Turner, June Allyson and others got to make quality first<br /><br />rate films at Universal as they obviously still had drawing power at<br /><br />the box office. I wish Esther had made more but since she didnt, it<br /><br />makes this one all the more special."
tt0052169,"I am not a big fan of horror films, and have only seen a handful of them (and none of the ""Halloween""s or ""Friday the Thirteenth""s) - but I can appreciate a frightening horror film not because of gore. And I'm pretty sure this isn't scary.<br /><br /> What's so spooky about a little plastic skull that pops up everywhere? In all of its appearances there are faraway establishing shots, so there's no real surprise in any of this film. (Not that a skull in of itself is that scary anyway, but . . .)<br /><br /> The plot concerns Claus Von Bulow's third cousin (John Hudson), who marries a Donna-reed look-a-like (Peggey Webber, giving one of the worst performances ever) who begins seeing skulls and hearing the mysterious screams of a group of peacocks on her husband's mansion. Did I mention that her husband lost her first wife in a mysterious drowning incident? OOOOH!!!! Wonder who did it!!!!<br /><br /> This is the same old plot about a rich boy trying to kill and/or drive their wife insane. If you want to see a well-done version of this stuff, try ""Reversal of Fortune"". And BTW, Jeremy Irons is one hundred times more talented than John Hudson.<br /><br /> The MSTing was okay but nothing special; paired with the ""Gumby"" short, however, it makes for good viewing.<br /><br /> Two stars for ""The Screaming Skull""; eight stars for the MST3K version.<br /><br /> And now, to paraphrase Mr. Von Bulow himself: ""How bad is this film?"" ""You have no idea!"""
tt0053142,"I don't think I'm too far off base saying that this is possibly the worst movie I've ever seen. I've been working on a list of my favorite war movies: ""The Longest Day,"" ""To Hell and Back,"" ""Bridge on the River Kwai,"" (all black and white) which all have good plots, rich characters and great acting. I've seen better dialog and acting in student-written high school one act plays. The plot, however isn't a bad premise - just poorly implemented. It's kind of like a traffic accident, though, I couldn't seem to turn it off! A movie doesn't need big money or great sets i.e. ""Twelve Angry Men"" and ""Lifeboat"" to be good... so budget is no excuse. What were they thinking?"
tt0062032,"I've come to realise from watching Euro horror, especially films made by cult luminary Jess Franco, that you can't expect a plot that makes much sense. However, Franco has gone overboard with this film; and despite a surreal atmosphere, and the film's reputation as one of the director's best - Succubus is unfortunately is a truly awful film. I've got to admit that I saw the American cut version, which runs at about 76 minutes; but unless it was just the logic that was cut, I'm sure the longer European version is just as boring. The plot has something to do with a woman marauding around; practicing S&M and talking rubbish, and it's all really boring. There's no gore and the sex is dull, and most of the runtime is taken up by boring dialogue and despite the fact that this is a short film; I had difficulty making it all the way to the end. I have to say that the locations look good and Franco has done a good job of using his surreal atmosphere; but the positive elements end there. Jess Franco is definitely a talented director that has made some classic trash films - but this looks like it was one he made for the money, and overall I recommend skipping it and seeing some of the director's more interesting works."
tt0065400,"I absolutely hate it when a film completely falls apart near the end, after you've already invested an hour into it. and that's what happened with this film. i was intrigued by its actors and the fact that malamud wrote its source story. I haven't gone to read that story but I cannot imagine that it ends like this film ends.Fortunately i didn't pay good money to see or rent it because my library had it. ohhhh such a waste of excellent acting (the wife in particular was so perfect).but milo o'shea as a Jew?!!!! now THAT was funny. I haven't researched into its making but it played like the director lost his marbles or died 3/4 of the way through the film. Before that point, a story and characters were developing,there were a number of neat plot points and there wasn't too much time wasted. but ooh that last 1/2 hour- if that wasn't the screwiest, most worthless denouement I've ever witnessed, I don't know what is. I just hate it when one's faith is so destroyed like that; it feels like an act of violence."
tt0065854,"(SPOILERS included) This film surely is the best Amicus production I've seen so far (even though I still have quite a few to check out). The House that Dripped Blood is a horror-omnibusan anthology that contains four uncanny stories involving the tenants of a vicious, hellish house in the British countryside. A common mistake in productions like this is wasting too much energy on the wraparound story that connects the separate talesPeter Duffel's film wisely doesn't pay too much attention to that. It simply handles about a Scotland Yard inspector who comes to the house to investigate the disappearance of the last tenant and like that, he learns about the bizarre events that took place there before. All four stories in this film are of high quality-level and together, they make a perfect wholesome. High expectations are allowed for this film, since it was entirely written by Robert Bloch! Yes, the same Bloch who wrote the novel that resulted in the brilliant horror milestone `Psycho' We're also marking Peter Duffel's solid and very professional debut as a director. <br /><br />The four stories  chapters if you will  in the House that Dripped Blood contain a good diversity in topics, but they're (almost) equally chilling and eerie. Number one handles about a horror-author who comes to the house, along with his wife, in order to find inspiration for his new book. This starts out real well, but after a short while, his haunted and stalked by the villain of his own imagination. The idea in this tale isn't exactly originalbut it's very suspenseful and the climax is rather surprising. The second story stars (Hammer) horror-legend Peter Cushing as a retired stockbroker. Still haunted by the image of an unreachable and long-lost love, he bumps into a wax statue that looks exactly like her. Cushing is a joy to observe as always and  even though the topic of Wax Museums isn't new  this story looks overall fresh and innovating. This chapter also contains a couple of delightful shock-moments and there's a constant tense atmosphere. It's a terrific warm-up for what is arguably the BEST story: number 3. Another legendary actor in this one, as Christopher Lee gives away a flawless portrayal of a terrified father. He's very severe and strict regarding his young daughter and he keeps her in isolation for the outside world. Not without reason, since the little girl shows a bizarre fascination for witchcraft and voodoo. Besides great acting by Lee and the remarkable performance of Chloe Franks as the spooky kid, this story also has a terrific gothic atmosphere! The devilish undertones in this story, along with the creepy sound effects of thunder, make this story a must for fans of authentic horror. The fourth and final story, in which a vain horror actor gets controlled by the vampire-cloak he wears, is slightly weaker then the others when it comes to tension and credibility, but that the overload of subtle humor more or less compensates that. There's even a little room for parody in this story as the protagonist refers to co-star Christopher Lee in the Dracula series! Most memorable element in this last chapter is the presence of the gorgeous Ingrid Pitt! The cult-queen from `The Vampire Lovers' certainly is one of the many highlights in the filmher cleavage in particular. <br /><br />No doubt about itThe House that Dripped Blood will be greatly appreciated by classic horror fans. I truly believe that, with a bit of mood-settling preparations, this could actually be one of the few movies that'll terrify you and leave a big impression. Intelligent and compelling horror like it should be! Highly recommended. One extra little remark, though: this film may notrepeat MAY NOT under any circumstances be confused with `The Dorm that Dripped Blood'. This latter one is a very irritating and lousy underground 80's slasher that has got nothing in common with this film, except for the title it stole."
tt0066384,"Skullduggery is a strange, strange film based on the novel ""Ye Shall Know Them"" by Vercors. To unleash criticism at the film feels really unkind, since it is a movie that deals with earnest themes like humanity, and pleas for upright moral standards and tolerance. But in spite of its honourable intentions and its well-meaning tone, Skullduggery simply isn't a very good film. For me, the main problem is the terribly disjointed narrative which can't make its mind up how best to convey its message. The first half of the movie is like watching a standard jungle expedition flick of the Tarzan ilk; later it teeters into sci-fi fable; by the end it slips into courtroom melodramatics. The differences in tone between each section of the movie are too great, too jarring, to overlook. They stick out like a sore thumb and remind you constantly that you're watching a muddled, disorganised movie.<br /><br />An archaeological expedition into the jungles of New Guinea is led by adventurer Douglas Temple (Burt Reynolds). One of the main archaeologists involved in the excursion is attractive lady scientist Dr Sybil Greame (Susan Clark). After an arduous trek they stumble upon a tribe of strange ape-like creatures. These primitive, long-lost people are covered in hair and have survived for centuries without being in any way touched or influenced by the developments of modern man. There is some evidence that they may the ancestors of early man  the ""missing link"" in the evolution of apes into humans. Or perhaps a race of humans who simply look and behave differently from usual? Or even a race of animals that have begun to develop human characteristics? The archaeologists call the tribe ""the Tropi"" and are initially thrilled by the implications of their discovery. But things take a devastating turn when nasty opportunist Vancruysen (Paul Hubschmid) declares his intention to exploit the tribe and their idyll on behalf of developers. He questions whether the Tropi are truly ""human"" and takes his argument to the courts, where he hopes to be granted legal backing so that his own greedy ambitions can be continued.<br /><br />This was a very early film in Reynolds' career, and he actually unbalances this movie by acting like he's in a comedy while the rest of the cast take it all very seriously. Not that Reynolds can be blamed  he has an impossible role, asked to play a charming adventurer who really belongs in a Tarzan flick. His character and the film are not relevant to each other. Clark fares much better as the earnest lady archaeologist, and there are nice supporting roles for British actors Edward Fox, Alexander Knox and Wilfrid Hyde-White. A major shortcoming in Skullduggery is the lame and ineffective make-up used to give the Tropi their strange hairy appearance. Rather than making the actors look like believable hominoids, the stuck-on hair merely makes them look unintentionally comical. and that's just not the right idea. We're meant to feel great sympathy for these creatures, but that's awfully hard when they look so unconvincing. Skullduggery is a failed attempt to tell a story that could have been poignant, philosophical and stimulating. The honourable intentions are there for all to see, but the end result doesn't do them justice. A worthy failure it might be but a failure nonetheless."
tt0066924,"Sergio Martino is a great director, who has contributed a lot to Italian genre cinema and, as far as I am considered, his Gialli from the 1970s are the undisputed highlights in his impressive repertoire. ""La Coda Dello Scorpione"" aka. ""The Case Of The Scorpion's Tale"" of 1971 is one of these impressive films Martino has contributed to Italian Horror's most original sub-genre, and another proof that the man is a master of atmosphere, style and suspense. My personal favorite of the Martino films I've seen so far is still the insanely brilliant ""Your Vice Is A Locked Room And Only I Have The Key"" of 1972, followed by ""Torso"" (1973) and ""The Strange Vice Of Mrs Wardh"" (1971), all of which I personally like even more than this one. That's purely a matter of personal taste, however, as ""La Coda Dello Scorpione"" is an equally excellent film that is essential for every fan of Italian Horror cinema and suspense in general.<br /><br />The film, which delivers tantalizing suspense from the very beginning has a complex and gripping plot that begins with the mysterious demise of a millionaire who has died in a plane crash. Insurance investigator Peter Lynch (George Hilton) is assigned to verify the circumstances the insurance company which is due to pay a large sum to the deceased man's wife. Soon after Lynch begins to investigate, a person is brutally killed, which is just the beginning of a series of murders...<br /><br />""The Case of the Scorpion's Tail"" excellently delivers all the elements a great Giallo needs. The film is stunningly suspenseful from the beginning, the score by Bruno Nicolai is brilliant, the plot is wonderfully convoluted, and the killer's identity remains a mystery until the end. Regular Giallo leading-man George Hilton once again delivers an excellent performance in the lead. Sexy Anita Strindberg is absolutely ravishing in the female lead. The includes the great Luigi Pistilli, one of the most brilliant regulars of Italian genre-cinema of the 60s and 70s, and Alberto De Mendoza, another great actor who should be familiar to any lover of Italian cinema. Athens, where most of the film takes place, is actually a great setting for a Giallo. The atmosphere is constantly gripping, and the photography great, and Bruno Nicolai's ingenious score makes the suspense even more intense. Long story short: ""La Coda Dello Scorpione"" is another excellent Giallo from Sergio Martino and an absolute must-see for any lover of the sub-genre! Stylish, suspenseful, and great in all regards!"
tt0071003,"""Kolchak: the Night Stalker"" is a hugely entertaining TV series in which a pushy, sarcastic, forty-something reporter is repeatedly drawn into mortal combat with supernatural (and occasionally extraterrestrial) forces. Based on a very popular pair of TV movies featuring the Kolchak character, this series died a quick death in the mid-1970s due to low ratings, but it nevertheless maintains a strong cult following today. But will the average modern-day viewer be able to dig Kolchak and his weekly clashes with the undead? <br /><br />That's actually a tough question to answer fairly. Detractors of this series tend to argue that it's formulaic and hopelessly dated. On the other hand, fans argue that it's cleverly written, well-acted, and sometimes genuinely spooky. And me? I've got a foot in both camps. I thoroughly enjoyed watching all 20 episodes of Kolchak on DVD recently, though I can plainly see that the series has major flaws.<br /><br />I'll address the question of Kolchak being ""formula"" fiction first. Now, I think we can all agree that most TV shows have formulas - just about every episode of Columbo unfolds according to the same pattern, for example. Repetition is not necessarily a bad thing in itself; in fact, critics have long recognized that audiences often enjoy, and actively seek out, repetitive entertainment. However, the problem with Kolchak is that its formula is simply TOO rigid - it's too repetitive even by the most generous standards.<br /><br />In almost every episode, Kolchak investigates a murder, and figures out that it was committed by some form of monster. He tries to publish a story about said monster, but his editor Vincenzo blocks him, always on the grounds that Kolchak doesn't have sufficient evidence to support his claims that supernatural forces are at work. And, alas, Kolchak is also obstructed by the police. So, in the end, Kolchak does some independent research on the monster, figures out how to kill it... and then kills it. Without ceremony, or reward, or writing a big story about it.<br /><br />You can see where this ever-so-strict formula might get tiresome, right? I'm particularly mystified by Vincenzo - if Kolchak's always raving about monsters, and Vincenzo never believes it... well, then, why doesn't Vincenzo fire Kolchak, or have him committed? That's what any normal boss would do. But the series eschews such realism and prefers to keep Vincenzo and Kolchak as comical antagonists. As a result, many of their scenes together are profoundly unbelievable - though they are also quite funny.<br /><br />The very best episodes of Kolchak manage to vault over the limitations of this formula, however, usually because they contain some kind of unexpected twist. These select episodes are good enough that I think they're largely immune to typical criticisms of the series. Some of my favorites include: <br /><br />Horror in the Heights - an episode that's noteworthy for being grimy, inventive and socially aware. Kolchak's dialog has an unusually sharp and cynical edge. Though it adheres closely to the Kolchak formula, the script (written by Hammer Studios veteran Jimmy Sangster) is remarkably literate, and it delves deeply into the monster's backstory.<br /><br />The Devil's Platform - a possible inspiration for the ""Omen"" films, this episode stands out to me because the villain - a very young Tom Skerritt - tempts Kolchak with a satanic contract full of goodies (and, in so doing, reveals a lot about the reporter's character.) <br /><br />Firefall - this episode appears to have a bad reputation among fans, but I enjoyed it because it's got a great red herring and a really creepy, almost unstoppable-seeming monster.<br /><br />Though I've singled out these three episodes for praise, I'd say that most of the stories are entertaining at the very least. For my money, there are only two complete turkeys in the 20-episode run: Primal Scream, which is about monkey-men running rampant in Chicago, and the Sentry, which features the dumbest-looking creature makeup in the history of filmed entertainment (and this assessment is coming from a lifelong Doctor Who and Godzilla fan!) <br /><br />On balance, then, this is a good series. A little repetitive, a little cheesy perhaps, but it has elements of greatness. Even during the weaker episodes, Darren McGavin's wonderful performance as the caustic, world-weary, endlessly funny Kolchak truly shines. He carries the series effortlessly, in a way that, for example, Sarah Michelle Gellar never managed on ""Buffy."" McGavin was one great character actor, and this series is worth watching for him alone."
tt0073766,"Walter Matthau and George Burns just work so well together. The acidity of Willy with the perplexed amnesic Al is a mixture made in heaven. The scene when they meet again in Willy's flat is a gem and the final scene rounds up the film to perfection. Walter Matthau gives a superb performance as the irascible semi-retired comedian as only he can, the intonation in the voice and the exaggerated dramatics coupled with his general misunderstanding of what is going on form a great characterization. George Burns timing is legendary and nowhere was it better than in this film, his calm aplomb with desert dry replies are memorable. Watch for the scene near the end when Al and his daughter ask something of the Spanish caretaker, and Al's reaction - priceless."
tt0074802,"After seeing a heavily censored version of this movie on television years ago, I was curious to see the unedited version. I was surprised that it was more believable and well acted than I remembered, but one thing really stood out. I think other reviewers have mentioned this also, namely, what exactly is the nature and motivation of the Chris Sarandon character? Has he raped other victims before? Is he completely psychotic or an ""average"" sociopath? How did he expect to get away with his attack on the younger sister? Is this character at all credible, or is it just a matter of more background being necessary? He seems almost simultaneously to be an uncomfortably believable character, and too crazy to actually be able to hold on to a teaching job that puts him in contact with young, vulnerable girls. This seems to to be the biggest complaint of viewers in general. It has nothing to do with his performance, which is terrifyingly convincing.The movie occupies an uneasy position between sheer exploitation and a half way serious treatment of the subject, without quite settling into either mode. Not the worst movie ever made, but not all that good, either."
tt0074811,"Sure, he became rapidly uneven after this film, but from ""Knife In the Water"" up till ""The Tenant"", Roman Polanski could always be counted on to deliver something fascinating and unique. Despite many running themes (alienation, paranoia), no two of his films are really alike. The story of this is somewhat similar to his own ""Repulsion"" from ten years earlier, but the tone is completely different. ""The Tenant"" manages to balance darker than dark absurdity (I'm a bit hesitant on calling it humor, even though the protagonists bizarre behavior and dialog was occasionally funny) with some truly suspenseful paranoia. Polanski was always a master at building unease, and moments in this film are almost unbearably creepy. The overall weirdness of the film is also a plus.<br /><br />In addition to Polanski's exquisite as usual direction, the rest of the cast and crew offer great contributions. Polanski the actor is often overshadowed by Polanski the director, but his performance here truly captures his characters awkwardness and sense of being an outcast. The themes of social discrimination make this film more than just strangeness for the sake of being strange. The rest of the cast offers strong performances also, especially Isabelle Adjani's sympathetic turn, and Melyvn Douglas and Shelley Winters' appropriately annoying ones. ""The Tenant"" is often underrated because of how ready people are to heap praise on both ""Repulsion"" and ""Rosemary's Baby"", but its just as brilliant as either of those classics. (9/10)"
tt0075249,"This is not a good movie. It's disjointed, all the acting is bad, and has a lame story you've seen a thousand times done much better else where. Not to mention you can see every plot point coming from a mile away. Worst of all, no one bothered to tell Lonette Mckee she can't sing. But who cares, she's sooooo damn good looking. But I digress, nothing new here. Bottom-line, hot girl group gets taken advantage of, some one gets hooked on drugs, someone gets hooked on a guy, some one gets the hell out, and then the horrible stuff happens. Surprise, surprise. Welcome to the music business. I can't believe so many people out there think this is a good movie. So many of you seem to want to use a sliding scale when it comes to grading Black Movies. I don't play that! If you want to support these films by going to see them - great! If you enjoyed it - super! To each his own. But don't try to tell me it was good. Pleeeease! I wish colored folks would not fawn over these kind of movies just because they feature black actors. Wanna see a good African-American movie? See Love Jones. Ray. Or The Color Purple. Those would be great movies no matter what the color of the actors skin. Why? Because they told compelling stories with great acting, that made you feel something long after you left the theater. Just because it's our experience does not automatically make it a good film. It's only good -- when it's good. Period."
tt0076191,"A truly unpleasant film. While Rick Baker's special effects are quite impressive (if stomach-turning), it has no other redeeming features. Like many 70s movies, it leaves you feeling as if you need to take a long shower, and scrub the slime off of yourself. The characters are uniformly unpleasant, and plot makes no sense."
tt0077429,"I remember Devil Dog playing on TBS almost 20 years ago, and my older sister and her friends watching it and laughing all the next day. It's not that bad for a made-for-TV horror movie, but it is derivative (mostly of The Exorcist) and businesslike, for lack of a better word. It won't blow you away with artful cinematography or great acting, but it's not a waste of time, either. It's the kind of movie you watch to kill a couple of hours when you aren't in the mood to think too hard.<br /><br />However, if you go into the movie looking for some laughs, you won't be disappointed. The early scenes, with Lucky the Devil Dog as a cute little puppy with Children of the Damned eyes are hilariously non-threatening, and the climactic blue-screen effects of a giant black dog (with horns!) are pretty side-splitting. And keep an eye out for the cloaked Satanist in Maverick shades toward the beginning.<br /><br />Not a great horror film by any stretch of the imagination, but I wish they still made stuff like this for TV."
tt0077651,"Perhaps one of the most overrated so-called horror classics ever made, Halloween does feature the memorable Michael Myers and some great acting by Jamie Lee Curtis.<br /><br />However, its rewatchability factor is very close to zero, as there is an unforgivable amount of time spent on dullness/culmination to the actual events.<br /><br />This is the sort of movie you can walk away from to microwave popcorn and not miss anything at all.<br /><br />How it spawned so many sequels, I will never comprehend.<br /><br />Thank God Rob Zombie is remaking this. And generally, I hate remakes.<br /><br />Surely he will more than compensate for all the random time-filling gaps with some quirky points of interest that the original severely lacks.<br /><br />This is a movie we feel we have to like, much like the way we're taught that we SHOULD enjoy Dickens.<br /><br />Don't assume this is a classic."
tt0080731,"I actually saw this movie in the theater back in it's original release. It was painful to watch Peter Sellers embarrass himself so badly. The story was incredibly lame and difficult to follow, and the ending was ridiculous. It was just sad to see how the mighty had fallen. I won't say that I'm a huge Peter Sellers fan, but I did thoroughly enjoy the Pink Panther series and I felt that he gave a strong performance in Being There. But this film should never have been made. From what I've read, he pursued producing this film against the advice of the people around him. Fine, but that still doesn't excuse the studio actually releasing the film."
tt0081793,"I saw mommy...well, she wasn't exactly kissing Santa Clause; he has his hand on her thigh and wicked thoughts in mind.<br /><br />This was enough to emotionally scar a young boy who wanted to believe. He grew up to be a bitter man who was upset at the quality of the toys being made, and the lack of Christmas spirit.<br /><br />Expecting a real slasher flick, I was very disappointed that less than a handful of people dies, and there was no nudity at all. What a bummer.<br /><br />I wanted to like this flick, but it was just too slow and really didn't have a good script. I didn't expect great acting, but I sure wanted some action. There just wasn't any."
tt0082116,"Time travel is a fun concept, and this film gives it a different slant. I got a kick out of Captain Billingham, one of the more down-to-earth characters, who was just not having a good day. Ordinarily, I don't choose to watch horror films, but this is an exception. Good story, excellent acting."
tt0084021,"The tenuous connection between this film and the first Grease is established right at the beginning of the film when Didi Conn one of four cast members repeating their roles approaches young Maxwell Caulfield who is a British exchange student. Although in the previous film Olivia Newton St. John's foreign speech pattern is not explained, it's explained here Caulfield is her cousin. What's Conn still doing in school, I guess she just likes hanging around Rydell High even though now she's a beautician.<br /><br />Caulfield's a smart kid, so of course the hood types led by Adrian Zmed have him labeled as a nerd. And that's especially bad when Zmed's girl friend decides she likes Caulfield. But being a nerd just isn't going to cut it.<br /><br />That's when Caulfield decides to put on a modern day Zorro act. He gets a junked bicycle and puts it back together and teaches himself to ride. He gets himself a leather biker outfit with a set of goggles to hide his face. If getting Michelle Pheiffer is not in the cards, Caulfield won't have any trouble making friends at any gay male leather bar the way he's outfitted.<br /><br />Grease 2 introduced Michelle Pheiffer and Maxwell Caulfield and started them on the successful career paths both have enjoyed. If you saw the first Grease film, a much better film, than you definitely have an idea how this film will turn out.<br /><br />In addition to Conn, Eve Arden, Sid Caesar, and Dody Goodman, all faculty members from the original Grease return in their roles. The music score isn't remotely as good as the songs that come from the original.<br /><br />It's not that Grease 2 is bad, it's just not all that great."
tt0085037,"This has to be the best adaptation I have seen it's my favourite and I think it stays very close to the book.What really makes this a must see though is the casting of the two lead actors.The wonderful Timothy Dalton is the best Rochester I have seen on screen brooding and tragic,while Zelah Clarke is the perfect combination of strength,courage,shyness and gentleness as Jane. The story(as i'm sure most people know)is this,the young and plain Jane Eyre is a teacher at a charity school for girls in the 1800's who advertises her services as a governess in the newspapers.She is offered the post of governess at the big mansion Thornfield Hall to tutor Adele the young ward of the halls mysterious and respected owner Mr Rochester. As the months go on he falls in love with Jane and puts into effect a few situations to try and see if Jane is as madly in love with him as he is with her.However there is a secret still waiting to be discovered at Thornfield Hall and when it is it's effects are devastating.This is a moving and well acted drama with nice locations and gorgeous costumes plus as I said earlier excellent acting especially from Zelah and Timothy."
tt0085112,"A wonderful television mini-series completely ruined by a 45-year old woman trying desperately to pass herself off as a 16-year old ingenue! No exaggeration - that's the ACTUAL age of the character played by Ali MacGraw when the film opens just prior to the surprise attack at Pearl Harbor. This TV mini-series really is the most classic example of the title of this post and one I refer to whenever the topic comes up.<br /><br />That alone makes this completely unwatchable, despite the fact it's one of the best filmed WWII 'global' dramas TV has ever produced. If you have the stomach - or a decent fast-forward ability - you might be able to enjoy the late Robert Mitchum in a very strong performance. <br /><br />I'm stunned at some of the comments referring to the love story (pun intended). Did they watch the film with their eyes closed? Or are they aging boomers who never cease to amaze me with their ""selective memories"" and ""selective vision"". I'm a Boomer myself so don't think for a second I'm some hubristic young punk. 45 WILL ALWAYS LOOK 45. Get used to it. Deal with it. Age gracefully damnit.<br /><br />The Winds Of War could have been... so good. How much more would we be talking about this mini-series today, some 25 years later, had an ACTUAL ingenue been cast in such an important & critical role? Right now, with the constant haggard old biddy distraction, that alone cancels out most of the wonderful aspects of The Winds Of War."
tt0086762,"The only redeeming quality of this overlong miscast melodrama is the scenery of southern France and the voice of Nana Mascouri singing the theme song. Stephanie Powers is miscast and betrayed by a phony accent. As has been pointed out, she is too old to play an 18 year old and looks far too young as a grandmother with a college age granddaughter? Lee Remick is good although she also is ageless in her later years. The talented Joanna Lumley is under utilized and also manages to look forever young when her middle aged son (Robert Urich) finally marries Grandma Stephanie Powers. Stacey Keach's ceaseless arrogance makes you wonder what these women saw in him. Don't know how any viewer could relate to his excessive portrayal? The most credible performance is given by Ian Richardson, who makes the rest of the cast look like rank amateurs. It strains credulity that the handsome male suitors in this epic would remain ever single while they patiently await the subject of their affections to finally consent to accept them. Can anybody believe that handsome Robert Urich would remain single for decades waiting for Stephanie Powers to finally accept his endless marriage proposals? The WW2 engagement between the Wehrmacht and the Marquis is laughable. To begin with, the Germans did not occupy the Provence section of France until late in the war, it was controlled by the Vichy French puppet government. We see the French resistance staging a daylight raid on Mistral's villa to steal sheets after which they all lounge under a bridge waiting for a lumbering truckload of Nazi troops to surprise and annihilate them? If you want to see a well acted mini-series set in a foreign country, don't watch Mistral's Daughter. A far better alternative would be The Thorn Birds."
tt0087127,"I don't recall walking out of a movie theater except this once. Not only that, but I was with 7 friends, and we all wanted to go. An uninteresting plot, characters made of clay, violence with no point. I didn't care when the good guys died; I didn't care when the bad guys got it. The fantasy and magic was laid on thick as liver pudding and there was no coherency. In short, fine entertainment if you happen to be spending an eternity in Hell."
tt0087499,"You can never have seen either film and still know that The Jerk Too is a disaster. The question is not, ""How did it get made,"" because if you throw money at anyone and tell them to make a film, they will do so.<br /><br />No. The question is ""Why, oh why, did Steve Martin allow it to be made?"" I think he needed the money to fight a nuisance lawsuit and was determined it not cost him anything. He knew the sequel was going to be so frightful, that out of pride, he wouldn't even count it's royalties as income. <br /><br />The only way this sequel could not be an embarrassment is to have had Carl Gottlieb and Steve Martin revive the nation's favorite poor black family.<br /><br />And ""dcreasy2001"" (aka Mark Blankfield?): It's just transparently obvious that you worked on this film in some sad capacity, and the only way you can feel better about your involvement is to be the sequel's lone cheerleader as an IMDb user comment. I was praying for you to veer over into satire, but alas, you were really making an effort at spin. Why not 10 stars?"
tt0087803,"I am a massive fan of the book and Orwell is certainly my favourite writer ever since studying Animal Farm at GCSE. I bought the DVD out of sheer curiosity, Burton is an actor I hold in high regard so when I heard that he played the role of O'Brien I was swung.<br /><br />I watched the trailer on the DVD first and some fears started to set in, mostly regarding the frankly terrible ""Theme song"", hearing the Eurythmics mechanically shouting ""1984!"" over and over again to an electronic beat is as bad as it sounds.<br /><br />The acting on a whole is pretty good, Burton and Hurt play their roles well and the tension that exists in the Ministry of Truth towards the end can be felt, especially in the harrowing Room 101 scene. However this is also where the movie is let down. The movie spends too much time focusing on the Love affair between Winston and Julia, which frankly isn't what Orwell was writing about. He was writing about a harrowing future, about how Ingsoc build up a mans beliefs and then shatter them all in the name of him being made to love Big Brother. The movie skips over what is essentially the most important part of the book, Winstons coming to terms with his position in life and the world, and his re-education via O'Brien.<br /><br />The comment on IMDb at the moment states that the movie sticks to the book is completely incorrect. Julia is not present when Winston visits O'Brien, they do not commit themselves to Goldstien's Brotherhood and confess their crimes. There is no obvious mention of the initial instances where Winston finds the article with the Unpersons but it does get mentioned near the end, if you have not read the book it is completely confusing.<br /><br />A terrible screenplay, which some excellent acting cannot rescue. Michael Radford seems to have completely missed the point Orwell was trying to make, and the electronica sound track is frankly terrible."
tt0089880,"By rights, there should never have been a ""First Blood Part II"". The original script for ""First Blood"" had John Rambo committing suicide at the end of the film, but this was changed to allow him to live, not because the producers wanted to make a sequel but because test audiences found the original ending too depressing. Nevertheless, someone obviously thought that the character was too good to waste, because he ended up as the hero of two more films in the eighties, plus the recently released fourth instalment.<br /><br />The official title of this film was ""Rambo: First Blood Part II"", but it is more commonly known simply as ""Rambo"". It starts with the title character in jail, where he is presumably expiating the crimes he committed in ""First Blood"", although this is never made too explicit. He is removed from prison by his former commanding officer, Colonel Trautman, for a secret mission. Rambo is to return to Vietnam to investigate reports that American POWs are still being held captive by the Communist regime. He is under strict instructions not to attempt to rescue any prisoners or to engage the enemy; his is to be simply a fact-finding mission.<br /><br />What Rambo does not realise is that he is being set up, not by Trautman, who is portrayed as brave, honourable and incorruptible, but by the organiser of the mission, a military bureaucrat named Murdock. Murdock intends that the mission will prove that there are no American prisoners in Vietnam, partly because that will improve relationships between the American and Vietnamese governments, partly because it will make his own life easier. Unfortunately for Murdock, Rambo discovers that not only are Americans still being held prisoner, they are also being kept in hellish conditions. Of course, he is far too much of a hero to leave them to their fate, and tries to rescue them. The rest of the film is more or less one long battle between Rambo and a few allies (including a beautiful Vietnamese girl) and the evil commie soldiers and their Russian allies. Most of the evil commies, of course, end up dead, although I was surprised to learn from your ""trivia"" section that the total death toll was as low as 67. At times it seemed as though Rambo was trying to wipe out the entire Vietnamese army.<br /><br />The tone of this film is very different from the first. In ""First Blood"" Rambo was unquestionably a criminal, even though his responsibility for his crimes was lessened by severe provocation and by his mental instability. In ""Rambo"" he is a bona fide all-American hero. A few years earlier the director, George Pan Cosmatos, had made ""The Cassandra Crossing"", a biased piece of left-wing anti-American propaganda. Cosmatos, however, was nothing if not versatile, and ""Rambo"" proves that he could also turn his hand to biased right-wing pro-American propaganda. The one thing the two films have in common is that both are laughably bad.<br /><br />""First Blood"" had its faults, but it also had its virtues. Its stance, that the anti-war movement was partly to blame for the problems faced by Vietnam vets in readjusting to civilian life, was a controversial one, but at least the film was trying to make a statement about war, social attitudes to war, and the roots of violence in society. ""Rambo"", by contrast, has very few virtues, except that the action sequences are well enough done to please those who like that sort of thing. It is essentially a sort of jingoistic revenge fantasy for those Americans who were still sore about the Vietnam war. Rambo re-fights the war single-handed, and this time the right side wins. Take that, Charlie Cong! <br /><br />By this point, no doubt, the film's admirers (and there seem to be plenty- more than 2,000 voters have already given it ten stars) will have concluded that I am a liberal commie-loving pinko. Far from it- in fact, I have always despised Communism as a pernicious ideology. What I dislike about the film is not its politics but its lack of subtlety and its suggestion that the solution to all problems, including ideological disputes, is to go in with all guns blazing and to try and kill as many people as possible. It makes no attempt to understand the political complexities of South-East Asia or why not everyone in the region was pro-American. For all its anti-Communism, the film is the sort of moronic sledgehammer propaganda that the Communists were very good at churning out themselves- except that they attributed all the world's problems to Capitalism, or Imperialism, or Revisionism, or whatever other ism they had taken a dislike to. Compared to ""Rambo"", ""The Green Berets"" was a masterly piece of political analysis. 3/10"
tt0091631,"Nightmare Weekend is proof positive that some people are so desperate to be 'in the movies' they are prepared to do almost anything.<br /><br />I'm not referring to the countless women who seem quite happy to appear completely starkers in this dreadful piece of trash (after all, the naked female form is a beautiful thing and nothing to be ashamed of). No...I'm talking about those who are more than willing to co-star with a badly made hand-puppet called George. Now that is embarrassing!!!<br /><br />A bio-electronic being created by brilliant scientist Edward Brake (Wellington Meffert), George (who looks like a demented felt clown with green wool for hair) is the artificially intelligent interface for an advanced computer system that operates a revolutionary device (a silver sphere about the size of a golf ball) that, when ingested, can reverse character disorders.<br /><br />Edward's personality altering experiments have been successful on lab animals, but the cautious scientist is reluctant to carry out tests on human subjects, fearing that there may still be side effects. His evil assistant Julie (Debbie Laster), however, has no such qualms, and proceeds to use three beautiful young women as guinea pigs. Inevitably, they all turn into hideous killer mutants.<br /><br />With bargain basement special effects, a cast totally devoid of talent, and a plot that is almost impossible to follow (I took notes as I watched the film, and even then I am not entirely convinced that my synopsis is accurate), Nightmare Weekend is a complete and utter disaster that not even several soft-core sex scenes and a touch of gore can rescue.<br /><br />This film also features one of the most irritating characters I have ever seen in a horror movie: Tony (Bruce Morton), a Walkman wearing idiot who bops away to crap 80s music in a manner that makes me look like Justin Timberlake in comparison."
tt0091859,"I can just about understand why some people might wish to stress this film's link with the Eighties but I really wouldn't say it's an accurate depiction of most peoples' lives in that era - even on the poorest Bradford estates. It is however typical of the blunt agitprop rubbish the dear old Royal Court Theatre was churning out at that time. Plenty of 'right-on' artistry for small, small audiences but enough well-connected backslapping to ensure future commissions for turgid playrights. IThe simple fact is that if you want to reflect upon truer common experience you'll find millions more nodding in knowing agreement to love and live as depicted in 'Gregory's Girl'. <br /><br />I would be tempted to call this a 'kitchen sink' drama but that would be doing a great disservice to the plumbing industry. However, as far as having a decent script is concerned, this film is indeed all washed up. For some reason it has accrued an odd following amongst Guardian reading film-goers - I can only assume they get a visual frisson out of pretending to slum it. Steer clear my friends. It is a poor film with a poor script that likes to think it is breaking boundaries by adding humorous insights into grim life on the estates. it isn't..but it is grim. Do the washing up instead."
tt0091920,"I actually prefer Robin Williams in his more serious roles (e.g. Good Will Hunting, The Fisher King, The World According to Garp). These are my favorite Robin Williams movies. But Seize the Day, although well-acted, is one of the worst movies I've ever seen and certainly the worst Robin Williams movie (even worse than Death to Smoochy, Club Paradise, and Alladin on Ice).<br /><br />Every good story is going to have its ups and downs. This movie, however, is one giant down. I don't need a feel-good Hollywood cheese-fest, but I've got to have something other than 90 minutes of complete and utter hopelessness. This movie reminds me of ""Love Liza"" (which is actually worse) because it seems that the only point of the movie is to see how far one person can fall. The answer? Who cares."
tt0093176,"Prom Night 2 is an OK horror movie but prom night is way better and this movies about how the prom Queen Mary Lou in 1957 gets killed by her boyfriend and comes back 30 years later for revenge.The best actor in this movie is Micheal Ironside and the movie stars other OK actors and actress like Justin Louis (I),Wendy Lyon,Lisa Schrage and Richard Monette(I).And there are some good gore scenes like when Mary Lou kills the girl that is trying to hide in her locker by crushing the lockers together and how one of the students are on the computer and Mary Lou electrocutes him to death.Over all this is an OK/good horror movie and my rating is 4 out of 10."
tt0093565,"Ok, first the good: Cher's performance and the cinematography. Although I'm no Cher fan, she gives an excellent performance and her part was well written. The cinematography was well done and captures a sense of romance.<br /><br />The Rest: a thin plotline, Nicholas Cage's performance, and a totally unhumorous and weak attempt to portray an Italian-American family from New York. Firstly, everytime time Cage opened his mouth I cringed. I don't know what kind of accent he was trying use. I honestly don't, it sure wasnt any New York or Italian accent I've ever heard. It was quite surreal. And it wasn't because I'm some stickler for accuracy, his voice just cloyed in my ears. And I like Nicholas Cage in other performances. Secondly, and this is purely anecdotal, but I have many Italian relations, friends and acquaintances in New York City, and frankly I've gotten more laughs and felt more joy in the appreciation of the Italian ethnic family by far than this movie provided. And that would be on a boring night at the house. What a let down."
tt0093582,"An excellent performance by Alix Elias highlights an otherwise mis-directed and confused pile of dreck. I have seen this movie, perhaps 12 times, and with each run through, I find less and less pleasure. Why are Munchies so lustful? Is that ever explained? Are they a reflection of our wanton, boorish 'animal selves?' If they are, why not make it more obvious? Why not peal back just a touch of the subtlety that plagues this movie, and make that connection explicit? Another part of this movie that bothers me to no end - motorcycles. The jacket the little monster wears on the front cover seems to suggest 'street-wise' traveler. The sun glasses say 'pretty cool dude.' With all this I'm ready for Easy Rider meets the Muppets. All I get is Munchies (1987). What gives? Stick to the Gremlins series if you're a fan of diminutive, wise-cracking, reptile puppets - it'll give you the treatment you deserve."
tt0096073,"The movie confuses religious ethics and ideals so much that it fails to create coherent argument against the death penalty on any level. By presenting the lawful execution of a convicted murder as the catalyst for the apocalyptic end of mankind the movie elevates a parent killer to the status of martyr for Christ. Somehow, according to the plot, god is outraged that society has chosen to rid it's self of a fanatic who killed his own parents by starting them on fire while they slept defenselessly in their beds. Yet this same god has no indignation for the acts of the killer. The lead character, an nonreligious pregnant suicidal woman, ultimately gives her own life in a defiant but implausible attempt to unsuccessfully save this convicted killer. In other threads of the underdeveloped plot Jesus comes back as a powerless and frustrated vagabond to symbolically unleash the wrath of God. The modern lackluster incarnation of Christ not just dehumanizes him but mocks the messianic ideal of all religions as well. He is unable to affect humanity for good and unemotionally skates the edges of life waiting for mankind to destroy it's self. Meanwhile, with little help from Jesus the mentally unstable pregnant woman finds herself with the ability to reincarnate herself into her newly born soulless child which somehow saves all of mankind from the wrath of the almighty. I also interpreted that as a statement in support of abortion on some levels. This movie which attempts to weave many religious themes into a thriller fails to make any religious point that I could clearly interpret except to mock people's beliefs. It raises many questions that it never even attempts to answer. It disregards the religious values of its audience while attempting to portray an asinine version of their fulfillment. Silly"
tt0096453,"There are many different versions of this one floating around, so make sure you can locate one of the unrated copies, otherwise some gore and one scene of nudity might be missing. Some versions also omit most of the opening sequence and other bits here and there. The cut I saw has the on-screen title WITCHCRAFT: EVIL ENCOUNTERS and was released by Shriek Show, who maintain the original US release title WITCHERY for the DVD release. It's a nice-looking print and seems to have all of the footage, but has some cropping/aspect ratio issues. In Italy, it was released as LA CASA 4 (WITCHCRAFT). The first two LA CASA releases were actually the first two EVIL DEAD films (retitled) and the third LA CASA was another film by the same production company (Filmirage), which is best known here in America as GHOSTHOUSE. To make matters even more confusing, WITCHERY was also released elsewhere as GHOSTHOUSE 2. Except in Germany, where GHOSTHOUSE 2 is actually THE OGRE: DEMONS 3. OK, I better just shut up now. I'm starting to confuse myself!<br /><br />Regardless of the title, this is a very hit-or-miss horror effort. Some of it is good, some of it isn't. I actually was into this film for the first half or so, but toward the end it became a senseless mess. A large, vacant hotel located on an island about 50 miles from Boston is the setting, as various people get picked off one-by-one by a German- speaking witch (Hildegard Knef). Photographer Gary (David Hasselhoff), who wants to capture ""Witch Light,"" and his virginal writer girlfriend (Leslie Cumming), who is studying witchcraft, are shacking up at the hotel without permission. Along comes real estate agent Jerry (Rick Farnsworth), who's showing off the property to potential buyers Rose (Annie Ross) and Freddie (Robert Champagne) Brooks. Also tagging along are their children; pregnant grown daughter Jane (Linda Blair) and very young son Tommy (Michael Manchester), as well as oversexed architect Linda Sullivan (Catherine Hickland - Hasselhoff's wife at the time). Once everyone is inside, their boat driver is killed (hung) and the boat disappears, so they find themselves trapped and basically at the mercy of the ""Lady in Black.""<br /><br />So what can you expect to find here? Plenty of unpleasantries! One of the characters has their lips sewn shut and is then hung upside down in the fireplace and accidentally slow-roasted by the rest of the cast. There's also a crucifixion, witches eating a dead baby, a swordfish through the head, someone set on fire, a possession, a Sesame Street tape recorder, the virgin getting raped by some demon, a guys veins bulging and exploding thanks to voodoo doll pokes and some other stuff. From a technical standpoint, it's a nice-looking film with pretty good cinematography, a decent score and good gore effects. The hotel/island setting is also pretty nice. Blair (particularly at the end) and Ross both seem like they're having fun and Knef is great as the evil witch. Even though people like to ridicule Hasselhoff these days, he's not bad in his role, either.<br /><br />On the down side, despite all the gore, the film seems somewhat dull and it gets monotonous after about an hour. The supernatural themes are muddled and confusing, too. When characters are being swept into the witches lair to be tortured and killed, the filmmakers unwisely decided to superimpose the screaming actors over some silly looking red spiral vortex effect that looks supremely cheesy. And the witch lair itself is vacant and cheaply designed with unfinished lumber. And while most of the cast is at least decent, a few of the performances (particularly the ""actress"" who plays Hasselhoff's girlfriend and the kid) are so bad they're constantly distracting."
tt0096511,"Although the likeliness of someone focusing on THIS comment among the other 80+ for this movie is low, I feel that I have to say something about this one. I am not the kind of movie-watcher who pays attention to production value, thought-provoking dialog, or brilliant acting & directing. However, I claim that this movie sucks. I don't know why I don't like it... I mean it has almost everything i want out of a horror movie: blood, outrageousness, unintentional humor, etc. According to this evidence it should be my favorite. Still, Zombi 3 is a baaad movie.<br /><br />There are just too many things that compels you to yell at the screen. Like when the girl leaves the army guy when their car breaks down to find water (this spoils nothing so don't worry). She walks into what I see as an abandoned hotel or something. Did she not see that there was a friggin' lake in the middle of the building??? Yes she's looking for water and passes up a lake. Why? Cuz she wants to know why the people (who aren't there cuz the place is abandoned) won't answer her when she calls out: ""Is anybody there?"" Oh this is just a little, insignificant piece of the big picture I'm painting.<br /><br />There is a reason, though, why I gave this film more than 1 star. It's one of those movies where if you forget how bad it really is, like I have a few times, you'll want to watch it again because it's just so over-the-top in every aspect. I called it blood in the first paragraph, but this movie has no blood, it has an ocean of gore. Also, it has pretty weird creatures in it as well: a zombie-baby (with an adult-size hand???) and a magically flying head to name just two.<br /><br />You know when you try to think of the worst and cheesiest movies ever made and you come up with '50's sci-fi movies? I believe that Zombi 3 and movies like it should top those. It has all the elements: scientists arguing with the government, warnings of the apocalypse on the radio, armies battling monsters, and so on. This IS the Plan 9 of the '80's! While I won't say that this is a waste of money if you want to buy it, just expect the very worst. And when you find out that expecting the worst is underestimating Zombi 3, it won't be all that bad. You might actually like it, I'm not saying that's impossible.<br /><br />Don't think I hate this movie, I don't... really. Oh, P.S. Killing Birds (aka Zombie 5) rules! (did I just blow my credibility?)"
tt0096870,"...okay, maybe not all of it. Lured by the false promise of bikini-clad women on the movie's cover...but the HORROR...THE HORROR... ...whatever you do, do NOT watch this movie. Gouge out your eyes, repeatedly bash your skull in...do what it takes. Never again--never forget!<br /><br />"
tt0097937,"The most important thing about this movie is the brilliant performance by Daniel Day-Lewis and Hugh O'Conor as Christy Brown, guineas artist and fighter who despite of her physical condition overcame all the odds. As a person who did work with patients with cerebral palsy, I can assure you that their performance were shockingly convincing. The enormous support that Christy got form his family, low-income, working class Dubliners, encouraged him to do the impossible and this picture depicted this support brilliantly have not read the book, but the dialogs were written wisely to capture Christy Brown's witty arrogant personality. I do recommend this movie to everyone, especially to classic movie-lovers."
tt0098525,"This movie is like the material S.E. Hinton was writing in the 1970s and Copola was adapting to the screen in the early 80s, and, had Trueblood actually been a product of either, the results might've been much better (especially in the acting department). Instead, we get a rather so-bad-its-funny piece of mediocrity.<br /><br />Jeff Fahey plays Ray Trueblood, a former street rumbler, I suppose is the accurate description. This was in the days of action movies that used guys in their 40s and mid30s and dressed them up in greaser threads or some kind of more effeminate selection of gang garb and they fought to lousy 80s music. Nonetheless, Ray is the lone caretaker of his younger brother, Donny (Chad Lowe in a part where he screams a lot), who he is forced to leave behind inexplicably in a train station when, on the run from the cops, he is nabbed and forced to serve time in the Marines. Flash forward to present day and Ray is back in town and looking for his brother who has also become part of the street gangs, although in a gang that was Ray's adversary and now old scores must be violently settled (and again, cops must be dodged and this time, a lady's honor defended in the action film sense) before Ray can carry on life at normal pace with his brother, Donny.<br /><br />For the most part, the film is quite ridiculous. For me, most of this has to do with far too much overacting, although not by Fahey or Sherlyn Fenn who plays the waitress he befriends. The guys in the gang and Lowe himself seem to do quite a bit of needless exaggerated as New York street toughs. Although, the bigger hang up is recycled plot lines and perhaps a kind of movie that was well past its prime as a product of 1989."
tt0099173,"I felt brain dead, I'll tell you. This is the worst film I have ever bought. (in my ignorance I thought this was the Peter Jackson film of the same name). The performances are so terrible they are laughable. The special effects have not stood the test of time and look dire. The script promotes that kind of TV movie, stare into the middle distance kind of acting. The cast look as if they have been taking lessons from Joey Tribbiani, they have one look each, and stick to it. Plus I have never been confused by a movie until I sat down to watch this. The is it a dream or no plot is so terrible that frustration sets in within a few minutes. Avoid like a plague."
tt0100201,"Not really a big box office draw, but I was pleasently surprised<br /><br />with this movie. James ""I did some things to Farrah Fawcett"" Orr <br /><br />co-wrote and directed this movie about an ordinary, average guy<br /><br />named Larry Burrows who thinks his life would have been<br /><br />incredibly different if he hit a homerun at a key baseball game<br /><br />when he was 15. But thanks to mysterious and magical bartender<br /><br />Mike, Larry gets his wish, yet soon realizes that his new life<br /><br />isn't exactly as he hoped it would be.<br /><br />I must say, this movie really impressed me. Critics have given<br /><br />it mixed, and I must say the concept is really interesting and<br /><br />pulled off well. Yes, it is a little standard, but packs enough<br /><br />funny moments, drama and excellent acting to make it really<br /><br />good. James Belushi (I think) was Oscar worthy for his role. Jon<br /><br />Lovitz is perfect, and Linda Hamilton plus Renee Russo shine in<br /><br />their roles. Michael Caine is perfect as the bartender. It's<br /><br />just a good movie with a good lesson. If you've never seen, I<br /><br />highly recommend you check"
tt0101368,"A young scientist is trying to carry on his dead father's work on limb regeneration.His overbearing mother has convinced him that he murdered his own father and is monitoring his progress for her own evil purposes.A young doctor uses reptilian DNA he extracts from a large creature and when his arm is conveniently ripped off a few minutes later,he injects himself with his formula and grows a new murderous arm...Admittedly the special effects in ""Severed Ties"" are pretty good and grotesque,but the rest of the film is awful.The severed arm is behaving like a snake and kills few people.Big deal.The acting is mediocre and the climax is silly.3 out of 10."
tt0101625,"This movie has an all star cast, John Candy, Richard Lewis, Ornella Mutti, Cybill Shepard, and Jim Belushi to name a few, run amuck in Monte Carlo, as well as some other beautiful European locations, and is very funny. The trouble that everyone gets in when they lie to protect themselves is great, and I highly recommend that you see this movie, it is well worth it! John Candy is in top form in Once Upon A Crime, as is everyone else! If you and your family are looking for a great family film, this is your ticket. Everyone gives stellar performances, great acting, great comedy, and great timing, which is rare in movies these days. Great plot, great mystery, (which I love anyways) and overall, well worth the money you spend on it. So get the kids, grab some popcorn, juice, or tea, or sodas, and enjoy the show!!!!"
tt0102048,"David Mamet is a very interesting and a very un-equal director. His first movie 'House of Games' was the one I liked best, and it set a series of films with characters whose perspective of life changes as they get into complicated situations, and so does the perspective of the viewer.<br /><br />So is 'Homicide' which from the title tries to set the mind of the viewer to the usual crime drama. The principal characters are two cops, one Jewish and one Irish who deal with a racially charged area. The murder of an old Jewish shop owner who proves to be an ancient veteran of the Israeli Independence war triggers the Jewish identity in the mind and heart of the Jewish detective.<br /><br />This is were the flaws of the film are the more obvious. The process of awakening is theatrical and hard to believe, the group of Jewish militants is operatic, and the way the detective eventually walks to the final violent confrontation is pathetic. The end of the film itself is Mamet-like smart, but disappoints from a human emotional perspective.<br /><br />Joe Mantegna and William Macy give strong performances, but the flaws of the story are too evident to be easily compensated."
tt0102690,"The only reason to see this movie is for a brilliant performance by Thom-Adcox Hernandez who is underused in the movie within the movie. As usual Tom Villard is good, too. Otherwise it's c**p. The possesor doesn't even exist how does he magically change the letters on the theatre marquee to spell out ""The Possessor""? Lame."
tt0104808,"The supernatural, vengeful police officer is back for a third installment, this time acting as guardian angel for a wrongfully accused female cop. Standard stalk and slash picture, yet well acted and directed, thus making it oddly interesting and watchable, though the violence isn't for the squeamish (especially the director's cut which was originally given an ""NC-17"" rating).<br /><br />*1/2 out of ****"
tt0114746,"Twelve Monkeys is an insane time-travelling, action packed movie that stars Bruce Willis who plays James Cole, a man who is sent back in time to collect information about the devastating plague that ensues in November of 1996. Unfortunately, he is sent back too far to the year 1990 where everyone believes that he is insane.<br /><br />This movie is thrilling and has great acting performances from Bruce Willis, Brad Pitt and Madeleine Stowe. Twelve monkeys is one of the greatest time travelling movies that I believe anybody can enjoy. Terry Gilliam has created a true masterpiece<br /><br />10/10"
tt0115994,"Proof that not everything Tarantino touches turns to gold. This is most definitely plastic, all the way. Its easy to see that without Quentin's involvement this would have probably sat on the shelf for years, that's assuming it would have ever got produced in the first place. It is about a woman with a fascination of death who gets a job cleaning up after crime scenes, Angela Jones is unconvincing in this role, William Baldwin is better as the Serial Killer who keeps Jones in employment!. All in all pretty poor."
tt0116756,"If you are a fan of really bad movies, and you think there funny, you will the great acting of Shaq. First off putting pro players in movies hardly ever works. Shaq had to of been the worst actor i have ever seen next to Dennis Rodman who also made a few bad movies. Well any way this movie is also bad due to the hideous kid. I would give this a zero but that is impossible."
tt0117283,The Pallbearer is a disappointment and at times extremely boring with a love story that just doesn't work partly with the casting of Gwyneth Paltrow (Julie). Gwyneth Paltrow walks through the entire film with a confused look on her face and its hard to tell what David Schwimmer even sees in her.<br /><br />However The Pallbearer at times is funny particularly the church scene and the group scenes with his friends are a laugh but that's basically it. Watch The Pallbearer for those scenes only and fast forward the rest. Trust me you aren't missing much.
tt0117382,"Three part ""horror"" film with some guy in a boarded up house imploring the viewer not to go ""out there"" and (unfortunately) gives us three tales to prove why.<br /><br />The first story involves a young couple in a car accident who meet up with two psychos. It leads up to two totally predictable twists. Still, it's quick (about 15 minutes), violent, well-acted and well-done. Predictable but enjoyable.<br /><br />The second involves a man on the run after stealing a large amount of money. His car breaks down, he's attacked by a dog and stumbles into a nearby clinic. VERY obvious, badly done and extremely slow. Even at 30 minutes this is too long. Good acting though.<br /><br />The third is just barely a horror story. It involves a beautiful, lonely woman looking for Mr. Right. It has beautiful set designs, a nice erotic feel and a nice sex scene. But (again) predictable and not even remotely scary.<br /><br />It ends very stupidly.<br /><br />All in all, the first one is worth watching, but that's it. Tune in for that one then turn it off."
tt0117894,"You'll notice that the chemist, who appears in two scenes and gets to speak, is played by Stephen King. ""Don't give up your day job"" is the standard thing to say, but that's not fair. King acquits himself reasonably well: he's no worse than any other member of the cast, and better than most. The story, on the other hand, is pure rubbish. Please, give up your day job.<br /><br />Never have I seen so many dreadful performances - of which the lead actor's (the LEAD ACTOR'S!) is probably the worst - gathered together in the one film. Everyone acts hammily, but not in any entertaining way; they all somehow manage to go over-the-top without expending, or manifesting, energy. I blame screenwriter/director Tom Holland. It can't be that ALL the actors are REALLY this bad. What are the odds against that? Admittedly, I've never heard of any of them before, but still, I don't think I could walk into a talent agency and walk out with this many bad performers if I tried: ONE actor, despite my best efforts, would turn out to have talent. So what's more likely - that Tom Holland rolled a dozen consecutive snake-eyes, or that he wrote a lousy script and then directed it poorly? That would also explain why actors are bad in direct proportion to their prominence in the script. The more direction an actor got, the worse he performed. (""You want me to bend over like a hunchback, talk from the back of my throat, show all my teeth, and look bored, all at the same time? Okay..."")<br /><br />This theory is confirmed by the fact that Holland undeniably managed to co-write a lousy script. Several writers here have commented on the fact that Billy Halleck is not a likeable character, but that's a misleading way of putting it. He's not a knowable character. All we find out about him before the supernatural stuff starts happening is that he's fat, and that all he can think about is food. (""All I can think about is food,"" he tells us, helpfully.) And in the end...<br /><br />(Sigh) I suppose I ought insert a spoiler warning here...<br /><br />In the end he becomes evil. Why? I can only shrug. Perhaps he's under some kind of enchantment. Yeah, that's probably it. By ""evil"" perhaps I mean ""inexplicable"" - it's not so much badness as a socially undesirable suspension of ordinary means-end psychology. Anyway, his actions at the end make no sense, nobody's actions make much sense, and this is despite the fact that the characters do little but explain their motivation for the benefit of the audience.<br /><br />By the way, here's my nominee for hammiest line/delivery: ""I don't think you'd like it. IN FACT..."" [big dramatic pause] ""...I don't think you'd like it at all."""
tt0119196,"I think I've seen all of the Grisham movies now and generally they're all very poor, except for The Rainmaker, but this one is so bad it's unbelievable<br /><br />WARNING SPOILERISH<br /><br />It's one of those movies where the character does the stupid irrational things that no one would ever do. He's a lawyer for Christ's sake. Why when his children go missing does he not call the Police. Oh yes it's because all the Police hate lawyers so they're just ignore him and let him be attacked.<br /><br />When he's arrested for murder they just let him go free, he would be locked up in a cell pending a bail hearing. <br /><br />Why would you drag your kids halfway across the country when you could easily protect them at home.<br /><br />The Police don't bother to try and find an escaped mental patient, they don't bother to interview his daughter.<br /><br />As for the ridiculous ending.<br /><br />In summary, silly, very unrealistic and a complete waste of time.<br /><br />0/10  One of the worst films ever made."
tt0119303,"Home Alone 3 is one of my least favourite movies. It's the cream of the crop, or s*** if you tend to be more cynical, as it ranks up (or down) there with stuff like Battlefield Earth and Flinstones: Viva Rock Vegas. In fact, it could even be worse than those two, since those two at least intermittently made me laugh at their stupidity. This just made me cringe in pain constantly and clap when the credits started rolling. No other movie has made me cringe in pain. Now I will point out exactly why this movie is so incredibly atrocious.<br /><br />First off, the plot is ridiculous. It revolves around a chip in a remote control car (?!) that is misplaced and how these terrorists want it. Dumb stuff.<br /><br />The action that ensues is similar to that of the other two Home Alones, with boobytraps and all, but watching these boobytraps being executed is, rather than being funny, incredibly unpleasant to watch. I didn't laugh (or even so much as smile) once, rather, I cringed constantly and hoped that the terrorists would nail the kid. The bird, rather than providing comic relief, was unfunny and annoying.<br /><br />The acting, as done by a bunch of no names, ranges from poor to atrocious. There is not a single good performance here. Alex D.Linz is absolutely unlikeable and unfunny as the kid, while the terrorists act (and judging by their movie credits, look) as they've been hastily picked off the street...and well, that's it.<br /><br />I can see some people saying: ""Man, it's for the kids. Don't dis it, man."" Well MAN, kids may like this, but they can get a hell of a lot better. See Monsters Inc. and Toy Story before even considering getting this out. Hell, even Scooby Doo and Garfield (which suck - see those reviews for more) are better than this! <br /><br />So in short, this is an irredeemably atrocious movie. This was clearly recycled for the money, as it almost completely rips off the first two; the only thing is, it completely insults the first two as well. No human, kid or otherwise, should find any reason to see Home Alone 3. Ever. It's THAT bad.<br /><br />0/5 stars"
tt0119700,"I watched this movie last night and already I am struggling to recollect very much about it. The story is about a group of criminals who escape from a space penal colony. They fly to the Moon in a space-age dustbin carrier; when there, they terrorise the dustbin men who work on the Moonbase.<br /><br />It strikes me that rubbish low-budget sci-fi films often involve either desert planets or, like this movie, criminals escaping from penal colonies. Why this is I have no idea. But I can say with some certainty that such films are always diabolical. This one is really no exception. It begins reasonably well with a decent credit sequence and a half-way alright dance music soundtrack. It then degenerates into a boring sci-fi thriller. So little of consequence actually happens in this movie that I am literally struggling to write a helpful review, so if you're reading this I apologise for not being able to enlighten you to the film's subtleties and nuances. For the record, I recall a tedious bunch of baddies, a tedious bunch of goodies, some nuclear warheads and a hologram of a naked woman. Other than that, I'm struggling.<br /><br />If you feel you could be interested in the activities of lunar dustbin men then I would not hesitate to recommend this film. I would also recommend it to those of you who wish to send their friends to sleep and steal their wallets."
tt0120041,"this film has it all; the deft camera work, reminiscent of martin scorcese, or oliver stone, the tight acting of 'heat', the explosive action of a jerry bruckheimer movie, the witty dialogue of a tarantino script and the epic feel of say, 'the godfather'<br /><br />the judge reinhold character displays a fiery temperememt, yet also shows real emotional depth and intensity. his performance reminds me of robert de niro's portrayal of jake la motta in raging bull.<br /><br />the action scenes are truly breathtaking, not since bullit has a movie depicted such high octane, yet stylish car scenes. The special effects push the boundries of technology and filmmaking to their limits. Independance day set the standard that this movie clearly has matched, and greatly surpassed.<br /><br />overall, great acting from its a list cast (like an oscars night party invitation list!), classy locations, gripping action, and a tight script."
tt0138322,"From the first time I saw the box cover of the movie and the stretched out photography I thought this guy, this friend of the 'Scwarz' must be like 6 foot or 6ft 2in. <br /><br />Not 5 feet tall. Not that, it's his fault. <br /><br />At any rating, I turned on the movie one cool night in Tucson, out on the second story-deck with a good cigar and let it roll. At that time my wife was having an affair and things were going down hill for me, so I needed a good diversion. But, as bad as the movie was...I totally enjoyed it, with a bottle of Merlot too, I might admit. <br /><br />Truly, I have watched this movie many times. It always makes me feel good!! It's not that it 'tries too hard' to be cool or that 'It's so close' to hitting the mark for an action film....It's frantic. And then truly clueless. Then frantic again. It's the best of the best when it comes to a slow speed chase scene. Wow!! I never felt safer in my life. Warm and happy too. I was thankful that they conserved on the gasoline during the chase, due to less production in the summer months...anywho <br /><br />The direction was 'uninspired' the action and fight sequences needed to be choreographed, or re-choreographed and tightened up, the sound was off the delivery didn't hit you, it just kept on going, the other way. The 'locals' of that village that they were in, the town rather, were 'Off cue' they also did not seem to follow what was happening very well, the would look and even 'stare' into the camera lens. Like a deer in the head lights kind of thing only some of them with a smile, a smiling deer. <br /><br />I feel bad because 'Columbu' I just bet has a good heart and a caring spirit for people in America as well as for his own countrymen. <br /><br />However ""Baretta's Island"" is very lethargic and unbelievable. Even still I like it a lot. My now x-wife hates it, but I love it! <br /><br />The funny thing is, I am pretty discriminating when it comes to movies I like or even 'love'. All in all, I like Franco. So there it is. <br /><br />As a movie adding addendum to this if you like killing a few hours with truly fun to watch, straight to video-B movies or 'bad' movies for your little library collection then, if you can find it, check out 'The Big Sweat' (1991) with Robert Z' Dar..you know the big guy from 'TANGO & CASH'. 'The Big Sweat', a bomb of a cop story with no real plot discovery and acting that is so lame, it might as well be 'on crutches' and at the end of 'The Big Sweat' I think they ran out of money, because they had a picture of the cast and just set it on fire and let it burn during the credits. -Good fun. <br /><br />But all in all, not as good as Baretta's Island', I gave it a '1' and an overall rating of 'awful' for awful-good B' movie. I'm waiting for the sequel, maybe like 'Baretta's revenge on Montazuma' (Franco takes a Mexican vacation and gets sick on the water then, declares war on the water co.) or 'Baretta's powder war' where as he would stake out a large drug lord in his country and chemically gene-splice and create a hybrid super bug (insect) that would be bred and dropped into the cocaine fields and eat the coke and upon passing it through the bug, it forms a chemical reaction that turns the coke to pure powdered sugar. Then another sequel he would have to get the young people rescued from excessive sugar addiction and so on. He could get a major tooth paste company to endorse and partially fund the project with careful product placement in the feature. Right?(*)"
tt0141369,"I was a huge fan of the original cartoon series, and was looking forward to finally seeing Gadget on the big screen -- but I never in my wildest dreams expected something so extremely extremely terrible. The pace was WAY too fast, there was no plot, and 'wowser!' - what the hell is that?? It was 'WOWSERS!!'."
tt0143096,"Who was George C. Scott? George C. Scott was a renowned actor. Practically any movie that he's been in is the better off for it. Now ol' George had absolutely NOTHING to do with this movie..., but he once said something that describes said movie to a T.<br /><br />I don't recall his exact words, but he basically said that Great Writing can Save Bad Acting, But Great Acting CanNOT save Bad Writing. Never has this little observation been truer than in ""The All New Adventures of Laurel & Hardy: For Love or Mummy"".<br /><br />The casting of the two leads was absolutely perfect. Bronson Pinchot (Laurel) and Gailard Sartain (Hardy) not only look the parts, but they do an exceptionally good job at mimicking the real deal (mannerisms and all). This movie should stand as a lasting testament to their talents. That said, this movie falls flat on its face when it comes to (you guessed it) WRITING.<br /><br />Aside from the opening dialogue between Pinchot and Sartain (which was very ""in character"") and a brief gag involving a taxi, this movie is an absolute chore to sit through.<br /><br />PROBLEM # 1: Too much time and effort went into the plot.<br /><br />I don't want to know why the mummy wants to kidnap the pretty British lady. What I WANT is to see Stan and Ollie (or at least, their stand-ins). Way too much screen time was devoted to explaining the plot or to the not-very-funny secondary characters that said plot revolved around.<br /><br />However, even if this movie had been all jokes, that would still leave us with...<br /><br />...PROBLEM # 2: Most of the jokes are what I would call ""watered-down"" slapstick. <br /><br />What do I mean by ""watered down""?<br /><br />In slapstick, a character gets hurt in an exaggerated way for comedic effect (ala Looney Tunes, 3 Stooges...,or how about Laurel & Hardy?).<br /><br />In ""watered-down"" slapstick (as I define it), a character gets mildly hurt or inconvenienced, and the filmmakers play that up for comedic effect.<br /><br />Maybe an illustration would help:<br /><br />In Looney Tunes, Daffy Duck gets shot by Elmer Fudd. His bill falls off and he puts it back on. That is classic slapstick.<br /><br />In this ""gem"", Ollie accidentally bumps into some people. They turn around, tell him to be careful, and continue on their merry way. That's not slapstick. That's not even funny. That's just...boring...and this movie is full of these kinds of jokes. It's as though they're this movie's bread and butter. The writers and directors just take these dull moments and act like they're supposed to be funny. Granted, the example I just gave is the most extreme case, but I can only cut it so much slack.<br /><br />Long story short: The film just doesn't work because the script fails to capitalize on Pinchot's and Sartain's abilities to impersonate Stan and Ollie. Instead, the script capitalizes on plot exposition and lame jokes. Watching this movie is basically watching two excellent impersonators who were given no real material to work with.<br /><br />Not a good movie, but an incredible sleeping aid.<br /><br />I say give this one a miss and stick with the real deal (just so long as you steer clear of ""Atoll K"" and ""Be Big"")."
tt0145531,"I find it hard to believe that anyone would put this movie in the same context as the Exorcist. Where the Exorcist was subtle and creepy, Stigmata was blunt, clumsy, and way too formulaic.<br /><br />This is one of the most visually beautiful films I've seen in a while, but the imagery does not make up for the downward spiral of patronizing exposition that makes it unbearable. <br /><br />My interest in this movie was peaked when it was compared to The Exorcist, and my visit to the official web site increased that interest. The web site had many tales of ""actual"" stigmata throughout history. However, scene by scene, the movie is so obsessed by its quest for ""genuineness"" that it becomes comical at first, then outright hard to watch toward the end. I began getting suspicious when the priest charged with investigating potential miracles walks into the beauty parlor where our would-be heroine cuts hair and, evidently, flirts with priests.<br /><br />The plot: A woman without faith in God begins receiving the wounds of Christ (the Stigmata) and is baffled and upset about the ordeal. A priest is sent straight from the Vatican to investigate the case. Is Frankie possessed by Satan, or a vessel for Jesus Christ?<br /><br />The only miracle in this film is that it finally ends."
tt0146315,"I notice that the previous reviewer (who appears to be still at school) gave this movie a very good review and I can only assume that this is because the reviewer hasn't seen the far superior 1989 BBC adaptation of this classic novel. The major problem I had with this (1999) version was the casting of Anthony Way as Tom Long. Anthony Way was a talented boy treble who shot to fame after appearing in the TV mini-series ""The Choir"". I can only assume that he was cast for the role of Tom Long on the strength of his excellent acting in ""The Choir"". Unfortunately the small boy who appeared in ""The Choir"" had grown into a tall and gangly youth by the time ""Tom's Midnight Garden"" was filmed and as such Anthony fails to convince as schoolboy Tom. It is too far a stretch of the imagination to believe that Tom (as played by Anthony) would befriend the far younger Hatty. In the 1989 BBC version Tom and Hatty are much closer in age and the development of their friendship is so much more believable. For a 1999 movie even the special effects fail to convince and are not any noticeable improvement on the 1989 TV effects. The casting and acting of this version are inferior to the earlier adaptation and all in all the movie was a lack lustre version of a true classic. As a final observation I would point out that the VHS of the 1989 BBC version fetches well over £20.00 second hand whereas a new DVD of this version can be bought for under £5.00, need I say more?"
tt0164052,"This picture started out with good intentions, Bacon the scientist out to test the theory of invisibility, and Shue is cute as usual in her role. It all falls apart after that, it's your typical Hollywood thriller now, filmed on a soundstage with special effects galore, minus any kind of humour, wit or soul. In other words, don't waste your time watching this. Get the audiocassette tape with John DeLancie as the Invisible Man instead, also starring Leonard Nimoy. Now that was good, and HG Wells is well served, unlike with this mess."
tt0171363,"Effect(s) without cause is generally not possible in the real world but in the world of Hollywood remakes, not only is it possible, it's required. The Haunting has been given the computer treatment courtesy of a 1st-class cinematographer-turner-director who once showed promise (Jan de Bont- Speed) but has since produced a string of big budget garbage (Twister, Speed 2).<br /><br />Actor are superfluous in a movie of this type and they seem to realize it. Liam Neeson and Cathrine Zeta-Jones act like they wish they were anywhere but in this film. Lili Taylor makes an attempt to add something to the proceedings but whatever that something might be is unknown since the script feels like half of it is missing. Events just happen, good and bad ghosts show up with no rhyme or reason and then the story just ends with a most unsatisfying non-event meant to wrap up the previous 90 minutes of inanity.<br /><br />There really isn't even reason to see this for the effects since we all know that anything can be put on screen now. Why not watch effects in the service of a good story instead of just for their own sake?"
tt0176700,"On a distant planet a psychopath is saved from execution by a space monk. He releases a few fellow inmates and breaks out of the prison in a spaceship. They dock onto a ludicrously enormous spacecraft that is orbiting a supernova star. This massive craft is populated by only three people, presumably because the budget of the film did not extend to hiring many actors. Anyway, to cut a long story short, the three goodies end up in a game of cat and mouse with the baddies.<br /><br />The psychopath in this movie is curious in that he is annoying. 'Annoying' is generally not a term one would use to describe a lunatic - unhinged, frightening, dangerous maybe but not 'annoying' but he is. The three people manning the giant ship are seriously unconvincing as warranting such important roles - this ship is practically the size of a city! Considering that the film is set approximately 50 years in the future, it is somewhat optimistic that such a huge man-made craft could exist, never mind the fact that it is used for such a relatively mundane task. Despite the vast size of the spaceship, the crew all have appallingly kitted out, tiny rooms and the dining room consists of what appears to be a plastic table and chairs. But there are a lot of corridors.<br /><br />The film is fairly well acted and it works as an averagey sci-fi thriller. But nothing great."
tt0180274,"I bought this movie for $5 at a used CD store, and I kinda regret it. I'll start by saying I'm a huge fan of cheesy horror flicks. They provide a horribly tacky cheap entertainment. This movie entertained for the first half hour, because it was so bad it could be made fun of in an MST3K style manner quite easily. Then it got boring.<br /><br />The acting is the scariest part of the movie. While great acting is not to be expected, this was laughably bad and, honestly, provided all of the entertainment that was to be had. This is the plus side to the movie. Where the movie really falters in entertaining is the writing, lighting, and the editing.<br /><br />This movie provides way too many ""What the %$@# is going on?"" moments. There are many moments, such as the mother having strange fits at dinner, and then that having absolutely no consequence in the movie. Along the lines of dinner, someone in charge decided it was fun to watch people eat refined food for five minutes straight without dialogue every time a meal was served. During the meals and other inappropriate moments, the scene cuts away to pure darkness outside. Then cuts back in. And speaking of darkness outside, one of the funniest parts of the movie is the climate, where apparently it isn't nighttime unless it's raining. And speaking of darkness, a big problem with the movie is that it's so poorly lit you can't see what's going on half the time, which is more of a frustration than anything. In one of the climactic scenes, you can't even tell what you're supposed to be seeing that's so shocking.<br /><br />And when it comes to climactic scenes, Unhinged contains one of the worst. I've seen people say ""Wow, that surprised me, and that's good."" I can say that the big reveal did surprise me, because I didn't see it coming. The reason I didn't see it coming is because it made absolutely no sense. I won't ruin it for you, but I will tell you that my friend and I spent a good twenty minutes rewinding to various parts of the movie to find anything that would have validated that at all, and all we found were more things saying that it wasn't possible.<br /><br />All in all, this movie is actually better when you watch it with the commentary tracks that make fun of it. I love crap horror movies, but this was too much."
tt0180303,"This horrendously bad piece of trash manages to be racist, sexist and homophobic all at once, while pretending to be terribly chic and sophisticated. Atrocious performances, a cliche ridden screenplay, and boring direction make this movie one to steer clear of. Two scenes were especially offensive - the one in which Schaech scrubs his tongue after being kissed by another man (could it really have been that gross), and the scene where Eastwood is kissed by Schaech's best friend, who is pretending to be Russian. After he leaves the room she exclaims ""f**king foreigners""! So much for her being a cultured artist who dreams of living in Paris!?!<br /><br />Jonathon Schaech can be a likeable actor on screen, and is astonishingly good-looking. It's a shame he didn't learn more from working with cutting edge gay director Gregg Araki on an earlier film, and try to salvage this film from descending into a string of gay stereotypes and a mire of homophobia."
tt0184463,"Twenty years ago, the five years old boy Michael Hawthorne witnessed his father killing his mother with an axe in an empty road and committing suicide later. On the present days, Michael (Gordon Currie) invites his girlfriend Peg (Stacy Grant) and his best friends Chris (Myc Agnew), Jennifer (Emmanuelle Vaugier), Lisa Ann (Kelly Benson), Ned (Brendon Beiser), Mitch Maldive (Phillip Rhys) and Trish (Rachel Hayward) to spend the Halloween in the country with his grandparents in their farm. He asks his friends to wear costumes that would represent their greatest innermost fear, and together with his Indian friend Crow (Byron Chief Moon), they would perform an ancient Indian celebration using the carved wooden dummy Morty (Jon Fedele) that would eliminate their fears forever. The greatest fear of Michael is to become a serial killer like his father, but something goes wrong and Morty turns into his father, killing his friends.<br /><br />""The Fear: Resurrection"" is a disappointing and pointless slash movie that uses the interesting concept of eliminating the greatest innermost fear of each friend before it grows, but in a messy screenplay full of clichés. There are some exaggerated performances, like for example Ms. Betsy Palmer; others very weak, but in general the acting is good. Unfortunately there is no explanation why the dummy is brought to live; further, in spite of being surrounded by close friends, the group does not feel pain or sorrow when each one of them dies. The low-pace along more than fifty minutes could have been used to built a better dramatic situation. In the very end, Michael shows a charm that his father was interested that I have not noticed along the story. I do not know whether the previous reference was edited in the DVD released in Brazil with 87 minutes running time. The special effects are very reasonable for a B-movie. My vote is four.<br /><br />Title (Brazil): ""Fear 2: Uma Noite de Halloween"" (""Fear 2: One Night of Halloween"")"
tt0187078,"This review may contain some spoilers.<br /><br />The remake of the classic 1974 car chase movie Gone in 60 Seconds begins well. Actually it is well acted and the plot moves quite well. But even a big Hollywood budget doesn't change the fact that the original plot was more believable. For those who don't know, the original plot had the thieves working as insurance inspectors. Who would suspect them. But even with a change to nearly every aspect of H.B. Halicki's original, the remake is a very good movie, until we get to the final chase scene, the part of the 74 version that made it great. The one in this version is watered down, only 10 minutes, and it culminates in a monster special effect that takes all believability out of the chase. Where the original chase was very believable, the star was a stunt driver who did all his own stunt, the remake falls flat in the last 15 minutes. My advice, if you want to watch a classic car chase film, fine the original in the bargain bin at your local rental joint and stay clear of the new remake."
tt0190897,"POPEYE AND BIG FOOT **; POPEYE'S ENGINE COMPANY **; GETTING POPEYE'S GOAT **1/2<br /><br />I used to lap these up as a kid but, catching an episode of the series comprising three cartoons back-to-back now i.e. several years later (they preceded the theatrical screening of the pirate yarn RAIDERS OF THE SEVEN SEAS [1953]), I can see how they don't hold up all that well! The character of Popeye isn't exactly sympathetic to begin with, Olive Oyl distinctly overbearing and Bluto's antics failed to elicit much interest either  in short, the scripts were alarmingly thin, fairly awful and generally unfunny to boot. They're strictly juvenile fare, yet I doubt today's kids would even have the patience to stick with them!; furthermore, the animation style is unattractive.<br /><br />Taking each short per se, I guess they improved from one to the other: after the initial shock, one adapted to its mediocre quality as it were, so that the third cartoon easily results in being the most enjoyable of the lot  Popeye is entrusted with a mascot army goat whose immense appetite causes him no end of mischief (hardly original, I know, but always an amusing ploy). One interesting element here was that the shorts were bookended with Popeye delivering moralistic bits of wisdom to the kids in the audience."
tt0192766,"While some performances were good-Victoria Rowell, Adrienne Barbeau, and the two Italian girlfriends come to mind-the story was lame and derivative, the emphasis on the girlfriend's racial background was handled clumsily at best, and the relatives were mostly portrayed as stereotypes, not as real people. I found myself wincing uncomfortably at many moments that were supposed to be funny. I can hardly comprehend why the local paper here in SF said this was a good movie, and wonder WHO posted the glowing review here on IMDb. Very disappointed in this movie, and mad I actually went to a theatre to see it, based on the faulty connection to Garden State, which is a far funnier, more inventive, and touching movie than this one. I must especially mention the emotional climax in the church, which was so wooden and by-the-numbers that I nearly left, and some in the audience actually DID. THAT was followed by a silly climax at the graveyard, which I saw coming 10 minutes before it happened. I really don't like being misled to spend my money so uselessly."
tt0202458,"It is a pity that you cannot vote zero stars on IMDb, because I would not have hesitated! In fact I would go so far as to say that this film was in the negative stars. <br /><br />I, like many others, bought this film thinking that because it has Michael Madsen in it, it could be good... No chance! This film was shocking! Imagine a movie length 'The Bold and the Beautiful', well, Primal Instinct did not even come close to that good, and I had previously thought that there would be nothing worse than a movie length 'The Bold and the Beautiful'. <br /><br />Michael Madsen, how could you do this to us? The worst part is, I didn't fast forward a bit, I was hoping that at the end they would reveal that it was all some sort of sick joke, that they thought it would be funny to make us watch such a horribly bad film.<br /><br />Where do I start...? Directing - Zero Stars, Screenplay - Zero Stars, Acting - Zero Stars, Cinematography - Zero Stars, Digital Effects - Zero Stars, Production Design - Zero Stars, Make-up - Zero Stars, Casting - Zero Stars, Editing - Zero Stars, Trailer - Half a Star, Graphic Design - Half a Star, DVD Menu - Half a Star.<br /><br />However I think that it is very important to have seen bad films just so that you know what a really bad film is, so for that reason I am happy that I saw this film, just so that I have a bad film to put at the bottom of my list."
tt0211938,"...that Jamie Foxx would ever deliver such a wonderful, Oscar-winning performance. One of the reasons why I was so impressed with Foxx's performance in ""Ray"" was because from watching his hammy, obnoxious acting in movies like ""Bait"" and ""Booty Call,"" I would never imagine he would ever hold the Oscar. If people told me five years ago that Jamie Foxx was one day going to win an Oscar, I would laugh right in their faces. Who knows? Maybe he's better off sticking to drama, because if you watch ""Bait,"" it's clearly evident that comedy is not his forte. I swear, Jamie mugs so much in this movie that I'm surprised his face didn't fall off. And why does he have to do those stupid voices at every chance he gets? Anyone familiar with comedians like Bob Newhart and Steven Wright knows that doing comedy doesn't require being loud and obnoxious. If a joke is funny, it's funny. If it's not funny, then doing some crazy accent is not going to make it any funnier. The problem I have with some comedians who decide to try acting is that they favor getting laughs over being in character. In real life, normal people don't always have witty comebacks and quips. Like Albert Brooks said in an interview discussing his character in ""Taxi Driver,"" it's important to be funny as your character, rather than be funny as a comedian. A prime example of Jamie violating that rule is the nauseatingly awful scene where his mug shots are being taken, and he starts posing for the photographs like a model. If a regular person were being thrown in jail, would he really be acting goofy while having his mug shots taken? And wouldn't the police try to scold him if he was? There are many scenes like that throughout the film. Another awful sequence is one where Jamie is on the unwittingly on the phone with the villain, and he starts doing a phony Caribbean accent. Not funny! Not to mention Jamie never seems to acknowledge the timing of a joke. Giving a comedic performance requires patience, whereas he goes straight to the punchline, whether it's the right time for it or not. I'm not even a big Mike Epps fan, but even his performance is good in comparison to Jamie's. As a matter of fact, this is the first time I felt somewhat relieved whenever he would appear on screen. Epps has the same flaws when it comes to comedy, but at least he chooses a more low-key approach. One of the few bright spots in this clunker of a comedy is David Morse, a highly underrated actor mostly known for his supporting roles as villains. He seems to be the only actor in the film concerned with grounding it in reality. However, fellow ""Green Mile"" star Doug Hutchison is disgustingly over-the-top as the villain. A big surprise, considering he gave a superb performance in ""The Green Mile,"" also playing a heavy. Antoine Fuqua has proved his directing chops in movies like ""The Replacement Killers"" and ""Training Day."" Even in ""Bait,"" he shows he can direct a hell of an action sequence. His only problem seemed to be in disciplining Jamie Foxx, who probably improvised half the script with one bad joke after another. Unless you're a die-hard fan of Foxx, please don't take the bait."
tt0218619,"Inept, boring, and incoherent supernatural ""thriller"" in which college student Cassie (Melissa Sagemiller) is the constant victim of hallucinations and nightmares after a car accident claims the life of her boyfriend Sean (Casey Affleck).<br /><br />I can't begin to tell you how bad this is...nothing of any importance ever happens nor is there ever any sort of actual entertainment value. I did not like this cast in this particular film - they are all sadly unconvincing (then again, their roles are no good). To promote this as a horror film is a joke. Where are the scares? There's no sense or suspense - there are a few good songs but that's about it.<br /><br />How on Earth did this project get the green light? Writer-director Steve Carpenter has no discernible vision or talent that I can sense. Worst of all, the conclusion really makes the whole movie pointless.<br /><br />The alleged ""killer cut"" that I watched is 86 minutes of pure tedium.<br /><br />1/10"
tt0219400,"I've seen some crappy movies in my life, but this one must be among the very worst. Definately bottom 100 material (imo, that is).<br /><br />We follow two couples, the Dodds (Billy Bob Thornton as Lonnie Earl and Natasha Richardson as Darlene) and the Kirkendalls (Patrick Swayze as Roy and Charlize Theron as Candy) in one car on a roadtrip to Reno.<br /><br />Apparently, Lonnie isn't too happy with his sex-life, so he cheats on his wife with Candy, who's despirately trying to have a baby. Roy, meanwhile, isn't too sure if his sperm is OK so he's getting it checked by a doctor.<br /><br />Now, I had read the back of the DVD, but my girlfriend didn't, and she blurted out after about 20 minutes: 'oh yeah, she's gonna end up pregnant but her husband can't have any baby's'. Spot on, as this movie is soooo predictable. As well as boring. And annoying. Meaningless. Offensive. Terrible.<br /><br />An example of how much this movie stinks. The two couples set out in their big car towards Nevada, when they are stopped by 2 police-officers, as they didn't stop at a stop-sign. The guys know each other and finally bribe the two officers with a case of beer. Not only is this scene pointless and not important (or even relevant) for the movie, it takes about 5 minutes! It's just talk and talk and talk, without ever going somewhere.<br /><br />I still have to puke thinking about the ending though. Apparently, Roy ISN'T having problems down there so he IS the father of the child. How many times does that happen in the movies... try something new! The cheated wife ultimately forgives her husband and best friend for having the affair and they all live happily ever after. Yuck.<br /><br />Best scene of the movie is right at the end, with a couple of shots of the Grand Canyon. Why couldn't they just keep the camera on that for 90 minutes?<br /><br />One would expect more from this cast (although Thornton really tries), but you can't really blame them. Writers, shame on you!<br /><br />1/10."
tt0240684,"Disney goes to the well one too many times as anybody who has seen the original LITTLE MERMAID will feel blatantly ripped off. Celebrating the birth of their daughter Melody, Ariel and Eric plan on introducing her to King Triton. The celebration is quickly crashed by Ursula 's sister, Morgana who plans to use Melody as a defense tool to get the King 's trident. Stopping the attack, Ariel and Eric build a wall around the ocean while Melody grows up wondering why she cannot go in there.<br /><br />Awful and terrible is what describes this direct to video sequel. LITTLE MERMAID 2 gives you that feeling everything you watch seemed to have come straight other Disney movies. I guess Disney can only plagiarize itself! Do not tell me that the penguin and walrus does not remind you of another duo from the LION KING!<br /><br />Other disappointing moments include the rematch between Sebastien and Louie, the royal chef. They terribly under played it! The climax between Morgana and EVERYONE seemed to be another disappointment.<br /><br />I will not give anything away, but in 75 minutes, everything seemed incredibly cramped and too much to handle. An embarrassment to Disney, LITTLE MERMAID 2 is better left to rent and laugh at. Then you can prepare for the rest of the other sequels Disney is going to drown you in later on."
tt0252028,"May contain spoilers.<br /><br />I say that, but anyone savvy enough to be reading this can probably figure out every plot turn right from the start.<br /><br />This is not a movie that I liked. I didn't hate it in the way of some movies that insult your intelligence, but it all felt too predictable on its trudge to the requisite happy ending. There were funny bits along the way to be sure, but few were original. At least it didn't go for the gutter.<br /><br />Christina Applegate looks fresh, and Ben Affleck works hard. Their scenes together are actually the only redeeming feature. Everyone else is a cardboard cutout, including, surprisingly, James Gandolfini, who must have made this as a favor to someone.<br /><br />All in all, it's a harmless, but not inspiring, 90 minutes."
tt0272147,"Ugh, what can I say other than, ugh. I rented this film because it was labeled as a sequel to the original Vampires. This movie could not have been any lamer. Lacking not only in plot, but the acting is atrocious. Combined with some obvious plot holes makes this movie a very hard one to watch. Many times I questioned my own sanity at continuing to watch the film long after the plot had jumped the shark. Here's a sampling of the lamer aspects...<br /><br />***SPOILERS***<br /><br />Professional ""Slayer"" insists on sleeping outdoors by himself at night. He wakes up to a woman crying, sitting no more than 3 feet from him in the middle of nowhere. He immediately goes to comfort her without questioning her sudden appearance. She goes from crying to seducing him, and he lets it happen with obvious results...<br /><br />One of the main characters is Zoe, was bitten by a Vampire, but as long as she takes these ""experimental pills"" she got in Mexico City, she's fine, although her body temperature is below room temperature...<br /><br />Guard outside of monastery where hero is staying the night is killed by vampires, hero leaves the next day. He then returns a day later only to be surprised that the vampires attacked the monastery the night after he left...<br /><br />...avoid this movie."
tt0275067,"The opening scene of this film sets the pace for the entirety of its ninety minutes. The shots are generic, conventional, and of television movie quality. The snow drenched scenery is gorgeous, yet the characters held with in it have a similar quality to that of looking at a photograph of such scenery, the overwhelming feeling being that of distance. Some of the editing is fairly high quality and the work of an veteran professional, the dialogue however is clunky and artificial, having little bearing on 'real' conversations at all seemingly. Any emotional insight is displaced in favour of swearing, which is of course the way in which everyone shows their true feelings. The action is slow and underwhelming, the overall feeling being one of someone trickling cold water over your head, but so slowly that you barely notice, yet eventually you feel pathetic and slightly sorry for yourself for being caught in such a incomprehensible situation.<br /><br />The mixture of genres that the Fessenden has seemingly tried to use; psychological thriller, horror and family drama, although commendable suffers from a serious lack of tension and interesting dialogue. The way in which the husband, wife and child trio interact is particularly unrealistic. The themes of family relationships being played out in haunting setting have been covered countless times before by far superior films, an instant example being that of The Shining (1980). The family unit here are torn by innocuous troubles which are hard to understand or sympathise with considering the relative ambiguity of the script.<br /><br />The family unit is hardly stalked throughout the film, Fessenden playing down the thriller possibilities of the narrative in favour of a slow family drama for the majority of the running time. The 'stalker' figure Otis has few apparent motives for his behaviour and despite being perhaps the most interesting and well acted character is still very underdeveloped. The main characters are empty husks of people who it was extremely hard to relate to, their relationships with each other being particularly void of any sentiment or feeling. Although the ignorance of the Erik per Sullivan's young character by his parents is presumably part of the story, surely any reasonable person would question their son if he allegedly spoke to someone who seemingly doesn't exist? People can accept this film as intelligent because of its relative lack of conventional aspects regarding creature based horror movies but this film fails in respect of whichever genre you wished to pigeonhole it in. You can read deep psychological meanings into every single minute detail of anything if you should so wish to but I think people would be better off over analysing their carpet for some deep emotional meaning, rather than these vacuous sub-human creations."
tt0285351,"I love the episode where Jim becomes the Greenman. It is great! When Jim tosses that little person through the window, the look on his face is priceless. Then when he starts to address the Priest in his wife's behalf only to find out that she has become the Pee-Woman? Great writing and great casting along with great acting makes this a must see. I am attempting to find a certain photo from that episode. I'd like to use it as my avatar on a message board because I think the Greenman is hilarious. Does anyone know where I can download a photo of Jim as the Greenman? Can anyone point me in the right direction to find such a photo?"
tt0293563,"I'm afraid this one is pretty dreadful, despite several good performances and generally competent acting-for-the-camera direction. It's a first and last attempt by writer-director Soo Lyu. ""Rub and Tug"" (2002) is one of the unfortunate by-products of Canada's program to promote home-grown film-making. While the program encourages worthwhile efforts like ""New Waterford Girl"" it opens the door for untalented novices like Lyu who did not have to aggressively pitch this project but was green-lighted without an adequate examination of her script or her credentials. <br /><br />You don't mind the low budget because the shabby production design, bad lighting, poor audio, and dreary docu-style shot selection is consistent with the subject matter; the workers in Canadian massage parlors. But the dialogue and the plotting doesn't give the actors anything to work with, the editor much to assemble, or a viewer any mental challenge other than suspension of disbelief. When your story is this simplistic the last thing you need is a muddled storytelling technique; even though nothing happens, the movie is hard to follow and point-of-view impossible to pin down. <br /><br />Don McKellar's performance as Conrad is several notches below his similar characterization in ""Exotica"". Lindy Booth's Lea is her standard quirky airhead; as always she is likable but here she is little else. Kira Clavell's Cindy is a pleasant surprise, a kind of Asian Shelley Duval. The only other role of any consequence, Tara Spencer-Nairn's street-wise Betty, more than cancels out her excellent performance in ""New Waterford Girl"". Her shallow performance in ""Rub and Tug"" should curtail any tendency to seek out other films in which she has appeared; unless you need further confirmation of ""Waterford"" director Alan Moyle's skill in working with young actors. <br /><br />You quickly conclude that Lyu's reptilian brain cannot grasp concepts like plot complexity, so the need to insert a lazy and lame ""deus ex machina"" device toward the end is hardly a surprise. Still it could be worse, the listless story has so little internal logic anyway that the unlikely ending is not as painful as would normally be the case. <br /><br />Then again, what do I know? I'm only a child."
tt0306063,"0.5/10. This movie has absolutely nothing good about it. The acting is among the worst I have ever seen, what is really amazing is that EVERYONE is awful, not just a few here and there, everyone. The direction is a joke, the low budget is hopelessly evident, the score is awful, I wouldn't say the movie was edited, brutally chopped would be a more appropriate phrase. It combines serial killings, voodoo and tarot cards. Dumb. Dumb. Dumb. It is not scary at all, the special effects are hopelessly lame. laughably bad throughout. The writing was appallingly bad. The cinematography is real cheap looking, and very grainy sometimes, and the camera-work is dreadful. Again, what really does the movie in is how badly all the actors are. Cheesy."
tt0308132,"The original exploitation classic-though far from enjoyable on almost any level concerning some guys who turn cats into human flesh eating monsters because the cat food they make is made with people is remade with scifi elements added. The cats can't get enough and when the flesh tainted food runs out the cats turn on their owners. Poorly put together on almost every level this is an example of the absolute bottom of the barrel material that used to actually play movie theaters in the early 1970's updated with alien cat and dog races battling for supremacy. Director Ted Mikel is a hack, but is so lovable a person (I generally like the guy thanks to his smile inducing interviews and commentary tracks) that you can pretty much excuse the garbage he mostly turned out. Mikels wanted to make films and he didn't care how they turned out so long as he was producing something. More power to him, but I wish he wouldn't subject us to his home movies"
tt0319147,"(Spoilers)<br /><br />I was very curious to see this film, after having heard that it was clever and witty. I had to stop halfway because of the unbearable boredom I felt.<br /><br />The idea behind the film would have been acceptable: depicting the way the relationship between a man and a woman evolves, through all the problems and difficulties that two people living in a big city can experience. What made me dislike the whole film were two things.<br /><br />First of all, the film was so down-to-earth that it looked as if, by describing the problems that a couple must solve on a day-to-day basis, it became itself ordinary and dull.<br /><br />Secondly, the overall sloppiness of the production, with dialogues that were barely understandable.<br /><br />Too bad."
tt0334541,"Well...tremors I, the original started off in 1990 and i found the movie quite enjoyable to watch. however, they proceeded to make tremors II and III. Trust me, those movies started going downhill right after they finished the first one, i mean, ass blasters??? Now, only God himself is capable of answering the question ""why in Gods name would they create another one of these dumpster dives of a movie?"" Tremors IV cannot be considered a bad movie, in fact it cannot be even considered an epitome of a bad movie, for it lives up to more than that. As i attempted to sit though it, i noticed that my eyes started to bleed, and i hoped profusely that the little girl from the ring would crawl through the TV and kill me. did they really think that dressing the people who had stared in the other movies up as though they we're from the wild west would make the movie (with the exact same occurrences) any better? honestly, i would never suggest buying this movie, i mean, there are cheaper ways to find things that burn well."
tt0337640,"Ouch! This one was a bit painful to sit through. It has a cute and amusing premise, but it all goes to hell from there. Matthew Modine is almost always pedestrian and annoying, and he does not disappoint in this one. Deborah Kara Unger and John Neville turned in surprisingly decent performances. Alan Bates and Jennifer Tilly, among others, played it way over the top. I know that's the way the parts were written, and it's hard to blame actors, when the script and director have them do such schlock. If you're going to have outrageous characters, that's OK, but you gotta have good material to make it work. It didn't here. Run away screaming from this movie if at all possible."
tt0339531,"This is the biggest piece of lamo I've ever watched. It is excruciatingly boring I would have rather sat through a seminar on creationism than have watched this if i had known it was going to be as boring as it was. Not even the 40 seconds of the hot chick in the bikini with the big ta tas redeems this of anything lower than a 1.<br /><br />The reviews of this movie claiming that this movie is ""unintentionally funny"" are absurd and just plain WRONG. Not one thing is funny about this movie. they spend the first 50 or so minutes walking through the woods talking about stuff you wouldn't understand nor care about and it is just as lame when the people start dying because you don't even know who the people are because they are so UNINTERESTING. Honestly though, I didn't watch it to the ending, but that should say something about how horrible it is. WORST MOVIE EVER.<br /><br />Immediately after ejecting this filth from my DVD player I started scraping it against the cement in front of my house, not wanting other blockbuster customers to have to fall upon the same mistake i had made as to rent this movie. Then Zach peed his pants. Thankyou for your time."
tt0340883,"The premise is amazing and the some of the acting, notably Sally Kellerman and Anthony Rapp, is charming... but this film is near unwatchable. The music sounds as if it comes from some sort of the royalty free online site and the lyrics as if they were written with a rhyming dictionary open on the lap. Most of the singing is off-key. I think they may have filmed with the singing accapella and put in the music under it... The dialogue is really stupid and trite. The movie works best when it is actually talking about the real estate but unfortunately it strays to often into stupid farcical sub-plots. I found myself checking my watch after ther first twenty minutes and after 40 wondering 'when is it ever going to end.'"
tt0348150,"I saw the movie last night and I really wanted to like it. My expectations for the movie had been going up and down ever since I heard it was being made. Some days I'd see something spectacular and some days I'd be disappointed.<br /><br />Yet being the kind of fan I am, I had high hopes for this movie but in the end I was sorely disappointed.<br /><br />While I love the Richard Donner movies I didn't like their sometimes campy nature or the changes they made to Superman's character and his powers.<br /><br />Singer however chose to take the worst elements of the Donner movies and put them in his version.<br /><br />While his Lex Luthor is slightly darker he's still nothing more than a shyster, a conman and a common criminal. He's no more intelligent than when Gene Hackman played him. Kevin Spacey does his best to play Luthor well but ultimately he falls victim to shoddy writing and unremarkable dialog.<br /><br />His henchmen are more two dimensional than even comic book henchmen. Most of them literally have no dialog in the movie.<br /><br />****SPOILERS AHEAD**** Kitty Kowalski is almost exactly the same character as Ms. Tesmacher. She seems to be as evil and cold as Lex Luthor but she proves to be just an underling who melts after seeing Superman in trouble and quite predictably betrays Luthor.<br /><br />The biggest disappointment in the movie was Frank Langella as Perry White. I wasn't a huge fan of the over the top Perry White in the Donner movies but at least he had a soul. He was after all said and done, a veteran reporter who cared about the truth and a good story. Langella's Perry White is nothing but a corporate stooge. He wants everyone to concentrate on the Superman related stories because they sell papers even though every other paper is doing the same thing. He doesn't care about the real stories, the real mysteries like the black out and what Lex Luthor is up to now that he's out of prison.<br /><br />The worst thing about Langella is that he's DULL! Some actors can be quiet and sober and yet have an undercurrent that lets you know that still waters run deep. Frank Langella is puddle.<br /><br />Brandon Routh is not a bad actor. He's OK but again there is not a single memorable line in the whole movie. Not the actor's fault. His movements are clearly meant to look graceful, like even the slightest movement of his fingers effects the way he flies. But it still looks choreographed and artificial.<br /><br />Lois Lane while badly written was surprisingly well acted by Kate Bosworth. Unfortunately, again, for a Pulitzer Prize winning journalist and writer, she is about as eloquent as any teenage on Dawson's Creek.<br /><br />James Marsden was my favorite actor in the whole movie, mostly because he looks more like Superman than even Routh. Without any superpowers he manages to figure out Lois Lane's message, flies a plane to the location, gets on board Luthor's yacht and rescues Lois and her son.<br /><br />The only moving moment in the movie is when they are all trapped pantry as it is flooding with water and the ship is sinking. You see them slowly going being immersed in the water. You know Superman's going to come by at the last moment to rescue them but still you can't help but feel sorry for them.<br /><br />As I said before the plot is very haphazard. Unlike Singer has said, this is not a movie about a superhero returning and trying to find his place in the world. As soon as he returns the world welcomes him back with open arms. Lois is the only one who's not happy to see him back. Even Luthor is happy to have Superman back because it gives him a chance to settle the score with the man of steel.<br /><br />Superman is shown to be probably one of the dumbest heroes in the universe. A big green piece of meteorite is stolen from a museum, Lex Luthor is out of prison, he now has knowledge about Superman's powers and weaknesses, and yet he's still not able to connect the dots enough to know Luthor would be using kryptonite against him.<br /><br />According to the movie the only thing Superman is good for is lifting really, really heavy things. The action sequences are all incredibly predictable."
tt0366555,"This was truly dreadful! It had a terrible storyline, was poorly acted, and was like an amateur remake of evil dead but not nearly as good.<br /><br />It took all my tenacity to make it through this one, it's a good job I didn't have to visit the toilet else I doubt I would have come back! This one makes Hammer House of Horror look like a big screen Hollywood epic. <br /><br />The only value to this movie was the never ending supply of beautiful women. Not a bad one among them! <br /><br />If you want to letch with your friends after a night on the beer then this one's for you ... else avoid it like the plague!"
tt0367817,"Worst movie on earth. I don't even know where to begin but I hope I can save another person from punishing themselves with this movie. When it comes to acting and lighting, this movie is similar to a bad porno without the sex. The actors are some of the worst I've ever seen, and couldn't have been worse even if they were trying to make a complete mockery of this movie. The movie must have had a record breaking low budget which I'm sure was wasted almost solely on the movie's cover. This movie has now become a running joke with friends of mine and has become the standard for comparing other garbage movies. I would like to point of that no other movie even begins to compare. I feel personally responsible for suggesting a friend and me watch this movie and am surprised she still considers me a friend after the torment I put us through. Don't see this movie!"
tt0383678,"This is an early film ""Pilot"" for the hit Canadian tv show Trailer Park Boys. It was played to executives at a few networks before Showcase decided to sign them up for a tv series. Great acting and a very funny cast make this one of the best cult comedy films. The movie plot is that these two small time criminals go around ""exterminating"" peoples pets for money. If you have a dog next door whos barking all night these are the guys you go to! But they get into trouble when they come across a job too big for them to deal with and end up in a shootout. Watch this movie if you want to understand the beginning of the tv series. I highly recommend it!<br /><br />Rated R for swearing, violence, and drug use.<br /><br />Its not too offensive either (they dont actually show killing animals)"
tt0417148,"I chose to see this movie because it got a good score here on IMDb. But a lot of people either have really poor taste or someone's been fixing the score.<br /><br />Either way it was a real disappointment. The movie is exactly as stupid and far fetched as the title would suggest. There really is no reason to give a summary of the plot - but here goes: it felt like someone had been thinking: ""Wouldn't it be cool to make a movie where there were snakes on a plane? And then the snakes for some reason would go crazy and start biting and stuff?!?"" And that's about it! The plot is thin and unoriginal. The snakes are bad CGI (but it makes sense to cut corners on a movie that no one in their right mind will recommend to anyone!). The acting is poor, and all people are unbelievable stereo types.<br /><br />To sum it up: It's one of the worst movies I've ever seen - stay away!"
tt0421239,"-A very pretty red headed woman waiting for her plane meets a charming young man that she connects with. As the two get on their flight and sit next to each other the young man Jack becomes deadly as he threatens Lisa to either change the room that a politician and his wife will be staying in, or else have her father die. See now that's what you happens when you fly coach, stuff like that never happens in first class.<br /><br />-Other than having a conflict that takes place on a flight, the other thing that this movie shares with ""Flightplan"" is the sheer unbelievability *if that's a word* of the story. The point of the whole is to get the main character to change a politician's room so he can be assassinated which is a pretty plausible plan, but won't it have being easier for Jack to just find someone that was computer savvy and have them hack into the hotel's system? Teenagers today can damn near do anything with computers, so I'm pretty sure it would have been easier for him to simply get someone to change it using a computer instead of going through the trouble of spying on Lisa and getting her into the predicament that she lands on in the movie.<br /><br />-Plus one thing that struck me as odd was how no one on the plan heard a single thing they were talking about. This is a very small plane were talking about here and since their voices were raised occasionally it seems to me like the other passengers should have heard something. But I'm 100% sure that I'm reading way too much into it. The movie is meant to be as realistic as an episode of ""24"" so one can't be perplexed by such complexities. For all my complaints though, this is still a very fun movie that gets the job done. It's not exactly the type that requires to shut of your brain, but at the same time it doesn't require great intelligence to fully enjoy.<br /><br />-I'd love to sit here in my comfy chair and rave about the brilliant acting in the movie but really I can't. I love Rachel McAdams, I love Cillian Murphy, and I like Brian Cox, but they don't really stretch their acting muscles here. It's not really much of a problem since this isn't the movie that studios hope to win multiple awards and the acting isn't the least bit horrible, just not great. Wes Craven isn't exactly the first that comes to mind when you think of a movie like this, but he does a very nice job considering the time they had to film the movie and the lack of depth to the script. It was definitely a huge improvement over the disappointing ""Cursed"" and as much as I liked him doing something different with this movie, I still would love for him to go back to doing what he did in the past which is great horror movies that is talked about decades after it's release.<br /><br />-One nice thing about the movie which I really appreciated was just how short the movie was. It is great to sit and watch a nice three hour or so movie once in a while, but nowadays it's like every movie that comes out feels too long, where as this movie just felt like the right length. Not too long, and too short. They don't waste time by trying to develop the characters too much because they know this isn't the movie for that and by doing so they made a very nice short movie. Being a huge film music geek, I have to say that the best part of the movie is the ultra cool score by Marco Beltrami. It's really nice to see Beltrami go from writing the predictable stuff to the great music he's doing now. I really the cool techno/orchestral stuff he does for the main titles. Too bad that I can't find the soundtrack anywhere, would have really loved to listen to the titles anytime I wanted instead of having to pop in the DVD when I want to hear it.<br /><br />-Overall It's nice for what it is and whiles it's far from great cinema, should still provide for some small entertaining hour and a half"
tt0424095,"Don't understand how these animated movies keep coming out, and no matter how good (or bad) it is people love it.<br /><br />I saw this movie with my two kids (5,7). They like pretty much anything animated (like most people who rated this film). The theater was almost full, and I looked forward to seeing the movie with its superb cast. To tell the truth I was bored silly. It was unbelievably predictable and just plain unfunny. There were a couple chuckles throughout the film and that was it. Of course they tried time and time again to get the cheap laugh, but just didn't work. My son almost always says to me that he wants the DVD after we see an animated movie, but not on this one. My daughter fell asleep half way through. Also, the kids thought the character animation looked weird. I haven't heard that from them since seeing The Polar Express, which gave my daughter nightmares.<br /><br />Trust me, I'm not the type who looks for the negative in everything. But quality is quality, and like so many animated movies they throw out there, it has very little."
tt0439932,"Here's why the Jane Show won't work. Once again Canadian bonehead producers and writers can't create a sitcom without putting some kind of different spin on it. I guess these people don't watch a lot of T.V. from the U.S. which has the sitcom model down pat. No, here we have to do something different, we have to make the A story absolutely absurd and then have a meaningful B story to try to make up for it. The characters are two dimensional and the story lines are way over the top: Forklift races??? give me freaking break. Here's a little advice for the writers of the show, Don't write funny situations, find the funny in situations. And remember, you have to be born with a sense of humor to write truly funny stuff, not just be an improv monkey."
tt0444628,"It's hard to believe that this is a sequel to Henry Fool. Hard to believe that the same director and actors were involved in both movies. While Henry Fool is refreshing, witty, comical, Fay Grim is slow, boring, and doesn't go anywhere. Where has the wit gone? I am baffled.<br /><br />It is 10 years since I saw Henry Fool and many of its dialogs and scenes are still vivid in my memory. Fay Grim is painful to watch. This is no fault of the actors, who are good (Parker Posey) or great (Jeff Goldblum) -- the blame lies entirely with the plot, the dialog, and even some of the filming (low budget is no excuse). A huge disappointment. <br /><br />Sorry I couldn't pay attention to the plot, I was so bored, so disappointed... if you enjoyed this one you might not enjoy Henry Fool so much... the two movies have absolutely nothing to do with each other... there is no continuity in the characters' personalities... it's all a fraud to entice fans of Henry Fool to watch the sequel.<br /><br />I'm switching this off now -- Henry in some sort of jail with a Taliban?!?!"
tt0453671,"I never understood why some people dislike Bollywood films: they've got charismatic actors, great dance numbers, and heightened emotion--what's not to like? What I didn't realize was that I had only seen the upper-crust of Bollywood. Then I watched ""Garam Masala"". I could tell from the first scene that this was not a movie I was going to like (the film opens with a montage of the two leads driving around a city and apparently happening serendipitously on a series of photo setups populated with gyrating models), but I kept hoping things would improve. Sadly, they didn't. The main problem is that the two protagonists, Mac & Sam, are completely unsympathetic. They spend the entire movie lying to women--and lying brutally- -in order to get them into bed, and the audience is supposed to find this funny, and be charmed. The boys are unscrupulous and inept, and not in a lovable way. Mac even goes so far as to have one of the women drugged in order to keep her from discovering his cheating. The script is extremely poor, with repetitive scenes, setups that never lead to anything, and illogical actions and statements by the characters. In fact, the characters are never really developed at all. The males are boorish, greedy jerks, and the women merely interchangeably beautiful. If you go by this movie, you would think that ""air hostesses"" are pretty easy to pass from man to man. In reality, betrayal is not so humorous. <br /><br />The only bright spots I found in the movie were one dance number that had brilliant sets, and a few slapsticky moments involving the French-farce, door-slamming aspects of the story. But Bollywood dancing is better enjoyed in movies choreographed by Farah Khan, and for slapstick you might as well just go straight to the silent comedies of Buster Keaton and Harold Lloyd, who seem to have influenced writer/director Priyadarshan not a little. Priyadarshan also takes false credit for inventing the story: the basic premise of the plot is stolen from the 1960 play ""Boeing Boeing."" The original author of that work, Marc Camoletti, is credited nowhere. At least Priyadarshan changed the title for this remake, rather than brazenly using the original without giving credit, as he did in his 1985 version of this same tale. (According to IMDb's credits list.)"
tt0455115,"(Only minor spoilers except as noted).<br /><br />I've enjoyed a lot of Spanish cinema recently; both the actual Spanish cinema of people like Almodovar, and the Latin American cinema of directors like del Toro, whose superb ""Devil's Backbone"", set in Civil War Spain, was the finest horror film of the last decade. It's no surprise, then, that this film is both well-made, well-acted, and manages to sustain that distinctively different Spanish atmosphere. But it's also as nasty and pointless a film as one could hope not to have to see.<br /><br />What actually is the purpose of all this? We have no real idea what caused the creepy central character to embark on his killing spree, despite the fact that large amounts of narrative voice-over are drawn directly from his own narcissistic journal. In a routinely unpleasant opening sequence, set more than a decade earlier, we see the central character killing his girlfriend in a rage of jealousy and control-freakery (""if I can't have you nobody can.""). Oddly enough, that is perhaps one of the best sequences in the film, but it has no discernible relation to his subsequent killing spree, which appears completely different in both motivation and execution. What happened to him in jail to cause this change? We have no idea, though we do later discover, as an absurd sort of afterthought, that he obtained a law degree while imprisoned.<br /><br />In Britain, in several of our notorious ""serial killer"" or ""sex killer"" cases, the terrible question arises; what about the wife? Did she know, or suspect what was going on? This is a question that this film could have asked, and indeed the wife does begin to emerge as one of the more intriguing characters. But banally, the answer to the question is quite clearly: ""No, she didn't"". Even when a dramatic opportunity like this is presented on a plate, the film still manages to bungle it. All we actually get, sketched perfunctorily out at the end, is her slightly amoral preparedness to cash in on the proceeds after the event. Compare this to the awful revelatory moment in Ten Rillington Place, where Christie's wife says ""you know what I mean."" thereby sealing her own fate and allowing us an appalled glimpse into unimaginable chasms of suppressed knowledge and horror.<br /><br />(Major spoiler in this paragraph). In the meantime, we are supposed to believe that the killer himself is a criminal mastermind who comprehensively outwits the police, thereby securing the briefest of incarcerations in a mental hospital before being released so that he can kill again. How exactly did he achieve this? The plot gets extremely sketchy at this point; something to do with deliberately leaving certain clues for the police; but how this all works or why, or how the subsequent court case actually proceeds, remains a mystery.<br /><br />I actually don't believe serial killers are like this. The Silence of the Lambs may be comic book stuff, but  Lecter aside  it gets its serial killers right. They are deeply disturbed, deeply dysfunctional, deeply inadequate people; not the creepily charming mastermind presented here (closely related to the equally implausible suave killer of The Last Horror Movie, or indeed even Man Bites Dog, though it appears not to have been noticed that that was a satire).<br /><br />This film has little suspense, and bungles what little intrigue the plot might have generated. It has nothing useful to say about the motivations of serial killers, either generally, or in the specific cultural milieu of Spain. This is nothing more than a poorly plotted excuse to show some pretty misogynistic violence to women. And oddly, what makes that violence even more repulsive is a certain prissy failure of nerve even in how it is presented. The soft core character of what is actually shown just makes it seem even more repellently titillatory. Just one explicit shot, properly timed, would have been infinitely more shocking, and would have rendered all the rest completely unnecessary, freeing up more film time to flesh out the gaping holes in plot and characterisation. Instead we just get endless shots of young women vulnerably spreadeagled on a table in their pretty but slightly revealing underwear. Very, very creepy. I'm sorry to be rude; I love horror films, and can tolerate even the most extreme, to the extent even of worrying my partner. But I think anyone who finds this film good, or interesting, even I'd find myself edging away from. The purpose of a horror film is to scare you; this is just lascivious.<br /><br />It leaves a very bad taste in the mouth indeed. I have to give this film more than one star just because it's competently executed, but morally it deserves none at all and should never have been made."
tt0461642,"Despite what a lot of other people thought about the first movie, I really liked it. This one however. How to sum it up in one word?: This movie is (and here comes the word): CRAP!<br /><br />But let's look at it part by part: Here is the plot: Finally the old queen has been removed from her castle, but her successor: Snow white has problems of another sort: The Court-Jester, Father of her son, has gone astray, as the super, Spliss, goes to the extreme, to battle his gray hair and sells the royal offspring for some blond and full hair. In her desperation Snow white seeks the help of Bubi (Otto Walkees),who must first find his other six dwarf companions and then try to find the royal offspring or at least try to find the name of Rumpelstiltskin.<br /><br />The whole plot seems to have been written on a weekend, where the writers were very drunk but were just under pressure from the studio to write the screenplay. <br /><br />Yes, there are some good jokes. Even for fans of the first part, or for fans of any of the other actors, it's really not worth buying the the DVD. Believe me. <br /><br />The only thing, that at least kind of saves the movie from complete oblivion, are the performances of some of the actors. That's why I gave the move 3/10. Sadly, the script is so bad that none of the actors or all of them combined can make up for the bad story.<br /><br />For example, at one point, they even cross over in our reality, and sadly.. they don't do anything funny while being here. <br /><br />Still, a lot of great actors in this movie: Otto Waalkes, Ralf Schmitz, Martin Schneider, Nina Hagen, Cosma Shiva Hagen, (Especially funny): Rüdiger Hoffmann as the mirror, Helge Schneider and many more but sadly all these comedians aren't able to bring this really bad script to life. <br /><br />Maybe it is a treat for some hardcore fans but for regular movie goers or by now DVD Renters or buyers it's not worth the money. <br /><br />I even regret renting the movie."
tt0463392,"This film has to be the worst I have ever seen. The title of the film deceives the audience into thinking there maybe hope. The story line of the film is laughable at best, with the acting so poor you just have to cringe. The title 'Zombie Nation' implies a hoard of zombies when in fact there are six in total. This cannot be categorised as a horror film due to the introduction of cheesy 80's music when the zombies 'attack'. The zombies actually talk and act like human beings in the film with the only difference being the make up which looks like something out a La Roux video. If you ever get the chance to buy this film then do so, then burn the copy."
tt0468482,"This was just horrible the plot was just OK, but the rest of the was was bad . I mean come on puppet and then they even tried to make the movie digital and that made it even worse! Normally I would like low-budget movie but this was just a waste of time and almost made me want to return the set that it came on. I have about ten low-budget movie set with like 6-8 movies on them and I would have to say this is the worse movie out of all of them. Also the wording is off and they use a fake plastic machetes that doesn't even look like a real one, they could of used one that looked even a little close to a real one so save your time and money and don't watch this horrorible movie."
tt0477337,"(SPOILERS AHEAD) Russian fantasy ""actioner"" (and I use the term loosely) that I've been trying to watch for over a year. I've finally gotten to the end and now I wish I didn't put in the repeated effort.<br /><br />In an effort to save two hours of your life I'm going to tell you he plot- a guy who has the ability to project a long blade out of his arm returns home to see his mom. Things turn ugly after he is beaten up by the mafia boyfriend of an old girl friend. He takes revenge on the guy when he brings the girl home. The guys mafia mom sends her men out to get revenge while the cops begin looking for him as well.<br /><br />Very little is said. no explanation is really given for anything (like why they lock id girlfriend in an asylum) and the action, for the most part is all off screen. The film essentially consists of a guy who looks like Adrian Brody looking intense and not saying anything, killing people (off screen-most of the action happens off screen). It looks good, is well acted and had there been some form of reason for what is going on it might have been a good film. Hell, I would have liked some sense of real character development or back story (all we know is that the guy was picked on as a kid). The movie runs the better part of two hours and it feels like its six. If they weren't going to tell us anything they could have at least picked up the pace so it seemed like it was moving too fast. No instead we get the hero on a boat. The hero in a bus, the hero walking, the hero looking disturbed.Hero with his girl. It really annoyed me since I think this could have been a good film if they had simply done something or had someone actually say something meaningful other than give instructions to ""get this guy"".<br /><br />4 out of 10. Its about four hours (all my attempts to see this) I'll never get back. Only for those who want to see a brooding Russian action film with very little action"
tt0481280,"First I'd like to excuse my bad English.<br /><br />I'm not a HOSTEL-hardcore-fan, but I liked that movie nevertheless. Live Feed, however, SUCKED BIG TIME! I have never seen a gore-movie with superb acting, but hey, who's surprised? The acting in Live Feed was... well, not there! I've seen some commented this as it must have been a school project or something. Okey, but not by students in media or acting school. This was NO class at all! And what about the story? A really sad rip-off on Hostel. And what about the gore? What about the psychopathic torture scenes that supposed to make your guts twist and leave you cold-sweating? That was the most disappointing about the hole movie! Short, quick and NO edge. More like an execution rather than a torture. Okey, there where buckets of blood, but it didn't even look real. The slaughtering and the violence reminded more of Braindead than Hostel or any of the Saw-movies. And Braindead was fun! Okey, I laughed at Live Feed a couple of times, but that was more out of disappointment than out of sheer fun!<br /><br />So instead of wasting 80 minutes by watching Live Feed, watch ANYTHING else!"
tt0497116,"Let's be honest shall we? Al Gore no more TRULY cares about the environment than most folks care about contacting foot fungus. It's a hook! Make no mistake, Al Gore is a POLITICIAN! Three years ago he was busted/ticketed in his home state doing 70 mph in a 55 mph zone driving NOT a hybrid, a Yugo, or even a GM Metro but a LINCOLN (go google it if you like)! Or how about the fact that Mr. Gore & his Hollywood buddies continue to use a private fuel-guzzling jets to attend the premiers of ""An Inconvenient Truth."" So much for conservation huh, Al? Anyway, it takes a mere minute to subjectively look at ""An Inconvenient Truth"" & discover the main fundamental flaw. While the film parades out many seemingly impressive scientists to tell the audience the EFFECTS of supposed ""global Warming"" there is not one scientist to tell us the supposed CAUSE of it. For example: I can take a hundred folks out to a parking lot & they can point out an automobile which is not running right. BUT can they tell you with any degree of certainty WHY? Generally not! A second flaw, just how accurate were the weather instruments 100 years ago (the toilet wasn't even invented yet)? What did they have, a June bug in a match box? Hell, even 50-60 years ago? Therefore, how do we know with ANY degree of certainty that the planet is ""getting warmer"" when the records of yesteryear are highly questionable at best? Or that man is THE sole cause of it? The answer is we don't & Science is NEVER a consensus. Thirty years ago, Time Magazine did a cover proclaiming a ""New Ice Age"". The truth is that any 6th grade science teacher well versed in Earth Science will tell you that Volcanic Erruptions, Solar Activity & El Ninos have more to do with our eradicate changes in climate conditions than supposed ""Global Warming."" Finally, what Al Gore fails to adequately address is; even IF America decides to follow the global gospel according to Al & implement everything he recommends, how are we going to get the rest of the world to follow suit when we can't even get them to agree on something so obvious as terrorism? Answer: It's wishful thinking, Mr. Gore & you being a former VP of the USA know it! If the folks who produced ""An Inconvenient Truth"" were really honest, they would have titled their film ""Al Gore Wants Attention."" But what I'd really like is for someone to ask the former VP this; why were two of the planet's biggest polluters (AKA China & India) EXEMPT from abiding by the Kyoto Accords? Anyway, I hear the producers of A.I.T are working on their next film entitled ""Gnomes, Fairies & Elves: Our Endangered Friends."""
tt0785016,"...was so that I could, in good conscience, tell everyone how horrible this movie is. I barely made it through twenty minutes before I started thinking to myself,""Wow, this is pretty bad."". And, to be honest, I would've given this movie 1 star if it wasn't for Esai Morales (though he had very little screen time). He's the movie's only well-acted role, which is a shame because I really like Gil Bellows...or at least I thought I did.<br /><br />While watching this I started thinking back to his part in ""Shawshank Redemption"" and realized it wasn't as good as I thought it was. Problem: his jail-house/tough guy act seems like it's just that, an act; his dialogue sounded like he was doing a very poor impression. Has he ever met someone who speaks like his character was SUPPOSED to? I doubt it, but maybe he should have.<br /><br />And, to make matters worse, they've managed to inject a little jail-house philosophy and make it seem nothing short of contrived, especially when you consider that the rhetoric was being spouted by a ""rasta"" who's accent was so strong that it seemed unnatural.<br /><br />I wouldn't normally slam a movie like this, but when I saw the movie it had a fairly favorable review. I felt like I was cheated and lied to, and I thought I should try to save someone the misery of having to watch this movie.<br /><br />I say BOOOOOOOO."
tt0787475,"Quite possibly the worst movie I've ever seen; I was ready to walk out after the first ten minutes. The only people laughing in the theater were the tweeners. Don't get me wrong, I love silly, stupid movies just as much as the next gal, but the whole premise, writing and humor stunk. It seemed to me that they were going for a ""Napoleon Dynamite"" feel - strange and random scenes which would lead to a cult audience. Instead, it ended up being forced, awkward and weird.<br /><br />The only bright light was Isla Fisher and I just felt utterly awful that she (and Sissy Spacek) had signed up for this horrible thing.<br /><br />Thank gosh I didn't pay for it."
tt0805570,"OK, so I just saw the movie, although it appeared last year... I thought that it was generally a decent movie, except for the storyline, which was stupid and horrible... First of all, we never get to know anything about the creatures, why they appeared, wtf are they doing in our world, and really, have they been on Earth before we were or did they just come from space? Secondly, the role of the butcher to maintain order is just so obviously created... Really, how large could the underground for a sub station could have been? There were only so many of those creatures, so I think instead of killing innocent people in vain, they could have just planted some tactical bombs, or maybe clear the are and a Nuke would have done the job. I know it sounds funny and it is, but I do not see the killing of people as being NECESSARY... Thirdly, Leon acts like Superman jumping on the train and fighting Vinnie Jones, who was way taller and bigger in stature. Then again, when he faces the conductor he does nothing and acts as a wimp, watching all the abominations. I mean OK, the conductor had creepy help(lol), but if Leon was so brave he would have gone all the way... I mean he risks his life first, then does nothing exactly when he should have. He could have died as a hero but lives as a coward... this might be the case, but not after showing so much braveness earlier on... Then, the cop thing... come on! This was a city having a subway, I bet there must have been other cops except that lady, other police stations,this was really kind of silly... All in all, great acting by Vinnie Jones, interesting idea up to the reason behind it which is not really built at all... By the way, what did the signs on the chest mean? Vinnie Jones cannot make up for the rest..."
tt0811094,"I love all types of films, especially horror. That being said, Survival does not live up to ANY of the hype surrounding it.<br /><br />I can't give it any points on originality. There is nothing wrong with exploring the same themes, or remaking what others have done. It has just become a cop out for indie films to take us on a slasher journey through the woods, a crazed killer, and as of lately, throw in some crazy family. On those lines I have to compare it with the likes of Texas Chainsaw, Wrong Turn (though the twist in that one is obvious), and others. Survival falls up way short against comparable films. The plot was just not original in ANY way. Some films can get by with a weak (and way over-done) plot with superb acting, special fx, or a slew of other factors. Survivial doesn't have any of that to bank on. If you will, note the following: The acting in the movie never took off. I don't knock or blame the actors for that, nor the director. The dialogue was at best mediocre, and the actors involved never showed (not saying didn't HAVE) the talent to pull it off. I mention 2 standouts. The leading man in this film certainly has the look, but I seriously thinks he needs to consider more training before he is ready to carry a film. The actor who portrayed Greg also had potential, but we never got to see any of it (watch the movie to see why, you won't believe it..).<br /><br />The grainy film look. Ah yes, that little tid-bit of film making magic designed to take us to the glory days of ""Grindhouse"" films. In today's film making, that has become a gimmick. It either works or it doesn't. In this case it just does not work. There are too many other flaws going on, so it winds up distracting from the film, not adding to it. That being said, I think they did a good job of adding that grain. That is some good, quality grain. I think with a different script, better direction, and possibly actors, they should try another ""Grindhouse"" attempt. They will probably pull it off.<br /><br />As far as the tech aspects, in my opinion, they never quite gelled for me either. Better care could have been taken with audio (sounds like it was fed directly into the camera, but there is nothing wrong with that) and for being shot on DV, it was too soft for my taste.<br /><br />That is all I have to say about that....."
tt0815241,"Some funny bits, but come Bill! A film? Quoting Zeitgeist? Keep the TV Show and the interviews, but a film? I'm probably overreacting but what a unnecessary provoking film... I don't know. I laughed, disagreed, agreed... this film is very confusing and inconsistent.<br /><br />Bill's a funny guy... but also very cocky... Bill's rhetoric is similar to Bill Hicks, a brilliant comedian. But like many comedians, the borderline between comedy and preaching can be annoying. I think that the major problem in this film is his lack of sensibility. This might be just a personal taste, but comedy that constantly demeans somebody cannot be taken as truth. Bill is obviously emotionally reactive to religious fundamentalism. I agree with Bill that religious fanaticism is not sensible, but the response to it cannot be sensible. It will create unnecessary turmoil. We can do better than just react to fundamentalism. His conclusion is that ""we don't know"" and he fervently tries to convince the spectator that nobody knows anything, to the point that the agnostic community has been concerned with his lack of serious research in comparative religion. His humility that he only knows that he doesn't, is a contradiction as he tries to insist that all religious thought is non-sense.<br /><br />I had great trouble seeing bits of Zeitgeist, the movie in Bill's film. All the astrotheology-influenced non-sense that simplifies all religions as the same is simply disappointing. Zeitgeist has provoked a lot of controversy and has messed up the validity of so much of the valuable Religion Studies scholarship. It is very sad how wrong facts have been tossed around with no reliable scholarly sources. Astro-mystic sources that reduce everything to ""the stars say it all"" seem to be from the Middle Ages. This film is a confusing statement from a confused ""agnostic"". Agnosticism is far more complex and philosophically academic than defending every single issue as ""we don't know"".<br /><br />This film is an obvious proof of how postmodernism has been able to oversimplify and generalize major issues in human history.<br /><br />Watch the film (it has hilarious interviews and bits) but PLEASE do not behave like Bill. You cannot expect anybody to have a mature conversation if you are making sardonic comments in every other line. His arguing techniques are demeaning and insulting, provoking emotional reactions rather than rational and logical argumentation.. There needs to be a more mature way of dealing with these issues."
tt0871197,"A man and his wife get in a horrible car accident. When the wife is left in a persistent vegetative state, the man must choose between pulling the plug and letting her live. The decision is made even harder when he realizes her ghost wants to extract revenge on him and those around him.<br /><br />This comes to us from director Rob Schmidt, who made ""Wrong Turn"" (a film I have not seen). With only one horror film under his belt, and not a particularly notorious one at that, I was a bit reluctant to watch this episode, expecting Schmidt to be a ""Master of Horror"" in only the most liberal sense. My apologies to him for my underestimation. As of episode 10 in a 13 episode season, this was actually the best one yet.<br /><br />The issue of the ""right to die"" is dealt with and covered in enough detail to be a solid plot device. However, this is only the foundation on which the story revolves. Once the horror elements show up, the film goes from ""decent"" to ""spectacular"". Great acting, great plot, great dialogue, great suspense. I was a little creeped out at times (which is good) and most of all: the gore is in extreme abundance! I read a review of this episode prior to watching it, where the reviewer said there is a strong hint of ""Hellraiser"" in this. Through the first part of the show, I had no idea what they were talking about. Then there is a bit later where some images do remind me of ""Hellraiser 2"". However, I in no way wish to say that this takes away from the film. I can see no other way to create the effect that was created, and in my opinion this looks remarkably better than ""Hellraiser 2"".<br /><br />Some plot twists show up later on, and might invite the viewer to give the film a second look. I didn't watch it a second time, but I think the beginning would make more sense if I had (not that it's confusing). The subplot with the dental hygienist is also nice, and I found myself going back and forth about whether I disliked the main character for his relationship with her or if I felt bad for him. He's somewhat of an anti-hero to the whole story, if you will. I feel inclined to cheer for him as the protagonist, but he's completely unlovable.<br /><br />While the Stuart Gordon episode may be better and I'm excited about the ""Washingtonians"" episode, I think I could safely bet that this is the key episode of the season and by far the saving grace of what was otherwise lackluster and routine. When legends like John Carpenter let me down (again) I get a bit worried about the genre's future, but then a fresh face like Rob Schmidt comes along and gives me hope. This one is a keeper, and please bring Schmidt back for season 3!"
