movie_id,title,director,year,runtime,genres,review
tt0020643,Another Fine Mess,James Parrott,1930,29,"Comedy,Family,Short","The best Laurel and Hardy shorts are filled to the brim with mishaps, accidents and destruction, mostly caused by Stan, but with Ollie receiving the bulk (!) of the punishment-- see the great 'The Music Box' (1933) or 'Towed in a Hole' (1932) as some some classic examples.<br /><br />Here, however, for some reason (is it because it was based on a sketch by Stan's father?) the boys play it 'straight' in a 'comedy' built around jokes and supposedly funny situations. It doesn't come off. It's merely another third-rate tedious 30s comedy, heightened only by the personalities of Stan and Ollie who never really display any of their trademarked gestures (Ollie's finger wiggling, Stan's blank stares, etc.) or comic abilities.<br /><br />The film begins with them running from the police. Since we never see or know why, it's hard to believe or accept their fear of being caught, and thus hiding in Colonel Buckshot's mansion. The premise for the 'humor', Ollie passing himself off as the Colonel and Stan passing himself off as both the butler and the maid are never very engaging. They are not playing 'Stan and Ollie' in this film. Their parts could have been played by any of the pedestrian studio actors and it would be just as poor.<br /><br />Stan could mime and make whatever he would do funny, but he doesn't get the chance to do any of that here. He's constrained by uttering too much dialog to 'move' the plot, but none of it rises much above the silly. We are treated to endless third rate comedy chestnuts such as the running gag of not correctly pronouncing Lord Plumtree's name, the ""Call me a cab! Okay you're a cab!"" joke, cops losing their clothes and being seen in long johns, and a non-sequiter ending of Stan and Ollie as the two parts in a painfully obvious horse costume as they make their escape on a bicycle for two, and James Finlayson is still doing his silent-era full body takes and Keystone Kop jumping jacks.<br /><br />Stan and Ollie do much better in a situation comedy in 'Sons of the Desert'(1933) where we get to see them do what we love about them -- be themselves. In fact, 1932-34 seem to be their best years.<br /><br />Since this film does not play to any of their strengths, why bother with it? I have to give it a 3."
tt0023753,Alice in Wonderland,"Norman Z. McLeod, Hugh Harman, Rudolf Ising",1933,76,"Adventure,Family,Fantasy","This is one of those films that I could only sit through once. Charlotte Henry is fine -- in fact, all the actors were fine. The problem was in the script, the dialog, the direction, the editing, the sets and the special effects. Granted, this was 1933, but it really creaked. Part of the problem is that actors like Richard Arlen, Gary Cooper, W.C. Fields and Cary Grant are not recognizable (there faces cried for a recognition that was not forthcoming). The movie just clumped along with no cohesion. Much of Lewis Carrols spirit, humor and continuity are missing. What a pity! It's such a great book. I would recommend Disney's 1951 version."
tt0038033,Rockin' in the Rockies,Vernon Keays,1945,63,"Action,Comedy,Family","Not even the most ardent stooge fan could possibly like the movie, (I one of them) the stooges just aren't given any material to work with. It is really a shame too because this is the only feature length movie the stooges did with Curly, and this one effort by them is painfully unfunny, when it could have had great potential. Awful musical numbers don't help any either. The short they did with the same title has more laughs."
tt0041259,A Connecticut Yankee in King Arthur's Court,Tay Garnett,1949,106,"Comedy,Family,Fantasy","Although I have enjoyed Bing Crosby in other movies, I find this movie to be particularly grating. Maybe because I'm from a different era and a different country, but I found Crosby's continual references to the Good Old USA pleasant at first, trite after a while and then finally annoying. Don't get me wrong - I'm not anti-American whatsoever - but it seemed that the English could do no right and/or needed this brave, oh so smart American visitor to show them the way. It's a ""fish out of water"" story, but unlike most movies of this sort, this time it's the ""fish"" who has the upper hand. To be fair to both myself and the movie, I have watched it a few times spaced over a few years and get the same impression each time.<br /><br />(I watched another Crosby movie last night - The Emperor's Waltz - and that, too, produced the same reaction in me. And to my surprise even my wife - who for what's it's worth is American - found the ""in your face"" attitude of American Crosby to be irritating. One too many references to Teddy Roosevelt, as she put it.) <br /><br />As for the premise of the movie, it's unique enough for its day and the supporting cast is of course very good. The scenery and the music is also good, as are the great costumes - although I agree with a previous reviewer that the wig on William Bendix looks horrid (picture Moe of The Three Stooges).<br /><br />All in all for me this would be a much more enjoyable picture without the attitude of Bing Crosby but because he is in virtually every shot it's pretty hard to sit through this movie."
tt0053241,Santa Claus,René Cardona,1959,94,"Comedy,Family,Fantasy","Why such a generic title? Santa Claus??? So bland and unpredictable. Movies before that tried to cash in on the holiday spirit, most notably 'Santa Claus Conquers the Martians', at least was entertaining to watch because of the campiness to it, and all the stock footage being used... for some reason, that seemed happy to me. But this movie just screws Christmas in the butt, and screws the joy of all the kids. Santa lives in space? His enemy is a devil named Pitch? Santa gets help from Merlin the Magician? How random is this!? Well, since it was made in Mexico then some of you might understand the way of how the film was made. I had to admit some of the effects were just wacky for the time. It was a all-out cluster of madness! Though, despite all the troubles with the movie, it still feels like a Christmas movie. Good conquers evil, and Christmas still plays a part of our hearts of every good girl or boy in the world, or possibly universe, thanks to Santa Claus Conquers the Martians.. apparently. So, I think you should give it a try, even if it is one of the worst holiday movies of all time... though it should put a smile on your face any day."
tt0061868,King Kong Escapes,Ishirō Honda,1967,96,"Action,Adventure,Family","Sadly, the print of the film we were going to watch burned in the fire at Universal Studios last week, so we were stuck with video. That could even be a metaphor for this second-rate King Kong movie from Toho studios' stalwart director Ishiro Honda. Essentially it's a warm up for ""King Kong versus Godzilla"". It even uses the idea of a Mecha-Kong, like Mecha-Godzilla. Of course the movie climaxes with King Kong fighting Mecha-Kong on top of the expo tower in Tokyo, but if you didn't know that already then maybe you're in the age group that this movie was intended for.<br /><br />The cast is headed by a guy named Rhodes Reason who we had never heard of... glancing over his list I see mostly a lot of scattered American TV credits, so it's interesting that they dragged him all the way to Japan so that they could have a nominal American hero. The real hero of the movie is the more sensitive Japanese commander played by Akira Takarada, who I recognized from Hiroshi Inagaki's iconic version of ""Chushingura"" (47 Ronin) and also from the original Godzilla films by Honda. I'm sorry Rhodes Reason whoever you are, but this guy has way more screen presence and you can bet that everyone wants him to end up with the cute little blonde, played by Linda Miller. We laughed at the way Reason would always find a way to interject himself between Miller and Takarada, who it seemed like she kind of preferred. Of course like all Kong leading ladies her primary relationship is with the King himself. She discovers a nice trick: if you talk to a giant ape really..... really.... slowly..... he'll understand what you're saying. And if you're a blonde gal, that means that he'll do whatever you tell him to do. That fact is not lost on Dr. Who (Eisei Amamoto) and Madame Piranha (Mie Hama) -- representing a ""nation which shall not be named"" -- who plan on using her as bait to get Kong to dig up mineral deposits that are trapped at the North Pole.<br /><br />Yes, this is truly the plot of the whole movie -- apparently only a giant ape is going to be capable of digging out these minerals which can be used to make super powerful weapons. Dr. Who builds Mecha-Kong to get it but the circuitry gets in the way, so they decide to go for the real Kong. Kong himself seems momentarily infatuated with Mecha-Kong, a story element that might have made the film more interesting but wasn't followed up on.<br /><br />By the end of the movie, the cute blonde has shouted ""Kong"" or ""King Kong"" in her chirpy voice so many times that when the two heroes tell her to let him go at the end they're speaking for all of us. Basically this movie squanders whatever majesty was possible in the Kong character by making him a heroic and friendly figure much too early, just like the newest version of the story. Kong is just a guy in a suit in this movie, and they show quite a lot of him to the point where the goofy face becomes impossible to take seriously. It's a nice looking movie, I'm sure it satisfies the demands or desires of fans of this type of thing, which is really more of a wrestling film than a monster film in a lot of ways. The monsters don't ever really scare in these films, they just jump around and push each other around a lot. It's not a worthless movie, but it's extremely predictable and formulaic so for anyone under the age of 10 or so it probably will only be entertaining as comedy."
tt0066256,Pufnstuf,Hollingsworth Morse,1970,98,"Adventure,Comedy,Family","I hated this show when I was a kid. That was back in the day when kids show characters actually had accents, not just the bland, generic, General American Dialect we're used to. Jack Wild had a British accent and Pufnstuf's was southern. Like one of the others mentioned, though, I never quite understood what the deal was with the witch wanting the flute. That always seemed odd to me, probably because the flute just annoyed me and I wouldn't have gone to any trouble to take it away!<br /><br />Just a comment on the similarity of Pufnstuf to early 70s McDonalds commercials that others have mentioned: Pufnstuf ripped off McDonalds. At the height of McDonalds popularity, the TV show (or rather, their creators) sought to license McDonalds characters for their show, but when McDonalds declined the TV show changed the characters slightly and passed it as their own. They even hired former employees of McDonalds ad agency and the voice actors to make the TV shows. McDonalds sued and won. Search for Pufnstuf McDonaldland lawsuit and you'll find plenty of articles about it."
tt0066344,Scrooge,Ronald Neame,1970,113,"Drama,Family,Fantasy","now don't get me wrong, i do enjoy christmas movies. i love its a wonderful life and i really enjoy the versions of a christmas carol with george c. scott and alistair sim. but this particular movie is awful. i think the i love life song the ghost of christmas present sings is especially painful. albert finney sings fairly well in annie. i don't know whats wrong with him in this movie but it sounds as though someone is trying to sing through a mouthful of dead gerbils. the only thing that saved this movie for us was shutting the sound off and watching the dance numbers accompanied by the south park christmas cd."
tt0078159,Return to Boggy Creek,Tom Moore,1977,85,"Adventure,Drama,Family","Has to be one of the worst wastes of 35mm movie film ever unleashed on the public, the sequel to the at least entertaining pseudo-documentary original film ""The Legend of Boggy Creek"". Bad script, worse acting, etc., etc., Dawn Wells had to be hoping that Gilligan would come rescue her and take her back to the island just to escape from this piece of clap-trap."
tt0082778,The Munsters' Revenge,Don Weis,1981,96,"Comedy,Crime,Family","Following the success of the (awful) Gilligan's Island TV movie reruns, a number of TV movies were made in the 1980's reuniting casts from classic shows. Most of these movies completely missed the boat as far as recapturing the humor that made the shows so special. THE MUNSTERS REVENGE is among the most disappointing because it goes for a Laurel and Hardy-type comedy style that really wasn't in the original series. Yvonne De Carlo, a wonderful comedienne and essential to the series, is completely wasted - she has less time here in this 90 minute movie than she did in any single 30 minute episode. And since the roles of ""Eddie"" and ""Marilyn"" in this movie are nothing more than cameos, what was the point of making them younger and recasting them? With very little rewriting, they could have used Butch Patrick and Pat Priest. Although seeing some of the Munsters spooky relatives was a nice touch, I didn't enjoy Sid Caesar as the hammy mad scientist mainly because there's too much of him and not enough of the underused Munsters (ironically that very year, 1981, Caesar's old partner in comedy, Imogene Coca, was also inappropriately cast in a major part in a TV movie reunion RETURN OF THE BEVERLY HILLBILLIES). Another strange inexplicable bit at the beginning of the film has the Munster family represented as wax figures at a local horror wax museum. Why would they be in there when they are supposed to be a ""typical"" (if strange) American family, not famous monsters? This was the last Munsters project featuring the original cast in their roles, there was an awful revival of the series in the late 1980's with a completely new cast and a 1990's TV movie which featured DeCarlo, Lewis, Priest, and Patrick in cameo roles as a family dining."
tt0084429,O Canada!,"William Bosche, Randy Bright",1982,18,"Documentary,Family,Short","I'm sure this was one of those ""WOAH!"" attractions in 1982 when Epcot opened, but now it's just silly. The film's message is cliché. The Circle-Vision is disorienting. And that awful song at the end is grating. And I really wish they'd install seats. After so much walking, all you want to do is sit down for a few minutes. And when you hear there's a film to see it sounds pretty glamorous! You get entertained while sitting down, right? WRONG! You're standing there for 18+ minutes leaning against a short little railing. Disney should make a newer Maelstrom like attraction to liven things up and replace this dull, lackluster film. NOT FUN. Skip it. In fact, skip Canada altogether unless you're eating there. Move directly to the United Kingdom."
tt0085497,EPCOT Center: The Opening Celebration,Dwight Hemion,1982,50,"Comedy,Family,Music","Except for the Brady Variety Hour, this was some of the hokiest television I've seen in a while. The video production qualities weren't too bad, but the overall look and feel were unmistakeably early 80's. And Marie Osmond looks like she did battle with the Avon Lady.. and lost big time. WAY too much eyeliner.<br /><br />It was kind of embarrassing to watch veterans Danny Kaye and Eric Severeid take part in this. Even more interesting was watching Alex Haley talk about the African Pavillion in World Showcase that would be opening 'in about a year.'<br /><br />As of this writing it is 17 years later and it hasn't opened yet (Unless you count Disney's Animal Kingdom.) All in all though, for all the shortcomings, this still an interesting visual piece of Disney history."
tt0088760,Baby: Secret of the Lost Legend,Bill Norton,1985,95,"Adventure,Family,Sci-Fi","For those who are too young to know this or for those who have forgotten, the Disney company went almost down the tubes by the end of the 1980s. People were NOT seeing their movies anymore and the company was not producing the usual wholesome material....at least no what people expected. A major problem: profanity.<br /><br />Yes, the idiots running the Disney movies during that decade would produce films with swear words - including the Lord's name in vain, if you can believe that - interspersed in these ""family films."" In fact that happens twice here in the first 20 minutes! <br /><br />This movie, in addition to the language problems, has a nasty tone to it, too, which made it unlikeable almost right from the beginning. Thankfully, Disney woke up and has produced a lot of great material since these decadent '80s movies. (""Touchstone"" is Disney, just under another name.)"
tt0091993,SpaceCamp,Harry Winer,1986,107,"Adventure,Family,Sci-Fi","Space Camp, which had the unfortunate luck to be planned around the time of the Challenger accident, deserves such luck. The ""stars"" make a mockery of acting, Lea Thomson actually being turned sideways, when asked for more than her usual wide-eyed innocent smile, presumably to mask her risible attempts. The movie is at times hilarious, when it begins to ask far too much of you. A small boy keeps a multi-million dollar robot in his closet which breaks when given too many commands by the hordes of cliched dorm-mates. This hackneyed and unlovable machine, ""Jinx"", is a major player in the ridiculous premise of the movie, which seems part Short Circuit, part 2001 by the Airplane team. I shan't bore you with this, suffice it to say you can only laugh when faced with it. Having said all of this, it is enjoyable to watch, in a SeaQuest, Saved by the Bell kind of way. The romance and technology, beware, are as unbelievable as each other. Also, if you're an eighties freak, its unmissable for the amusing performances of Kate Capshaw (Willie from Temple of Doom) and, obviously, Lea Thompson. Also, Joaquin Phoenix puts in a dodgy turn as a sort of wannabe Goonie who befriends Jinx. Do not go near this movie if you are not a fan of trash."
tt0101635,Curly Sue,John Hughes,1991,101,"Comedy,Drama,Family","It's hard to believe people actually LIKE this dreck! I do think kids can enjoy it, but to me it's the kind of kid film parents can't bear to sit through. Predictable plot, boring Belushi, and possibly the worst kid actor of all time. I will give the director some of the responsibility for the kid, but she was truly painful to watch. I feel embarrassed for her now, having people know it was her. When she sang the Star Spangled Banner I had to turn the sound off--then I came here and discovered they did that because she won Star Search. I've always felt Jim Belushi should be ashamed to trade on the name of his wonderful, sadly missed brother, and this crap shows why. Zero stars."
tt0109287,Blank Check,Rupert Wainwright,1994,93,"Comedy,Crime,Family","Bad Actors, bad filming, choppy dialog, shallow characters, but then again it was a bad premise in the first place. Basically, an 11 year old who is bullied because he has very little money is given a blank check by a moronic criminal. Of course, the 11 year old happens to possess enough technology and intelligence to purchase a house, cash a check for 1,000,000 dollars, and even foil three bumbling idiots, reminiscent of the three stooges. <br /><br />Preston Blake is an annoying, obnoxious, boy, who decides that, when written a blank check by a complete stranger, he will take advantage of the situation as best as he can. In other words, he wanders into a bank, <br /><br />hands a teller a check he makes in his printer, and miraculously walks out with a million bucks in cash. Preston is also apparently capable of reaching incredible speeds on his bicycle, due to the fact that a man driving a Jaguar after Preston and his 10-speed could not catch him, even when Preston jumped a row of cars.<br /><br />Of course, with every hokey adventure movie, there has to be hot heroine. In this case our hot heroine is a child molesting FBI agent who dates the eleven year old Preston, and promises another date when he turns 17. <br /><br />However, the absolute worst aspect of this film was not its casting, nor its sloppy dialog, such as ""The only other way I could think of skinning a cat is to stick a hose up it's butt and then pick up the fur"". It was, rather, the entire fact that nobody in the entire film seemed to realize that the FBI does not give a damn about random people . What I have failed to explain is that Preston uses the alias ""Macintosh"" to masquerade as an entrepreneur of sorts. Of course, the FBI finds this intriguing and sends our young heroine after Preston, who uses his 11-year old wit to first scream when lobsters fall on his face, then treat her to hamburgers, finishing with a ridiculous romp through a cemented area where water jettison's from the ground. Our heroine fails to realize during this whole adventure that the criminal the FBI is pursuing is slipping and sliding right behind the two, as they make their way to Preston's limousine, complete with a 1-dimensional driver who never fails to provide cheap, 3rd rate laughs that the whole family can choke on.<br /><br />Overall: 1/10 is incredibly gracious for this film. I don't see how it only has a 4.4/10."
tt0112374,Annie: A Royal Adventure!,Ian Toynton,1995,92,"Comedy,Family","Not even worth watching this tacky spoiler ruins everything about 'Annie'. The characters seem almost cheapened by the poorly written storyline and they low quality feeling to the production. It was very clearly made for TV, yet if I found it on my television, I would flick it straight over. The children in the film do an alright job, yet the adults acting is unbelievable and so the movie fails to really draw you in. This film lacked the music/dance numbers thats made the original brilliant and truly does take the shine of the Annie we all love. Johnson, as Annie is at times annoying and over acted..you cannot convince yourself that she truly is Annie. The differences in character appearance continued to irritate me throughout the duration of the film. Sad to say this sequel was a total flop."
tt0114658,Theodore Rex,Jonathan R. Betuel,1995,92,"Action,Comedy,Family","I watched this movie when Joe Bob Briggs hosted Monstervision on TNT. Even he couldn't make this movie enjoyable. The only reason I watched it until the end is because I teach video production and I wanted to make sure my students never made anything this bad ... but it took all my intestinal fortitude to sit through it though. It's like watching your great grandmother flirting with a 15 year old boy ... excruciatingly painful.<br /><br />If you took the actual film, dipped it in paint thinner, then watched it, it would be more entertaining. Seriously.<br /><br />If you see this movie in the bargin bin at S-Mart, back away from it as if it were a rattlesnake."
tt0116756,Kazaam,Paul Michael Glaser,1996,93,"Comedy,Family,Fantasy","This movie is so, so, so horrible, that it makes angels lose their wings. Shaq had tried to make other crossover efforts, like his work in Shaq-Fu for the NES and his plethora of unbearable rap albums, and later, the epic serving of horrible film-making that is Steel.<br /><br />There's not a single good thing to be said about this movie. I saw it a bunch of times when I was very young, but I must've been an idiot then, because this movie takes all that is enjoyable about films and tears it apart. It's fun to mock. I saw it on the Disney Channel a while back and spent a few minutes doing that. Although, once the thrill of mocking it is done, you still become overwhelmed by its terribleness.<br /><br />If you see it on TV, try this: consider, as your watching the film, removing from it all the scenes in which Shaq uses his magical genie powers. If you do that, it becomes like a film about a pedophile chasing a kid and rapping to seduce him. That's kinda funny, and disturbing.<br /><br />A horrible example of film. Do not, unless looking to mock it, see this movie."
tt0118998,Doctor Dolittle,Betty Thomas,1998,85,"Comedy,Family,Fantasy","...And that's why hard to rate. <br /><br />From the adult point of view (hmm, student point of view:)). i must say i fell nearly asleep here. Sure, there is some laughing scene (all the credit takes here Eddie), but that can't save the disney type of script and whole movie, that's why<br /><br />2 out of 10"
tt0120764,My Favorite Martian,Donald Petrie,1999,94,"Comedy,Family,Sci-Fi",I thought that My Favorite Martian was very boring and drawn out!! It was not funny at all. The audience just sat through the whole movie and didn't laugh at all!!! Not even the kids laughed!! That is sad for a Disney movie!! I thought they could have found somebody better to play the martian rather than Christopher Lloyd!! He was really stupid!! And he was not funny!! I thought the talking suit was really dumb!!! In the original television series the suit doesn't talk and move around!! In my opinion they should not have wasted their time on this movie!! I give it two thumbes down!! Really a waste of time and I would not recommend the movie to anybody!!! Thank You!!
tt0124265,The Voyage of the Mimi,"Richard Hendrick, D'Arcy Marsh",1984,30,"Adventure,Family,History","They made me watch this in school and it was terrible. The movie is outdated. The episodes become confusing because fact is combined with fiction to make the story more interesting.The teachers talked about it as a treat but really it was a painfully boring experience.I have read that very few people who appear in this are actors, but most of them them do what they do in the movie in real life.This accounts for cheesy acting very often. Also, very often the story becomes mildly outrageous and far-fetched. I don't like the way some of the lines were written and wish they had more meaning to them. Though, it was written to be educational, funny, suspenseful, and hip, It ended up being boring, dry, far-fetched, and old. I hope no one takes time to watch this movie because you would be just fine not seeing it."
tt0160986,Time at the Top,Jim Kaufman,1999,96,"Family,Sci-Fi","Anyone who loved the two classic novels by Edward Ormondroyd will be disappointed in this film. All the magic and romance have been modernized out of his original story of a girl who does a good deed for a mysterious old lady, and given ""three"" in return. Three what? Not three wishes, but three rides into the 1800's on a rickety elevator...<br /><br />The first novel is Time at the Top. The second is All in Good Time."
tt0167038,Belle's Magical World,"Bob Kline, Cullen Blaine, Dale Case, Daniel de la Vega, Barbara Dourmashkin-Case, Rick Leon, Burt Medall, Mitch Rochon",1998,92,"Adventure,Animation,Family","Disney has now made straight-to-video sequels to a good bunch of their many animated features. Two of these were made for their 1991 classic, ""Beauty and the Beast"". Well, these ones aren't really sequels, as they are both set in between the events of the first film. The first of these two straight-to-video films was ""Beauty and the Beast: The Enchanted Christmas"", which seems to be disliked by quite a few fans of its theatrical predecessor, but I think that can usually be expected with sequels. However, this second one, ""Belle's Magical World"", is definitely inferior.<br /><br />The film features three short stories, all of which take place while Belle is in the castle, and the place is under the spell of the enchantress. The first is ""The Perfect Word"", where a misunderstanding at the table between Belle and the Beast leads to trouble, and neither wants to be the first to apologize. The next story is ""Fifi's Folly"", where Fifi and Lumiere's fifth anniversary is coming up, and Lumiere is unprepared, so Belle helps him. However, Fifi sees Lumiere practicing romance with Belle, and thinks they're actually in love. The film ends with ""The Broken Wing"". In this story, Belle takes care of a bird with a broken wing, but a bird in the castle will probably mean trouble if the Beast finds out, as he hates birds! <br /><br />The plot description I gave is for the original VHS version of Disney's third ""Beauty and the Beast"" movie. Apparently, in the DVD version, there is another story added called ""Mrs. Potts's Party"", but I've only seen the original version. However, since I highly doubt that one story would stand out as a classic over the rest, I see no point in watching the special edition. Anyway, the first thing I will say about ""Belle's Magical World"" is that the animation is very 2-dimensional compared to what we're used to from Disney, which would obviously disappoint many people. I didn't like ""Beauty and the Beast: The Enchanted Christmas"" that much, but you certainly can't say the same about its animation. I'm sure the stories in ""Belle's Magical World"" could entertain many kids (mostly younger ones, I think), and each story has a moral, so they could also teach them some valuable lessons. However, for adults, the film really doesn't have a lot. I personally didn't find any good humour in it, found that the constant conflict between Belle and the Beast got tiring, and the stories did not impress me too much at all in any way (they're not very well written). In ""The Perfect Word"", the way Belle says to the Beast, ""You're acting rude... and foolish!"" is a bit cheesy, and I think there are quite a few other cheesy moments in these stories.<br /><br />By the time this straight-to-video movie first came out, I was around eleven or twelve years old. I don't know what I would have thought of it at the time, as I had lost interest in Disney by then, and it would be years before I would gain any of that interest back. Even when this movie was first released, I think I was a bit past the age group it was aimed at. I never saw ""Beauty and the Beast: The Enchanted Christmas"" until a couple months ago, but unlike that film, I never even heard of this one until recently, I think just after seeing the first sequel to Disney's 1991 hit. Well, as much as I like the theatrical original, I wouldn't have been missing much if I never became aware of this film's existence. For little kids, I'm sure ""Belle's Magical World"" can be highly entertaining, and probably somewhat educational with its morals, but I do not recommend it for adult Disney fans."
tt0190897,The All-New Popeye Hour,"Ray Patterson, Carl Urbano, George Gordon, Oscar Dufau, Chris Cuddington, Rudy Zamora",1978,60,"Adventure,Animation,Family","POPEYE AND BIG FOOT **; POPEYE'S ENGINE COMPANY **; GETTING POPEYE'S GOAT **1/2<br /><br />I used to lap these up as a kid but, catching an episode of the series comprising three cartoons back-to-back now i.e. several years later (they preceded the theatrical screening of the pirate yarn RAIDERS OF THE SEVEN SEAS [1953]), I can see how they don't hold up all that well! The character of Popeye isn't exactly sympathetic to begin with, Olive Oyl distinctly overbearing and Bluto's antics failed to elicit much interest either  in short, the scripts were alarmingly thin, fairly awful and generally unfunny to boot. They're strictly juvenile fare, yet I doubt today's kids would even have the patience to stick with them!; furthermore, the animation style is unattractive.<br /><br />Taking each short per se, I guess they improved from one to the other: after the initial shock, one adapted to its mediocre quality as it were, so that the third cartoon easily results in being the most enjoyable of the lot  Popeye is entrusted with a mascot army goat whose immense appetite causes him no end of mischief (hardly original, I know, but always an amusing ploy). One interesting element here was that the shorts were bookended with Popeye delivering moralistic bits of wisdom to the kids in the audience."
tt0268288,Eva & Adam: Four Birthdays and a Fiasco,Catti Edfeldt,2001,100,"Family,Romance","I just saw this movie, and I have to say that it was a big waste of time. The girl who played Eva (Ellen Fjaestad) can't act at all. She read her lines very un-naturally, and she had a very un-natural facial expression through the entire movie. Rosanna Munter who played Petra on the other hand, is a natural. She played her part with great perfection.<br /><br />SPOILERS! The story was simple - we've seen it many, many times before. She breaks up, he finds another, she get jealous, he breaks up with the other girl and they end up back together in the end. There were no surprises at all, one knew that Eva would break up, and that Adam would ""hook up"" with Petra. The only thing that nobody saw coming was that Petra told Adam to go after Eva at the party. She became all serious, which is a side of Petra the viewers hadn't seen earlier in the movie, and told him to win Eva's heart back, which was really cute.<br /><br />Besides Rosanna Munter, there isn't a single actor who gives a memorable performance.<br /><br />This is a mediocre movie with mediocre actors, so I don't recommend it!"
tt0312528,The Cat in the Hat,Bo Welch,2003,82,"Adventure,Comedy,Family","Most movies I can sit through easily, even if I do not particularly like the movie. I am the type of person who recognizes great films even if I do not like the genre. This is the first movie I could not stand to watch. Cat in the Hat is the worst movie I have ever seen--and I've seen a lot of movies. The acting is okay (Myers is good as the cat, it's just that he is REALLY annoying). The silly songs the cat sings were boring and monotonous, even for the children in the audience. The plot drags on and on, and viewers must suffer through poor dialogue. The ""witty"" parental remarks are disgusting, not funny (I remember some awful comment about a garden hoe being compared to, well, a type of person people call a ""ho""). Even though the movie is really short, it seemed to last FOREVER. Do not waste your time. I know small kids who hated this movie. If children can't stand it, I do not know how any adults can. I would like to fume more about this film but I do not even feel like wasting anymore time writing this review about it. I HATED IT! So, in summary, do not spend 90 minutes of your life watching this! See a GOOD movie!<br /><br />1/10 stars--the lowest review I have ever given a movie."
tt0322389,George of the Jungle 2,David Grossman,2003,87,"Adventure,Comedy,Family","There are just so many things wrong with this movie.<br /><br />To begin with, the first twenty minutes of the film could have been compressed into just five or maybe ten. The overall movie is (mercifully) short already, but this could have been made up for by giving a little more attention to the Mean Lion (how did the miss a reference to ""The Wiz"" on that one?) and working his subplot a little more closely into the main plot. In short, the script had the seed of a good idea, but needed quite a bit of reworking.<br /><br />Second, it could have done without the crude humor. The original also had some that it could have done without, but at least there it was almost an afterthought -- here, flatulence and urination abound.<br /><br />Third, the show is a little too self-aware. The original series had that well enough, as did the first movie, but here it's just way, way too much. The Brendan Fraser in-jokes were just a bit over the top (and why no mention of the ""new Ursula""?). Other gags with the Narrator, especially a couple of interactions near the end, also exceed good sense.<br /><br />Fourth, a bit more attention could have been given to the CGI work. In the first it was hard to tell that Shemp wasn't a real elephant (except by behavior, of course), but here the CGI stands out like a sore thumb. Ideally special effects should merely tell the story whether they're good or bad, and they at least do succeed on that count, so it's a relatively small problem, but it's still there.<br /><br />All that said, Christopher Showerman's performance as George is decent enough. It lacks Brendan Fraser's charm, but Christopher only really fails in that specific comparison -- he even managed to give George a bit of personal depth, which should have been a major foul in a Jay Ward-inspired movie but wasn't here. Julie Benz as the new Ursula surprised me as being even better than Leslie Mann in the original.<br /><br />Most other performances were pretty standard, not standing out in my mind as either good or bad."
tt0324532,When in Rome,Steve Purcell,2002,94,"Comedy,Family","I do agree with everything Calamine has said! And I don't always agree with people, but what Calamine has said is very true, it is time for the girls to move on to better roles. I would like to see them succeed very much as they were a very inspirational pair growing up and I would like to see them grow as people, actresses and in their career as well as their personal life. So producers, please give the girls a chance to develop something that goes off the tangent a bit, move them into a new direction that recognises them individually and their talents in many facets. This movie that is being commented is not too bad, but as I have seen further on in their movies, their movies stay the same of typical plot and typography. When In Rome is good for audiences of younger generation but the adults who were kids when the twins were babies want to follow the twins in their successes and so hence I think we adults would like to see them make movies of different kinds, maybe some that are like the sixth sense, the hour, chocolat, that sort of movie - not saying to have just serious movies for them, humour ones too yes, but rather see them in different roles to what they have been playing in their more recent movies like this one and New York Minute. (Note: I am from Australia so excuse my weird spelling like reognise with the s instead of z)"
tt0331509,Funky Monkey,"Harry Basil, Gene Quintano",2004,94,"Comedy,Family","I bought this movie from Gamestop's discount used movie bin and the cover caused me to laugh uncontrollably so I bought it for 99cents. The movie itself is retarded and they use like ten different monkeys throughout the whole film that hardly look alike. Not to mention they use a stunt double who is just a short guy in costume making a desperate attempt to impersonate a monkey.<br /><br />The director more than likely committed a murder-suicide with the chimpanzees after the movie debuted in a preview for some other low rent Warner Bros. film and he ended up owing money to the studio. It also doesn't help that he wasn't even infamous for the terrible job he did, he wasn't even known for producing a poop-chute film.<br /><br />Why was this movie ever made?"
tt0342882,The PianoTuner of EarthQuakes,"Stephen Quay, Timothy Quay, Weiser Quay",2004,99,"Animation,Drama,Family","I really wanted to like this movie, but it was just imposable. The acting was ultra hammy, the plot was annoying, and the pace was SLOW, sooo slowwwwww. The whole time sitting in the theater i wanted the movie to end. Twenty minuets into a films and I'm praying for an ending. Sure some of the visuals were nice, but c'mon guys, I mean really! And for a movie about a guy tuning magical instruments there really wasn't much music to speak of. The music there was was annoying, and boring. There were sound loud shrill sounds at times too, those were also annoying. Mainly this film managed to bore me, and creep me out at the same time.<br /><br />I'm glad its over. I need to go see ""Tideland"" and wash this bad taste out of my mouth."
tt0388595,Extreme Makeover: Home Edition,"Glenn GT Taylor, Patrick Higgins, Juan Cruz Bucich, Colin Donahue, Scott Farquharson, Jennifer Lane, David Dryden, Jack Cannon",2003,60,"Comedy,Drama,Family","""Extreme Makeover: Home Edition"" is yet another 'feel-goody', so-called 'heart warming', and out-for-ratings show that ABC has had the time to put together.<br /><br />I understand the troubles that these families go through. For that, I am sorry. But wouldn't you think that putting four wide-screen plasma televisions, three flat-screen desktop computers, an inground pool taking up half of a backyard, and closets full of expensive designer clothing is a BIT too excessive for ANY family? Sure, these families have been through a lot. Sure, they deserve nicer things that what they had previously had.<br /><br />But honestly, the things that Ty Pennington and his crew put into these houses are enough to suit an entire neighborhood.<br /><br />Another thing that really irks me about this show is how Ty and his crew always have something good to say about every little thing that relates to the family, or the family's condition. Telling a wheelchair-bound person that he or she is 'so strong', or 'very brave' really does get old after a while. That may sound rude, but believe me; watch this show, and you'll see what I mean.<br /><br />All in all, this show is overrated. If you want to watch it, go ahead. This comment is just a heads-up for what you'd be watching."
tt0400497,Herbie: Fully Loaded,Angela Robinson,2005,101,"Adventure,Comedy,Family","Herbie, the Volkswagen that thinks like a man, is back, now being driven by Maggie Peyton (Lindsay Lohan), a young woman who hopes to become a NASCAR champion. The only thing standing in her way is the current champion, Trip Murphy (Matt Dillon), who will do anything to stop them.<br /><br />The original love bug wasn't that good. Even as a kid, I remember not liking it very much. I had some hope for the sequel though. I mean the cast is pretty good and the trailer makes it seem like a pretty fun movie. Unfortunately, Herbie is no better now than he was before. The film is defiantly weak for people over the age of 12. It will probably entertain the kids but that's all.<br /><br />I realize it's a kids film and all but they could have made the film a little more interesting. There were very few laughs and it got boring near the end. Most of the actors seemed dead in their roles too. Lindsay Lohan was alright as Maggie Peyton. She usually gives better performances like in Freaky Friday and Mean Girls. Matt Dillon gave the best performance out of everyone. He was very good as the bad guy even though he didn't have a lot to work with. Justin Long, Breckin Meyer and Michael Keaton are really just there and they don't do anything special.<br /><br />Angela Robinson directs and she does an okay job. She tries to keep the film interesting but she's working with a weak script. Thomas Lennon and Ben Garant wrote the screenplay and would it be any surprise to you that they were also responsible for Taxi and The Pacifier? These two make light films yet they fail to really make the stories interesting or enjoyable. It's not completely their fault but hopefully next time they will try harder. In the end, Herbie is a safe, predictable family film that's worth watching if you're a kid. Everyone else is better off skipping it. Rating 4/10"
tt0434964,Gammera the Invincible,"Sandy Howard, Noriaki Yuasa",1966,86,"Family,Sci-Fi","What's that there in the skies? Is it a plane? Is it Superman?? Errr, no It's a TURTLE!?! See, that's what becomes of the Cold War! Nothing but bad news and other issues! The Americans shoot down a Russian combat plane somewhere over Artic territory and the subsequent explosion defrosts & literally awakens the giant prehistoric turtle-creature named Gammera. He/she is not a very friendly critter as it promptly ensues to destroy everything and everyone on its path. The arguing governments finally decide to kill the ugly bastard with a brand new and super-sophisticated ice-bomb, but Gammera has another surprise in store The damn turtle can fly! The first time this happens results in a tremendously grotesque and hilarious sequence! Gammera lies on his back looking defeated when suddenly fire blows from his armpits and he skyrockets himself up in the air. How can you not love that? Then there's also a dire sub plot about an annoying kid who's able to telepathically communicate with the monster, but that's just not interesting enough. Flying turtle, people!! There's very little else to write about this Japanese (and American re-edited) Sci-Fi effort, apart from that it's an obvious and totally shameless rip-off of such classics like the original Godzilla and The Beast from 20.000 Fathoms. The effects and monster designs are extremely hokey and, unlike the aforementioned films, it never succeeds in creating an apocalyptic ambiance. Respectable actors like Brian Donlevy (""The Quatermass Experiment"") and Dick O'Neill (""Wolfen"") seem unaware of what film set they're on and even the original Japanese mayhem-scenes aren't very convincing. Gammera's very own and personalized theme-song is rather cool, though, so it gets one extra point for that."
tt0444736,The Naked Brothers Band: The Movie,Polly Draper,2005,90,"Comedy,Family,Music","I hate this movie. I hate the show. i hate just about everything about it. it's so annoying and stupid. everyone's saying that nat and alex wolff are heroes in the music world and that they're going to make it big. WHAT KIND OF DRUGS ARE YOU TAKING???!!!?!?!?!?! nat and alex are going to end up as either hobos or end up like Jane Hudson from ""Whatever Happened to Baby Jane?"". i could only get through not even 20 minutes of this one, barely 30 seconds of the show, and i managed to survive about half an hour of 'Battle of the Bands'. How anyone could cheer for these guys in the audience at the Kid's Choice Awards, i have no clue. days before the movie premiere on Nick, most of the teen girl actresses on Nick (Jamie Spears, Emma Roberts, Lindsey Shaw, etc.) showed up in a commercial influencing brain-dead kids about how awesome nat and alex wolff are. first off, they didn;t trick me, and second of all, nat and alex probably either drugged them or payed them loads of money in order to say that and sound convincing, because i don't see how anyone could find this show/movie entertaining. the music is just awful. nat's singing sounds like a sick, dying moose on crack. alex is the most annoying movie/TV show character EVER. he's not funny, he's annoying, he's really weird, and he thinks he's hot and knows everything about girls. this guy's lucky if he ever manages to get laid. you know this show is fake when you find out that some of the characters (in real life) don't even exist!! the character Jesse is actually played by Nat and Alex's cousin jesse Draper (they mustve had some budget problem). Their father is not single, he's married to Polly Draper, but she doesn't appear on the show, making it seem the Wolff's are mom-less. Rosalina doesn't exist either. Her name is Allie DiMeco. I'll tell ya, the Naked Brothers are gonna be in some deep sh** when their ""fans"" find out the whole thing is staged. 0/10"
tt0462346,How to Eat Fried Worms,Bob Dolman,2006,84,"Comedy,Family","I was bored, around 10pm, so I watched this movie. And I could not stop laughing. Everything was so ridiculous. The way the kids were acting like they were older than 11 just cracked me up. One of the kids had a ring, that supposedly killed people after 3 or so years. It gave me the impression that he wanted to be a gangster.<br /><br />It's pretty hard to take little kids seriously, especially when it has to do with eating worms. They act like everything is such a big deal, like if Billy (the main character) doesn't eat the worms then the world will end.<br /><br />This is a good movie for little kids (excluding the fact that a 5 year old says 'penis'), but not for teens or adults who don't want to waste their time."
tt0486321,Fly Me to the Moon 3D,"Ben Stassen, Gina Gallo, Mimi Maynard, Domonic Paris",2007,84,"Adventure,Animation,Family","""Nat"" (voiced by Trevor Gagnon), along with his brainiac friend ""IQ"" (voiced by Philip Bolden) and the always hungry ""Scooter"" (David Gore) are kids with big dreams. They want to be the first flies in space. And what encourages their dreams is the first spacecraft to land on the moon, the Apollo 11, is waiting for its historic trip on the launch pad near where the three hang out.<br /><br />The first thing you notice is the animation of the film. I found it done very well done. The scenery had depth to it, as things in the distance actually looked like they were behind the focus of the scenes. I didn't see the movie in 3-D, as it was broadcast on HBO. However, I could see that there really wasn't any scenes which took advantage of the 3-D effects except a fight between characters near the end. I also wasn't really impressed with the design of the characters. To me, they didn't look like anything resembling a fly, especially in the coloring. The flies were an unusual blue-gray that was kind of distracting to me.<br /><br />The performances from the cast was not bad, but it wasn't good either. There were many times I focused more on my computer than the story. The writing was certainly written for a younger audience, with comedic moments that will make younger kids laugh. I saw nothing for adults, like jokes that they'll get the punchline for the adults to understand the meaning.<br /><br />History was not followed in this film. In fact, I think it was completely ignored, as the main focus was the flies. I also hated when a well known astronaut popped up on the screen and explained that the stories about the flies in the film was a work of fiction, and no flies were on Apollo 11. I did like how he thanked the men and women who sacrificed their lives for space exploration though.<br /><br />If you are an adult, this is not for you. It was not made for the entire family. This is certainly just for kids. But, save this one for a rainy day."
tt0486583,Fred Claus,David Dobkin,2007,116,"Comedy,Family,Fantasy","My Take: A tired formula Christmas comedy. The laughs are tired and the talents behind it seem to be too.<br /><br />I love the holidays as much as the next guy (even if I often have a bad case of the holiday blues), but it seems it's just being a dumping ground for a bunch of Holiday comedies that would be bad movies on any day of the year, but that doesn't make them any less painful during the season. As if we already had enough SANTA CLAUSE movies (three and *gulp* still counting), who wants to see a movie about his brother? In a plot that would be at home with Disney's SANTA CLAUSE franchise (save the occasionally crude humor and Santa's ""Little"" Helper wearing a short skirt), FRED CLAUS is a one-joke premise that goes on for 116 minutes. Sure, Jolly Ol' Saint Nick has a brother, but where does it go from there? <br /><br />It's a shame really. FRED CLAUS is blessed with a cast that could have made it an enjoyable Christmastime comedy that will probably melt away along with the snow, but it would have been so much better than this. Vince Vaughn is your typical snob, but we are led to believe he's really the long lost brother of the never-aging Santa (Paul Giamatti), who invites his good ol' brother to visit. Mrs. Claus (Miranda Richardson) is reluctant, and worse, an efficiency expert (Kevin Spacey) has come to keep a watchful eye on Father Christmas, and his THIS close to being shut down. Hah! And guess who plays Santa's mother! Kathy Bates of course. Elizabeth Banks is Santa's Helper Charlene, John Michael Higgins is one of the elves, and Rachel Wiesz plays Fred's girlfriend! SI don't know if I'd praise the casting or to bash it. Here we have some familiar faces to add a touch of quality, but they're given way too little to work with.<br /><br />As for humor, the best that FRED CLAUS could possibly come up with is Santa's brother being his exact opposite and some joke about a DJ elf. I have to admit I had a few giggles involving Fred attending a group counseling for celebrity brothers (where he is joined by Stephen Baldwin, Roger Clinton and Frank Stallone), but the giggles begin and end there. Worse still, the movie even succumbs into sentimentality that's supposed to make us ""feel good"" and teach us a lesson about ""what Christmas really means"". Apparently, what Christmas means to Hollywood is getting as much of our leftover Christmas shopping money as they can.<br /><br />Rating: ** out of 5."
tt0785025,Love's Abiding Joy,Michael Landon Jr.,2006,87,"Drama,Family,Western","I've seen all four of the movies in this series. Each one strays further and further from the books. This is the worst one yet. My problem is that it does not follow the book it is titled after in any way! The directors and producers should have named it any thing other than ""Love's Abiding Joy."" The only thing about this movie that remotely resembles the book are the names of some of the characters (Willie, Missie, Henry, Clark, Scottie and Cookie). The names/ages/genders of the children are wrong. The entire story line is no where in the book.<br /><br />I find it a great disservice to Janette Oke, her books and her fans to produce a movie under her title that is not correct in any way. The music is too loud. The actors are not convincing - they lack emotions.<br /><br />If you want a good family movie, this might do. It is clean. Don't watch it, though, if you are hoping for a condensed version of the book. I hope that this will be the last movie from this series, but I doubt it. If there are more movies made, I wish Michael Landon, Jr and others would stick closer to the original plot and story lines. The books are excellent and, if closely followed, would make excellent movies!"
tt0834951,Seachd: The Inaccessible Pinnacle,Simon David Miller,2007,100,"Drama,Family",This film is self indulgent rubbish. Watch this film if you merely want to hear spoken Gaelic or enjoy the pleasant soundtrack. Watch for any other reason and you will be disappointed. It should be charming but isn't - it's just irritating. The characters are difficult to care about and the acting is poor. The stories within the film are also charmless and sinister. I was expecting a heartwarming family film but this also held no appeal to my fourteen year old daughter. It is rarely that I cannot see a film through to its conclusion but this one got the better of both of us.<br /><br />Although the film is set in current times it has the look and feel of a cheap East European film made during the Cold War. There isn't even enough in the way of beautiful Scottish scenery and cinematography to redeem it. A real shame because as a film this is an embarrassment to Scotland.
tt0024078,Grand Slam,"William Dieterle, Alfred E. Green",1933,67,Comedy,"This film breeches the fine line between satire and silliness. While a bridge system that has no rules may promote marital harmony, it certainly can't promote winning bridge, so the satire didn't work for me. But there were some items I found enjoyable anyway, especially with the big bridge match between Paul Lukas and Ferdinand Gottschalk near the end of the film. It is treated like very much like a championship boxing match. Not only is the arena for the contest roped off in a square area like a boxing ring, there is a referee hovering between the contestants, and radio broadcaster Roscoe Karns delivers nonstop chatter on the happenings. At one point he even enumerates ""One... Two... Three... Four..."" as though a bid of four diamonds was a knockdown event. And people were glued to their radios for it all, a common event for championship boxing matches. That spoof worked very well indeed.<br /><br />Unfortunately, few of the actors provide the comedy needed to sustain the intended satire. Paul Lukas doesn't have much of a flair for comedy and is miscast; lovely Loretta Young and the usual comic Frank McHugh weren't given good enough lines; Glenda Farrell has a nice comic turn as a forgetful blonde at the start of the film, but she practically disappears thereafter. What a waste of talent!"
tt0026273,The Desert Trail,Lewis D. Collins,1935,54,Western,"Falsely accused, skirt-chasing chums John Wayne (as John Scott) and Eddy Chandler (as Kansas Charlie) change identities to become ""Alias Smith and Jones"". Mr. Wayne becomes ""John Jones"". Mr. Chandler's is supposed to be ""Rev. Smith"", but Wayne calls him ""Dr. Smith"". At no time are either of them as entertaining as Roger Davis, Pete Duel, Jonathan Harris, or Ben Murphy; although, Wayne can be considered infinitely more successful than any of them, career wise. Pretty blonde Mary Kornman (as Anne), grown-up from her days in ""Our Gang"", is a lovely interest for Wayne. She and Chandler have a couple of cute scenes with Wayne. If you're not a fan of low budget John Wayne films of the 1930s, this movie won't make you one."
tt0028174,Revolt of the Zombies,Victor Halperin,1936,65,"Adventure,Horror","Revolt of the Zombies is BAD. There is nothing remotely entertaining about the movie. It is dull, lifeless, poorly acted, and poorly scripted. I've often complained that the original Dracula is a little slow for my taste, well this movie makes Dracula look like a roller coaster ride. The 65 minute running time seemed like 165 minutes.<br /><br />The story: An expedition is sent to Cambodia to find the secrets of mind control through ""zombification"". One man finds the secret and uses it to make the woman he loves marry him. Once this happens, he releases the zombies under his control to horrific consequences. That's it. That's the whole story.<br /><br />For most of the movie, I was trying to figure out where I had seen the male lead. He looked so familiar. I had plenty of time to think this over. Nothing was happening in the movie. Just before the ""zombies revolted"", it hit me. It was Dean Jagger. I had seen him recently as the General in White Christmas. This is how I ""entertained"" myself throughout most of the movie.<br /><br />I'm just glad I didn't buy the DVD for this movie. King of the Zombies is on the other side and it's a masterpiece of film making compared with this movie. For what it's worth, I'll give it a 2/10. (I won't go to 1/10 because, believe it or not, I've seen worse.)"
tt0029608,Stella Dallas,King Vidor,1937,106,"Drama,Romance",i should love this movie . the acting is very good and Barbara Stanwyck is great but the the movie has always seemed very trite to me . the movie makes working class people look low and cheap .the fact that the daughter is ashamed of her mother and that the daughter does not rise above it has always made me a bit uneasy . Barbara Stanwyck as the mother worships the daughter but the daughter forgoes a mothers love to find happiness with her well to do fathers family . i wonder how many others who have seen this film feel this way about it.again the acting was very very good and worth watching . i really don't like the story line . just a personal preference .thank you
tt0052169,The Screaming Skull,Alex Nicol,1958,68,"Horror,Thriller","I am not a big fan of horror films, and have only seen a handful of them (and none of the ""Halloween""s or ""Friday the Thirteenth""s) - but I can appreciate a frightening horror film not because of gore. And I'm pretty sure this isn't scary.<br /><br /> What's so spooky about a little plastic skull that pops up everywhere? In all of its appearances there are faraway establishing shots, so there's no real surprise in any of this film. (Not that a skull in of itself is that scary anyway, but . . .)<br /><br /> The plot concerns Claus Von Bulow's third cousin (John Hudson), who marries a Donna-reed look-a-like (Peggey Webber, giving one of the worst performances ever) who begins seeing skulls and hearing the mysterious screams of a group of peacocks on her husband's mansion. Did I mention that her husband lost her first wife in a mysterious drowning incident? OOOOH!!!! Wonder who did it!!!!<br /><br /> This is the same old plot about a rich boy trying to kill and/or drive their wife insane. If you want to see a well-done version of this stuff, try ""Reversal of Fortune"". And BTW, Jeremy Irons is one hundred times more talented than John Hudson.<br /><br /> The MSTing was okay but nothing special; paired with the ""Gumby"" short, however, it makes for good viewing.<br /><br /> Two stars for ""The Screaming Skull""; eight stars for the MST3K version.<br /><br /> And now, to paraphrase Mr. Von Bulow himself: ""How bad is this film?"" ""You have no idea!"""
tt0068509,"Drive, He Said",Jack Nicholson,1971,90,"Comedy,Drama,Sport","I went to see this movie at our college theater thirty years ago because I liked Bruce Dern in Silent Running and Family Plot. To this day (sorry Jack Nicholson), it is still the dullest movie I've ever seen. It just went on and on with no discernible point and then - it just ended. The lights came up and I watched everyone looking around in confusion. Had the projectionist missed a reel? I've never had the urge to find out. All I remember about the movie is that it was a non-drama about some annoying college basketball players and their coach. The most enjoyable part of the movie was watching the totally mystified audience afterwords. Fortunately, this was just an exception for Jack, Bruce, and Karen Black."
tt0079156,The Great Alligator,Sergio Martino,1979,89,Horror,"I really do fail to see the actual surplus value of this movie. It's not bad enough to be hilarious. There's no sleaze or gratuitous nudity (although there was plenty of opportunity). There's no gore. There's no suspense in the first hour of the movie 'cause there's way to much scenes of tourist having a party and natives playing funky tribal music. That last part was actually funny on many occasions: You see these natives hitting congas and 'jembés' and that's indeed what you hear (badly synchronized) on the soundtrack. But they also added this funky bass-line on the soundtrack. So, where was the bass-player? At one point the natives get angry and start killing the tourists. Why all of the sudden? It's supposed to be because the evil white men build this tourist complex, which according to their myth awakened the wrath of the river-alligator-god (I actually missed the explanation for that one). But the natives did help for several months to build the tourist complex, so why the sudden angriness? And how in the hell did they manage to push the helicopter in the water??? It's all silly and pointless. This movie also features the skinniest Afro-American model I've ever seen.<br /><br />At one point our heroic leading couple visits this cave where a weird, crazy old man lives. The only point to that scene is that they make the ""shocking"" discovery that the killer-crocodile is actually an alligator. Crocodile or alligator, what's the difference? It's big, it's made out of plastic and it eats people. All the same to me. The alligator is a rather silly creation. It's very stiff & motionless and doesn't even flap its feet when it swims. The eyes don't even move when they're shot in close-up. I guess they didn't know 'animatronics' back then in Italy during 1979. There's also a lot of pointless inter-cut shots of the local wildlife. I suspect it's stock footage.<br /><br />Like, I said, the first hour was pretty lame and the only reason I didn't switch off the movie was because my cat was asleep on my lap and I didn't want to wake the sweet thing. But the last half hour of the movie did get better. We finally get to see some action when the alligator swims through a horde of panicking people snapping its teeth and munching on them. The most entertaining (and at the same time funny) scene is when Alice and Daniel drive a van over a bridge and it collapses. We're looking at a matchbox-version of the van falling in the river here. Funny. But nicely shot. In fact there are several other nice traveling camera-moves. Surprisingly for this type of flick. I was gonna point out some stupid details concerning the end of the movie, but I don't wanna spoil it completely, in case you do decide to watch this movie. My advice is to stay away from it. If you wanna see a decent alligator movie, then see Lewis Teague's ALLIGATOR. I admit, that one isn't Italian and isn't a JAWS rip-off, but it certainly is more fun. And if you're interested in other movies made by director Sergio Martino, then I strongly recommend the highly entertaining 2019: AFTER THE FALL OF NEW YORK. That one's an over-the-top rip-off of every possible existing post-apocalyptic-future-of-doom-movie. ""Italians"" and ""rip-offs"", two words that go together very well."
tt0083146,Sweet Sixteen,Jim Sotos,1983,90,"Crime,Drama,Horror","I am very surprised to see such a high rating for this film, and of the few reviews that there are to be positive. I saw the movie and was pretty dissapointed. I didn't find it very enjoyable at all. It was slow, and lacks the entertainment value. Even the murder scenes are lackluster, with real close-up shots of generic stabbings that don't look good at all. And the supposed great twist ending is really not much, I did see it coming, and then the ending just seemed cliche. This movie may not get much mention, but by the little that it does get, it is overrated. I would not recommend this movie."
tt0088224,Tank,Marvin J. Chomsky,1984,113,"Action,Comedy,Drama","i didn't enjoy this movie at all.for one,i just found it crude and vulgar,for no reason.i also felt it's misogynistic(against women.)also,the movie really doesn't appear to be about anything,and i didn't find any of the characters likable.really,the there doesn't seem to be any point to it all.maybe i'm missing something,but for me,this movie is pretty much a waste of time,when i could have been doing something more productive and enjoyable.like using my face as a pin cushion.James garner is in this thing,as are C.Thomas Howell and Shirley Jones,and James Cromwell.all are wasted here,and i'm sure this was a low point in each of their respective careers.Jennilee Harrison(from the later years of Three's Company)is also in the movie,and it is nice to see her in a non ditsy role.but other than that,she can't rise above the mediocre script.for me,Tank is a 3/10"
tt0096073,The Seventh Sign,Carl Schultz,1988,97,"Drama,Fantasy,Horror","The movie confuses religious ethics and ideals so much that it fails to create coherent argument against the death penalty on any level. By presenting the lawful execution of a convicted murder as the catalyst for the apocalyptic end of mankind the movie elevates a parent killer to the status of martyr for Christ. Somehow, according to the plot, god is outraged that society has chosen to rid it's self of a fanatic who killed his own parents by starting them on fire while they slept defenselessly in their beds. Yet this same god has no indignation for the acts of the killer. The lead character, an nonreligious pregnant suicidal woman, ultimately gives her own life in a defiant but implausible attempt to unsuccessfully save this convicted killer. In other threads of the underdeveloped plot Jesus comes back as a powerless and frustrated vagabond to symbolically unleash the wrath of God. The modern lackluster incarnation of Christ not just dehumanizes him but mocks the messianic ideal of all religions as well. He is unable to affect humanity for good and unemotionally skates the edges of life waiting for mankind to destroy it's self. Meanwhile, with little help from Jesus the mentally unstable pregnant woman finds herself with the ability to reincarnate herself into her newly born soulless child which somehow saves all of mankind from the wrath of the almighty. I also interpreted that as a statement in support of abortion on some levels. This movie which attempts to weave many religious themes into a thriller fails to make any religious point that I could clearly interpret except to mock people's beliefs. It raises many questions that it never even attempts to answer. It disregards the religious values of its audience while attempting to portray an asinine version of their fulfillment. Silly"
tt0099173,Brain Dead,Adam Simon,1990,85,"Horror,Mystery,Sci-Fi","I felt brain dead, I'll tell you. This is the worst film I have ever bought. (in my ignorance I thought this was the Peter Jackson film of the same name). The performances are so terrible they are laughable. The special effects have not stood the test of time and look dire. The script promotes that kind of TV movie, stare into the middle distance kind of acting. The cast look as if they have been taking lessons from Joey Tribbiani, they have one look each, and stick to it. Plus I have never been confused by a movie until I sat down to watch this. The is it a dream or no plot is so terrible that frustration sets in within a few minutes. Avoid like a plague."
tt0099260,China O'Brien,Robert Clouse,1990,86,"Action,Crime,Drama","I actually saw China O'Brien II before I ever saw the original China O'Brien. And I have to say that the first incarnation is actually worse. But: worse = funnier! And funnier = better. If you're a bad movie fan like I am, this is great material. If, however, you are looking for any sort of meaningful plot, acting ability, or movie-making skill, this is best avoided. The best part is how they filmed all the fighting sequences in stuttering fast-forward. Hilariously bad. See it for a laugh, see it for mindless entertainment, but whatever you do, see it for free on TV."
tt0101368,Severed Ties,Damon Santostefano,1991,92,"Comedy,Horror,Sci-Fi","A young scientist is trying to carry on his dead father's work on limb regeneration.His overbearing mother has convinced him that he murdered his own father and is monitoring his progress for her own evil purposes.A young doctor uses reptilian DNA he extracts from a large creature and when his arm is conveniently ripped off a few minutes later,he injects himself with his formula and grows a new murderous arm...Admittedly the special effects in ""Severed Ties"" are pretty good and grotesque,but the rest of the film is awful.The severed arm is behaving like a snake and kills few people.Big deal.The acting is mediocre and the climax is silly.3 out of 10."
tt0102800,Robot Jox,Stuart Gordon,1989,85,"Action,Sci-Fi,Thriller","Title: Robot Jox (1990) <br /><br />Director: Stuart Gordon <br /><br />Cast: Gary Graham, Anne Marie Johnson, Paul Koslo <br /><br />Review: Stuart Gordon who we usually associate with extremely gory horror films such as Re-Animator, From Beyond, Dagon and Castle Freak, took a small detour here and did a little sci-fi flick. I stress the word ""little"" since this is a very low budget flick, and there in lies its main weakness.<br /><br />The story takes place in the future. A world in which the great superpowers (that according to this movie are the United States and Russia) duke out their differences not by going on a full blown world war...but by fighting gladiator style battles with gigantic robots. Our hero Achilles must go up against the evil Russian robot fighter called Alexander. Lots of cheap stop motion animation ensues.<br /><br />Well, the idea is awesome I guess. The great nations settleling territorial disputes with giant robots? Interesting premise and one that could have been handled properly if the proper budget had been available. Unfortunately what could have been a fun movie ends up being an embarrassment for an otherwise great director.<br /><br />I as a kid loved this movie, and I guess if you want any enjoyment out of this movie, you'll have to revert back to little kid mode to have some fun with it. I showed this film to some of my friends and as the movie progressed my friends where like ""what the hell is this piece of crap franco?"" And I'm like well this movie is a sci-fi by one of my favorite directors Stuart Gordon?"" But as the movie progressed into corny territory I almost felt like pressing stop and not having them go through that torture. I could go through it, cause I loved this film as a kid, and there's still a little nostalgia attached to watching it. But everyone else was just not going to get it.<br /><br />And I myself realized that the movie isn't really that good. First off. The movie is about giant robots kicking the hell out of each other. And in order to achieve this in a credible fashion you'd have to use some damn good special effects to make it work, expensive effects that would help us the audience suspend disbelief. But unfortunately this being a small scale movie, from a small scale company (Empire Pictures, which went bankrupt after making this film!)the effects only help us giggle and laugh at them. Heck even the sets and some of the wardrobe looks unfinished or half assed.<br /><br />OK granted, once you accept that you are watching a mixture of moderate stop animation and miniatures well you can sort of give in to the film and even enjoy the big robots kicking the hell out of each other. There are certain scenes when the robots are fighting that are kinda cool, and made me go ""thats why I liked thid movie!"" But every know and them, some crappy effect will take you right out of that protective little cocoon you were trying to hide in. And boom, your right back into realizing this film just doesn't live up to its premise.<br /><br />And heres another thing that sort of bothered me a bit about the movie. This movie is basically a movie for kids. You know, giant robots duking it out? Stop motion animation? Hello? But this movies dialogue had a lot of sexual innuendos and the violence gets a little bloody. So I kept asking myself is this a kids movie or not? After a while I just came to the conclusion that basically this was a kids movie with adult sensibilities, which really isn't a good mix.<br /><br />So for those of you who don't feel that certain naive childlike charm of watching two robots fighting each other and if you don't have a nostalgic connection to this movie (like I do) well Id suggest you steer clear away from this one. Gordons a great director, but this movie he made, just didn't do it for me. Well, at least not now that I'm a full grown adult.<br /><br />Rating: 2 out of 5"
tt0114057,Othello,Oliver Parker,1995,123,"Drama,Romance","Working with one of the best Shakespeare sources, this film manages to be creditable to it's source, whilst still appealing to a wider audience.<br /><br />Branagh steals the film from under Fishburne's nose, and there's a talented cast on good form."
tt0117283,The Pallbearer,Matt Reeves,1996,98,"Comedy,Romance","Gwyneth Paltrow is absolutely great in this movie, but the story is, unfortunately, half-baked, and David Schwimmer's energy is sort of like cold mush. When he closes his mouth and gets serious for a moment or two there is a rush of what-might-have-been. Who thought 25-year-old kiddies would be entertaining?"
tt0117894,Thinner,Tom Holland,1996,93,"Fantasy,Horror","You'll notice that the chemist, who appears in two scenes and gets to speak, is played by Stephen King. ""Don't give up your day job"" is the standard thing to say, but that's not fair. King acquits himself reasonably well: he's no worse than any other member of the cast, and better than most. The story, on the other hand, is pure rubbish. Please, give up your day job.<br /><br />Never have I seen so many dreadful performances - of which the lead actor's (the LEAD ACTOR'S!) is probably the worst - gathered together in the one film. Everyone acts hammily, but not in any entertaining way; they all somehow manage to go over-the-top without expending, or manifesting, energy. I blame screenwriter/director Tom Holland. It can't be that ALL the actors are REALLY this bad. What are the odds against that? Admittedly, I've never heard of any of them before, but still, I don't think I could walk into a talent agency and walk out with this many bad performers if I tried: ONE actor, despite my best efforts, would turn out to have talent. So what's more likely - that Tom Holland rolled a dozen consecutive snake-eyes, or that he wrote a lousy script and then directed it poorly? That would also explain why actors are bad in direct proportion to their prominence in the script. The more direction an actor got, the worse he performed. (""You want me to bend over like a hunchback, talk from the back of my throat, show all my teeth, and look bored, all at the same time? Okay..."")<br /><br />This theory is confirmed by the fact that Holland undeniably managed to co-write a lousy script. Several writers here have commented on the fact that Billy Halleck is not a likeable character, but that's a misleading way of putting it. He's not a knowable character. All we find out about him before the supernatural stuff starts happening is that he's fat, and that all he can think about is food. (""All I can think about is food,"" he tells us, helpfully.) And in the end...<br /><br />(Sigh) I suppose I ought insert a spoiler warning here...<br /><br />In the end he becomes evil. Why? I can only shrug. Perhaps he's under some kind of enchantment. Yeah, that's probably it. By ""evil"" perhaps I mean ""inexplicable"" - it's not so much badness as a socially undesirable suspension of ordinary means-end psychology. Anyway, his actions at the end make no sense, nobody's actions make much sense, and this is despite the fact that the characters do little but explain their motivation for the benefit of the audience.<br /><br />By the way, here's my nominee for hammiest line/delivery: ""I don't think you'd like it. IN FACT..."" [big dramatic pause] ""...I don't think you'd like it at all."""
tt0118882,Conceiving Ada,Lynn Hershman Leeson,1997,85,"Drama,Fantasy,Sci-Fi","I haven't seen anything this bad since I walked out of the James Bond movie ""Moonraker"" twenty years ago. I managed to sit through the entirety of this one only because of Tilda Swinton, but there was nothing she could do to save this beast.<br /><br />As a cross between ""Pi"", ""Orlando"", and ""Tron"", this movie failed miserably in every aspect of moviemaking. The characters were cardboard and unable to evoke any kind of sympathy. The plot was wholly unbelievable. The acting was, with the exception of Swinton, amateur. The computer graphics were worse than in ""Tron."" Timothy Leary was extremely annoying. I could go on, but what's the point.<br /><br />The only good thing I can say about this film is that Tilda Swinton was in it. I have no idea why an actress of her caliber consented to appear in such a dud, but she most likely regrets it now.<br /><br />Don't waste your money or your time on this stinker. There's nothing worth seeing here."
tt0120247,Surface to Air,Rodney McDonald,1998,93,"Action,War","This film was bad. Bad acting, bad directing, bad writing. But it wasn't bad in a funny way. It was bad in a boring way. I watched ""Surface to Air"" because I thought it might be a laugh. It wasn't. Don't make the mistake I did. There are plenty of more enjoyable ways to spend an hour and a half such as watching paint dry or reading the dictionary. Seriously."
tt0120620,Brokedown Palace,Jonathan Kaplan,1999,100,"Drama,Mystery,Thriller","I had been looking forward to seeing this film for a long time, after seeing ""Return to Paradise,"" which I found to be gritty. I was so disappointed. The most realistic thing about it was the unpredictable ending which I think was partly stolen from ""Return to Paradise."" <br /><br />Maybe I was expecting too much. <br /><br />On the positive side Danes, Beckinsale and Pullman were fantastic in their roles. Although I didnt like Danes's character and first and found her very annoying. <br /><br />I couldnt see anything realistic about the film. It could of been done so much better, for example there could of been more emphasis on the prison conditions and the sheer horror. It was too cheery a movie to be realistic. There could also of been more action and tension<br /><br />The best thing about this film is the ""tragic"" ending. I couldnt of predicted that. But by that time I really didnt care what happened to them.<br /><br />3/10"
tt0138322,Beretta's Island,Michael Preece,1993,97,"Action,Adventure,Comedy","From the first time I saw the box cover of the movie and the stretched out photography I thought this guy, this friend of the 'Scwarz' must be like 6 foot or 6ft 2in. <br /><br />Not 5 feet tall. Not that, it's his fault. <br /><br />At any rating, I turned on the movie one cool night in Tucson, out on the second story-deck with a good cigar and let it roll. At that time my wife was having an affair and things were going down hill for me, so I needed a good diversion. But, as bad as the movie was...I totally enjoyed it, with a bottle of Merlot too, I might admit. <br /><br />Truly, I have watched this movie many times. It always makes me feel good!! It's not that it 'tries too hard' to be cool or that 'It's so close' to hitting the mark for an action film....It's frantic. And then truly clueless. Then frantic again. It's the best of the best when it comes to a slow speed chase scene. Wow!! I never felt safer in my life. Warm and happy too. I was thankful that they conserved on the gasoline during the chase, due to less production in the summer months...anywho <br /><br />The direction was 'uninspired' the action and fight sequences needed to be choreographed, or re-choreographed and tightened up, the sound was off the delivery didn't hit you, it just kept on going, the other way. The 'locals' of that village that they were in, the town rather, were 'Off cue' they also did not seem to follow what was happening very well, the would look and even 'stare' into the camera lens. Like a deer in the head lights kind of thing only some of them with a smile, a smiling deer. <br /><br />I feel bad because 'Columbu' I just bet has a good heart and a caring spirit for people in America as well as for his own countrymen. <br /><br />However ""Baretta's Island"" is very lethargic and unbelievable. Even still I like it a lot. My now x-wife hates it, but I love it! <br /><br />The funny thing is, I am pretty discriminating when it comes to movies I like or even 'love'. All in all, I like Franco. So there it is. <br /><br />As a movie adding addendum to this if you like killing a few hours with truly fun to watch, straight to video-B movies or 'bad' movies for your little library collection then, if you can find it, check out 'The Big Sweat' (1991) with Robert Z' Dar..you know the big guy from 'TANGO & CASH'. 'The Big Sweat', a bomb of a cop story with no real plot discovery and acting that is so lame, it might as well be 'on crutches' and at the end of 'The Big Sweat' I think they ran out of money, because they had a picture of the cast and just set it on fire and let it burn during the credits. -Good fun. <br /><br />But all in all, not as good as Baretta's Island', I gave it a '1' and an overall rating of 'awful' for awful-good B' movie. I'm waiting for the sequel, maybe like 'Baretta's revenge on Montazuma' (Franco takes a Mexican vacation and gets sick on the water then, declares war on the water co.) or 'Baretta's powder war' where as he would stake out a large drug lord in his country and chemically gene-splice and create a hybrid super bug (insect) that would be bred and dropped into the cocaine fields and eat the coke and upon passing it through the bug, it forms a chemical reaction that turns the coke to pure powdered sugar. Then another sequel he would have to get the young people rescued from excessive sugar addiction and so on. He could get a major tooth paste company to endorse and partially fund the project with careful product placement in the feature. Right?(*)"
tt0145531,Stigmata,Rupert Wainwright,1999,103,"Horror,Mystery","I find it hard to believe that anyone would put this movie in the same context as the Exorcist. Where the Exorcist was subtle and creepy, Stigmata was blunt, clumsy, and way too formulaic.<br /><br />This is one of the most visually beautiful films I've seen in a while, but the imagery does not make up for the downward spiral of patronizing exposition that makes it unbearable. <br /><br />My interest in this movie was peaked when it was compared to The Exorcist, and my visit to the official web site increased that interest. The web site had many tales of ""actual"" stigmata throughout history. However, scene by scene, the movie is so obsessed by its quest for ""genuineness"" that it becomes comical at first, then outright hard to watch toward the end. I began getting suspicious when the priest charged with investigating potential miracles walks into the beauty parlor where our would-be heroine cuts hair and, evidently, flirts with priests.<br /><br />The plot: A woman without faith in God begins receiving the wounds of Christ (the Stigmata) and is baffled and upset about the ordeal. A priest is sent straight from the Vatican to investigate the case. Is Frankie possessed by Satan, or a vessel for Jesus Christ?<br /><br />The only miracle in this film is that it finally ends."
tt0161023,Tumbleweeds,Gavin O'Connor,1999,102,"Comedy,Drama",We've all seen this story a hundred times. You can see each plot turn coming a mile away. The relationship between the mother and daughter is way too sweet and understanding to pass for realistic. Janet Mcteer's performance is stock southern hot- ticket mother in vintage clothes. Should have been made for the Lifetime Channel.
tt0164052,Hollow Man,Paul Verhoeven,2000,112,"Action,Horror,Sci-Fi","Leave it to Paul ""sex on the brain"" Verhoeven to come up with a pointlessly sleazy and juvenile version of the INVISIBLE MAN story. If he'd direct a Pokemon film, I'm sure he'd turn it into some massive orgy of sorts. I don't mind sex or even sleaze (check my other reviews) on film but frankly, it's obvious the director has a one track mind and he couldn't see interesting aspects about an invisible man storyline than the kinky implications it comes with it. It's a shame because it could have been good if the film didn't spend so much time having an invisible Kevin Bacon grope women. <br /><br />The game cast of actors does what it can with the one-note cheesy script but I felt bad for some of them, including William Devane, who is totally wasted here.<br /><br />But then what could I have expected from the director of SHOWGIRLS, which, btw, is much more entertaining than this stilted & bad film."
tt0164699,Bodyguard Kiba,Ryūichi Takamori,1973,87,"Action,Crime,Drama","I just finished watching this film and WOW was that bad. Actually the only thing that kept me watching was that it was SO MONUMENTALLY bad it was kind of entertaining. The action of the characters is hilarious, from the hyper-dramatic way they fall to gunfire, to their incredibly bad acting (were the bad guys all just pulled off the street, or were they actually actors?), to incredibly bad delivery of lines, to their inexplicable actions (if you are going to try and shoot someone through a doorway as they enter, obviously the thing to do is shoot directly at the doorknob!!). This film must break some record for worst written and delivered lines.<br /><br />The camera work was also really bad - you can hardly see what's going on in the fight scenes due to switching camera angles and shakiness.<br /><br />I would have voted ""1"" except that I do like Chiba and sidekick Sue Shihomi, and I was entertained by a couple of scenes: 1) breaking of a villain's arm so the bone pops out of the skin (that's gotta hurt) 2) a drug kingpin eating a brown-furred animal (a monkey??) by hacking away at the carcass with a meat cleaver 3) Sonny Chiba's performing some impromptu eye surgery on a guy with his fingers.<br /><br />I am actually a big fan of Sonny Chiba but this one is really not worth anyone's time. I've seen about 7 or 8 of his films and have come to the conclusion that the only ones worth watching (and they are great!) are the Street Fighter series, and The Killing Machine. I've also heard the Executioner and Golgo 13 are good. I recommend sticking to those ones."
tt0171363,The Haunting,Jan de Bont,1999,113,"Fantasy,Horror,Mystery","Effect(s) without cause is generally not possible in the real world but in the world of Hollywood remakes, not only is it possible, it's required. The Haunting has been given the computer treatment courtesy of a 1st-class cinematographer-turner-director who once showed promise (Jan de Bont- Speed) but has since produced a string of big budget garbage (Twister, Speed 2).<br /><br />Actor are superfluous in a movie of this type and they seem to realize it. Liam Neeson and Cathrine Zeta-Jones act like they wish they were anywhere but in this film. Lili Taylor makes an attempt to add something to the proceedings but whatever that something might be is unknown since the script feels like half of it is missing. Events just happen, good and bad ghosts show up with no rhyme or reason and then the story just ends with a most unsatisfying non-event meant to wrap up the previous 90 minutes of inanity.<br /><br />There really isn't even reason to see this for the effects since we all know that anything can be put on screen now. Why not watch effects in the service of a good story instead of just for their own sake?"
tt0175880,Magnolia,Paul Thomas Anderson,1999,188,Drama,"That's not just my considered verdict on this film, but also on the bulk of what has been written about it. Now don't get me wrong here either, I'm not a total philistine, I didn't hate the movie because it wasn't enough like 'police academy 9' or whatever, I enjoy more than my fair share of high brow or arty stuff, I swear.<br /><br />'Magnolia' is poor, and I am honestly mystified as to why it is seemingly so acclaimed. Long winded, self indulgent, rambling nonsense from start to finish, there is just so little that could credibly be what people so love about the movie. There's some high calibre actors fair enough, and none turns in an average or worse performance. Furthermore, my wife (a self confessed Tom Cruise hater) tells me it's his career best performance by far. But the plot is so completely unengaging, meandering between the stories of several loosely connected characters at such a snail's pace that even when significant life changing events are depicted they seem so pointless and uninteresting you find yourself crying out for someone to get blown up or something.<br /><br />It doesn't help that none of the characters are very easy to identify or empathise with (well I didn't think so, but I don't like most people admittedly). They all play out their rather unentertaining life stories at great length, demonstrating their character flaws and emotions in ever-so intricate detail and playing out their deep and meaningful relationships to the nth degree with many a waffling soliloquy en route. Yadda yadda yadda. The soundtrack's dire as well, with that marrow-suckingly irritating quality that I had hitherto thought unique to the music of Alanis Morisette.<br /><br />All in all, it was about as enjoyable a three hours as being forced to repeatedly watch an episode of 'Friends' whilst being intermittently poked in the ribs by a disgruntled nanny goat. The bit with the frogs is good though."
tt0192766,A Wake in Providence,Rosario Roveto Jr.,1999,92,Comedy,"While some performances were good-Victoria Rowell, Adrienne Barbeau, and the two Italian girlfriends come to mind-the story was lame and derivative, the emphasis on the girlfriend's racial background was handled clumsily at best, and the relatives were mostly portrayed as stereotypes, not as real people. I found myself wincing uncomfortably at many moments that were supposed to be funny. I can hardly comprehend why the local paper here in SF said this was a good movie, and wonder WHO posted the glowing review here on IMDb. Very disappointed in this movie, and mad I actually went to a theatre to see it, based on the faulty connection to Garden State, which is a far funnier, more inventive, and touching movie than this one. I must especially mention the emotional climax in the church, which was so wooden and by-the-numbers that I nearly left, and some in the audience actually DID. THAT was followed by a silly climax at the graveyard, which I saw coming 10 minutes before it happened. I really don't like being misled to spend my money so uselessly."
tt0197153,Good Day L.A.,"Lisa Todd, Patrick Perez",1993,180,"News,Talk-Show","When I first tuned in on this morning news, I thought, ""wow, finally, some entertainment."" It was slightly amusing for a week or so... But we have to face it, these news reporters (if one can even call them that) have WAY TOO MUCH ""playing around"" time.<br /><br />At first, I thought Jillian was a breathe of fresh air. But seriously, this woman has got not the least bit of journalist in her. She is very unprofessional. She keeps on interrupting Steve when he starts informing the viewers about a certain news report. It's just really become annoying to the point that I can't watch it anymore.<br /><br />Jillian is NOT a good journalist. Hell, she's more of a celebrity who loves being a celebrity. Hence, she instantly transforms into a celebrity around celebrities whom she's supposed to be interviewing. She's not very professional and quite possibly perceives her relationship with celebrities more important than being a rightfully insatiable journalist- and that's all I can say about her.<br /><br />Also (disappointingly), this show has more entertainment news than necessary news reports about the world, the government, the US, or something that will benefit and/or serve the public's best interest. They're too focus on sensationalism that everything they talk about comes off as a commercial product. On the other hand, their field reporters are interestingly tolerable...<br /><br />I believe ""Good Day LA"" is for young teenagers and celebrities, and it is definitely not for people who actually CARE about the news.<br /><br />SIDE NOTE: (I'd really rather watch KTLA. However, they try so hard to be entertaining sometimes. They're still a bit dull though. Oh well, I'll stick to NBC's ""Today."" ABC's ""Good Morning America"" is also okay... as long as Diane Sawyer doesn't become way too serious.)"
tt0202152,Zatoichi,Shintarō Katsu,1989,116,"Action,Drama","This is to the Zatoichi movies as the ""Star Trek"" movies were to ""Star Trek""--except that in this case every one of the originals was more entertaining and interesting than this big, shiny re-do, and also better made, if substance is more important than surface. Had I never seen them, I would have thought this good-looking but empty; since I had, I thought its style inappropriate and its content insufficient. The idea of reviving the character in a bigger, slicker production must have sounded good, but there was no point in it, other than the hope of making money; it's just a show, which mostly fails to capture the atmosphere of the character's world and wholly fails to take the character anywhere he hasn't been already (also, the actor wasn't at his best). I'd been hoping to see Ichi at a late stage of life, in a story that would see him out gracefully and draw some conclusion from his experience overall; this just rehashes bits and pieces from the other movies, seasoned with more sex and sfx violence. Not the same experience at all."
tt0202458,Love.com,Sherwood Ball,2002,85,Thriller,"It is a pity that you cannot vote zero stars on IMDb, because I would not have hesitated! In fact I would go so far as to say that this film was in the negative stars. <br /><br />I, like many others, bought this film thinking that because it has Michael Madsen in it, it could be good... No chance! This film was shocking! Imagine a movie length 'The Bold and the Beautiful', well, Primal Instinct did not even come close to that good, and I had previously thought that there would be nothing worse than a movie length 'The Bold and the Beautiful'. <br /><br />Michael Madsen, how could you do this to us? The worst part is, I didn't fast forward a bit, I was hoping that at the end they would reveal that it was all some sort of sick joke, that they thought it would be funny to make us watch such a horribly bad film.<br /><br />Where do I start...? Directing - Zero Stars, Screenplay - Zero Stars, Acting - Zero Stars, Cinematography - Zero Stars, Digital Effects - Zero Stars, Production Design - Zero Stars, Make-up - Zero Stars, Casting - Zero Stars, Editing - Zero Stars, Trailer - Half a Star, Graphic Design - Half a Star, DVD Menu - Half a Star.<br /><br />However I think that it is very important to have seen bad films just so that you know what a really bad film is, so for that reason I am happy that I saw this film, just so that I have a bad film to put at the bottom of my list."
tt0218619,Soul Survivors,Stephen Carpenter,2001,84,"Horror,Mystery,Thriller","Inept, boring, and incoherent supernatural ""thriller"" in which college student Cassie (Melissa Sagemiller) is the constant victim of hallucinations and nightmares after a car accident claims the life of her boyfriend Sean (Casey Affleck).<br /><br />I can't begin to tell you how bad this is...nothing of any importance ever happens nor is there ever any sort of actual entertainment value. I did not like this cast in this particular film - they are all sadly unconvincing (then again, their roles are no good). To promote this as a horror film is a joke. Where are the scares? There's no sense or suspense - there are a few good songs but that's about it.<br /><br />How on Earth did this project get the green light? Writer-director Steve Carpenter has no discernible vision or talent that I can sense. Worst of all, the conclusion really makes the whole movie pointless.<br /><br />The alleged ""killer cut"" that I watched is 86 minutes of pure tedium.<br /><br />1/10"
tt0219400,Waking Up in Reno,Jordan Brady,2002,91,"Comedy,Romance","I've seen some crappy movies in my life, but this one must be among the very worst. Definately bottom 100 material (imo, that is).<br /><br />We follow two couples, the Dodds (Billy Bob Thornton as Lonnie Earl and Natasha Richardson as Darlene) and the Kirkendalls (Patrick Swayze as Roy and Charlize Theron as Candy) in one car on a roadtrip to Reno.<br /><br />Apparently, Lonnie isn't too happy with his sex-life, so he cheats on his wife with Candy, who's despirately trying to have a baby. Roy, meanwhile, isn't too sure if his sperm is OK so he's getting it checked by a doctor.<br /><br />Now, I had read the back of the DVD, but my girlfriend didn't, and she blurted out after about 20 minutes: 'oh yeah, she's gonna end up pregnant but her husband can't have any baby's'. Spot on, as this movie is soooo predictable. As well as boring. And annoying. Meaningless. Offensive. Terrible.<br /><br />An example of how much this movie stinks. The two couples set out in their big car towards Nevada, when they are stopped by 2 police-officers, as they didn't stop at a stop-sign. The guys know each other and finally bribe the two officers with a case of beer. Not only is this scene pointless and not important (or even relevant) for the movie, it takes about 5 minutes! It's just talk and talk and talk, without ever going somewhere.<br /><br />I still have to puke thinking about the ending though. Apparently, Roy ISN'T having problems down there so he IS the father of the child. How many times does that happen in the movies... try something new! The cheated wife ultimately forgives her husband and best friend for having the affair and they all live happily ever after. Yuck.<br /><br />Best scene of the movie is right at the end, with a couple of shots of the Grand Canyon. Why couldn't they just keep the camera on that for 90 minutes?<br /><br />One would expect more from this cast (although Thornton really tries), but you can't really blame them. Writers, shame on you!<br /><br />1/10."
tt0237616,The Prodigy,Edward T. McDougal,1999,104,Drama,"I went to school with Jeremy Earl, that is how I heard of this movie, I don't really know if it was in the theater's at all. I don't recall the name. I have seen it, it is like one of those after school specials. The acting is OK, not great. The plot was kind of weak and the lines were pretty corny. So the only comment I can give this movie is ""Eh"" I borrowed the movie from Jeremy, if I was in a movie rental place, this is one that I would walk past and after watching it I wouldn't recommend it to anyone past middle school age. I've also noticed that many times when urban kids are portrayed, the slang is overused or just outdated. Many times I think thats what makes their characters unbelievable."
tt0240684,The Little Mermaid 2: Return to the Sea,"Jim Kammerud, Brian Smith",2000,75,"Adventure,Animation,Comedy","Disney goes to the well one too many times as anybody who has seen the original LITTLE MERMAID will feel blatantly ripped off. Celebrating the birth of their daughter Melody, Ariel and Eric plan on introducing her to King Triton. The celebration is quickly crashed by Ursula 's sister, Morgana who plans to use Melody as a defense tool to get the King 's trident. Stopping the attack, Ariel and Eric build a wall around the ocean while Melody grows up wondering why she cannot go in there.<br /><br />Awful and terrible is what describes this direct to video sequel. LITTLE MERMAID 2 gives you that feeling everything you watch seemed to have come straight other Disney movies. I guess Disney can only plagiarize itself! Do not tell me that the penguin and walrus does not remind you of another duo from the LION KING!<br /><br />Other disappointing moments include the rematch between Sebastien and Louie, the royal chef. They terribly under played it! The climax between Morgana and EVERYONE seemed to be another disappointment.<br /><br />I will not give anything away, but in 75 minutes, everything seemed incredibly cramped and too much to handle. An embarrassment to Disney, LITTLE MERMAID 2 is better left to rent and laugh at. Then you can prepare for the rest of the other sequels Disney is going to drown you in later on."
tt0253840,The Triumph of Love,Clare Peploe,2001,112,"Comedy,Romance","Let me be clear. I've used IMDb for years. But only today I went through the trouble of registering on the site, just so I could give this movie the lowest possible rating. I've seen hundreds of films, some of them bad, a few awful. Never, though, have i seen such a contrast of pretense and incompetence, of high intentions and failure.<br /><br />Mira Sorvino is horribly cast as the princess, but entirely unbelievable as Phocion, a young boy. Fiona Shaw is always an entertaining character, but the dialogue in the film is much worse, even, than in the insipid French play that is the source (Marivaux never reached Hollywood until now, and we should keep it that way).<br /><br />To illustrate, for example, that Leontine is a brilliant, passionate philosopher and scientist, she is shown frantically pouring chemicals from beaker to beaker, shouting out names of famous scientists. And the romance between Agis and the princess is played even sillier. For this, the pair should receive a joint 'Clair Danes' award, which in a just world would be awarded for gratuitously anachronistic and uninspired re-interpretation of interesting teens from literature as brats of the 1990's (see Miss Danes in Les Miserables).<br /><br />Aside from the atrocious plot and dialogue, there are some attempts to introduce artistic tropes into the filming. For example, there are moments when a handful of spectators are faded in and out of view of the action, sitting in chairs, watching the principal characters. The Director wants us to realize she's adapted a play. I get it. But it doesn't happen at all until far into the film. At that point, seeing a crowd of people sitting in chairs for a moment, then disappearing, is creepy and distracting. They're like some sort of un-scary zombie crowd, appearing through the mists, filling us with dread. When you see the horrible frolic and song that ends this movie, you'll want to rouse your own crowd of zombies and kill them all for the grave injustise of poisoning your mind for 112 minutes.<br /><br />-Matthew McGuire"
tt0254199,CQ,Roman Coppola,2001,88,"Comedy,Drama,Sci-Fi","This is a movie about making a movie. Such movies may be entertaining, but they need some substance, to do so. It did not happen here, I am afraid. Mr Coppola did not inherit his father's skills, unfortunately (neither did his sister, who can however make movies which one might watch).<br /><br />I do wonder how this movie came to get such rave reviews. <br /><br />Let's see: the lead male actor, supposedly a director, is as expressive as a frozen squid and his voice has the same pitch whatever he says, the lead female actress has an expression on her face that never changes, the plot is totally segmented in bits with perhaps one single connecting element, the movie within the movie idea must be more stale than paleolithic rocks... Would that be enough?<br /><br />I regretted every single moment I watched this movie. A walk with the dog is far superior entertainment to this unbelievably lame movie. It's as if a François Truffaut plot were directed by Dick Cheney...<br /><br />Brazil, some other classic SF movies? You must be really joking..."
tt0269266,Nightmare,Byeong-ki Ahn,2000,97,"Crime,Horror,Thriller","The reviews I read for this movie were pretty decent so I decided to check it out. BAD IDEA! This is another movie about a ghost out for revenge against a group friends. The story is stupid, mix two parts Ringu with one part Prom Night, a sprinkle of I Know what you did Last Summer, and add a tiny dash of Single White Female - now blend until completely nonsensical. There is nothing new to this plot, and revisiting the clichés I've grown so fond of wasn't even entertaining this time. This movie jumps to and from the past too much, and once I made sense of it all I realized it still didn't make much sense. Characters go from sane to psycho killer in the blink of an eye. Speaking of characters, they are all your stereotypical favorites - the greedy selfish lawyer, the egocentric actress, the has-been baseball star, the video voyeur, the bitter girl, the spooky quiet chick, the 'nicer-than-nice' nice girl, a freakin' black cat... and I didn't care about any of them. Perhaps a better writer could have made the movie work, there were some decent scenes in it, but overall this movie was a mess. I should also mention a certain 'video tape' that would have been IMPOSSIBLE to shoot. <br /><br />This movie isn't the worst Asian horror has to offer by far, but it is still pretty bad. If you just want to see some creepy images in the dark, or just want to laugh out loud at some over the top acting, or just want to yell ""you're stupid!"" at a movie screen, or just want to have another Asian horror flick up your sleeve when someone asks you how many you've seen - this movie is for you. <br /><br />Those seeking a decent plot look elsewhere."
tt0308132,The Corpse Grinders 2,Ted V. Mikels,2000,102,"Horror,Sci-Fi,Thriller","The original exploitation classic-though far from enjoyable on almost any level concerning some guys who turn cats into human flesh eating monsters because the cat food they make is made with people is remade with scifi elements added. The cats can't get enough and when the flesh tainted food runs out the cats turn on their owners. Poorly put together on almost every level this is an example of the absolute bottom of the barrel material that used to actually play movie theaters in the early 1970's updated with alien cat and dog races battling for supremacy. Director Ted Mikel is a hack, but is so lovable a person (I generally like the guy thanks to his smile inducing interviews and commentary tracks) that you can pretty much excuse the garbage he mostly turned out. Mikels wanted to make films and he didn't care how they turned out so long as he was producing something. More power to him, but I wish he wouldn't subject us to his home movies"
tt0319147,Casomai,Alessandro D'Alatri,2002,114,"Comedy,Romance","(Spoilers)<br /><br />I was very curious to see this film, after having heard that it was clever and witty. I had to stop halfway because of the unbearable boredom I felt.<br /><br />The idea behind the film would have been acceptable: depicting the way the relationship between a man and a woman evolves, through all the problems and difficulties that two people living in a big city can experience. What made me dislike the whole film were two things.<br /><br />First of all, the film was so down-to-earth that it looked as if, by describing the problems that a couple must solve on a day-to-day basis, it became itself ordinary and dull.<br /><br />Secondly, the overall sloppiness of the production, with dialogues that were barely understandable.<br /><br />Too bad."
tt0332658,Intermission,John Crowley,2003,105,"Comedy,Crime,Drama","This was no Trainspotting or Guy Ritchie film. It was a big wannabee. It wanted to be an edgy, nervous-laughter, urban-life affirming film, but it's more of a camera jerky, mess. It's a lot easier to imitate something else, than to create a real story with real characters. From the beginning, I couldn't care less about the characters or what they were involved in. They were always always hitting, pissing, or crying on each other. Only, there wasn't any substance to what they were doing. The dialog between characters is meant to be hip, revealing, instead it comes out trite, and one scene after another is predictable. I know there are viewers out there that really liked this movie, so I could be wrong."
tt0334541,Tremors 4: The Legend Begins,S.S. Wilson,2004,101,"Action,Adventure,Comedy","Well...tremors I, the original started off in 1990 and i found the movie quite enjoyable to watch. however, they proceeded to make tremors II and III. Trust me, those movies started going downhill right after they finished the first one, i mean, ass blasters??? Now, only God himself is capable of answering the question ""why in Gods name would they create another one of these dumpster dives of a movie?"" Tremors IV cannot be considered a bad movie, in fact it cannot be even considered an epitome of a bad movie, for it lives up to more than that. As i attempted to sit though it, i noticed that my eyes started to bleed, and i hoped profusely that the little girl from the ring would crawl through the TV and kill me. did they really think that dressing the people who had stared in the other movies up as though they we're from the wild west would make the movie (with the exact same occurrences) any better? honestly, i would never suggest buying this movie, i mean, there are cheaper ways to find things that burn well."
tt0337640,Hollywood North,Peter O'Brian,2003,89,Comedy,"Ouch! This one was a bit painful to sit through. It has a cute and amusing premise, but it all goes to hell from there. Matthew Modine is almost always pedestrian and annoying, and he does not disappoint in this one. Deborah Kara Unger and John Neville turned in surprisingly decent performances. Alan Bates and Jennifer Tilly, among others, played it way over the top. I know that's the way the parts were written, and it's hard to blame actors, when the script and director have them do such schlock. If you're going to have outrageous characters, that's OK, but you gotta have good material to make it work. It didn't here. Run away screaming from this movie if at all possible."
tt0346156,Sky Captain and the World of Tomorrow,Kerry Conran,2004,106,"Action,Adventure,Mystery","A gave it a ""2"" instead of a ""1"" (awful) because there is no denying that many of the visuals were stunning, a lot of talent went into the special effects and artwork. But that wasn't enough to save it.<br /><br />The ""sepia"" toned, washed out colors sort of thing has been done before many times in other movies. Nothing new there. I can see there were some hat-tips to other old, classic movies. OK. No problem with that.<br /><br />But a movie has got to be entertaining and interesting, not something that would put you to sleep.<br /><br />The story line and the script of this movie WAS awful, the characters two dimensional. Slow moving. Some of the scenes were pretty to look at, but ultimately, as a whole, it was quite boring, I couldn't recommend it."
tt0365686,Revolver,Guy Ritchie,2005,111,"Action,Crime,Drama","Ritchie's first two films were snappy, stylish entertainment. Here, he raids two recent classics  'The Usual Suspects' and 'Fight Club'  and still comes out empty-handed.<br /><br />Despite parading itself as a con-mystery (with the sub-'Usual Suspects' twaddle ""the greatest con he ever pulled was convincing you that he was you"" or whatever it was...) and attempting a 'Fight-Club' twist about which characters are real and which are internal manifestations, the film struggles to maintain interest in its second half. By the last third, you know you're being lead down a blind alley, and tediously slowly at that.<br /><br />Cons, chess and game theory are all great subjects, but Ritchie delves into them too superficially and too repetitively to make much use of the material.<br /><br />The only thing that keeps the movie (almost) watchable is Ritchie's bold way with with a scene and Maurice-Jones's dynamic camera. If Ritchie stuck to a more satisfying plot, and succumbed to tighter editing, there's no reason why he couldn't have made another enjoyable gangster caper.<br /><br />As it is, Revolver is a waste of your time. Incomprehensibility does not equal profundity. If you want to see a great film that doesn't make logical sense but makes a virtue of it (and, incidentally, which also involves an inexplicable escape from solitary confinement) watch 'Lost Highway'."
tt0389957,Edison,David J. Burke,2005,99,"Action,Crime,Drama","I found it very very difficulty to watch this after the initial 5 minutes of the film. I managed to stomach 45-50 minutes before switching it off in disgust and watching Monster House instead (which, by the way, is great fun).<br /><br />The story has massive holes in it. The plot line is hugely over stated and dull, the acting is awful, especially from Justin TImberlake who should really stick to what he is good at (looking daft and singing like a castrato). Morgan Freeman looked incredibly uncomfortable, especially when made to dance around to rock music for no apparent reason half way through the film after him and Timberlake meet. Freeman and Timberlake's characters seem to be supposed to have some sort of father/son relationship of sorts or something, which simply isn't evident at all apart from the fact that; though Freeman's character seems to have nothing but contempt for the ignorant and rather stupid character of Timberlake, he never the less pulls out all the stops to help him uncover a completely ridiculous cover up.<br /><br />It would take some incredible suspension of disbelief to give any credit to the story line, which is simply absurd and blown out of all proportion.<br /><br />Don't watch this film, it is a pure waste of time."
tt0410162,The King Maker,Lek Kitaparaporn,2005,92,"Adventure,Drama","THE KING MAKER will doubtless be a success in Thailand where the similar (but superior) 'The Legend of Suriyothai' set box office records. The film directed by Lek Kitaparaporn after a screenplay by Sean Casey based on historical fact in 1547 Siam has some amazingly beautiful visual elements but is disarmed by one of the corniest, pedestrian scripts and story development on film.<br /><br />The event the picture relates is the arrival of the Portuguese soldier of fortune Fernando de Gamma (Gary Stretch) whose vengeance for this father's murderer drives him to shipwrecked, captured and thrown into slavery and put on the bloc in Ayutthaya in the kingdom of Siam where he is purchased by the beautiful Maria (Cindy Burbridge) with the consent of her father Phillipe (John Rhys-Davies), a man with a name and a past that are revealed as the story progresses. There is a plot to overthrown the King and Fernando and his new Siamese sidekick Tong (Dom Hetrakul), after some gratuitous CGI enhanced choreographed martial arts silliness, are first rewarded by the King to become his bodyguards, only to be imprisoned together once Queen Sudachan (Yoe Hassadeevichit) reveals her plot to kill the king and son to allow her lover Lord Chakkraphat (Oliver Pupart) to take over the rule of Siam. Yet of course Fernando and Tong escape and are condemned to fight each other to save the lives of their families (Tong's wife and children and Fernando's now firm love affair with Maria) with the expected consequences.<br /><br />The acting (with the exception of John Rhys-Davies) is so weak that the film occasionally seems as though it were meant to be camp. The predominantly Thai cast struggle with the poorly written dialog, making us wish they had used their native Thai with subtitles. The musical score by Ian Livingstone sounds as though exhumed form old TV soap operas. But if it is visual splendor you're after there is plenty of that and that alone makes the movie worth watching. It is a film that has obvious high financial backing for all the special effects and masses of cast and sets and shows its good intentions. It is just the basics that are missing. Grady Harp"
tt0413371,This Darkness: The Vampire Virus,Dylan O'Leary,2003,106,Horror,"Allow me to start this review by saying this: I love vampire movies. They can suck (har har pun intended), and I'll still love them because vampires are just cool in movies. Van Helsing, considered by many to be a steaming pile of crap, was enjoyable to me because of the fact that there were vampires. You may ask: ""What does that have to do with this movie?"" The answer is that I intend to inform you of how horrible this movie truly is, that even a sucker (harharhar) for vampire movies like me can despise a movie like this so much.<br /><br />The movie stars Van Helsing, a college professor guy who isn't at all convincing. He's a terrible actor, like everyone else in this movie, and he wrote it, to add salt to the wound. I honestly to not mean to offend him, and I'm sure everyone had fun making this movie, but watching it was actually painful. I'm not sure why I watched the whole thing; perhaps it was a morbid fascination, like watching an impending train crash: it's horrible, but you can't manage to force yourself to look away. Its main fault is that it's just so ****ing boring, and its plot is so damn ridiculous, even for a science fiction horror movie.<br /><br />But, I digress. By the way, Van Helsing has sex with his mom. Of course, he doesn't know it's her at the time; he just thinks it's one of his students (which is still illegal and all, but not as disgusting and creepy).<br /><br />If I were Van Helsing, I would at least pull an Oedipus myself when I found out I had done something so gross. It would've made for one entertaining thing if he just made some comment on it, but no. The point isn't even brought up at all, by any of the characters. It's as if the writer didn't even think of it. I would've at least had another character laugh at him and say ""Ha ha, you had sex with your mom,"" which would be mildly humorous (although blatantly immature). I'm probably running out of room, so a few more words to dissuade you from ever seeing this film: there's a vampire ninja fight with an old man. It would be funny, but the filmmakers expect us to take it seriously. It's not even worth watching the movie to see how bad it is. Stay far, far away from it if you value your time at all.<br /><br />I will say one thing positive about the movie: the guy who plays Van Helsing is pretty slick with that knife of his. There's like, a minute long segment where he swings around his knife and actually does some pretty nifty tricks. It would be boring in any other movie, but here, sadly, it was the highlight."
tt0417148,Snakes on a Plane,David R. Ellis,2006,105,"Action,Adventure,Crime","I chose to see this movie because it got a good score here on IMDb. But a lot of people either have really poor taste or someone's been fixing the score.<br /><br />Either way it was a real disappointment. The movie is exactly as stupid and far fetched as the title would suggest. There really is no reason to give a summary of the plot - but here goes: it felt like someone had been thinking: ""Wouldn't it be cool to make a movie where there were snakes on a plane? And then the snakes for some reason would go crazy and start biting and stuff?!?"" And that's about it! The plot is thin and unoriginal. The snakes are bad CGI (but it makes sense to cut corners on a movie that no one in their right mind will recommend to anyone!). The acting is poor, and all people are unbelievable stereo types.<br /><br />To sum it up: It's one of the worst movies I've ever seen - stay away!"
tt0430768,Wild Tigers I Have Known,Cam Archer,2006,88,Drama,"One would think that a film about a young person's coming to terms with his burgeoning homosexuality would be anything but boring. Think again. This production should be bottled and sold as a cure for insomnia because it's about ten times as potent as any sleep aid on the market. It's almost as if the film maker *considered* making a movie, but got lazy and decided instead to run a series of random (and randomly BORING) images and go-nowhere scenes, throw in a couple of actual scenes featuring actual acting, pretend that good lighting ins't important in the film-making process, and wrap it up under the auspices of an ""arthouse"" film. This is exactly kind of crappy product that makes it easy for a lot of traditional film-makers to poo-poo the indie film movement, and which keeps the general public from more easily embracing indie films.<br /><br />If you're interested in films covering this subject matter, you'd be much better off tuning in to some of the great short films available at Logo's website or renting Get Real. Better yet, read Stone Butch Blues. Whatever you do, skip this long-winded piece of dreck."
tt0450345,The Wicker Man,Neil LaBute,2006,102,"Horror,Mystery,Thriller","The Wicker Man Has Done The Impossible! It replaced Cat Woman as the worst recent movie in my steel trap cinema mind. YES it's really that bad. So bad that when sitting down to write this review I thought to myself ""If I had a choice to either see this movie again or to have red hot needles shoved in my eyes"" I might actually go for the red hot needles.<br /><br />Neil LaBute created a rare movie where Joel Schumacher could sit back and say with comfort and a guilt free mind ""Yeah that's some bad direction right there"".<br /><br />I think the first clue for myself should have been the tag line: ""Some Sacrifices Must Be Made"". Sure it might sound sort of cheeky ominous line to intrigue you but the sacrifice will be all on the audience side of the screen. Trust me on this the people responsible for this movie should be charged with a hate crime..or at least fraud for trying to pass this off as anything resembling entertainment. Seriously! The movie is about an island where men are just there for breeding and I would still rather with be stuck on Gilligans Island with only pictures of Condoleezza Rice then find myself stranded there.<br /><br />The most entertaining part about this movie was the guy who ripped the loudest fart I've ever heard in a movie theater. That's not a joke nor is it fictional. I've never been to a ""thriller"" and heard so much laughter through out the entire film. I can't tell you with an certainty if the laughs were intentional in some effort to lighten the cinematic tension or if they just really thought this crud would actual fly. I honestly found myself routing for a power outage or a perhaps a fight to break out in the movie theater, anything to make this more interesting which is pretty sad since Deez, Powder and I pounded 2 beers each before the film just for a little mental anesthesia (soon to be a law before all Nic Cage films, write to your congressman today, don't delay). At one point I actually thought perhaps this movie is really a spoof and Anna Ferris is going to show upoh how I wish.<br /><br />Nic Cage throws out so much ham per frame I'm thinking of having a cholesterol test done today. To think that I ever thought Sean Penn was a d*ck for slamming Nic's acting, oh he's still a d*ck just lesser of oneyes Sean Penn's d*ck was lessened because of this film. Do us all a favor Nic play your strengths and stick to being pathetic losers and drunks. You cannot play superman you do not get to play strong hunky roles go straight to jail do not pass go do not collect 200 dollars. His best moments in this film are when he finally comes unhinged and actually punches out a burly woman to steal her bear suit (like the fart, not a joke or a functional moment during this review) then proceeds to run amok like Conan O'Brian's masturbating bear, but with half the hilarity of a bear knocking his junk around. Thankfully he meets his end shortly after when it turns out he's to be a sacrifice to the crowd at the new tour hybrid show of Burning Man and Lilith Fair. Yes!!!! I just spoiled the ending for youand if you knew any better you'd build statues of me in worship and sing songs of my legend. I sat through this crap-fest so you don't have to.<br /><br />About half way through this little misadventure I kept thinking to myself Jack Bauer would have wrapped this case up in 20 minutes of real time..OK 35 minutes if Kim gets attacked by a mountain lion first. Even Steve Martin as Inspector Clouseau could have figured this out in under an hourand you Sir are no Inspector Clouseau.<br /><br />If for some reason you are taken captive and you have a choice to see this film or take a bullet, take the bullet.<br /><br />Somewhere Uwe Boll is laughing at us all."
tt0461642,7 Dwarves: The Forest Is Not Enough,"Miguel Angelo Pate, Sven Unterwaldt Jr.",2006,95,"Comedy,Fantasy","Despite what a lot of other people thought about the first movie, I really liked it. This one however. How to sum it up in one word?: This movie is (and here comes the word): CRAP!<br /><br />But let's look at it part by part: Here is the plot: Finally the old queen has been removed from her castle, but her successor: Snow white has problems of another sort: The Court-Jester, Father of her son, has gone astray, as the super, Spliss, goes to the extreme, to battle his gray hair and sells the royal offspring for some blond and full hair. In her desperation Snow white seeks the help of Bubi (Otto Walkees),who must first find his other six dwarf companions and then try to find the royal offspring or at least try to find the name of Rumpelstiltskin.<br /><br />The whole plot seems to have been written on a weekend, where the writers were very drunk but were just under pressure from the studio to write the screenplay. <br /><br />Yes, there are some good jokes. Even for fans of the first part, or for fans of any of the other actors, it's really not worth buying the the DVD. Believe me. <br /><br />The only thing, that at least kind of saves the movie from complete oblivion, are the performances of some of the actors. That's why I gave the move 3/10. Sadly, the script is so bad that none of the actors or all of them combined can make up for the bad story.<br /><br />For example, at one point, they even cross over in our reality, and sadly.. they don't do anything funny while being here. <br /><br />Still, a lot of great actors in this movie: Otto Waalkes, Ralf Schmitz, Martin Schneider, Nina Hagen, Cosma Shiva Hagen, (Especially funny): Rüdiger Hoffmann as the mirror, Helge Schneider and many more but sadly all these comedians aren't able to bring this really bad script to life. <br /><br />Maybe it is a treat for some hardcore fans but for regular movie goers or by now DVD Renters or buyers it's not worth the money. <br /><br />I even regret renting the movie."
tt0463392,Zombie Nation,Ulli Lommel,2004,81,Horror,"This film has to be the worst I have ever seen. The title of the film deceives the audience into thinking there maybe hope. The story line of the film is laughable at best, with the acting so poor you just have to cringe. The title 'Zombie Nation' implies a hoard of zombies when in fact there are six in total. This cannot be categorised as a horror film due to the introduction of cheesy 80's music when the zombies 'attack'. The zombies actually talk and act like human beings in the film with the only difference being the make up which looks like something out a La Roux video. If you ever get the chance to buy this film then do so, then burn the copy."
tt0464095,The Lives of the Saints,"Chris Cottam, Rankin",2006,97,"Comedy,Drama","The Lives of the Saints starts off with an atmospheric vision of London as a bustling city of busy, quaint streets and sunshine. I was hoping it would maintain this atmosphere, but it gets bogged down in a story that goes pretty much nowhere.<br /><br />Othello works for big, fat Mr. Karva, his crime-boss step-dad (at least I think that is what he is supposed to be because it's never really defined, but he does drop kittens into deep fat friers, so trust me, he's a prick) doing scrappy little errands while his skanky girlfriend gives daddy hand-jobs. One of his colleagues is Runner, a black dude who is always dashing from A to B. Until the day he comes across almost mute homeless child who grants him his wish of being able to stop running. Runner dumps the lost boy in Othello's flat, where he promptly starts granting more wishes. Keen to have some of his own desires fulfilled, Karva has the boy kidnapped. But he isn't sure of what would really bring him happiness. Is it the innocence of being a child again or is it another hand-job? Either way, I don't want to see the little boy grant him the second.<br /><br />It just takes ages to get going and there are loads of repetitive scenes. The ending tries to be shocking but since there's hardly any back-story on investment in any of these characters it only serves as a release for the bored audience.<br /><br />Writer Tony Grisoni, a favourite of Terry Gilliam, tries to blend in some kind of religious allegory which ends up being pretentious as all hell, ironically. If he gave us something more accessible or at least had better explanations for the characters suddenly acting all weird then it would have been a more enjoyable film. As it is, we are introduced to a bunch of annoying loudmouths who then miraculously seem to develop intelligence when confronted by the mysterious boy. Who's origins are never revealed. That's just plain irritating! <br /><br />Aside from sporadic moments of atmosphere and a moody score, this film has little to recommend."
tt0480011,Closure,Dan Reed,2007,80,"Crime,Drama,Horror","Although I use this site quite frequently to see how other people rated what I think are challenging or just plain enjoyable films, after watching this ""movie"" on Film Four last night I felt compelled to write something down, even if it just helps cleanse me once again.<br /><br />The film was possibly the shallowest experience I've ever had - the main characters played by Danny Dyer (23? You sure?) and Gillian Anderson (who will always be Scully as Leonard Nimoy will always be Spock) had no real substance about them - I'm not sure if the first half-hour of the film didn't make the final cut but surely in a revenge movie you would like some empathy with the victims... here I couldn't care less. In fact, the only character I did seem to care about was the dog, with the stag coming a close second. And both animals out-acted Dire (sic) and Scully, who were quite frankly terrible. I guess though you're only as good as the script you are given, and I'd like to warmly thank the writers, the producers, the director and all of the cast for wasting 90 minutes of my life and some perfectly good electricity."
tt0787475,Hot Rod,Akiva Schaffer,2007,88,"Comedy,Sport","Quite possibly the worst movie I've ever seen; I was ready to walk out after the first ten minutes. The only people laughing in the theater were the tweeners. Don't get me wrong, I love silly, stupid movies just as much as the next gal, but the whole premise, writing and humor stunk. It seemed to me that they were going for a ""Napoleon Dynamite"" feel - strange and random scenes which would lead to a cult audience. Instead, it ended up being forced, awkward and weird.<br /><br />The only bright light was Isla Fisher and I just felt utterly awful that she (and Sissy Spacek) had signed up for this horrible thing.<br /><br />Thank gosh I didn't pay for it."
tt0791304,Georgia Rule,Garry Marshall,2007,113,"Comedy,Drama","I haven't seen this, & don't plan to see this movie or any other that includes Lindsay......unless & until ""poor little rich girl"" straightens out her life for a 2 year period beginning with her most recent arrest in July 2007.<br /><br />In fact, I don't know anyone that has gone to see ANY of Lindsay's recent movies. I rather imagine 2007 will be the high water mark in her movie making career, until she cleans up her act. All of the recent publicity has only hindered her movie making career, if she has any further aspirations to make any more movies <br /><br />Up to this time, movie producers have actively sought Lindsay for roles in their upcoming production. Now, Lindsay will probably have to go to auditions & actually compete for ANY role. Her reputation is currently ""poison"" & quite possible could have a negative effect on box office ticket sales on any movie she is in.<br /><br />Sooooo....now Lindsay is going to have to deal with ""not being wanted"".....is she going to be able to handle this?<br /><br />I wonder if even Jay Leno will want to have Lindsay back on his TV Show?<br /><br />All of the foregoing is merely my OPINION. I have no inside information."
tt0806203,Carriers,"David Pastor, Àlex Pastor",2009,84,"Adventure,Drama,Horror","""Carriers"" follows the exploits of two guys and two gals in a stolen Mercedes with the words road warrior on the hood hightailing it down the highway for the beach with surfboards strapped to the top of their car. Brian (Chris Pine of ""Star Trek"") is driving and his girlfriend Bobby (Piper Perabo of ""Coyote Ugly"")has shotgun, while Brian's younger brother, Danny (Lou Taylor Pucci of ""Fanboys"") and his friend--not exactly girlfriend--Kate (Emily VanCamp of ""The Ring 2"") occupy the backseat. This quartet of twentysomething characters are living in a nightmare. Apparently, a viral pandemic--which co-directors & co-scenarists Alex Pastor and David Pastor tell us absolutely nothing about--has devastated America. Naturally, the lack of exposition shaves off at least fifteen minutes that would have slowed down this cynical melodrama about how humans degenerate in a crisis and become their own worst enemies.<br /><br />This lethal virus gives you the shingles and then you bleed and die. Most everybody runs around wearing those white masks strapped to their nose and mouth by a thin rubber band. Initially, this foursome encounters a desperate father, Frank (Christopher Meloni of ""Runaway Bride""),and his cute little daughter Jodie (Kiernan Shipka of ""Land of the Lost"") blocking the highway with their SUV. Brian swerves around Frank when he tries to waylay them, but in the process, the oil pan in their Mercedes ruptures and they wind up on foot. Reluctantly, they hitch a ride with Frank after they seal Jodie up in the rear of the SUV. She wears a mask over her nose and mouth and it is speckled with blood. Frank has heard that doctors are curing ailing people at a hospital and they head to it. Sadly, somebody has lied to Frank. The hospital physician is giving the last couple of kids some Kool-Aid that will put them out of their misery. The cure did not improve their condition. Everybody else in town is dead. Kate tries without success to get a dial tone on every phone. Frank realizes that there is no hope for his daughter and he lets the heroic quartet appropriate his SUV and take off.<br /><br />Indeed, ""Carriers"" qualifies as a relentlessly depressing movie about the effects of a pandemic on four sympathetic people who degenerate into homicidal murderers to protect themselves. They reach a country club and frolic around on a golf course until another four show up in suits and masks with pump-action shotguns. Incredibly, our protagonists manage to escape without getting shot, but Brian has a scare when he almost falls into the water with a floating corpse. Eventually, they discover that one of them has become infected. Later, as they are about to run out of gas, Brian blocks the highway like Frank did at the outset. Danny tries to stop a pair of older Christian women driving the car. Danny lies that his pregnant wife is about to give birth and he needs their help. Brian throws caution to the wind and blasts away at the ladies with his automatic pistol when they refuse to help them. Brian catches a slug in the leg from the passenger, but he kills her. <br /><br />No,""Carriers"" is not a beer & pizza movie that you can either laugh off or laugh with because the humor is virtually non-existent. By the end of this 84-minute movie, our heroes have turned into villains who only care only for themselves and their plight. Chris Pine makes quite an impression as fun-loving Brian and his energetic performance is the only reason to hang with this hokum, while the only other well-known actress, Piper Perabo, is relegated to an inconsequential girlfriend role. As Bobby, she makes tragic the mistake of showing compassion to a dying little girl and pays an awful price. It is a testament to Pine's performance that he can change his character to the point of putting himself before others. Essentially, Pine has the only role that gives him the ability to pull a one-eighty from happy-go-lucky guy to heartless guy. <br /><br />The two directors are Spanish brothers, and they never let the momentum flag. Since there is no relief in sight, ""Carriers"" sinks into predictability. ""Irréversible"" cinematographer Benoît Debie does a fantastic job with his widescreen lensing and as unsavory as this road trip becomes, Debie makes it look like a dynamic film. Aside from the lack of a happy ending or closure in any sense of the word, ""Carriers"" suffers because it is so horribly cynical. The scene when the German shepherd attacks Danny conjures up the most suspense, but even it could have been improved. Unfortunately, the Pastor brothers do not scare up either much tension or suspense. By fade-out, you really don't care what happens to anybody."
tt0874679,Son of the Dragon,David Wu,2006,174,"Action,Adventure,Fantasy","This mini-series is actually more entertaining than some others with much bigger budgets and grander aspirations. SOTD falls somewhere between ""Kung-Fu"" and ""H R Pufnstuff"" on the entertainment spectrum. If it weren't so long (nearly 3 hours) I think that kids would like it quite a bit. It's got adventure, action, ""cliffhanger scenes"", and not too much romance or other ""icky"" stuff. When you're young, you're not too critical of flexing rubber swords, campy acting, and scenes that are repeated. (At least two scenes are repeated identically in the movie, just as was done in old-time serials in order to bring the audience up to speed.) Finally, kids are usually more accepting of American English dialogue coming out of the mouths of Asian actors. (Not to mention the fact that several of the leading roles are played by non-Asian actors.) <br /><br />I was going to give this movie three stars, but I felt like the director, producers, and cast deserved some extra credit for at least carrying through on the project. This movie is not art, but, like painting your house, it actually took some time, effort, and discipline to get it made.<br /><br />Overall, not a recommended use for your time, but it might keep the kids entertained while traveling in the mini-van.<br /><br />Oh, yeah...hey, IMDb! ""Dialogue"" is the preferred and traditional spelling. Your spell-checking seems to think that ""dialog"" is the proper spelling. While ""dialog"" is acceptable, both Webster's and the OED consider it an alternative form."
tt0986354,Frank and Cindy,G.J. Echternkamp,2007,73,"Biography,Documentary,Drama","This was not enjoyable to watch. Frank puts all his dreams on the back burner and gets a normal (boring!) job just so his stepson can go to film school, but his stepson decides that he'll make a humiliating documentary about the man instead. A documentary filmmaker should point the camera and simply shoot, not manipulate and comment with snide captions. The bitterness and resentment of the filmmaker towards his stepfather is obvious. And sad. The goal seems to be to make Frank appear dumb and pathetic, instead he comes across as the most human of the 3 people featured.<br /><br />Essentially a smear campaign all dressed up as something much smarter and edgier than it really is. It left me with an intense dislike for the filmmaker."
