tconst,review
tt0020643,"The best Laurel and Hardy shorts are filled to the brim with mishaps, accidents and destruction, mostly caused by Stan, but with Ollie receiving the bulk (!) of the punishment-- see the great 'The Music Box' (1933) or 'Towed in a Hole' (1932) as some some classic examples.<br /><br />Here, however, for some reason (is it because it was based on a sketch by Stan's father?) the boys play it 'straight' in a 'comedy' built around jokes and supposedly funny situations. It doesn't come off. It's merely another third-rate tedious 30s comedy, heightened only by the personalities of Stan and Ollie who never really display any of their trademarked gestures (Ollie's finger wiggling, Stan's blank stares, etc.) or comic abilities.<br /><br />The film begins with them running from the police. Since we never see or know why, it's hard to believe or accept their fear of being caught, and thus hiding in Colonel Buckshot's mansion. The premise for the 'humor', Ollie passing himself off as the Colonel and Stan passing himself off as both the butler and the maid are never very engaging. They are not playing 'Stan and Ollie' in this film. Their parts could have been played by any of the pedestrian studio actors and it would be just as poor.<br /><br />Stan could mime and make whatever he would do funny, but he doesn't get the chance to do any of that here. He's constrained by uttering too much dialog to 'move' the plot, but none of it rises much above the silly. We are treated to endless third rate comedy chestnuts such as the running gag of not correctly pronouncing Lord Plumtree's name, the ""Call me a cab! Okay you're a cab!"" joke, cops losing their clothes and being seen in long johns, and a non-sequiter ending of Stan and Ollie as the two parts in a painfully obvious horse costume as they make their escape on a bicycle for two, and James Finlayson is still doing his silent-era full body takes and Keystone Kop jumping jacks.<br /><br />Stan and Ollie do much better in a situation comedy in 'Sons of the Desert'(1933) where we get to see them do what we love about them -- be themselves. In fact, 1932-34 seem to be their best years.<br /><br />Since this film does not play to any of their strengths, why bother with it? I have to give it a 3."
tt0023753,"This is one of those films that I could only sit through once. Charlotte Henry is fine -- in fact, all the actors were fine. The problem was in the script, the dialog, the direction, the editing, the sets and the special effects. Granted, this was 1933, but it really creaked. Part of the problem is that actors like Richard Arlen, Gary Cooper, W.C. Fields and Cary Grant are not recognizable (there faces cried for a recognition that was not forthcoming). The movie just clumped along with no cohesion. Much of Lewis Carrols spirit, humor and continuity are missing. What a pity! It's such a great book. I would recommend Disney's 1951 version."
tt0024509,"This must have been an embarrassment to every member of the entirely African-American cast. Every derogatory, disparaging stereotype of the black American community is featured prominently. I won't reinforce the insults by listing them here, except to mention chickens, watermelons, and dice.<br /><br />One good song by Ethel Waters (and a couple of bad ones), and the fantastic singing and dancing talents of 8-year-old Sammy Davis bring the total up to something below 1 on the IMDb scale."
tt0026110,"The silent one-panel cartoon Henry comes to Fleischer Studios, billed as ""The world's funniest human"" in this dull little cartoon. Betty, long past her prime, thanks to the Production Code, is running a pet shop and leaves Henry in charge for far too long -- five minutes. A bore."
tt0027687,"George Brent is a reporter sent to interview an heiress. She is supposedly the heir to a face cream fortune. He interviews her on her yacht. They fall for each other in bathing costumes.<br /><br />It turns out (quite early) that she is not an heiress. She part of an advertising campaign for the cold cream.<br /><br />The movie follows the ups and downs of their romance.<br /><br />The supporting cast does little to buoy it up. Davis and Brent carry the picture. Though it's fairly predictable, it is also fairly entertaining. It's far from her best. But, especially considering its obscurity in her oeuvre, it's not one of her worst, either."
tt0027969,"I am a big 1930's movie fan and will watch most anything that I see on Turner Classic Movies thats new for me. So I gave this a shot, after all it's the great Harold Lloyd who rivaled Chaplin as a great silent film comedian. I have watched much less of Lloyd's silent films then of Chaplins but I have to say I'm a much bigger Chaplin fan. Anyway this film fell so flat for me that I didn't finish it. I can understand why his sound career was so limited, he didn't get very good material to work with. After you've seen Chaplin, Abbott and Costello, The Three Stooges, Martin and Lewis, The Marx Brothers, and Laurel and Hardy do boxing spoofs (or violence in general), this one is very forgettable. I was also interested in watching Adolphe Menjou as I really enjoyed him in Paths Of Glory but his role here also did nothing special for me. Maybe they should have gotten into the boxing sooner because at least half the film (at least it seemed that way) is before he gets in a ring. I can tell there are a lot of Lloyd fans here and this wont be a popular review but I must rate this as compared to what else was out there at the time, 4 out of 10. Don't watch this with anyone your trying to get to like old movies as they may not watch another one with you again, very flat. For an alternative to anyone who really liked this or is looking for more little known comedies in general I recommend ""Kelly The Second"" made a few years earlier, another nobody becomes a boxer comedy with Patsy Kelly and in a supporting role Charles Chase. These have both been shown on the Turner Classic Movies channel."
tt0028345,"Using tons of stock footage, not only from Trader Horn but also the first two films in the series (for example the alligator fight was used last time out) this is one of the weakest films in the MGM series. Its a huge let down after the classic Tarzan and His Mate which is possibly the best film in the series.<br /><br />The plot has Jane's cousins coming into the jungle to tell her that she has inherited a fortune if she'll come back to claim it. They are kind of in the bind since the relative that left her the money cut them out of the will.Hiring a great white hunter, who secretly wishes to capture Tarzan and sell him, the pair heads into the jungle where they run into the usual jungle troubles (more so because of the stock footage). After lots of talk Jane decides to go back to civilization and we get long sequences of Tarzan and Jame making kissy face. Finally into the last half hour the plot to capture Tarzan is put in motion and things at last become interesting as plans go awry and things look very grim for all concerned..<br /><br />Painfully dull film is clear evidence of a troubled production. the film seems to have been assembled from several different films with the first half hour playing as an almost exact repeats of the previous film. The middle third shows signs of having to stretch things out and having plot lines that ultimately went nowhere. The last third where Tarzan is captured and the party is put into peril is the point that the film finally comes to life (it also shows signs of the graphic violence that caused much of the need to re-shoot the film). To me its a great wonder how the series managed to continue on from here since this film isn't very good (except at the end).I would be hard pressed to explain it except I would have to say that it was the relationship between Weissmuller and O'Sullivan as Tarzan and Jane which kept people coming back. Its a beautifully acted pairing and really is one of the screens great couples.<br /><br />(I should probably also mention that this is the point that the film became less real and more fantastical with the appearance of the Tarzan tree house.) I really dislike the first hour or so of this film a great deal and find it a great waste of time and energy. If you can come in towards the end I would recommend giving the film a try. Otherwise I would just skip the whole film and move on to the next film in the series."
tt0032474,"Effort aside (This isn't a review about good intentions, its about the final product), this film is poorly written, overacted, and poorly directed. The story obviously had potential, but that story is nowhere present in this film.<br /><br />Clara Barton was a human being. She had passions, desires, love, pain, embarrassment, weakness, and self doubt just like the rest of us. You would never know that from this film of the lead actress's performance. In fact apply that to every character in the film, but in Barton's case: Every sentence is a speech. An epic over the top speech as though from an inhuman robot. In fact the only scene that plays well in one in the board meeting, and I realized thats because she's making a speech! Every idea she has is unbelievable in its context and she comes up with ideas that sound like they take a lifetime of soul searching right on the spot. For example, when she sees a wounded man, she'll start pontificating about the needs of the battlefield and to protect soldiers and putting up white flags, etc. As played in the film, there's no WAY she could come up with such a detailed well thought out idea in seconds.<br /><br />IN conclusion, this film robs Clara Barton of her struggles. It robs her of her humanity, and it inherently cheapens all she did because the script is written in clichés. The writer doesn't know Clara Barton, and seems to have based his script on an encyclopedia Britannica article. (yes they had those back then) But hey, nice Technicolor! (who cares)"
tt0038033,"Not even the most ardent stooge fan could possibly like the movie, (I one of them) the stooges just aren't given any material to work with. It is really a shame too because this is the only feature length movie the stooges did with Curly, and this one effort by them is painfully unfunny, when it could have had great potential. Awful musical numbers don't help any either. The short they did with the same title has more laughs."
tt0040871,I remember I saw this cartoon when I was 6 or 7. My grandfather picked up the video of it for free at the mall. I remember that it really sucked. The plot had no sense. I hated the fox that became Casper's friend. He was so stupid! Casper cried his head off if he couldn't find a friend. So what? Get over it! The only good part and I don't want to sound mean-spirited was when the fox got shot and died at the end. I laughed my head off in payback because this cartoon sucked so much. The bad news is the fox resurrects and becomes a ghost. I wish he had stayed dead. I think I even gave the video of this to somebody because I hated it. No wonder they were offering it for free at the mall. If you have a child don't let them watch this. They will probably agree with me that it sucks.
tt0041259,"Although I have enjoyed Bing Crosby in other movies, I find this movie to be particularly grating. Maybe because I'm from a different era and a different country, but I found Crosby's continual references to the Good Old USA pleasant at first, trite after a while and then finally annoying. Don't get me wrong - I'm not anti-American whatsoever - but it seemed that the English could do no right and/or needed this brave, oh so smart American visitor to show them the way. It's a ""fish out of water"" story, but unlike most movies of this sort, this time it's the ""fish"" who has the upper hand. To be fair to both myself and the movie, I have watched it a few times spaced over a few years and get the same impression each time.<br /><br />(I watched another Crosby movie last night - The Emperor's Waltz - and that, too, produced the same reaction in me. And to my surprise even my wife - who for what's it's worth is American - found the ""in your face"" attitude of American Crosby to be irritating. One too many references to Teddy Roosevelt, as she put it.) <br /><br />As for the premise of the movie, it's unique enough for its day and the supporting cast is of course very good. The scenery and the music is also good, as are the great costumes - although I agree with a previous reviewer that the wig on William Bendix looks horrid (picture Moe of The Three Stooges).<br /><br />All in all for me this would be a much more enjoyable picture without the attitude of Bing Crosby but because he is in virtually every shot it's pretty hard to sit through this movie."
tt0046183,"This movie makes Peter an elf in Robin Hood costume instead of a human boy in probably-not-Robin-Hood-costume and ignores all the persona features in him that really matter. This movie makes Wendy a babbling idiot. And poor Captain Hook a TOTAL clown. And of course as every Disney cartoon must have a character which has had too many hits in the head, they made one of the Lost Boys that one. The only character that has not been disgraced in this film is Tink. The only star is for her.<br /><br />The story itself then? The Darling parents don't even get the time to notice their kids are gone!!! Probably one of the most significant point in the original story and they ruined it! Also the famous nursery scene between Peter Pan and Wendy is a stunning piece of- There are no thimbles and no acorns - one of the little things that makes the original story such a unique one. It's a wonder he even had lost his shadow and she helped him stick it. (Even though to his shoes and it makes no sense to me.)<br /><br />Ruining a great story like this just to amuse children should be illegal. So know now if you haven't known it before - this Disney version does not have anything significant in common with the original story - which is not really a children's story but just a great, great story.<br /><br />This just annoys me to no end."
tt0048649,"Friz Freleng's 'Speedy Gonzalez' was the second cartoon to feature the title character after Robert McKimson's 'Cat-tails for Two'. In that cartoon, Speedy has been an ugly little creature with a big gold tooth but by his second appearance the famous design had already been adopted. Despite looking significantly more handsome, Speedy never developed into much of a character. A big hat, tremendous speed and a bad Mexican accent do not a classic character make and that's pretty much all Speedy ever had going for him. Nevertheless, the cocky little mouse proved enormously popular and went on to star in many shorts including some truly abysmal films from the studio's latter days. While these early Speedy shorts are better than those later atrocities in which he was frequently (rather oddly) paired up with Daffy Duck, they still leave much to be desired, relying on predictable gags usually based around a similar chase formula. In this self-titled episode, Speedy is recruited by some other mice to steal cheese for them from the local factory which happens to be guarded by Sylvester the cat. Although he brings the extra weight of a star turn to the cartoon, Sylvester's role here could just as easily been filled by any other generic cartoon cat. His personality is sapped by his being forced into the predictable. undemanding role of pursuer. This was always a problem in the Tweety cartoons too but Speedy makes an even duller adversary thanks to his detestable cockiness and the blatant impossibility of his capture. Poor old Sylvester would be forced to appear alongside Speedy for many years to come. Despite it following a pretty basic formula and featuring minimal laughs, 'Speedy Gonzalez' won an Oscar and a thoroughly undeserving star was born."
tt0052880,"Three Stooges - Have Rocket, Will Travel - 1959 This was the first feature length film to star the Stooges and it is pretty bad. It makes THE THREE STOOGES GO AROUND THE WORLD IN A DAZE (from 1963) look like a masterpiece.<br /><br />The Stooges are janitors at a rocket place. They climb into a rocket and it goes to Venus. They meet some stuff there including a talking unicorn they call ""Uni"" which they bring back to Earth with them. ""Uni"" speaks like an average, pleasant person - 'Oh, hello. How are you? Lovely planet here. Hope you like it.' Hilarious.<br /><br />Very few gags and so many of the scenes just go on and on and on.<br /><br />The Stooges arrive back from space and the film is over as far as the story goes, but no one told that to the film makers for the picture continues for another 10 minutes or so at a party where nothing much happens. The Stooges leave the party and then the film is almost over.<br /><br />High point of the film - the end where the Stooges sing a dapper little song about their journey. The Larry and Curly Joe hit Moe in the face with two pies. Brutal.<br /><br />Another writer mentioned the fine musical score. Huh? The only music I even noticed were two classic tunes - I'LL TAKE ROMANCE and THERE GOES THAT SONG AGAIN, both of which are played at the party. And *that* really is the high point of the picture - music from old Columbia films.<br /><br />The tall sexy blonde was nice.<br /><br />Awful - a brand new VHS video from the 99 Cents Only store."
tt0053241,"Why such a generic title? Santa Claus??? So bland and unpredictable. Movies before that tried to cash in on the holiday spirit, most notably 'Santa Claus Conquers the Martians', at least was entertaining to watch because of the campiness to it, and all the stock footage being used... for some reason, that seemed happy to me. But this movie just screws Christmas in the butt, and screws the joy of all the kids. Santa lives in space? His enemy is a devil named Pitch? Santa gets help from Merlin the Magician? How random is this!? Well, since it was made in Mexico then some of you might understand the way of how the film was made. I had to admit some of the effects were just wacky for the time. It was a all-out cluster of madness! Though, despite all the troubles with the movie, it still feels like a Christmas movie. Good conquers evil, and Christmas still plays a part of our hearts of every good girl or boy in the world, or possibly universe, thanks to Santa Claus Conquers the Martians.. apparently. So, I think you should give it a try, even if it is one of the worst holiday movies of all time... though it should put a smile on your face any day."
tt0061868,"Sadly, the print of the film we were going to watch burned in the fire at Universal Studios last week, so we were stuck with video. That could even be a metaphor for this second-rate King Kong movie from Toho studios' stalwart director Ishiro Honda. Essentially it's a warm up for ""King Kong versus Godzilla"". It even uses the idea of a Mecha-Kong, like Mecha-Godzilla. Of course the movie climaxes with King Kong fighting Mecha-Kong on top of the expo tower in Tokyo, but if you didn't know that already then maybe you're in the age group that this movie was intended for.<br /><br />The cast is headed by a guy named Rhodes Reason who we had never heard of... glancing over his list I see mostly a lot of scattered American TV credits, so it's interesting that they dragged him all the way to Japan so that they could have a nominal American hero. The real hero of the movie is the more sensitive Japanese commander played by Akira Takarada, who I recognized from Hiroshi Inagaki's iconic version of ""Chushingura"" (47 Ronin) and also from the original Godzilla films by Honda. I'm sorry Rhodes Reason whoever you are, but this guy has way more screen presence and you can bet that everyone wants him to end up with the cute little blonde, played by Linda Miller. We laughed at the way Reason would always find a way to interject himself between Miller and Takarada, who it seemed like she kind of preferred. Of course like all Kong leading ladies her primary relationship is with the King himself. She discovers a nice trick: if you talk to a giant ape really..... really.... slowly..... he'll understand what you're saying. And if you're a blonde gal, that means that he'll do whatever you tell him to do. That fact is not lost on Dr. Who (Eisei Amamoto) and Madame Piranha (Mie Hama) -- representing a ""nation which shall not be named"" -- who plan on using her as bait to get Kong to dig up mineral deposits that are trapped at the North Pole.<br /><br />Yes, this is truly the plot of the whole movie -- apparently only a giant ape is going to be capable of digging out these minerals which can be used to make super powerful weapons. Dr. Who builds Mecha-Kong to get it but the circuitry gets in the way, so they decide to go for the real Kong. Kong himself seems momentarily infatuated with Mecha-Kong, a story element that might have made the film more interesting but wasn't followed up on.<br /><br />By the end of the movie, the cute blonde has shouted ""Kong"" or ""King Kong"" in her chirpy voice so many times that when the two heroes tell her to let him go at the end they're speaking for all of us. Basically this movie squanders whatever majesty was possible in the Kong character by making him a heroic and friendly figure much too early, just like the newest version of the story. Kong is just a guy in a suit in this movie, and they show quite a lot of him to the point where the goofy face becomes impossible to take seriously. It's a nice looking movie, I'm sure it satisfies the demands or desires of fans of this type of thing, which is really more of a wrestling film than a monster film in a lot of ways. The monsters don't ever really scare in these films, they just jump around and push each other around a lot. It's not a worthless movie, but it's extremely predictable and formulaic so for anyone under the age of 10 or so it probably will only be entertaining as comedy."
tt0062190,"This movie is all ultra-lightweight fluff, predictable from beginning to end. As a Don Knotts vehicle, ""The Incredible Mr. Limpet"" was much better, with Knott's character there not nearly as incompetent or ignorant. His performance there was toned down, with none of his trademark goggle-eyed stare, although that may have something to do with him being replaced for most of the movie by a cartoon fish. Knotts made a living of playing the likable imbecile, much as Bob Denver did. Neither really seemed to be able to break out to other types of roles, assuming they were simply typecast. It was probably because of the slouch, the wild stare and the high-pitched voice. John Ritter, whom Knotts worked with in ""Three's Company,"" was able to transcend his genre, branching out successfully into dramatic roles like ""The Dreamer of Oz,"" but the closest Knotts ever got was a small role in ""Pleasantville."" Even Leslie Nielsen was a bad fit here, uncomfortably neither straight dramatic actor as he was at the time nor deadpan comedic actor as he later became in ""Airplane!"" and ""Police Squad.""<br /><br />There's also no way the then-43 year-old Knotts could pass for a 35 year-old, as his character insisted he was. It was as ludicrously unbelievable as Tom Hanks at 38 playing the college-age Forrest Gump.<br /><br />The film was clearly made on a shoestring budget, very much looking like a hastily-filmed TV episode. It's especially evident in the ""exterior"" scenes of the ""town"" where Roy goes after he's fired. It's unlikely even a pre-schooler would be fooled by the Mayberry-like soundstage artificiality.<br /><br />Even viewing this strictly as a children's movie, it's very disappointing. It's not because it lacks action or special effects, although it does. The pace is much too slow, the situations repetitive. How many times can you watch Roy getting onto a bus? A comedy for kids should at least sometimes be madcap, with breakneck gags, otherwise you risk boring them (and any adults in the theater as well). Movies, even kid's movies, have improved quite a bit in the intervening decades. Even many contemporary comedies were better filmed and written. Disney's ""The Love Bug,"" for instance, at least had some interesting race action."
tt0066256,"I hated this show when I was a kid. That was back in the day when kids show characters actually had accents, not just the bland, generic, General American Dialect we're used to. Jack Wild had a British accent and Pufnstuf's was southern. Like one of the others mentioned, though, I never quite understood what the deal was with the witch wanting the flute. That always seemed odd to me, probably because the flute just annoyed me and I wouldn't have gone to any trouble to take it away!<br /><br />Just a comment on the similarity of Pufnstuf to early 70s McDonalds commercials that others have mentioned: Pufnstuf ripped off McDonalds. At the height of McDonalds popularity, the TV show (or rather, their creators) sought to license McDonalds characters for their show, but when McDonalds declined the TV show changed the characters slightly and passed it as their own. They even hired former employees of McDonalds ad agency and the voice actors to make the TV shows. McDonalds sued and won. Search for Pufnstuf McDonaldland lawsuit and you'll find plenty of articles about it."
tt0066344,"I couldn't not recommend a Christmas movie more than this worthless piece of drivel (trust me, double negatives are required here -- it's that bad). This film was in trouble from the opening credits when it was revealed that the screenwriter was the same person as the songwriter. The musical numbers are all far too long and none of them any good (""Thank You Very Much"" has a decent melody, but the lyrics are stupid beyond words). I would gladly bear the chains worn by Scrooge in the film's bizarre hell sequence than sit through this insult to movie musicals again.<br /><br />The only entertaining part of this movie (completely unintentional by the way) involves Alec Guinness as Jacob Marley. Dressed in a silly powder white costume, Guinness foppishly prances through his scenes in what was either an attempt to make it appear as though he was floating like a ghost, or to show his utter disdain with having to be in this dreadful movie. Albert Finney, meanwhile, blends the best of Alistar Sim and Charles Laughton to create his hopelessly loathsome character of Quasimodo/Scrooge. Finney's Scrooge is so hideous a person, it's impossible to believe his transformation.<br /><br />Steer clear of this abomination of filmmaking at all costs."
tt0066811,"Kurt Russell (as Steven Post) works as a mail-boy for struggling TV station UBC (that's United Broadcasting Corporation); he is going nowhere at work, offering ridiculous projects like ""Abraham Lincoln's Doctor's Dog"" to studio executives - because Lincoln, doctors, and dogs are popular. Programming director Joe Flynn (as Francis X. Wilbanks) wisely rejects Mr. Russell's proposals, but has no idea how to pick a hit TV show. His secretary Heather North (as Jennifer Scott), who does double duty as Russell's girlfriend, has a chimpanzee who bugs the heck out of Russell when he wants to watch TV. Turns out, the monkey watches all the popular shows, and can easily pick the hits. Russell discovers the chimp's talent, and uses him to advance his own career. Understandably, things gets HAIRY for Russell and the cast!<br /><br />Raffles the chimp (handled by Frank Lamping) performs well; Raffles does look bored and/or distracted during a few scenes, when the chimp is supposed to look interested; these could have been corrected with re-takes or editing. A mild satirical edge is present - imagine a monkey picking hit TV shows! AND, it's a monkey who gets a BEER during the commercials (drinking in a Disney film)! A look through the cast will reveal s bunch of fun TV actors to recognize and try to place. You could make a drinking game, in honor of Raffles' beer-guzzling, by guessing actors, and where you've seen them before. Here's a start - Hey, isn't that ""Dr. Bellows"" from ""I Dream of Jeannie""? Down the hatch! <br /><br />**** The Barefoot Executive (1971) Robert Butler ~ Kurt Russell, Joe Flynn, John Ritter"
tt0072573,"Irwin Allen was great. All of his TV shows had a great pilot, or first episode. the rest were basically rip offs of his other shows. A few episodes of Swiss Family Robinson were rip offs of his older TV shows. One episode of Swiss Family is identical to an episode of Land Of The Giants when a member of the party needs an appendix operation. The show was high budget and too expensive to continue. Irwin lost his touch with TV shows after the 60s. The acting is strong with Martin Milner. Child stars got there starts with this show like Willie Ames and Helen Hunt. one bright spot is when Irwin Allen incorporates his disaster scenes like a typhoon and a volcanic eruption dubbing him the "" Master of Disaster """
tt0078159,"Has to be one of the worst wastes of 35mm movie film ever unleashed on the public, the sequel to the at least entertaining pseudo-documentary original film ""The Legend of Boggy Creek"". Bad script, worse acting, etc., etc., Dawn Wells had to be hoping that Gilligan would come rescue her and take her back to the island just to escape from this piece of clap-trap."
tt0082778,"Following the success of the (awful) Gilligan's Island TV movie reruns, a number of TV movies were made in the 1980's reuniting casts from classic shows. Most of these movies completely missed the boat as far as recapturing the humor that made the shows so special. THE MUNSTERS REVENGE is among the most disappointing because it goes for a Laurel and Hardy-type comedy style that really wasn't in the original series. Yvonne De Carlo, a wonderful comedienne and essential to the series, is completely wasted - she has less time here in this 90 minute movie than she did in any single 30 minute episode. And since the roles of ""Eddie"" and ""Marilyn"" in this movie are nothing more than cameos, what was the point of making them younger and recasting them? With very little rewriting, they could have used Butch Patrick and Pat Priest. Although seeing some of the Munsters spooky relatives was a nice touch, I didn't enjoy Sid Caesar as the hammy mad scientist mainly because there's too much of him and not enough of the underused Munsters (ironically that very year, 1981, Caesar's old partner in comedy, Imogene Coca, was also inappropriately cast in a major part in a TV movie reunion RETURN OF THE BEVERLY HILLBILLIES). Another strange inexplicable bit at the beginning of the film has the Munster family represented as wax figures at a local horror wax museum. Why would they be in there when they are supposed to be a ""typical"" (if strange) American family, not famous monsters? This was the last Munsters project featuring the original cast in their roles, there was an awful revival of the series in the late 1980's with a completely new cast and a 1990's TV movie which featured DeCarlo, Lewis, Priest, and Patrick in cameo roles as a family dining."
tt0084429,"I'm sure this was one of those ""WOAH!"" attractions in 1982 when Epcot opened, but now it's just silly. The film's message is cliché. The Circle-Vision is disorienting. And that awful song at the end is grating. And I really wish they'd install seats. After so much walking, all you want to do is sit down for a few minutes. And when you hear there's a film to see it sounds pretty glamorous! You get entertained while sitting down, right? WRONG! You're standing there for 18+ minutes leaning against a short little railing. Disney should make a newer Maelstrom like attraction to liven things up and replace this dull, lackluster film. NOT FUN. Skip it. In fact, skip Canada altogether unless you're eating there. Move directly to the United Kingdom."
tt0085497,"Except for the Brady Variety Hour, this was some of the hokiest television I've seen in a while. The video production qualities weren't too bad, but the overall look and feel were unmistakeably early 80's. And Marie Osmond looks like she did battle with the Avon Lady.. and lost big time. WAY too much eyeliner.<br /><br />It was kind of embarrassing to watch veterans Danny Kaye and Eric Severeid take part in this. Even more interesting was watching Alex Haley talk about the African Pavillion in World Showcase that would be opening 'in about a year.'<br /><br />As of this writing it is 17 years later and it hasn't opened yet (Unless you count Disney's Animal Kingdom.) All in all though, for all the shortcomings, this still an interesting visual piece of Disney history."
tt0088760,"For those who are too young to know this or for those who have forgotten, the Disney company went almost down the tubes by the end of the 1980s. People were NOT seeing their movies anymore and the company was not producing the usual wholesome material....at least no what people expected. A major problem: profanity.<br /><br />Yes, the idiots running the Disney movies during that decade would produce films with swear words - including the Lord's name in vain, if you can believe that - interspersed in these ""family films."" In fact that happens twice here in the first 20 minutes! <br /><br />This movie, in addition to the language problems, has a nasty tone to it, too, which made it unlikeable almost right from the beginning. Thankfully, Disney woke up and has produced a lot of great material since these decadent '80s movies. (""Touchstone"" is Disney, just under another name.)"
tt0089731,"My spouse & I found this movie to be very schlocky. It started out good, but quickly got unbelievable & ridiculous. Most of the acting was poor, with the exception of the little girl, Abbie, who really was terrific. In addition, the dialog was predictable & lame - especially Gideon, the Angel's. Also, without giving away anything, when one of the characters has a tragedy, she almost appears nonchalant. At first we thought it was 'shock', but then we realized that it was just a terrible script. We love almost all of the Hallmark movies & their heart-warming stories, but this movie doesn't rise to the occasion of being one. There are so many great ones - don't waste your time with this horrible movie."
tt0091993,"Space Camp, which had the unfortunate luck to be planned around the time of the Challenger accident, deserves such luck. The ""stars"" make a mockery of acting, Lea Thomson actually being turned sideways, when asked for more than her usual wide-eyed innocent smile, presumably to mask her risible attempts. The movie is at times hilarious, when it begins to ask far too much of you. A small boy keeps a multi-million dollar robot in his closet which breaks when given too many commands by the hordes of cliched dorm-mates. This hackneyed and unlovable machine, ""Jinx"", is a major player in the ridiculous premise of the movie, which seems part Short Circuit, part 2001 by the Airplane team. I shan't bore you with this, suffice it to say you can only laugh when faced with it. Having said all of this, it is enjoyable to watch, in a SeaQuest, Saved by the Bell kind of way. The romance and technology, beware, are as unbelievable as each other. Also, if you're an eighties freak, its unmissable for the amusing performances of Kate Capshaw (Willie from Temple of Doom) and, obviously, Lea Thompson. Also, Joaquin Phoenix puts in a dodgy turn as a sort of wannabe Goonie who befriends Jinx. Do not go near this movie if you are not a fan of trash."
tt0098741,This was a rip-off of the same garbage we had to watch Bob Saget host during the half-hour before this. Dave Coulier only thought he was funny and it was pretty much the same show as America's Funniest Home Videos except with a hosts who have a combined IQ of three. Tawny Kitaen must've really needed the money and Coulier had to go to the recycle bin for his jokes. It was torture enough having to see him imitate Popeye and other washed up cartoon starts on Full House. That one dude who played all of the practical jokes on everyone deserves to be on the receiving end of a Grade A wedgie. Coulier must've needed to money to please Alannis Morisette while they were dating.
tt0100419,"I remember watching this movie several times as a very young kid, and there were parts of it (many in fact) that I did not understand. I think I have seen it once as an adult, and I then understood those parts. The only problem with viewing it as an adult was that it was not entertaining to me at all. So what kind of movie is this? Is it a ""kids movie""? Not hardly. It contains language and subject matter not suitable for kids. Is it a hyperbole of what every parent feels like they are going through with their own children? Maybe, but then why wouldn't it focus more on John Ritter's character instead of Junior? When a film has a 7-year-old as its main character, in order to do well with it's audience, it should be a movie for the seven and under crowd, otherwise people older than that will have no way to relate (even 8-year-olds wouldn't want to see a movie about a kid who is whole year younger than them). I'm pretty sure this film did not do well in the box office, and the reason has to be because it was unable to find a niche in the market."
tt0101635,"It's hard to believe people actually LIKE this dreck! I do think kids can enjoy it, but to me it's the kind of kid film parents can't bear to sit through. Predictable plot, boring Belushi, and possibly the worst kid actor of all time. I will give the director some of the responsibility for the kid, but she was truly painful to watch. I feel embarrassed for her now, having people know it was her. When she sang the Star Spangled Banner I had to turn the sound off--then I came here and discovered they did that because she won Star Search. I've always felt Jim Belushi should be ashamed to trade on the name of his wonderful, sadly missed brother, and this crap shows why. Zero stars."
tt0103596,"I remember when this came out a lot of kids were nuts about it. I guess I was a bit too old to get all excited and I was a fan of real martial arts films and always found this a bit cheesy.<br /><br />In the early 90's we were swamped with programs such as this making kids feel like they could fight and be a power ranger or an equal to these kids on 3 Ninjas. I think eventually parents and film makers alike got sick of it because all we had in reality was abunch of kids going around punching and hitting everyone.<br /><br />Many kids movies have some big point they're trying to make and its nice for your kids to watch and get the message, this one doesn't have any message at all...it just exploits a million difference things in less than 90 minutes.<br /><br />The movie has no great visual qualities but would one expect it to? The acting is pretty bad. Victor Wong is a cool actor but it was embarrassing to see him here.. The short, fat, gimped eyed old fart as a powerful ninja that was just hilarious. The kids over acted way too much and the youngest ninja Tum Tum was maybe the worst kid actor I have ever seen.<br /><br />The movie has a plot that anyone knows before they even read the review. 3 ninjas...yea you know they're gonna fight a bunch of bad guys and win obviously... Need I say more. Sorry if I spoiled it for anyone.<br /><br />With all that said KIDS WILL LOVE IT. This movie is aimed at kids and only children could enjoy it. If you don't mind your kid seeing movies about kids fighting this is a good movie to let them see. If you don't mind allowing your children to see complete garbage that has nothing to do with real martial arts, real acting or reality period then you have found a movie for your kids... I say kids because I think even the girls will like it... I recall all the girls having a crush on Rocky.<br /><br />2 out of 10 stars because I think you can make a movie for kids and still make it enjoyable for adults..this movie failed big time at that.. It is beyond cheesy and nothing original or unique and I would not allow a child of mine to watch it... Kung Fu the TV series is on DVD and there's tons of great Shaw Brothers films out there...Why not show your children things that will really entertain them and not make them dumb along the way, perhaps even teach them some moves and not just how to kick a man between the legs as grandpa did on 3 Ninjas...no no no...never kick a man between the legs ...never .. thats so unninja like."
tt0104534,"This does give away some of the plot, by the way. A Charlie Brown Christmas is one of those timeless classics that teach you the value Christmas and just enjoying the holiday. This, however, does not. It tries to capture the emotion of A Charlie Brown Christmas, there even is another Christmas play, but fails with lackluster and easy jokes. Charlie Brown is no longer wondering about the spirit of Christmas but is instead wants to buy a present for Peggy Jean ($25 gloves...what?). His sister Sally is the most annoying character in the movie. Here is one of her jokes: Sally wants to write a letter to Santa, but doesn't know how to spell Charlie (for some reason he needs to be in her letter) so instead decides to name him Sam, because she knows how to spell Sam. Also, Sally plays an angel in the play with one word to day: ""Hark!"" She instead says hockey stick (har har). If Sally saying hark 12 times (all oddly sounding exactly the same) doesn't kill you, nothing will. Peppermint Patty and Marcy are a large focal point, but that hardly makes it better. Marcy is funny with her responses to Patty, but Patty is another story. She sounds like a boy (which doesn't dispel the rumors) and gets mad when she has to be the sheep in the play (terrible baas and all). Apparently she is the sheep every year, and is worried she will forget her lines (lines she doesn't have). She is so worried she mentions it twice, one right after the other, and gets the same response. I'm assuming she must have short term memory loss, or something. Lucy and Linus are more welcome (although Linus still has annoying advice), but hardly amount to much air time. I'm sure Schroeder isn't even in this one. All in all, it tries to be a parasite to the original, but compromised the message for a few quick laughs."
tt0106064,"Power Rangers, the completely awful kid's show from the 1990s still continues to disturb young children with it's complete cheesiness, and awful settings.<br /><br />This show was not entertainment, it was an excuse to teach children violence in showing kids how to fight one another in order to solve their differences.<br /><br />The toys were further demonstration in how to promote a violent television show and such.<br /><br />I have never been able to figure out what the purpose of this completely ridiculous show ever was.<br /><br />As such, it remains one of the worst kids shows ever made."
tt0109287,"Bad Actors, bad filming, choppy dialog, shallow characters, but then again it was a bad premise in the first place. Basically, an 11 year old who is bullied because he has very little money is given a blank check by a moronic criminal. Of course, the 11 year old happens to possess enough technology and intelligence to purchase a house, cash a check for 1,000,000 dollars, and even foil three bumbling idiots, reminiscent of the three stooges. <br /><br />Preston Blake is an annoying, obnoxious, boy, who decides that, when written a blank check by a complete stranger, he will take advantage of the situation as best as he can. In other words, he wanders into a bank, <br /><br />hands a teller a check he makes in his printer, and miraculously walks out with a million bucks in cash. Preston is also apparently capable of reaching incredible speeds on his bicycle, due to the fact that a man driving a Jaguar after Preston and his 10-speed could not catch him, even when Preston jumped a row of cars.<br /><br />Of course, with every hokey adventure movie, there has to be hot heroine. In this case our hot heroine is a child molesting FBI agent who dates the eleven year old Preston, and promises another date when he turns 17. <br /><br />However, the absolute worst aspect of this film was not its casting, nor its sloppy dialog, such as ""The only other way I could think of skinning a cat is to stick a hose up it's butt and then pick up the fur"". It was, rather, the entire fact that nobody in the entire film seemed to realize that the FBI does not give a damn about random people . What I have failed to explain is that Preston uses the alias ""Macintosh"" to masquerade as an entrepreneur of sorts. Of course, the FBI finds this intriguing and sends our young heroine after Preston, who uses his 11-year old wit to first scream when lobsters fall on his face, then treat her to hamburgers, finishing with a ridiculous romp through a cemented area where water jettison's from the ground. Our heroine fails to realize during this whole adventure that the criminal the FBI is pursuing is slipping and sliding right behind the two, as they make their way to Preston's limousine, complete with a 1-dimensional driver who never fails to provide cheap, 3rd rate laughs that the whole family can choke on.<br /><br />Overall: 1/10 is incredibly gracious for this film. I don't see how it only has a 4.4/10."
tt0110168,"This movie was not very entertaining, certainly NO WHERE as original or as good as A Christmas Story. The characters (except the youngest) try to emulate the preceding actors, and they fail. The hillbilly neighbors come out of nowhere as they weren't a part of the first movie. This really sucked, might have been good with the original cast, then again maybe not because the story is so weak. Skip it."
tt0110443,"If this is someone's ""favorite"" movie, they need some serious help. There is nothing funny or clever about this crapfest. I haven't seen the original movie this is the remake of (some 1950s film), but it simply has to be better than this newer bastardization.<br /><br />A major gets kicked out of the military for being a fringe element, and winds up teaching children at an ROTC school. Unfortunately, the major is Daman Wayans... so the children are in for a world of annoying, humorless asininity. Can Wayans whip these losers into shape? Can they get him to become a little more human? The film bombs as most Wayans films do, with only a few sparkling moments. William Hickey gets about one minute of screen time, fair too little. This charming old man (known best to me as a ""Tales from the Crypt"" actor, known best to you as Uncle Louis from ""Christmas Vacation"") shines every moment he's on screen, which isn't much here.<br /><br />Bam Bam Bigelow also makes an appearance as a biker, which fits him perfectly. I wouldn't mind slightly more Bam Bam, but I think he carried the role of ""biker"" about as far as it could be carried for a military film.<br /><br />And then there's the attractive teacher, who someone falls for Major Payne even though he treats the kids poorly, has no social skills and is simply impossible to convert into someone you would want to spend time with. She must either be incredibly stupid or incredibly desperate. I'm not sure which (though it would seem ""stupid"" since the movie makes it clear she gets out of the house often enough).<br /><br />Wayans had one shining moment: a dance sequence where he performs a series of moves (including a very nice ""robot""), and with the help of music from 2 Live Crew. This scene was enjoyable but hardly made up for anything else that made this film dog spittle.<br /><br />Seriously, avoid this film. If you want to see a film a bout a loser who helps loser kids become heroes, rent or buy ""Ernest Goes to Camp"". At least he's a lovable loser, and actually funny. Maybe if Major Payne had fought a badger I'd feel better, but he didn't. Forget Payne, forget Wayans... you can do so much better."
tt0112374,"Not even worth watching this tacky spoiler ruins everything about 'Annie'. The characters seem almost cheapened by the poorly written storyline and they low quality feeling to the production. It was very clearly made for TV, yet if I found it on my television, I would flick it straight over. The children in the film do an alright job, yet the adults acting is unbelievable and so the movie fails to really draw you in. This film lacked the music/dance numbers thats made the original brilliant and truly does take the shine of the Annie we all love. Johnson, as Annie is at times annoying and over acted..you cannot convince yourself that she truly is Annie. The differences in character appearance continued to irritate me throughout the duration of the film. Sad to say this sequel was a total flop."
tt0114658,"I watched this movie when Joe Bob Briggs hosted Monstervision on TNT. Even he couldn't make this movie enjoyable. The only reason I watched it until the end is because I teach video production and I wanted to make sure my students never made anything this bad ... but it took all my intestinal fortitude to sit through it though. It's like watching your great grandmother flirting with a 15 year old boy ... excruciatingly painful.<br /><br />If you took the actual film, dipped it in paint thinner, then watched it, it would be more entertaining. Seriously.<br /><br />If you see this movie in the bargin bin at S-Mart, back away from it as if it were a rattlesnake."
tt0116756,"This movie is so, so, so horrible, that it makes angels lose their wings. Shaq had tried to make other crossover efforts, like his work in Shaq-Fu for the NES and his plethora of unbearable rap albums, and later, the epic serving of horrible film-making that is Steel.<br /><br />There's not a single good thing to be said about this movie. I saw it a bunch of times when I was very young, but I must've been an idiot then, because this movie takes all that is enjoyable about films and tears it apart. It's fun to mock. I saw it on the Disney Channel a while back and spent a few minutes doing that. Although, once the thrill of mocking it is done, you still become overwhelmed by its terribleness.<br /><br />If you see it on TV, try this: consider, as your watching the film, removing from it all the scenes in which Shaq uses his magical genie powers. If you do that, it becomes like a film about a pedophile chasing a kid and rapping to seduce him. That's kinda funny, and disturbing.<br /><br />A horrible example of film. Do not, unless looking to mock it, see this movie."
tt0117179,"For some strange reason the film world is driven by fashion . Someone makes a film about a killer shark then all of a sudden the film world`s oceans are awash with giant Squids , killer octopusses and sea monsters of every ilk . A man is stalked by an erstwhile lover from hell then every film character is stalked by a cop from hell or a flatmate from hell or a babysitter from hell . Then when a major Hollywood company produces a big budget FX laden blockbuster about tornados then other film producers jump upon the bandwagon , the fact that they don`t have the budget to pull it off doesn`t stop them. NIGHT OF THE TWISTERS is a case in point . What struck me about this made for television film is the fact that it tries to hide its lack of budget by cutting to the ad breaks . Everytime a tornado appears the camara locks onto the horrified expression of the actors as they scream things like "" Oh my gawd it`s heading this way "" and "" Run for your lives "" then the screen fades to black saving the producers the need to up the special effects budget . Unfortunately NIGHT OF THE TWISTERS budget should have been upped to include better actors . The cast are by no means bad but they are unimpressive and lack the skill to carry a film which is character driven . Where`s Josh Hartnett and Elijah Wood when you need them ?<br /><br />And the last word on this being a TWISTER clone ..... Yes NOTT was released a couple of months before TWISTER but TWISTER had been hyped for several months as being the Summer blockbuster of 1996 and NOTT has a rushed feeling to it which leads me to believe that it was made and released to tie in with the hype surrounding TWISTER"
tt0118998,"...And that's why hard to rate. <br /><br />From the adult point of view (hmm, student point of view:)). i must say i fell nearly asleep here. Sure, there is some laughing scene (all the credit takes here Eddie), but that can't save the disney type of script and whole movie, that's why<br /><br />2 out of 10"
tt0120764,"This movie tries hard, but completely lacks the fun of the 1960s TV series, that I am sure people do remember with fondness. Although I am 17, I watched some of the series on YouTube a long time ago and it was enjoyable and fun. Sadly, this movie does little justice to the series.<br /><br />The special effects are rather substandard, and this wasn't helped by the flat camera-work. The script also was dull and lacked any sense of wonder and humour. Other films with under-par scripting are Home Alone 4, Cat in the Hat, Thomas and the Magic Railroad and Addams Family Reunion.<br /><br />Now I will say I liked the idea of the story, but unfortunately it was badly executed and ran out of steam far too early, and I am honestly not sure for this reason this is something for the family to enjoy. And I was annoyed by the talking suit, despite spirited voice work from Wayne Knight.<br /><br />But the thing that angered me most about this movie was that it wasted the talents of Christopher Lloyd, Jeff Daniels and Daryl Hannah, all very talented actors. Jeff Daniels has pulled off some good performances before, but he didn't seem to have a clue what he was supposed to be doing, and Elizabeth Hurley's character sadly came across as useless. Daryl Hannah is a lovely actress and generally ignored, and I liked the idea of her being the love interest, but sadly you see very little of her,(not to mention the Monster attack is likely to scare children than enthrall them) likewise with Wallace Shawn as some kind of government operative. Christopher Lloyd acquits himself better, and as an actor I like Lloyd a lot(he was in two of my favourite films Clue and Who Framed Roger Rabbit, and I am fond of Back To The Future) but he was given little to work with, and had a tendency to overact quite wildly.<br /><br />Overall, as much I wanted to like this movie, I was left unimpressed. Instead of being fun, it came across as pointless, and that is a shame because it had a lot of potential, with some talented actors and a good idea, but wasted with poor execution. 1/10 Bethany Cox"
tt0124265,"They made me watch this in school and it was terrible. The movie is outdated. The episodes become confusing because fact is combined with fiction to make the story more interesting.The teachers talked about it as a treat but really it was a painfully boring experience.I have read that very few people who appear in this are actors, but most of them them do what they do in the movie in real life.This accounts for cheesy acting very often. Also, very often the story becomes mildly outrageous and far-fetched. I don't like the way some of the lines were written and wish they had more meaning to them. Though, it was written to be educational, funny, suspenseful, and hip, It ended up being boring, dry, far-fetched, and old. I hope no one takes time to watch this movie because you would be just fine not seeing it."
tt0142260,"This Cannon Movie Tale is the worst of the lot, and is positive proof that a five minute fable does not a full-length film make. Poor Sid Caesar as the vain emperor, is made to look so stupid, it's hard to watch him. As the sly tailor, Robert Morse hasn't an ounce of charm. Neither does his hapless nephew (Jason Carter) The ""songs"" are dreadful and only slow what there is of the plot down. The direction is practically nonexistent, and the supporting characters add very little. Lysette Anthony is pretty as the emperor's daughter, but her voice has obviously been dubbed for some reason, a fate shared by many of the minor players. And the film crawls at a snails pace. Hans Christian Andersen must have been turning somersaults in his grave when this appeared. It can honestly be said, at least of this movie tale, it's no surprise that it went straight to video oblivion."
tt0160986,"Anyone who loved the two classic novels by Edward Ormondroyd will be disappointed in this film. All the magic and romance have been modernized out of his original story of a girl who does a good deed for a mysterious old lady, and given ""three"" in return. Three what? Not three wishes, but three rides into the 1800's on a rickety elevator...<br /><br />The first novel is Time at the Top. The second is All in Good Time."
tt0167038,"Disney has now made straight-to-video sequels to a good bunch of their many animated features. Two of these were made for their 1991 classic, ""Beauty and the Beast"". Well, these ones aren't really sequels, as they are both set in between the events of the first film. The first of these two straight-to-video films was ""Beauty and the Beast: The Enchanted Christmas"", which seems to be disliked by quite a few fans of its theatrical predecessor, but I think that can usually be expected with sequels. However, this second one, ""Belle's Magical World"", is definitely inferior.<br /><br />The film features three short stories, all of which take place while Belle is in the castle, and the place is under the spell of the enchantress. The first is ""The Perfect Word"", where a misunderstanding at the table between Belle and the Beast leads to trouble, and neither wants to be the first to apologize. The next story is ""Fifi's Folly"", where Fifi and Lumiere's fifth anniversary is coming up, and Lumiere is unprepared, so Belle helps him. However, Fifi sees Lumiere practicing romance with Belle, and thinks they're actually in love. The film ends with ""The Broken Wing"". In this story, Belle takes care of a bird with a broken wing, but a bird in the castle will probably mean trouble if the Beast finds out, as he hates birds! <br /><br />The plot description I gave is for the original VHS version of Disney's third ""Beauty and the Beast"" movie. Apparently, in the DVD version, there is another story added called ""Mrs. Potts's Party"", but I've only seen the original version. However, since I highly doubt that one story would stand out as a classic over the rest, I see no point in watching the special edition. Anyway, the first thing I will say about ""Belle's Magical World"" is that the animation is very 2-dimensional compared to what we're used to from Disney, which would obviously disappoint many people. I didn't like ""Beauty and the Beast: The Enchanted Christmas"" that much, but you certainly can't say the same about its animation. I'm sure the stories in ""Belle's Magical World"" could entertain many kids (mostly younger ones, I think), and each story has a moral, so they could also teach them some valuable lessons. However, for adults, the film really doesn't have a lot. I personally didn't find any good humour in it, found that the constant conflict between Belle and the Beast got tiring, and the stories did not impress me too much at all in any way (they're not very well written). In ""The Perfect Word"", the way Belle says to the Beast, ""You're acting rude... and foolish!"" is a bit cheesy, and I think there are quite a few other cheesy moments in these stories.<br /><br />By the time this straight-to-video movie first came out, I was around eleven or twelve years old. I don't know what I would have thought of it at the time, as I had lost interest in Disney by then, and it would be years before I would gain any of that interest back. Even when this movie was first released, I think I was a bit past the age group it was aimed at. I never saw ""Beauty and the Beast: The Enchanted Christmas"" until a couple months ago, but unlike that film, I never even heard of this one until recently, I think just after seeing the first sequel to Disney's 1991 hit. Well, as much as I like the theatrical original, I wouldn't have been missing much if I never became aware of this film's existence. For little kids, I'm sure ""Belle's Magical World"" can be highly entertaining, and probably somewhat educational with its morals, but I do not recommend it for adult Disney fans."
tt0170016,"How the Grinch Stole Christmas was a wonderful little Christmas cartoon that anyone could easily enjoy, I never did see the reason for a remake. Not to mention a remake that was made with humans, the cartoon was just perfect enough, what's the purpose of this film? But it also seemed a little odd for Jim Carrey to be the Grinch. I mean he's a great comedic actor, but him as the Grinch? It just didn't make any sense to me. His performance was a little over the top and unintentionally laughable at moments. Not to mention some of the added dialog was a bit childish and not enjoyable. The whole story of the Grinch and Cindy Lou-Who was over done and wasn't needed. They actually just destroyed the story, period.<br /><br />All the who's in Whoville are getting ready for their best Christmas season yet where everything is intended to go perfectly. But Cindy Lou-Who is curious and worried about the Grinch that lives above them and that he's not going to get as good of a Christmas as the other who's. He kicks her out and decides that he doesn't want Christmas this year and that in fact he should just steal Christmas all together to show the who's what his version of Christmas is all about. But soon he realizes that the who's may know that it's a little bit more than what is the materialized version of Christmas.<br /><br />How the Grinch Stole Christmas wasn't needed and was a bit over the top. I really recommend that you stick with the cartoon just for the simple fact that this is a pretty disturbing version, at least in my opinion. The make up and presentation of the whole film was just a bit over done, not to mention that How the Grinch Stole Christmas! was more meant to be as a cartoon rather than a version starring Jim Carry. But at least this version makes you grateful for the Boris Karloff version that is played every Christmas.<br /><br />1/10"
tt0173915,"You have to respect this movie. It may be ""just a dumb kid's movie"" but it's the #1 most frequently requested film title in online movie forums, requested by people who remember the story but can't remember the title. Therefore what follows is a much-needed, detailed plot description, since I haven't been able to find such a description anywhere else on the Internet.<br /><br />A typical 2-story house is shown in suburbia. 7-year-old Bridget narrates about suspecting something is going on since she and her 11-year-old brother Andrew are getting presents from their parents for no apparent reason. Bridget's present is a stuffed penguin that she immediately names Sweet William. Bridget describes her relatives: Aunt Ruth, a bossy nurse taking care of grandmother, Grams the hugging grandmother who makes dolls out of socks, and her brother Andrew, who's into electronics and is grumpy. Grams accidentally hangs up on the lieutenant-governor, which indicates she's getting in the way while living with the family. The two children eat breakfast while the adults discuss moving Grams to a retirement home. Bridget makes an awful-looking pancake sandwich containing cereal, eggs, bacon, strawberries, and syrup, as Andrew looks on incredulously. The two kids then discuss Grams, and Andrew says bluntly that Grams is being ""put out to pasture."" Bridget talks with Grams in the attic, has a play tea party with Sweet William in her bedroom, then a living doll unexpectedly pops out of her bedroom closet mirror.<br /><br />Bridget and the living doll become acquainted. The curly-haired living female doll is named Huggins and lives in Huggaland. Bridget gives Huggins a baseball cap from Andrew's room. Huggins hides under some laundry when Bridget's mother comes by, then the mother throws the laundry into the washing machine with Huggins in it. Bridget rescues Huggins and dries her off with a hair drier. They discuss the problem with Grams getting old and having to move away, Huggins says Bridget could talk to the bookworm in Huggaland about it, since he knows everything. They step through the mirror to visit Huggaland, but one of Bridget's tennis shoes becomes lodged in the mirror.<br /><br />Rather than walk around with one shoe, Bridget goes without shoes in Huggaland. They immediately meet Hugsy, a curly-haired living boy doll in Huggaland. Huggins gives Hugsy the baseball cap. They also meet Tickles, Bubbles, Impkins, and Tweaker, and all the dolls sing a song while sitting on a bridge. Hugsy takes Bridget and Huggins in his hugwagon to see the bookworm, who lives atop a stack of giant books. The bookworm consults ""the old encyclopedia"" and finds that old age can be cured by eating the fruit of the ""youngberry tree."" However, only one such tree exists, and it's in the country of Shrugs, ruled by the mad queen of quartz. The only way to travel to Shrugs is to jump down a deep hole that is located inside a nearby giant book.<br /><br />Bridget and the two dolls gulp three times, jump down the hole, and tumble out. Soon they walk down a sideways sidewalk, hear the sea of glass breaking, and fall off the sidewalk when the sideways gravity ends. They encounter ""the hairy behemoth,"" which looks like a mastodon, has four tusks, and breathes fire out its trunk. But Hugsy boldly goes over and hugs the behemoth, who thereby turns into a baby elephant whose name is Hodgepodge. Hodgepodge had been under a spell by the queen, and owes Hugsy a favor, so they all ride on Hodgepodge's back to the castle. They enter the castle, are surrounded by troll-like beings, the queen (Queen Admira) comes, and Bridget asks for a few youngberries. The queen refuses, then eats one for herself, and brags about her own youthful good looks while looking in a hand mirror. Hodgepodge faints when the queen says he should be ""digested."" The queen is upset when Bridget mentions that wicked witches should have warts, so the queen freezes Bridget and orders the three others to be taken to the dungeon. But the queen carelessly leaves the key to the youngberry tree's dome by the lock to the dome-lifting apparatus.<br /><br />Hodgepodge wakes up in the dungeon and uses his ""noodle"" (trunk) to pull the jail's door down, thereby freeing himself and the two dolls with him. They find Bridget standing petrified, the dolls hug her, which causes Bridget to be revived. Before they flee, Bridget finds the left-behind key to the youngberry tree dome, lifts the dome off, and they pick some glowing youngberries and put them in a jar. The queen catches them, but the queen's arm is trapped under the descending dome while reaching for the key that Bridget left on the ground. The queen suddenly turns very old since she is deprived of the youth-giving berries, and appears to die. Soon Bridget steps back through the mirror into her bedroom but trips on the bottom of the mirror, spilling the berries onto her floor, and the berries quickly vanish into smoke, one by one. Her mother calls for her and Andrew to say goodbye to Grams, who is leaving for a retirement home. Andrew drops his usual grumpy, standoffish facade and hugs Grams, telling her he loves her and that he doesn't want her to go away. Their father is moved, and decides to keep Grams there after all, and everybody hugs and cries, including Aunt Ruthie, who had been the main person pressuring Grams to move out.<br /><br />Andrew asks Bridget for his St. Louis Cardinals cap, Bridget starts to explain how she gave it to Huggins of Huggaland, but Andrew doesn't want to listen to what he believes are her fantasy stories, so he turns around to look for it in her bedroom. One of the dolls secretly hands the cap back through the mirror to Bridget, Bridget puts the cap on Andrew's head, Andrew is mystified, and leaves her bedroom without saying anything. Bridget cheerfully waves at the mirror."
tt0190806,"Here is one of those educational short films made to learn the unknown people out there about facts of life. This time the target audience is preteen girls, the fact of life is menstruation. This animated film, created by Walt Disney Pictures, apparently with some sponsoring from Kotex.<br /><br />It starts with explaining how hormones make you grow and develop. With the help of animation and a female narrator it shows us how the body, especially the ovaries, uterus and vagina, work and why this all leads to menstruation. It is almost amazing, becoming the comic note here, how the subject of sex is avoided. Even the word is never mentioned although ""furtilized"" will pass once. I don't really know why I saw this, but since it is one of those rare short films that could give an impression of an innocent time, you might want to give it a try."
tt0190897,"POPEYE AND BIG FOOT **; POPEYE'S ENGINE COMPANY **; GETTING POPEYE'S GOAT **1/2<br /><br />I used to lap these up as a kid but, catching an episode of the series comprising three cartoons back-to-back now i.e. several years later (they preceded the theatrical screening of the pirate yarn RAIDERS OF THE SEVEN SEAS [1953]), I can see how they don't hold up all that well! The character of Popeye isn't exactly sympathetic to begin with, Olive Oyl distinctly overbearing and Bluto's antics failed to elicit much interest either  in short, the scripts were alarmingly thin, fairly awful and generally unfunny to boot. They're strictly juvenile fare, yet I doubt today's kids would even have the patience to stick with them!; furthermore, the animation style is unattractive.<br /><br />Taking each short per se, I guess they improved from one to the other: after the initial shock, one adapted to its mediocre quality as it were, so that the third cartoon easily results in being the most enjoyable of the lot  Popeye is entrusted with a mascot army goat whose immense appetite causes him no end of mischief (hardly original, I know, but always an amusing ploy). One interesting element here was that the shorts were bookended with Popeye delivering moralistic bits of wisdom to the kids in the audience."
tt0211181,"...because this was simply awful. 101 Dalamatians was funny even if formulaic, but this is nothing more than puerile drivel. The same plot except with the story excised from it; the world's most intelligent and horribly annoying macaw; Tim McInnerny proving that he really can't do comedy (everone remembers Percy in Blackadder but that was his high spot - it's all been downhill since then); direction so poor that if a group of college students had made this you'd throw it in the bin and tell them to do it again - properly this time. Ieuan Grufford better go back to Hornblower sharpish, whilst Glenn Close and Gerard Diepardieu ought to go into hiding for several years.<br /><br />Perhaps I could be too harsh; after all I didn't manage to sit through the whole film. It gets 1/10; only because I can't give it 0."
tt0211846,"I can't believe it, IMDb really does have every TV show known to man! I have not seen this show in over 20 years. I only remember two episodes, and I barely remember those. I remember that Tony may not been on from the start, because one of the episodes I remember is the one in which everybody trying to get Tony to join, but he rejects them, but typically at the end of the show he becomes a member of Power House, with everybody cheering.<br /><br />The other one I remember is the one where Lolo for some reason pretends to be dead,(complete with funeral and mourners). I don't remember why he plays dead, or how the show ends.<br /><br />This is one of those shows that I convinced myself that I must have dreamed up since no one else had ever heard of it."
tt0217074,i saw switching goals ..twice....and always the same feeling...you see the Olsen twins make same movie....they like play different sports and then fall in love to boys..OK now about the movie....first off all such little boys and girls don't play on such big goals...2.football does not play on time outs...3.if the game is at its end the referee gives some overtime (a minute or more)...and the finish is so foreseen....i think that this movie is bad because of the lack of football knowledgement....if it were done by European producers it would be better..and also the mane actors aren't the wright choice...they suffer from lack of authentic..OK they played some seasons in full house but that doesn't make them big stars....you have got to show your talent....and that is what is missing in the Olsen twins
tt0244437,"SPOILER WARNING: There are some minor spoilers in this review. Don't read it beyond the first paragraph if you plan on seeing the film.<br /><br />The Disney Channel currently has a policy to make loads of movies and show one a month on the cable channel. Most of these are mediocre and drab, having a few good elements but still being a disappointment (`Phantom of the Megaplex,' `Stepsister From Planet Weird,' `Zenon: Girl of the 21st Century'). Every once in a great while, they make something really, really great (`Genius,' `The Other Me'). But once in a while The Disney Channel makes a huge mistake, and gives us a real stinker. This month (December 2000) The Disney Channel featured `The Ultimate Christmas Present,' which I thought was terrible due to poor writing and worse acting. Apparently, `The Brainiacs.com' was rushed out a few days before Christmas to get a jump on the holiday, because the plot has to do with toys. They even paid for a feature in the TV Guide, so I thought it must be better than the norm. I was in for a complete shock. Only Disney's `Model Behaviour' has been worse than this.<br /><br />The plot was more far-fetched than normal. I usually let that slide, but here it just goes too far. Matthew Tyler gets very sick of his widowed father spending most of his time at work. His father owns a small toy factory that has taken out large loans at a scrupulous bank to stay afloat. Time and time again, his father has to skip out on the plans he makes with his son and daughter. Matthew decides that the only way he can spend time with his dad is if he becomes the boss and orders him to stay home. He gets a hair-brained idea to create a website where kids all around the world can find and send him a dollar to invest in a computer chip that his sister is inventing. That whole concept is full of fallacies. When kids send in millions of dollars, Matthew opens his own company's bank account and buys up most of his dad's business's stock. He is the secret boss, but he doesn't reveal this to his dad, but instead presents himself at board meetings as a cartoon image through a computer. That image itself is so complex (and ridiculous) that it isn't possible for someone to create it at home, much less someone who comes across as stupid as Matthew. To make a long plot short, Matthew orders his dad to spend more time having fun and doing stuff with his kids, but a federal agent shows up inquiring about Matthew's company, as it is fraudulent.<br /><br />There's so much wrong here. As mentioned, the stuff they do here is impossible even for true geniuses, which these kids are not. The website, the cartoon image, the computer chip, even the stuff they are being taught in school, are far too advanced for these kids. The acting by most of the cast, especially Kevin Kilner, is terrible. Some familiar faces are wasted. Dom DeLuise plays the evil bank owner, but his part is a throwaway. He has one good scene with Alexandra Paul (who shows she has the ability to act) in which he explains his motives, but nothing more. And Rich Little is wasted in a small role as a judge. There's even some offensive and uncalled for anti-Russian jokes. But the greatest atrocities are the hard-hammered themes. These themes show up in many of The Disney Channel's films, but never before have these ultra-conservative messages been pounded so strongly. The typical `overworking parent' idea is really pushed hard, and after delivering it inappropriately in `The Ultimate Christmas Present,' seeing it again sours my mood. Family relations are important, but Disney must stop this endless preaching, because working is important to maintaining a workable family, too. Except for cancelling activities thanks to work, the father didn't come across as that bad, but I found it offensive when the grandmother told him `I don't like what I see.' Just as bad is the preaching of the idea that all single parents MUST marry if they want to raise their kids right. Enter Alexandra Paul, whose character, while important to the plot, is there solely to be the love interest for the father. This offensiveness only proves that the Disney brain trust lacks the brains to avoid scraping from the bottom of the Disney script barrel. Instead of letting this movie teach your kids how to commit serious fraud, wait for the next Disney Channel movie. It has to be better than this. Zantara's score: 1 out of 10."
tt0268288,"I just saw this movie, and I have to say that it was a big waste of time. The girl who played Eva (Ellen Fjaestad) can't act at all. She read her lines very un-naturally, and she had a very un-natural facial expression through the entire movie. Rosanna Munter who played Petra on the other hand, is a natural. She played her part with great perfection.<br /><br />SPOILERS! The story was simple - we've seen it many, many times before. She breaks up, he finds another, she get jealous, he breaks up with the other girl and they end up back together in the end. There were no surprises at all, one knew that Eva would break up, and that Adam would ""hook up"" with Petra. The only thing that nobody saw coming was that Petra told Adam to go after Eva at the party. She became all serious, which is a side of Petra the viewers hadn't seen earlier in the movie, and told him to win Eva's heart back, which was really cute.<br /><br />Besides Rosanna Munter, there isn't a single actor who gives a memorable performance.<br /><br />This is a mediocre movie with mediocre actors, so I don't recommend it!"
tt0291082,"Well, the big money machine has done it again! Disney very shrewdly takes advantage of morons like myself who feel we must own every video (good or bad) stamped with the Disney moniker. Why is it that I continue to look forward to these ""sequels"" which make Don Bluth on a bad day look like Leonardo DaVinci? Cinderella 2 consists of three storylines (already a poor choice!) Doesn't one of the most endearing Disney creations at least deserve a linear story? Of these three, only the last comes anywhere near the quality of animation and storytelling that I would expect. The music is atrocious and modern (meaning in 2 years it will already be dated) and adds nothing to the story. Why does everything have to be updated? You know, the original cartoon is still popular because of its timelessness, so why not be respectful and true to the original with songs that reflect the same style? Gee, I can't wait for a sequel to Sleeping Beauty. Instead of music based on the themes of Tchaikovsky, we'll get music inspired by Britney Spears!!! So Disney, if you're listening, remember we're not all indiscriminate children out here. How about throwing a bone or two to the fans who've been around long enough to know the difference between craft and crap?"
tt0293849,"This could be a cute movie for kids My grandson watched it once. he was watching it a second time I was watching some of it with him.<br /><br />When the little bear gets lost on the ice burg and he is in the water he is trying to get to a piece of ice it says ""Come back stupid ass fool"".<br /><br />I don't want my 3 year old grandson watching movies with words like this in it.<br /><br />That is why its rated for children. Should be child friendly. That is what I would expect. put out by warner brothers and G rated I would expect this to not have cuss words in it. The words don't even fit the movie in most places as it seems added later. And the movie drags out in many parts."
tt0312528,"Most movies I can sit through easily, even if I do not particularly like the movie. I am the type of person who recognizes great films even if I do not like the genre. This is the first movie I could not stand to watch. Cat in the Hat is the worst movie I have ever seen--and I've seen a lot of movies. The acting is okay (Myers is good as the cat, it's just that he is REALLY annoying). The silly songs the cat sings were boring and monotonous, even for the children in the audience. The plot drags on and on, and viewers must suffer through poor dialogue. The ""witty"" parental remarks are disgusting, not funny (I remember some awful comment about a garden hoe being compared to, well, a type of person people call a ""ho""). Even though the movie is really short, it seemed to last FOREVER. Do not waste your time. I know small kids who hated this movie. If children can't stand it, I do not know how any adults can. I would like to fume more about this film but I do not even feel like wasting anymore time writing this review about it. I HATED IT! So, in summary, do not spend 90 minutes of your life watching this! See a GOOD movie!<br /><br />1/10 stars--the lowest review I have ever given a movie."
tt0318850,"I understand that this movie is made for kids and as a parent I have sat through many movies that don't particularly hold my interest, but I can appreciate from a constructive point of view in how it is being received by my children. Parents are supposed to be encouraged after all to take part in their children's activities and to monitor the quality of the entertainment that they view so there should be something that appeals to an adult audience on some level even in children's movies. Disney has always understood this which is why it is so hard to fathom how it could allow such a complete piece of drek to bear their name.<br /><br />Technically, the sound editing is horrible and all dialog sounds over-dubbed and unnatural. Personally I hate that, but it was doubly awful considering the dialog itself seemed as though it was written by a 12 year old for a school project. The ""acting"" reminded me of a school play and none of the child actors had any range of emotion in their voices. Thankfully it was a very short movie.<br /><br />Now, before I come off like a video-geek measuring a kids movie with an adult yard stick, the one thing that can save even the worst children's movie is a positive message. Far be it from me to determine how a message has to be delivered so long as the right one is. Let us take a walk through this film to see what messages are given: <br /><br />If you are lost, don't worry, you will inevitably find your way home.<br /><br />Approach wild animals without any fear.<br /><br />You can win any competition just because you ""know"" you can.<br /><br />and my favorite, the final message left in the film: <br /><br />It's okay to disobey authority figures and do what you think is right."
tt0322389,"Let me start out by saying this movie has 1 funny point at the very beginning with the exchange between the narrator and George: Narrator:Huh? Wait a minute! Who the heck are you? George: Me new George. Studio too cheap to pay Brendan Fraser. Narrator: How did you get the part? George: New George just lucky, I guess. <br /><br />Sadly, that's the only funny part in the entire movie.<br /><br />It was still entertaining...But then again, i'm easily entertained...<br /><br />I wouldn't say this is the worst movie i've ever seen (that title goes to the terribly un-funny Disaster Movie...), This movie falls #7 on my bottom 15 list...<br /><br />If your a small child who is easily entertained, you'll enjoy this movie. If you're a movie-watcher who wants a good, funny movie, You'll end up shooting yourself halfway through this one.."
tt0324532,"I do agree with everything Calamine has said! And I don't always agree with people, but what Calamine has said is very true, it is time for the girls to move on to better roles. I would like to see them succeed very much as they were a very inspirational pair growing up and I would like to see them grow as people, actresses and in their career as well as their personal life. So producers, please give the girls a chance to develop something that goes off the tangent a bit, move them into a new direction that recognises them individually and their talents in many facets. This movie that is being commented is not too bad, but as I have seen further on in their movies, their movies stay the same of typical plot and typography. When In Rome is good for audiences of younger generation but the adults who were kids when the twins were babies want to follow the twins in their successes and so hence I think we adults would like to see them make movies of different kinds, maybe some that are like the sixth sense, the hour, chocolat, that sort of movie - not saying to have just serious movies for them, humour ones too yes, but rather see them in different roles to what they have been playing in their more recent movies like this one and New York Minute. (Note: I am from Australia so excuse my weird spelling like reognise with the s instead of z)"
tt0331509,"I bought this movie from Gamestop's discount used movie bin and the cover caused me to laugh uncontrollably so I bought it for 99cents. The movie itself is retarded and they use like ten different monkeys throughout the whole film that hardly look alike. Not to mention they use a stunt double who is just a short guy in costume making a desperate attempt to impersonate a monkey.<br /><br />The director more than likely committed a murder-suicide with the chimpanzees after the movie debuted in a preview for some other low rent Warner Bros. film and he ended up owing money to the studio. It also doesn't help that he wasn't even infamous for the terrible job he did, he wasn't even known for producing a poop-chute film.<br /><br />Why was this movie ever made?"
tt0342882,"I really wanted to like this movie, but it was just imposable. The acting was ultra hammy, the plot was annoying, and the pace was SLOW, sooo slowwwwww. The whole time sitting in the theater i wanted the movie to end. Twenty minuets into a films and I'm praying for an ending. Sure some of the visuals were nice, but c'mon guys, I mean really! And for a movie about a guy tuning magical instruments there really wasn't much music to speak of. The music there was was annoying, and boring. There were sound loud shrill sounds at times too, those were also annoying. Mainly this film managed to bore me, and creep me out at the same time.<br /><br />I'm glad its over. I need to go see ""Tideland"" and wash this bad taste out of my mouth."
tt0365390,"From a poorly contrived plot line that makes almost no sense to bad dialogue and disjointed scenes to the ultimate downer, bad acting (even Peter Falk can't find his way) ""Finding John Christmas"" is better left lost. Ms. Bertinelli's performance is without depth or emotion as are her co-stars, William Russ as brother Hank and David Cubitt as love interest Noah. Jennifer Pisana as Soccoro, the daughter of single dad Noah is almost unbearable to watch let alone listen to singing. But who can blame them with material like this. Michael J. Murray's script is juvenile at best. <br /><br />Each year at this time I search the TV guides and wait anxiously for some of the really classic Christmas and inspirational holiday films to appear on the small screen. Films like ""Miracle on 34th Street"", Ernst Lubitsch's delightful ""The shop around the corner"" and, of course the 1951 version of ""Scrooge"". There's Frank Capra's classics ""It's a wonderful life"" and ""Meet John Doe"". Hey, forget the classics. What about ""Home Alone"" or "" Home for the Holidays"" with Holly Hunter and a great performance by Robert Downey Jr.? <br /><br />My present to you is by way of advice. Your time would be better spent searching out these films than finding ""Finding John Christmas"". Merry Christmas!"
tt0385988,"Creepy & lascivious wolf. The young ""Red"" is wearing full make-up, and extremely short shorts & robe. Got about 20 minutes through and realized it could be a pedophile's dream come true. The ""up-beat"" music sounds a lot like something I'd hear at a strip club. I actually think this movie is a sick joke - it's not a family movie. Gross, glad I was watching this with my daughter, I don't want her to think it's normal for families to view quasi kiddie porn together. Very bad, Very sad it's sold as a family film, Joey Fatone will probably be embarrassed he was in it. And what's with advertising it as a ""special effects spectacular""??? The effects do look low budget, gawd awful."
tt0388595,"""Extreme Makeover: Home Edition"" is yet another 'feel-goody', so-called 'heart warming', and out-for-ratings show that ABC has had the time to put together.<br /><br />I understand the troubles that these families go through. For that, I am sorry. But wouldn't you think that putting four wide-screen plasma televisions, three flat-screen desktop computers, an inground pool taking up half of a backyard, and closets full of expensive designer clothing is a BIT too excessive for ANY family? Sure, these families have been through a lot. Sure, they deserve nicer things that what they had previously had.<br /><br />But honestly, the things that Ty Pennington and his crew put into these houses are enough to suit an entire neighborhood.<br /><br />Another thing that really irks me about this show is how Ty and his crew always have something good to say about every little thing that relates to the family, or the family's condition. Telling a wheelchair-bound person that he or she is 'so strong', or 'very brave' really does get old after a while. That may sound rude, but believe me; watch this show, and you'll see what I mean.<br /><br />All in all, this show is overrated. If you want to watch it, go ahead. This comment is just a heads-up for what you'd be watching."
tt0400497,"Herbie, the Volkswagen that thinks like a man, is back, now being driven by Maggie Peyton (Lindsay Lohan), a young woman who hopes to become a NASCAR champion. The only thing standing in her way is the current champion, Trip Murphy (Matt Dillon), who will do anything to stop them.<br /><br />The original love bug wasn't that good. Even as a kid, I remember not liking it very much. I had some hope for the sequel though. I mean the cast is pretty good and the trailer makes it seem like a pretty fun movie. Unfortunately, Herbie is no better now than he was before. The film is defiantly weak for people over the age of 12. It will probably entertain the kids but that's all.<br /><br />I realize it's a kids film and all but they could have made the film a little more interesting. There were very few laughs and it got boring near the end. Most of the actors seemed dead in their roles too. Lindsay Lohan was alright as Maggie Peyton. She usually gives better performances like in Freaky Friday and Mean Girls. Matt Dillon gave the best performance out of everyone. He was very good as the bad guy even though he didn't have a lot to work with. Justin Long, Breckin Meyer and Michael Keaton are really just there and they don't do anything special.<br /><br />Angela Robinson directs and she does an okay job. She tries to keep the film interesting but she's working with a weak script. Thomas Lennon and Ben Garant wrote the screenplay and would it be any surprise to you that they were also responsible for Taxi and The Pacifier? These two make light films yet they fail to really make the stories interesting or enjoyable. It's not completely their fault but hopefully next time they will try harder. In the end, Herbie is a safe, predictable family film that's worth watching if you're a kid. Everyone else is better off skipping it. Rating 4/10"
tt0403118,"This movie is entertaining enough due to an excellent performance by Virginia Madsen and the fact that Lindsey Haun is lovely. However the reason the movie is so predictable is that we've seen it all before. I've haven't read the book A Mother's Gift but I hope for Britney and Lynne Spears sake it is completely different than this movie. Unless you consider ending a movie with what is essentially a music video an original idea, the entire movie brings to mind the word plagiarized."
tt0434964,"What's that there in the skies? Is it a plane? Is it Superman?? Errr, no It's a TURTLE!?! See, that's what becomes of the Cold War! Nothing but bad news and other issues! The Americans shoot down a Russian combat plane somewhere over Artic territory and the subsequent explosion defrosts & literally awakens the giant prehistoric turtle-creature named Gammera. He/she is not a very friendly critter as it promptly ensues to destroy everything and everyone on its path. The arguing governments finally decide to kill the ugly bastard with a brand new and super-sophisticated ice-bomb, but Gammera has another surprise in store The damn turtle can fly! The first time this happens results in a tremendously grotesque and hilarious sequence! Gammera lies on his back looking defeated when suddenly fire blows from his armpits and he skyrockets himself up in the air. How can you not love that? Then there's also a dire sub plot about an annoying kid who's able to telepathically communicate with the monster, but that's just not interesting enough. Flying turtle, people!! There's very little else to write about this Japanese (and American re-edited) Sci-Fi effort, apart from that it's an obvious and totally shameless rip-off of such classics like the original Godzilla and The Beast from 20.000 Fathoms. The effects and monster designs are extremely hokey and, unlike the aforementioned films, it never succeeds in creating an apocalyptic ambiance. Respectable actors like Brian Donlevy (""The Quatermass Experiment"") and Dick O'Neill (""Wolfen"") seem unaware of what film set they're on and even the original Japanese mayhem-scenes aren't very convincing. Gammera's very own and personalized theme-song is rather cool, though, so it gets one extra point for that."
tt0442722,My children watch the show everyday that its on. Its a great program for younger children. However they need to stop showing re-runs and do some more actual shows and get rid of Rooney's and Deedee's YELLOW TEETH. Moe is the only Doodle bop with clean white pearlie teeth and the children notice these things and ask if the 2 don't ever brush their teeth? Does the show ever make its way to the United States and if so where can we find its schedule at. And one other thing if we might be able to add. Moe you need to stop hiding so much. Sometimes when you pop up out of no where you scare the younger children and whats with the pulling of the rope? What does that signify? other then getting wet all the time. They need to add newer things to their show instead of the same ole same ole. Kids loose interest that way.
tt0444736,"I hate this movie. I hate the show. i hate just about everything about it. it's so annoying and stupid. everyone's saying that nat and alex wolff are heroes in the music world and that they're going to make it big. WHAT KIND OF DRUGS ARE YOU TAKING???!!!?!?!?!?! nat and alex are going to end up as either hobos or end up like Jane Hudson from ""Whatever Happened to Baby Jane?"". i could only get through not even 20 minutes of this one, barely 30 seconds of the show, and i managed to survive about half an hour of 'Battle of the Bands'. How anyone could cheer for these guys in the audience at the Kid's Choice Awards, i have no clue. days before the movie premiere on Nick, most of the teen girl actresses on Nick (Jamie Spears, Emma Roberts, Lindsey Shaw, etc.) showed up in a commercial influencing brain-dead kids about how awesome nat and alex wolff are. first off, they didn;t trick me, and second of all, nat and alex probably either drugged them or payed them loads of money in order to say that and sound convincing, because i don't see how anyone could find this show/movie entertaining. the music is just awful. nat's singing sounds like a sick, dying moose on crack. alex is the most annoying movie/TV show character EVER. he's not funny, he's annoying, he's really weird, and he thinks he's hot and knows everything about girls. this guy's lucky if he ever manages to get laid. you know this show is fake when you find out that some of the characters (in real life) don't even exist!! the character Jesse is actually played by Nat and Alex's cousin jesse Draper (they mustve had some budget problem). Their father is not single, he's married to Polly Draper, but she doesn't appear on the show, making it seem the Wolff's are mom-less. Rosalina doesn't exist either. Her name is Allie DiMeco. I'll tell ya, the Naked Brothers are gonna be in some deep sh** when their ""fans"" find out the whole thing is staged. 0/10"
tt0462346,"I was bored, around 10pm, so I watched this movie. And I could not stop laughing. Everything was so ridiculous. The way the kids were acting like they were older than 11 just cracked me up. One of the kids had a ring, that supposedly killed people after 3 or so years. It gave me the impression that he wanted to be a gangster.<br /><br />It's pretty hard to take little kids seriously, especially when it has to do with eating worms. They act like everything is such a big deal, like if Billy (the main character) doesn't eat the worms then the world will end.<br /><br />This is a good movie for little kids (excluding the fact that a 5 year old says 'penis'), but not for teens or adults who don't want to waste their time."
tt0485601,"No need to detail what others have written in other reviews - here goes the summary: <br /><br />* Much of the nested animation work is downright gorgeous - the colors are superb - would love to have it done in silk as a necktie<br /><br />* The story and execution is a total snooze - it was quite difficult to stay awake at times<br /><br />If you are a student of the fine arts, medieval calligraphy, early religion and so forth - have at it. This is a FILM for you.<br /><br />If you want an engaging, entertaining MOVIE - look elsewhere - this is a failure as anything other than an artistic statement.<br /><br />Vikings didn't have horns by the way..."
tt0486321,"this is what you would get if you allowed a 10 year old (manic American) to write a story of a moon trip. Absolute garbage with no redeeming qualities Maybe it held some fascination in the 3D dept. but as a narrative and entertaining animation it held nothing to make wasting an hour and a half worth while. Save your time and money and watch BOLT instead<br /><br />Damn. Not enough lines, yet I feel that sums it up... well, I agree with an above review - this is like a cold-war propaganda story. Maybe it would have been more interesting if they had made it about the flies uncovering the hoax of the moon landing, or if the flies had died in the first minute. BTW - why were all the main character flies deformed? - not one had the full compliment of limbs!"
tt0486583,"My Take: A tired formula Christmas comedy. The laughs are tired and the talents behind it seem to be too.<br /><br />I love the holidays as much as the next guy (even if I often have a bad case of the holiday blues), but it seems it's just being a dumping ground for a bunch of Holiday comedies that would be bad movies on any day of the year, but that doesn't make them any less painful during the season. As if we already had enough SANTA CLAUSE movies (three and *gulp* still counting), who wants to see a movie about his brother? In a plot that would be at home with Disney's SANTA CLAUSE franchise (save the occasionally crude humor and Santa's ""Little"" Helper wearing a short skirt), FRED CLAUS is a one-joke premise that goes on for 116 minutes. Sure, Jolly Ol' Saint Nick has a brother, but where does it go from there? <br /><br />It's a shame really. FRED CLAUS is blessed with a cast that could have made it an enjoyable Christmastime comedy that will probably melt away along with the snow, but it would have been so much better than this. Vince Vaughn is your typical snob, but we are led to believe he's really the long lost brother of the never-aging Santa (Paul Giamatti), who invites his good ol' brother to visit. Mrs. Claus (Miranda Richardson) is reluctant, and worse, an efficiency expert (Kevin Spacey) has come to keep a watchful eye on Father Christmas, and his THIS close to being shut down. Hah! And guess who plays Santa's mother! Kathy Bates of course. Elizabeth Banks is Santa's Helper Charlene, John Michael Higgins is one of the elves, and Rachel Wiesz plays Fred's girlfriend! SI don't know if I'd praise the casting or to bash it. Here we have some familiar faces to add a touch of quality, but they're given way too little to work with.<br /><br />As for humor, the best that FRED CLAUS could possibly come up with is Santa's brother being his exact opposite and some joke about a DJ elf. I have to admit I had a few giggles involving Fred attending a group counseling for celebrity brothers (where he is joined by Stephen Baldwin, Roger Clinton and Frank Stallone), but the giggles begin and end there. Worse still, the movie even succumbs into sentimentality that's supposed to make us ""feel good"" and teach us a lesson about ""what Christmas really means"". Apparently, what Christmas means to Hollywood is getting as much of our leftover Christmas shopping money as they can.<br /><br />Rating: ** out of 5."
tt0488147,"The John Goodman program was pretty awful, but this thing just plain stinks. The one and only thing in this mess that made me smile was recognizing the voice of Patrick Starfish as Frosty. The story is hopeless, written by somebody who has garbled memories of childhood rebelliousness but has never gained any adult sense of perspective in the intervening years. Paranoia rules the dark world that these characters inhabit. Everybody is unpleasant, and for no reason. The plot is predictable but the show lurches from one inexplicable, unconnected scene to another in such a pointless way there is no fun in watching it. The worst thing is nobody in the production crew seems to have ever seen snow!"
tt0785025,"I've seen all four of the movies in this series. Each one strays further and further from the books. This is the worst one yet. My problem is that it does not follow the book it is titled after in any way! The directors and producers should have named it any thing other than ""Love's Abiding Joy."" The only thing about this movie that remotely resembles the book are the names of some of the characters (Willie, Missie, Henry, Clark, Scottie and Cookie). The names/ages/genders of the children are wrong. The entire story line is no where in the book.<br /><br />I find it a great disservice to Janette Oke, her books and her fans to produce a movie under her title that is not correct in any way. The music is too loud. The actors are not convincing - they lack emotions.<br /><br />If you want a good family movie, this might do. It is clean. Don't watch it, though, if you are hoping for a condensed version of the book. I hope that this will be the last movie from this series, but I doubt it. If there are more movies made, I wish Michael Landon, Jr and others would stick closer to the original plot and story lines. The books are excellent and, if closely followed, would make excellent movies!"
tt0834951,This film is self indulgent rubbish. Watch this film if you merely want to hear spoken Gaelic or enjoy the pleasant soundtrack. Watch for any other reason and you will be disappointed. It should be charming but isn't - it's just irritating. The characters are difficult to care about and the acting is poor. The stories within the film are also charmless and sinister. I was expecting a heartwarming family film but this also held no appeal to my fourteen year old daughter. It is rarely that I cannot see a film through to its conclusion but this one got the better of both of us.<br /><br />Although the film is set in current times it has the look and feel of a cheap East European film made during the Cold War. There isn't even enough in the way of beautiful Scottish scenery and cinematography to redeem it. A real shame because as a film this is an embarrassment to Scotland.
tt0844330,"I love Jane Austen's stories. I've only read two of them (P&P and S&S), but after having seen this adaption, I'm reaching for ""Persuasion"" from my bookcase just to make sense out of the story, and also, because I refusing to believe Jane Austen could have written such nonsense. For me, I thought that if you base a film on a Jane Austen novel, you can't really go wrong. It will turn out great pretty much by default. I was wrong.<br /><br />First of all, where are the characters that you sympathise with and like? You have to have at least one likable character to get the audience to invest their emotions in them, and this did not deliver. Sure, I wanted Anne and Wentworth to get together, but only because that's what you know the purpose of the story is, them getting together. Instead, I had to resist urges to throw my teacup at the TV and to continue watching it to the end.<br /><br />Anne was utterly annoying throughout, and in the end, I really have no idea why Wentworth was so smitten by her, as there seemed to be nothing there for him to be attracted to. She was meek, bland, dull, socially inadequate and came across like a sheep following everyone else's instructions rather than having a mind of her own. This can still work for a lead character, if you do it well. This wasn't done well.<br /><br />The other characters were just displaying various degrees of narcissism, of which Mary was the worst, with a full-blown narcissistic personality disorder. Where Mrs. Bennet in P&P had similar flaws, she was still endearing, whereas Mary was more of a freak-show. More loathsome than funny.<br /><br />Wentworth was very handsome and seemed like a decent kind of guy. For the most part of the story, I was just wondering what kind of person he was and why he's in love with Anne, as surely, he's the kind of guy who would want a person who is a little bit more... alive? Acting-wise, not too much to say, as I reacted more to the characters being portrayed rather than how good/bad the people acting were. Anthony Head was excellent, but as soon as I saw he was in it, I expected no less.<br /><br />Also found the story very confusing. It wasn't until the end of the movie where it seemed as if Elizabeth was not Anne's stepmother, but in fact a sister (I'm still not 100% on that). The whole Anne/Wentworth back story was also a bit fuzzy. They had been together but then broke up and they're both bitter about it? How come? I was wondering this for quite some time, and the explanation seemed to be she dumped him because she was persuaded to do so by someone? But it was said in a kind of ""by the by"" way that it was almost missed, as if it was somehow unimportant. How can it be unimportant when it's the very core of the story?? There was also a lot of name-dropping, but no real feel for who the characters were. This Louisa person for instance, who was she? A friend? Family? What? It wasn't made very clear who the different characters are and their relationship with one another. Lady Russell was there a lot, but why? Mrs. Croft and Wentworth were brother and sister, which felt very unrealistic as Mrs. Croft looked old enough to be his mother.<br /><br />The final kiss, yes it was a bit strange them kissing in the street, but I didn't really think about it, because I was too busy yelling ""GET ON WITH IT ALREADY!!"" at the TV, because Anne's lips trembled and trembled and trembled for what felt like ages before they actually met Wentworth's. Have SOME hesitation there, but only for a couple of seconds or so, not half a minute.<br /><br />Then there's the issue of camera work. As a regular movie watcher, you don't pay attention to angles and such unless you decide to look out for it. I didn't decide to do so here, but I still noticed them. To me, that means the filmmakers are not doing a good job. A lot of conversations were with extreme facial closeups, something that should only be used when there's a really important point to be made. In this adaption, it was over-used and therefore lacked meaning. The hand-held feeling on occasion also didn't really work in a period drama. The camera work in the running scene in the end also felt too contemporary. (Not to mention the running itself.) This was the only Austen adaption I caught in ITV's Austen season. Makes me wonder if it's worth watching ""Northanger Abbey"" and ""Mansfield Park"" or if I should just read the books and leave it at that. I'm sad to say, this is a Jane Austen adaption I did not enjoy. Maybe I'll watch the 1995 version instead. The BBC are renowned for having done beautiful Austen adaptations before, after all."
tt0021873,"Warner Bros. made many potboilers in the 1930s and most of them are fast paced, economical and very entertaining. I really love how the studio exploited the less glamorous elements of our daily life. This is one of Warner's few hard-edged melodramas that simply doesn't work. Edward G. Robinson plays a ruthless editor of newspaper who resurrects the 20-year old story of a murderess with tragic consequences. Robinson gives a lively performance but he is surrounded by actors that don't cut the mustard. H.B. Warner, Aline MacMahon and Boris Karloff are good, but the bad acting of Frances Starr and Anthony Bushell in the second leads really hurts the movie. Starr is particularly bad during her big dramatic scene near the end of the movie. In addition, the moralistic tone of the film seems ridiculous in the context of pre-code Hollywood. LeRoy's direction is full of innovative visual touches but he cannot overcome the bad acting and the unintentionally funny situations. Sol Polito's camera work is strong. Somehow, this piece of dreck got an Oscar nomination for Best Picture (in a year that gave us ""M,"" ""Dracula"" and ""Frankenstein"")."
tt0024078,"This film breeches the fine line between satire and silliness. While a bridge system that has no rules may promote marital harmony, it certainly can't promote winning bridge, so the satire didn't work for me. But there were some items I found enjoyable anyway, especially with the big bridge match between Paul Lukas and Ferdinand Gottschalk near the end of the film. It is treated like very much like a championship boxing match. Not only is the arena for the contest roped off in a square area like a boxing ring, there is a referee hovering between the contestants, and radio broadcaster Roscoe Karns delivers nonstop chatter on the happenings. At one point he even enumerates ""One... Two... Three... Four..."" as though a bid of four diamonds was a knockdown event. And people were glued to their radios for it all, a common event for championship boxing matches. That spoof worked very well indeed.<br /><br />Unfortunately, few of the actors provide the comedy needed to sustain the intended satire. Paul Lukas doesn't have much of a flair for comedy and is miscast; lovely Loretta Young and the usual comic Frank McHugh weren't given good enough lines; Glenda Farrell has a nice comic turn as a forgetful blonde at the start of the film, but she practically disappears thereafter. What a waste of talent!"
tt0026273,"Falsely accused, skirt-chasing chums John Wayne (as John Scott) and Eddy Chandler (as Kansas Charlie) change identities to become ""Alias Smith and Jones"". Mr. Wayne becomes ""John Jones"". Mr. Chandler's is supposed to be ""Rev. Smith"", but Wayne calls him ""Dr. Smith"". At no time are either of them as entertaining as Roger Davis, Pete Duel, Jonathan Harris, or Ben Murphy; although, Wayne can be considered infinitely more successful than any of them, career wise. Pretty blonde Mary Kornman (as Anne), grown-up from her days in ""Our Gang"", is a lovely interest for Wayne. She and Chandler have a couple of cute scenes with Wayne. If you're not a fan of low budget John Wayne films of the 1930s, this movie won't make you one."
tt0028174,"Revolt of the Zombies is BAD. There is nothing remotely entertaining about the movie. It is dull, lifeless, poorly acted, and poorly scripted. I've often complained that the original Dracula is a little slow for my taste, well this movie makes Dracula look like a roller coaster ride. The 65 minute running time seemed like 165 minutes.<br /><br />The story: An expedition is sent to Cambodia to find the secrets of mind control through ""zombification"". One man finds the secret and uses it to make the woman he loves marry him. Once this happens, he releases the zombies under his control to horrific consequences. That's it. That's the whole story.<br /><br />For most of the movie, I was trying to figure out where I had seen the male lead. He looked so familiar. I had plenty of time to think this over. Nothing was happening in the movie. Just before the ""zombies revolted"", it hit me. It was Dean Jagger. I had seen him recently as the General in White Christmas. This is how I ""entertained"" myself throughout most of the movie.<br /><br />I'm just glad I didn't buy the DVD for this movie. King of the Zombies is on the other side and it's a masterpiece of film making compared with this movie. For what it's worth, I'll give it a 2/10. (I won't go to 1/10 because, believe it or not, I've seen worse.)"
tt0029608,i should love this movie . the acting is very good and Barbara Stanwyck is great but the the movie has always seemed very trite to me . the movie makes working class people look low and cheap .the fact that the daughter is ashamed of her mother and that the daughter does not rise above it has always made me a bit uneasy . Barbara Stanwyck as the mother worships the daughter but the daughter forgoes a mothers love to find happiness with her well to do fathers family . i wonder how many others who have seen this film feel this way about it.again the acting was very very good and worth watching . i really don't like the story line . just a personal preference .thank you
tt0052169,"I am not a big fan of horror films, and have only seen a handful of them (and none of the ""Halloween""s or ""Friday the Thirteenth""s) - but I can appreciate a frightening horror film not because of gore. And I'm pretty sure this isn't scary.<br /><br /> What's so spooky about a little plastic skull that pops up everywhere? In all of its appearances there are faraway establishing shots, so there's no real surprise in any of this film. (Not that a skull in of itself is that scary anyway, but . . .)<br /><br /> The plot concerns Claus Von Bulow's third cousin (John Hudson), who marries a Donna-reed look-a-like (Peggey Webber, giving one of the worst performances ever) who begins seeing skulls and hearing the mysterious screams of a group of peacocks on her husband's mansion. Did I mention that her husband lost her first wife in a mysterious drowning incident? OOOOH!!!! Wonder who did it!!!!<br /><br /> This is the same old plot about a rich boy trying to kill and/or drive their wife insane. If you want to see a well-done version of this stuff, try ""Reversal of Fortune"". And BTW, Jeremy Irons is one hundred times more talented than John Hudson.<br /><br /> The MSTing was okay but nothing special; paired with the ""Gumby"" short, however, it makes for good viewing.<br /><br /> Two stars for ""The Screaming Skull""; eight stars for the MST3K version.<br /><br /> And now, to paraphrase Mr. Von Bulow himself: ""How bad is this film?"" ""You have no idea!"""
tt0062032,"I've come to realise from watching Euro horror, especially films made by cult luminary Jess Franco, that you can't expect a plot that makes much sense. However, Franco has gone overboard with this film; and despite a surreal atmosphere, and the film's reputation as one of the director's best - Succubus is unfortunately is a truly awful film. I've got to admit that I saw the American cut version, which runs at about 76 minutes; but unless it was just the logic that was cut, I'm sure the longer European version is just as boring. The plot has something to do with a woman marauding around; practicing S&M and talking rubbish, and it's all really boring. There's no gore and the sex is dull, and most of the runtime is taken up by boring dialogue and despite the fact that this is a short film; I had difficulty making it all the way to the end. I have to say that the locations look good and Franco has done a good job of using his surreal atmosphere; but the positive elements end there. Jess Franco is definitely a talented director that has made some classic trash films - but this looks like it was one he made for the money, and overall I recommend skipping it and seeing some of the director's more interesting works."
tt0066115,"Anyone who knows me even remotely can tell you that I love bad movies almost as much as I love great ones, and I can honestly say that I have finally seen one of the all-time legendary bad movies: the almost indescribable mess that is MYRA BRECKINRIDGE. An adaptation of Gore Vidal's best-selling book (he later disowned this film version), the star-studded MYRA BRECKINRIDGE is truly a movie so bad that it remains bizarrely entertaining from beginning to end. The X-rated movie about sex change operations and Hollywood was an absolute catastrophe at the box office and was literally booed off the screen by both critics and audiences at the time of it's release. Not surprisingly, the film went on to gain a near-legendary cult status among lovers of bad cinema, and I was actually quite excited to finally see for the first time.<br /><br />Director Michael Sarne (who only had two other previous directing credits to his name at the time), took a lot of flack for the finished film, and, in honesty, it really does not look like he had a clue about what he was trying to achieve. The film is often incoherent, with entire sequences edited together in such a half-hazzard manner that many scenes become nearly incomprehensible. Also irritating is the gimmick of using archival footage from the Fox film vaults and splicing it into the picture at regular intervals. This means that there is archival footage of past film stars such as Judy Garland and Shirley Temple laced into newly-film scenes of often lewd sexual acts, and the process just doesn't work as intended (this also caused a minor uproar, as actors such as Temple and Loretta Young sued the studio for using their image without permission).<br /><br />Perhaps Sarne is not the only one to blame, however, as the film's screenplay and casting will also make many viewers shake their heads in disbelief. For instance, this film will ask you to believe that the scrawny film critic Rex Reed (in his first and last major film role) could have a sex change operation and emerge as the gorgeous sex goddess Raquel Welch?! The film becomes further hard to follow when Welch as Myra attempts to take over a film school from her sleazy uncle (played by legendary film director John Huston), seduce a nubile female film student (Farrah Fawcett), and teach the school's resident bad boy (Roger Herren) a lesson by raping him with a strap-on dildo. Did everyone follow that? <br /><br />And it gets even better (or worse, depending upon your perspective)! I have yet to mention the film's top-billed star: the legendary screen sex symbol of the nineteen-thirties, Mae West! Ms. West was 77 year old when she appeared in this film (she had been retired for 26 years), and apparently she still considered herself to be a formidable sex symbol as she plays an upscale talent agent who has hunky men (including a young Tom Selleck) throwing themselves at her. As if this weren't bad enough, the tone-deaf West actually performs two newly-written songs about halfway through the film, and I think that I might have endured permanent brain damage from listening to them! <br /><br />Naturally, none of this even closely resembles anything that any person of reasonable taste would describe as ""good,"" but I would give MYRA BRECKINRIDGE a 4 out of 10 because it was always morbidly entertaining even when I had no idea what in the hell was supposed to be going on. Also, most of the cast tries really hard. Raquel, in particular, appears so hell-bent in turning her poorly-written part into something meaningful that she single-handedly succeeds in making the movie worth watching. If she had only been working with a decent screenplay and capable director then she might have finally received some respect form critics.<br /><br />The rest of the cast is also fine. The endearingly over-the-top John Huston (who really should have been directing the picture) has some funny moments, Rex Reed isn't bad for a non-actor, and Farrah Fawcett is pleasantly fresh-faced and likable. Roger Herren is also fine, but he never appeared in another movie again after this (I guess he just couldn't live down being the guy who was rapped by Raquel Welch). And as anyone could guess from the description above, Mae West was totally out of her mind when she agreed to do this movie - but that's part of what makes it fun for those of us who love bad cinema."
tt0066384,"Skullduggery is a strange, strange film based on the novel ""Ye Shall Know Them"" by Vercors. To unleash criticism at the film feels really unkind, since it is a movie that deals with earnest themes like humanity, and pleas for upright moral standards and tolerance. But in spite of its honourable intentions and its well-meaning tone, Skullduggery simply isn't a very good film. For me, the main problem is the terribly disjointed narrative which can't make its mind up how best to convey its message. The first half of the movie is like watching a standard jungle expedition flick of the Tarzan ilk; later it teeters into sci-fi fable; by the end it slips into courtroom melodramatics. The differences in tone between each section of the movie are too great, too jarring, to overlook. They stick out like a sore thumb and remind you constantly that you're watching a muddled, disorganised movie.<br /><br />An archaeological expedition into the jungles of New Guinea is led by adventurer Douglas Temple (Burt Reynolds). One of the main archaeologists involved in the excursion is attractive lady scientist Dr Sybil Greame (Susan Clark). After an arduous trek they stumble upon a tribe of strange ape-like creatures. These primitive, long-lost people are covered in hair and have survived for centuries without being in any way touched or influenced by the developments of modern man. There is some evidence that they may the ancestors of early man  the ""missing link"" in the evolution of apes into humans. Or perhaps a race of humans who simply look and behave differently from usual? Or even a race of animals that have begun to develop human characteristics? The archaeologists call the tribe ""the Tropi"" and are initially thrilled by the implications of their discovery. But things take a devastating turn when nasty opportunist Vancruysen (Paul Hubschmid) declares his intention to exploit the tribe and their idyll on behalf of developers. He questions whether the Tropi are truly ""human"" and takes his argument to the courts, where he hopes to be granted legal backing so that his own greedy ambitions can be continued.<br /><br />This was a very early film in Reynolds' career, and he actually unbalances this movie by acting like he's in a comedy while the rest of the cast take it all very seriously. Not that Reynolds can be blamed  he has an impossible role, asked to play a charming adventurer who really belongs in a Tarzan flick. His character and the film are not relevant to each other. Clark fares much better as the earnest lady archaeologist, and there are nice supporting roles for British actors Edward Fox, Alexander Knox and Wilfrid Hyde-White. A major shortcoming in Skullduggery is the lame and ineffective make-up used to give the Tropi their strange hairy appearance. Rather than making the actors look like believable hominoids, the stuck-on hair merely makes them look unintentionally comical. and that's just not the right idea. We're meant to feel great sympathy for these creatures, but that's awfully hard when they look so unconvincing. Skullduggery is a failed attempt to tell a story that could have been poignant, philosophical and stimulating. The honourable intentions are there for all to see, but the end result doesn't do them justice. A worthy failure it might be but a failure nonetheless."
tt0068509,"I went to see this movie at our college theater thirty years ago because I liked Bruce Dern in Silent Running and Family Plot. To this day (sorry Jack Nicholson), it is still the dullest movie I've ever seen. It just went on and on with no discernible point and then - it just ended. The lights came up and I watched everyone looking around in confusion. Had the projectionist missed a reel? I've never had the urge to find out. All I remember about the movie is that it was a non-drama about some annoying college basketball players and their coach. The most enjoyable part of the movie was watching the totally mystified audience afterwords. Fortunately, this was just an exception for Jack, Bruce, and Karen Black."
tt0073695,"Sheesh! What a dreadful movie. Dodgy camera work, a script with more corn than Kellogg's, and acting so hammy you could open a pig farm with it. <br /><br />To cap it all, it doesn't know which audience to aim at - we have Cornel Wilde - or is that Corny Wilde? - getting on his soap box about the hazards of smoking any time someone lights a cigarette, dear oh dear, and in another awkward scene we have the baddie, Lobo, forcing his, ahem, if you will, 'male friend' to do a striptease dressed in a bikini. Try explaining that one to the kids...<br /><br />Throw in an overly contrived Treasure Island-cum-Jaws type storyline, and the result is a film so unintentionally funny, it's enjoyable - I shouldn't expect a Special Edition DVD any time soon, though."
tt0076504,Please do not waste +/- 2 hours of your life watching this movie - just don't. Especially if someone is fortunate to be snoozing at the side of you. Damn cheek if you ask me. I waited for something to happen - it never did. I am not one of those people to stop watching a movie part way through. I always have to see it through to the end. What a huge mistake. Do yourself a favour and go and paint a wall and watch it dry - far more entertaining. Please do not waste +/- 2 hours of your life watching this movie - just don't. Especially if someone is fortunate to be snoozing at the side of you. Damn cheek if you ask me. I waited for something to happen - it never did. I am not one of those people to stop watching a movie part way through. I always have to see it through to the end. What a huge mistake. Do yourself a favour and go and paint a wall and watch it dry - far more entertaining.
tt0077921,"It was pointed out in a now deleted post from another IMDb user that anyone who might see ""The Medusa Touch"" should be warned about a scene that's eerily reminiscent of the Sept. 11, 2001 terrorist attacks in NYC. But I hope anyone reading this will consider this warning. Despite an interesting pedigree (producer Elliott Kastner produced ""Harper"" and ""The Long Goodbye""; co-producer Arnon Milchan co-produced the Oscar-nominated ""L.A. Confidential"" and screenwriter John Briley won an Oscar for ""Gandhi"") and an international cast, I found ""The Medusa Touch"" to be a heavy-handed, unintentional laugh riot. It was a poorly directed, horribly written and acted mess. It tried to capitalize on the 70s telekinetic thrillers genre. The movie fails on many counts. Please consider ""Carrie"" and the underrated ""The Fury"" (both directed by Brian DePalma). They were two entertaining and exciting thrillers that dealt with the same subject matter."
tt0079156,"I really do fail to see the actual surplus value of this movie. It's not bad enough to be hilarious. There's no sleaze or gratuitous nudity (although there was plenty of opportunity). There's no gore. There's no suspense in the first hour of the movie 'cause there's way to much scenes of tourist having a party and natives playing funky tribal music. That last part was actually funny on many occasions: You see these natives hitting congas and 'jembés' and that's indeed what you hear (badly synchronized) on the soundtrack. But they also added this funky bass-line on the soundtrack. So, where was the bass-player? At one point the natives get angry and start killing the tourists. Why all of the sudden? It's supposed to be because the evil white men build this tourist complex, which according to their myth awakened the wrath of the river-alligator-god (I actually missed the explanation for that one). But the natives did help for several months to build the tourist complex, so why the sudden angriness? And how in the hell did they manage to push the helicopter in the water??? It's all silly and pointless. This movie also features the skinniest Afro-American model I've ever seen.<br /><br />At one point our heroic leading couple visits this cave where a weird, crazy old man lives. The only point to that scene is that they make the ""shocking"" discovery that the killer-crocodile is actually an alligator. Crocodile or alligator, what's the difference? It's big, it's made out of plastic and it eats people. All the same to me. The alligator is a rather silly creation. It's very stiff & motionless and doesn't even flap its feet when it swims. The eyes don't even move when they're shot in close-up. I guess they didn't know 'animatronics' back then in Italy during 1979. There's also a lot of pointless inter-cut shots of the local wildlife. I suspect it's stock footage.<br /><br />Like, I said, the first hour was pretty lame and the only reason I didn't switch off the movie was because my cat was asleep on my lap and I didn't want to wake the sweet thing. But the last half hour of the movie did get better. We finally get to see some action when the alligator swims through a horde of panicking people snapping its teeth and munching on them. The most entertaining (and at the same time funny) scene is when Alice and Daniel drive a van over a bridge and it collapses. We're looking at a matchbox-version of the van falling in the river here. Funny. But nicely shot. In fact there are several other nice traveling camera-moves. Surprisingly for this type of flick. I was gonna point out some stupid details concerning the end of the movie, but I don't wanna spoil it completely, in case you do decide to watch this movie. My advice is to stay away from it. If you wanna see a decent alligator movie, then see Lewis Teague's ALLIGATOR. I admit, that one isn't Italian and isn't a JAWS rip-off, but it certainly is more fun. And if you're interested in other movies made by director Sergio Martino, then I strongly recommend the highly entertaining 2019: AFTER THE FALL OF NEW YORK. That one's an over-the-top rip-off of every possible existing post-apocalyptic-future-of-doom-movie. ""Italians"" and ""rip-offs"", two words that go together very well."
tt0083146,"I am very surprised to see such a high rating for this film, and of the few reviews that there are to be positive. I saw the movie and was pretty dissapointed. I didn't find it very enjoyable at all. It was slow, and lacks the entertainment value. Even the murder scenes are lackluster, with real close-up shots of generic stabbings that don't look good at all. And the supposed great twist ending is really not much, I did see it coming, and then the ending just seemed cliche. This movie may not get much mention, but by the little that it does get, it is overrated. I would not recommend this movie."
tt0084021,"The tenuous connection between this film and the first Grease is established right at the beginning of the film when Didi Conn one of four cast members repeating their roles approaches young Maxwell Caulfield who is a British exchange student. Although in the previous film Olivia Newton St. John's foreign speech pattern is not explained, it's explained here Caulfield is her cousin. What's Conn still doing in school, I guess she just likes hanging around Rydell High even though now she's a beautician.<br /><br />Caulfield's a smart kid, so of course the hood types led by Adrian Zmed have him labeled as a nerd. And that's especially bad when Zmed's girl friend decides she likes Caulfield. But being a nerd just isn't going to cut it.<br /><br />That's when Caulfield decides to put on a modern day Zorro act. He gets a junked bicycle and puts it back together and teaches himself to ride. He gets himself a leather biker outfit with a set of goggles to hide his face. If getting Michelle Pheiffer is not in the cards, Caulfield won't have any trouble making friends at any gay male leather bar the way he's outfitted.<br /><br />Grease 2 introduced Michelle Pheiffer and Maxwell Caulfield and started them on the successful career paths both have enjoyed. If you saw the first Grease film, a much better film, than you definitely have an idea how this film will turn out.<br /><br />In addition to Conn, Eve Arden, Sid Caesar, and Dody Goodman, all faculty members from the original Grease return in their roles. The music score isn't remotely as good as the songs that come from the original.<br /><br />It's not that Grease 2 is bad, it's just not all that great."
tt0087127,"I don't recall walking out of a movie theater except this once. Not only that, but I was with 7 friends, and we all wanted to go. An uninteresting plot, characters made of clay, violence with no point. I didn't care when the good guys died; I didn't care when the bad guys got it. The fantasy and magic was laid on thick as liver pudding and there was no coherency. In short, fine entertainment if you happen to be spending an eternity in Hell."
tt0088224,"i didn't enjoy this movie at all.for one,i just found it crude and vulgar,for no reason.i also felt it's misogynistic(against women.)also,the movie really doesn't appear to be about anything,and i didn't find any of the characters likable.really,the there doesn't seem to be any point to it all.maybe i'm missing something,but for me,this movie is pretty much a waste of time,when i could have been doing something more productive and enjoyable.like using my face as a pin cushion.James garner is in this thing,as are C.Thomas Howell and Shirley Jones,and James Cromwell.all are wasted here,and i'm sure this was a low point in each of their respective careers.Jennilee Harrison(from the later years of Three's Company)is also in the movie,and it is nice to see her in a non ditsy role.but other than that,she can't rise above the mediocre script.for me,Tank is a 3/10"
tt0088729,"Pretty awful but watchable and entertaining. It's the same old story (if you've lived through the 80s). Vietnam vets fight together as buddies against injustice back in the States. A-Team meets Death Wish, my favorite!<br /><br />Time goes on, the soldiers go home, and years later a friend is in trouble. No, wait -- in fact, the friend is dead and it is his dad that's in trouble. Our first hero, Joey, is killed by an exceedingly horrifying (super pointy) meat tenderizer as he tries to defend his father's small store from the local ""protection"" gang despite being wheelchair bound from the war. Desperate for help, the father talks to Sarge, the leader of Joey's old unit from Vietnam, when Sarge shows up for the funeral.<br /><br />Well, the squeaky wheel gets the grease, and the old gang saddles up for the city. You can pretty much imagine most of the rest of the movie.<br /><br />The one thing that drove me crazy is that Sarge keeps haranguing his men about planning, and about how they're really good at what they do when they plan ahead. But Joey wouldn't have been put in a wheelchair by a gunshot in Vietnam in the first place if the unit hadn't been messing around! Then when things are going really well in the city as they battle the gangs, they do it again. For no reason at all, they completely bypass their plan and try to nail the gang without everyone being present. Phh!!!! I raise my hands in disgust. Foolishness!<br /><br />There is also a suspicious moment when all present members of the unit make sure to try out the heroin they snatch from the gang to make sure it's real. EVERY single one of them. Hmm....<br /><br />What are you going to do? Keep watching, I guess. The movie isn't too horrible to watch, but it IS a tease. There are all these climactic moments when nothing actually winds up happening. The most dramatic things that happen are those at the beginning of the movie -- the explosives in Vietnam, Joey's death battle, and the gang brutally kicking an innocent teddy bear aside (poor Teddy!).<br /><br />I guess my main beef with this movie is that I feel let down by it. Even the confusing subplots with ""mystery helpers"" and their bizarrely cross-purpose motives wasn't enough to save it at the end. But someday maybe it'll all come right and they'll make a sequel. Ha ha ha ha!!!"
tt0089880,"By rights, there should never have been a ""First Blood Part II"". The original script for ""First Blood"" had John Rambo committing suicide at the end of the film, but this was changed to allow him to live, not because the producers wanted to make a sequel but because test audiences found the original ending too depressing. Nevertheless, someone obviously thought that the character was too good to waste, because he ended up as the hero of two more films in the eighties, plus the recently released fourth instalment.<br /><br />The official title of this film was ""Rambo: First Blood Part II"", but it is more commonly known simply as ""Rambo"". It starts with the title character in jail, where he is presumably expiating the crimes he committed in ""First Blood"", although this is never made too explicit. He is removed from prison by his former commanding officer, Colonel Trautman, for a secret mission. Rambo is to return to Vietnam to investigate reports that American POWs are still being held captive by the Communist regime. He is under strict instructions not to attempt to rescue any prisoners or to engage the enemy; his is to be simply a fact-finding mission.<br /><br />What Rambo does not realise is that he is being set up, not by Trautman, who is portrayed as brave, honourable and incorruptible, but by the organiser of the mission, a military bureaucrat named Murdock. Murdock intends that the mission will prove that there are no American prisoners in Vietnam, partly because that will improve relationships between the American and Vietnamese governments, partly because it will make his own life easier. Unfortunately for Murdock, Rambo discovers that not only are Americans still being held prisoner, they are also being kept in hellish conditions. Of course, he is far too much of a hero to leave them to their fate, and tries to rescue them. The rest of the film is more or less one long battle between Rambo and a few allies (including a beautiful Vietnamese girl) and the evil commie soldiers and their Russian allies. Most of the evil commies, of course, end up dead, although I was surprised to learn from your ""trivia"" section that the total death toll was as low as 67. At times it seemed as though Rambo was trying to wipe out the entire Vietnamese army.<br /><br />The tone of this film is very different from the first. In ""First Blood"" Rambo was unquestionably a criminal, even though his responsibility for his crimes was lessened by severe provocation and by his mental instability. In ""Rambo"" he is a bona fide all-American hero. A few years earlier the director, George Pan Cosmatos, had made ""The Cassandra Crossing"", a biased piece of left-wing anti-American propaganda. Cosmatos, however, was nothing if not versatile, and ""Rambo"" proves that he could also turn his hand to biased right-wing pro-American propaganda. The one thing the two films have in common is that both are laughably bad.<br /><br />""First Blood"" had its faults, but it also had its virtues. Its stance, that the anti-war movement was partly to blame for the problems faced by Vietnam vets in readjusting to civilian life, was a controversial one, but at least the film was trying to make a statement about war, social attitudes to war, and the roots of violence in society. ""Rambo"", by contrast, has very few virtues, except that the action sequences are well enough done to please those who like that sort of thing. It is essentially a sort of jingoistic revenge fantasy for those Americans who were still sore about the Vietnam war. Rambo re-fights the war single-handed, and this time the right side wins. Take that, Charlie Cong! <br /><br />By this point, no doubt, the film's admirers (and there seem to be plenty- more than 2,000 voters have already given it ten stars) will have concluded that I am a liberal commie-loving pinko. Far from it- in fact, I have always despised Communism as a pernicious ideology. What I dislike about the film is not its politics but its lack of subtlety and its suggestion that the solution to all problems, including ideological disputes, is to go in with all guns blazing and to try and kill as many people as possible. It makes no attempt to understand the political complexities of South-East Asia or why not everyone in the region was pro-American. For all its anti-Communism, the film is the sort of moronic sledgehammer propaganda that the Communists were very good at churning out themselves- except that they attributed all the world's problems to Capitalism, or Imperialism, or Revisionism, or whatever other ism they had taken a dislike to. Compared to ""Rambo"", ""The Green Berets"" was a masterly piece of political analysis. 3/10"
tt0091631,"Nightmare Weekend is proof positive that some people are so desperate to be 'in the movies' they are prepared to do almost anything.<br /><br />I'm not referring to the countless women who seem quite happy to appear completely starkers in this dreadful piece of trash (after all, the naked female form is a beautiful thing and nothing to be ashamed of). No...I'm talking about those who are more than willing to co-star with a badly made hand-puppet called George. Now that is embarrassing!!!<br /><br />A bio-electronic being created by brilliant scientist Edward Brake (Wellington Meffert), George (who looks like a demented felt clown with green wool for hair) is the artificially intelligent interface for an advanced computer system that operates a revolutionary device (a silver sphere about the size of a golf ball) that, when ingested, can reverse character disorders.<br /><br />Edward's personality altering experiments have been successful on lab animals, but the cautious scientist is reluctant to carry out tests on human subjects, fearing that there may still be side effects. His evil assistant Julie (Debbie Laster), however, has no such qualms, and proceeds to use three beautiful young women as guinea pigs. Inevitably, they all turn into hideous killer mutants.<br /><br />With bargain basement special effects, a cast totally devoid of talent, and a plot that is almost impossible to follow (I took notes as I watched the film, and even then I am not entirely convinced that my synopsis is accurate), Nightmare Weekend is a complete and utter disaster that not even several soft-core sex scenes and a touch of gore can rescue.<br /><br />This film also features one of the most irritating characters I have ever seen in a horror movie: Tony (Bruce Morton), a Walkman wearing idiot who bops away to crap 80s music in a manner that makes me look like Justin Timberlake in comparison."
tt0091859,"I can just about understand why some people might wish to stress this film's link with the Eighties but I really wouldn't say it's an accurate depiction of most peoples' lives in that era - even on the poorest Bradford estates. It is however typical of the blunt agitprop rubbish the dear old Royal Court Theatre was churning out at that time. Plenty of 'right-on' artistry for small, small audiences but enough well-connected backslapping to ensure future commissions for turgid playrights. IThe simple fact is that if you want to reflect upon truer common experience you'll find millions more nodding in knowing agreement to love and live as depicted in 'Gregory's Girl'. <br /><br />I would be tempted to call this a 'kitchen sink' drama but that would be doing a great disservice to the plumbing industry. However, as far as having a decent script is concerned, this film is indeed all washed up. For some reason it has accrued an odd following amongst Guardian reading film-goers - I can only assume they get a visual frisson out of pretending to slum it. Steer clear my friends. It is a poor film with a poor script that likes to think it is breaking boundaries by adding humorous insights into grim life on the estates. it isn't..but it is grim. Do the washing up instead."
tt0094813,"There is only one use for a film such as Bulletproof: it reminds you just how bad bad can be. We often see films which we describe as ""pretty awful"" or ""not much good"", but then you come across a film like this and you can see that although all those other films aren't ""good"" they are no way as stinkingly bad as Bulletproof. This was a birthday gift from someone who spent less than two seconds rummaging thru' the DVD bargain bin at our local superstore to fulfil an obligation (i.e. to give me a present). It could have been a serendipitous find but it wasn't: this is so utterly clichéd, so badly written, so poorly directed, so badly acted that I'm surprised everyone involved hasn't been arrested and sent down for 10 years. God, it's awful. I suspected as much from about 30 seconds in, but carried on because sometimes - sometimes - bad films are so bad they can be enjoyable. This isn't one of them. It is simply bad. I stopped watching after 45 minutes, and tomorrow I shall throw it in the bin."
tt0096073,"The movie confuses religious ethics and ideals so much that it fails to create coherent argument against the death penalty on any level. By presenting the lawful execution of a convicted murder as the catalyst for the apocalyptic end of mankind the movie elevates a parent killer to the status of martyr for Christ. Somehow, according to the plot, god is outraged that society has chosen to rid it's self of a fanatic who killed his own parents by starting them on fire while they slept defenselessly in their beds. Yet this same god has no indignation for the acts of the killer. The lead character, an nonreligious pregnant suicidal woman, ultimately gives her own life in a defiant but implausible attempt to unsuccessfully save this convicted killer. In other threads of the underdeveloped plot Jesus comes back as a powerless and frustrated vagabond to symbolically unleash the wrath of God. The modern lackluster incarnation of Christ not just dehumanizes him but mocks the messianic ideal of all religions as well. He is unable to affect humanity for good and unemotionally skates the edges of life waiting for mankind to destroy it's self. Meanwhile, with little help from Jesus the mentally unstable pregnant woman finds herself with the ability to reincarnate herself into her newly born soulless child which somehow saves all of mankind from the wrath of the almighty. I also interpreted that as a statement in support of abortion on some levels. This movie which attempts to weave many religious themes into a thriller fails to make any religious point that I could clearly interpret except to mock people's beliefs. It raises many questions that it never even attempts to answer. It disregards the religious values of its audience while attempting to portray an asinine version of their fulfillment. Silly"
tt0096453,"There are many different versions of this one floating around, so make sure you can locate one of the unrated copies, otherwise some gore and one scene of nudity might be missing. Some versions also omit most of the opening sequence and other bits here and there. The cut I saw has the on-screen title WITCHCRAFT: EVIL ENCOUNTERS and was released by Shriek Show, who maintain the original US release title WITCHERY for the DVD release. It's a nice-looking print and seems to have all of the footage, but has some cropping/aspect ratio issues. In Italy, it was released as LA CASA 4 (WITCHCRAFT). The first two LA CASA releases were actually the first two EVIL DEAD films (retitled) and the third LA CASA was another film by the same production company (Filmirage), which is best known here in America as GHOSTHOUSE. To make matters even more confusing, WITCHERY was also released elsewhere as GHOSTHOUSE 2. Except in Germany, where GHOSTHOUSE 2 is actually THE OGRE: DEMONS 3. OK, I better just shut up now. I'm starting to confuse myself!<br /><br />Regardless of the title, this is a very hit-or-miss horror effort. Some of it is good, some of it isn't. I actually was into this film for the first half or so, but toward the end it became a senseless mess. A large, vacant hotel located on an island about 50 miles from Boston is the setting, as various people get picked off one-by-one by a German- speaking witch (Hildegard Knef). Photographer Gary (David Hasselhoff), who wants to capture ""Witch Light,"" and his virginal writer girlfriend (Leslie Cumming), who is studying witchcraft, are shacking up at the hotel without permission. Along comes real estate agent Jerry (Rick Farnsworth), who's showing off the property to potential buyers Rose (Annie Ross) and Freddie (Robert Champagne) Brooks. Also tagging along are their children; pregnant grown daughter Jane (Linda Blair) and very young son Tommy (Michael Manchester), as well as oversexed architect Linda Sullivan (Catherine Hickland - Hasselhoff's wife at the time). Once everyone is inside, their boat driver is killed (hung) and the boat disappears, so they find themselves trapped and basically at the mercy of the ""Lady in Black.""<br /><br />So what can you expect to find here? Plenty of unpleasantries! One of the characters has their lips sewn shut and is then hung upside down in the fireplace and accidentally slow-roasted by the rest of the cast. There's also a crucifixion, witches eating a dead baby, a swordfish through the head, someone set on fire, a possession, a Sesame Street tape recorder, the virgin getting raped by some demon, a guys veins bulging and exploding thanks to voodoo doll pokes and some other stuff. From a technical standpoint, it's a nice-looking film with pretty good cinematography, a decent score and good gore effects. The hotel/island setting is also pretty nice. Blair (particularly at the end) and Ross both seem like they're having fun and Knef is great as the evil witch. Even though people like to ridicule Hasselhoff these days, he's not bad in his role, either.<br /><br />On the down side, despite all the gore, the film seems somewhat dull and it gets monotonous after about an hour. The supernatural themes are muddled and confusing, too. When characters are being swept into the witches lair to be tortured and killed, the filmmakers unwisely decided to superimpose the screaming actors over some silly looking red spiral vortex effect that looks supremely cheesy. And the witch lair itself is vacant and cheaply designed with unfinished lumber. And while most of the cast is at least decent, a few of the performances (particularly the ""actress"" who plays Hasselhoff's girlfriend and the kid) are so bad they're constantly distracting."
tt0096870,"This movie was so bad I couldn't sit through it without doing something else. There was no plot and no point. I was thoroughly bored and for a film about a stand up comedian, I couldn't recall one joke or funny line worthy of the description. Politicians with no charisma speaking technical jargon could not be less entertaining.<br /><br />So how was this made? Is there no quality control in film? Watching the girls in bikinis was the only distraction during this horrible experience.<br /><br />It's hard to imagine that Adam Sandler who has become popular and has appeared in fine comedies was able to survive after this kind of exposure. He was not funny in the least in this movie so it proves that the writing is so vital in effective comedy."
tt0099173,"I felt brain dead, I'll tell you. This is the worst film I have ever bought. (in my ignorance I thought this was the Peter Jackson film of the same name). The performances are so terrible they are laughable. The special effects have not stood the test of time and look dire. The script promotes that kind of TV movie, stare into the middle distance kind of acting. The cast look as if they have been taking lessons from Joey Tribbiani, they have one look each, and stick to it. Plus I have never been confused by a movie until I sat down to watch this. The is it a dream or no plot is so terrible that frustration sets in within a few minutes. Avoid like a plague."
tt0099260,"I actually saw China O'Brien II before I ever saw the original China O'Brien. And I have to say that the first incarnation is actually worse. But: worse = funnier! And funnier = better. If you're a bad movie fan like I am, this is great material. If, however, you are looking for any sort of meaningful plot, acting ability, or movie-making skill, this is best avoided. The best part is how they filmed all the fighting sequences in stuttering fast-forward. Hilariously bad. See it for a laugh, see it for mindless entertainment, but whatever you do, see it for free on TV."
tt0099742,"A woman's nightmares fuel her fear of being buried alive.The cheating husband wants her dead and decides to make good use of her phobia by sticking her in a coffin and leaving her in the basement.Of course B-horror movie queen Brinke Stevens transforms into hideous ghostly creature.The only reason to see this amateurish junk flick is Michael Berryman in a really small cameo and two sex scenes with Delia Sheppard.And the last twenty minutes of Brinke's bloody rampage are quite fun to watch.The special effects for example laughable decapitated head are truly awful.Better watch ""Scalps"" or ""Alien Dead"" again.Of course I ain't expecting classy entertainment from Fred Olen Ray,but ""Haunting Fear"" is too dull to be enjoyable."
tt0101368,"A young scientist is trying to carry on his dead father's work on limb regeneration.His overbearing mother has convinced him that he murdered his own father and is monitoring his progress for her own evil purposes.A young doctor uses reptilian DNA he extracts from a large creature and when his arm is conveniently ripped off a few minutes later,he injects himself with his formula and grows a new murderous arm...Admittedly the special effects in ""Severed Ties"" are pretty good and grotesque,but the rest of the film is awful.The severed arm is behaving like a snake and kills few people.Big deal.The acting is mediocre and the climax is silly.3 out of 10."
tt0102800,"Title: Robot Jox (1990) <br /><br />Director: Stuart Gordon <br /><br />Cast: Gary Graham, Anne Marie Johnson, Paul Koslo <br /><br />Review: Stuart Gordon who we usually associate with extremely gory horror films such as Re-Animator, From Beyond, Dagon and Castle Freak, took a small detour here and did a little sci-fi flick. I stress the word ""little"" since this is a very low budget flick, and there in lies its main weakness.<br /><br />The story takes place in the future. A world in which the great superpowers (that according to this movie are the United States and Russia) duke out their differences not by going on a full blown world war...but by fighting gladiator style battles with gigantic robots. Our hero Achilles must go up against the evil Russian robot fighter called Alexander. Lots of cheap stop motion animation ensues.<br /><br />Well, the idea is awesome I guess. The great nations settleling territorial disputes with giant robots? Interesting premise and one that could have been handled properly if the proper budget had been available. Unfortunately what could have been a fun movie ends up being an embarrassment for an otherwise great director.<br /><br />I as a kid loved this movie, and I guess if you want any enjoyment out of this movie, you'll have to revert back to little kid mode to have some fun with it. I showed this film to some of my friends and as the movie progressed my friends where like ""what the hell is this piece of crap franco?"" And I'm like well this movie is a sci-fi by one of my favorite directors Stuart Gordon?"" But as the movie progressed into corny territory I almost felt like pressing stop and not having them go through that torture. I could go through it, cause I loved this film as a kid, and there's still a little nostalgia attached to watching it. But everyone else was just not going to get it.<br /><br />And I myself realized that the movie isn't really that good. First off. The movie is about giant robots kicking the hell out of each other. And in order to achieve this in a credible fashion you'd have to use some damn good special effects to make it work, expensive effects that would help us the audience suspend disbelief. But unfortunately this being a small scale movie, from a small scale company (Empire Pictures, which went bankrupt after making this film!)the effects only help us giggle and laugh at them. Heck even the sets and some of the wardrobe looks unfinished or half assed.<br /><br />OK granted, once you accept that you are watching a mixture of moderate stop animation and miniatures well you can sort of give in to the film and even enjoy the big robots kicking the hell out of each other. There are certain scenes when the robots are fighting that are kinda cool, and made me go ""thats why I liked thid movie!"" But every know and them, some crappy effect will take you right out of that protective little cocoon you were trying to hide in. And boom, your right back into realizing this film just doesn't live up to its premise.<br /><br />And heres another thing that sort of bothered me a bit about the movie. This movie is basically a movie for kids. You know, giant robots duking it out? Stop motion animation? Hello? But this movies dialogue had a lot of sexual innuendos and the violence gets a little bloody. So I kept asking myself is this a kids movie or not? After a while I just came to the conclusion that basically this was a kids movie with adult sensibilities, which really isn't a good mix.<br /><br />So for those of you who don't feel that certain naive childlike charm of watching two robots fighting each other and if you don't have a nostalgic connection to this movie (like I do) well Id suggest you steer clear away from this one. Gordons a great director, but this movie he made, just didn't do it for me. Well, at least not now that I'm a full grown adult.<br /><br />Rating: 2 out of 5"
tt0105410,"Warped take on the Pinocchio theme, and set during the Christmas season(..after the previous entry abandoned ties to Christmas) has booby-trapped toys sent to murder a child(..yet through this, other victims are accidentally harmed in the process)perhaps by a toy maker's ""son"". Screaming Mad George was responsible for the killer toys(..including a larvae which enters a victim's mouth and out his eye, another where soldier toys actually shoot real bullets at a babysitter after her boyfriend was practically strangled by a severed hand toy, operating from a remote control). The little target is a mute child named Derek(William Thorne)whose stepdad was murdered by a red ball with extending arms that ensnare his face, causing him to land on a fireplace poker. Mother Sarah(Jane Higginson)worries about her son's mental state, figuring his reluctance towards opening presents or, more importantly, talking, derives from watching her husband's horrific murder. Derek's real father, Noah(Tracy Fraim)fears for his son't safety, and informs, reluctantly, his ex-girlfriend Sarah that the local toymaker, Joe Petto(Mickey Rooney)once was arrested for setting traps in toys to harm kids due to the loss of an unborn child when his wife was killed in a car crash..kind of a retaliation in saying that if he couldn't have a son, then others shouldn't either. Still quite a heavy drinker(..often seen swigging Jack), Petto seems to have set aside his feelings towards kids, but his creepy son Pino(Brian Bremer)hasn't and Derek he harbors angst towards. Why? You'll soon understand.<br /><br />Pretty disappointing special effects and rather goofy premise. Rooney's name adds an allure to the film, gaining it a notoriety, but his histrionics can only help so much. Attractive lead actress Higginson(Slaughterhouse)and Fraim as the man who re-enters her life aren't so bad, but the lame plot that develops is hard to take seriously. I'm guessing that's the point, but Rooney has no reason to be in such a film as this..he has no room to bring any personality to his toymaker other than rage and desperation, quite volatile, barely holding himself together as he explodes in anger towards Pino, when not downing liquor. Bremer is appropriately weird and ""robotic"" as Pino, longing to have Sarah as his mama. The practical effects used during the attacks on victims are rather unconvincing..Screaming Mad George's work with Savage Steve Holland was far more effective than what we see in this film. The sex everyone talks about isn't as gratuitous as many would have you believe(..I can't even recall any nudity). Probably the best of the numerous sequels greenlighted, but that's not exactly an endorsement. I'm pretty sure written on paper, this was an entertaining concept, the idea of spoofing Pinocchio using horror elements, but the result doesn't exactly blow you away."
tt0105428,"This film has its share of negative comments and I have to agree with those who consider it one of the worst movies ever made. True, most of the films based on the works of King are pretty bad, but this one goes beyond bad into the realm of horrible. There is not one scary moment in it unless you consider stupidity scary. It is typical King garbage -- myths twisted around that made no sense in the first place, mixed with obvious and belabored so-called ""scares"" that are about as shocking as PeeWee's Playhouse (which, at least, is entertaining). It is full of ridiculous moments, not the least of which is Alice Krige's character. When she goes on a rampage and starts quipping like the villain in an old Batman TV show, it is so absurd as to be sickening. All the people who had cameos in this (including John Landis)are lucky they still have careers. But the most absurd part has to be the cat costumes towards the end, which look like cheap rubber outfits someone bought at K-mart. The best part of the movie is the appearance of some real cats who actually out-act the people in the movie."
tt0105699,"This is another typical unbelievable and non-sensical piece of Hollywood dreck.<br /><br />Kurt Russell, as Snake Pliskin in a business suit, convinces me he was a better 2nd baseman. Ray Liotta as the psychotic cop is totally predictable and absurd. Madeline Stowe is her usual cardboard self, and does little to be a convincing victim.<br /><br />Every scene in this persiflage is absolutely predictable all the way to the end when Kurt clouts Ray with a vase or something, knocking him down and out. Kurt and Madeline then do their obligatory end-of-the-movie embrace, and EVERYBODY--- except Russell and Stowe, KNOWS Liotta is going to get back up and menace the couple again.<br /><br />He does, of course, and Russell drills him 10 times with his 9mm, which was ENTIRELY unnecessary. This movie could just as well ended with the bludgeoning scene--- EXCEPT Hollywood dotes on unnecessary violence, and the more they can add, or ""enhance"", the more slobbery they get."
tt0113305,"MINOR SPOILERS!<br /><br />Well i just sat up late and watched this film, mainly because i enjoyed and rated some of Singleton's earlier work like ""Boyz n the hood"". However, i have to say this was a major disappointment and is everything i hate about contrived, clichéd, so-called ""message"" movies. <br /><br />The acting is mainly poor,(pop stars and models do NOT necessarily make good actors...take note), the situations hard to swallow, (rape victim becomes overnight lesbian?...please!), but worst of all it reinforces every screwed up stereotype you can think of. By the second half of the film it has become cartoon like in its characterisation, making you lose any shred of empathy you may have had for its one-dimensional players.<br /><br />Not once is any valid point made about the inherent causes of racism and cultural, sexual and political ignorance. As a result it merely ends up sensationalising the results of these problems. It's message is contradictory, resulting in a sense of confusion and a general lack of plot cohesion. As for the films conclusion i found it predictable, embarrassing, exploitative and mildly offensive. For a film called ""Higher Learning"" i have to say all i learned is to avoid seeing this ever again.<br /><br />If you want a true comment on some of the themes that this film completely fails to elaborate upon then go hire ""American History X""....unless you were just watching it for Tyra Banks then go hire a life."
tt0114057,"Working with one of the best Shakespeare sources, this film manages to be creditable to it's source, whilst still appealing to a wider audience.<br /><br />Branagh steals the film from under Fishburne's nose, and there's a talented cast on good form."
tt0117283,"Gwyneth Paltrow is absolutely great in this movie, but the story is, unfortunately, half-baked, and David Schwimmer's energy is sort of like cold mush. When he closes his mouth and gets serious for a moment or two there is a rush of what-might-have-been. Who thought 25-year-old kiddies would be entertaining?"
tt0117894,"You'll notice that the chemist, who appears in two scenes and gets to speak, is played by Stephen King. ""Don't give up your day job"" is the standard thing to say, but that's not fair. King acquits himself reasonably well: he's no worse than any other member of the cast, and better than most. The story, on the other hand, is pure rubbish. Please, give up your day job.<br /><br />Never have I seen so many dreadful performances - of which the lead actor's (the LEAD ACTOR'S!) is probably the worst - gathered together in the one film. Everyone acts hammily, but not in any entertaining way; they all somehow manage to go over-the-top without expending, or manifesting, energy. I blame screenwriter/director Tom Holland. It can't be that ALL the actors are REALLY this bad. What are the odds against that? Admittedly, I've never heard of any of them before, but still, I don't think I could walk into a talent agency and walk out with this many bad performers if I tried: ONE actor, despite my best efforts, would turn out to have talent. So what's more likely - that Tom Holland rolled a dozen consecutive snake-eyes, or that he wrote a lousy script and then directed it poorly? That would also explain why actors are bad in direct proportion to their prominence in the script. The more direction an actor got, the worse he performed. (""You want me to bend over like a hunchback, talk from the back of my throat, show all my teeth, and look bored, all at the same time? Okay..."")<br /><br />This theory is confirmed by the fact that Holland undeniably managed to co-write a lousy script. Several writers here have commented on the fact that Billy Halleck is not a likeable character, but that's a misleading way of putting it. He's not a knowable character. All we find out about him before the supernatural stuff starts happening is that he's fat, and that all he can think about is food. (""All I can think about is food,"" he tells us, helpfully.) And in the end...<br /><br />(Sigh) I suppose I ought insert a spoiler warning here...<br /><br />In the end he becomes evil. Why? I can only shrug. Perhaps he's under some kind of enchantment. Yeah, that's probably it. By ""evil"" perhaps I mean ""inexplicable"" - it's not so much badness as a socially undesirable suspension of ordinary means-end psychology. Anyway, his actions at the end make no sense, nobody's actions make much sense, and this is despite the fact that the characters do little but explain their motivation for the benefit of the audience.<br /><br />By the way, here's my nominee for hammiest line/delivery: ""I don't think you'd like it. IN FACT..."" [big dramatic pause] ""...I don't think you'd like it at all."""
tt0118882,"I haven't seen anything this bad since I walked out of the James Bond movie ""Moonraker"" twenty years ago. I managed to sit through the entirety of this one only because of Tilda Swinton, but there was nothing she could do to save this beast.<br /><br />As a cross between ""Pi"", ""Orlando"", and ""Tron"", this movie failed miserably in every aspect of moviemaking. The characters were cardboard and unable to evoke any kind of sympathy. The plot was wholly unbelievable. The acting was, with the exception of Swinton, amateur. The computer graphics were worse than in ""Tron."" Timothy Leary was extremely annoying. I could go on, but what's the point.<br /><br />The only good thing I can say about this film is that Tilda Swinton was in it. I have no idea why an actress of her caliber consented to appear in such a dud, but she most likely regrets it now.<br /><br />Don't waste your money or your time on this stinker. There's nothing worth seeing here."
tt0119196,"I think I've seen all of the Grisham movies now and generally they're all very poor, except for The Rainmaker, but this one is so bad it's unbelievable<br /><br />WARNING SPOILERISH<br /><br />It's one of those movies where the character does the stupid irrational things that no one would ever do. He's a lawyer for Christ's sake. Why when his children go missing does he not call the Police. Oh yes it's because all the Police hate lawyers so they're just ignore him and let him be attacked.<br /><br />When he's arrested for murder they just let him go free, he would be locked up in a cell pending a bail hearing. <br /><br />Why would you drag your kids halfway across the country when you could easily protect them at home.<br /><br />The Police don't bother to try and find an escaped mental patient, they don't bother to interview his daughter.<br /><br />As for the ridiculous ending.<br /><br />In summary, silly, very unrealistic and a complete waste of time.<br /><br />0/10  One of the worst films ever made."
tt0119303,"Home Alone 3 is one of my least favourite movies. It's the cream of the crop, or s*** if you tend to be more cynical, as it ranks up (or down) there with stuff like Battlefield Earth and Flinstones: Viva Rock Vegas. In fact, it could even be worse than those two, since those two at least intermittently made me laugh at their stupidity. This just made me cringe in pain constantly and clap when the credits started rolling. No other movie has made me cringe in pain. Now I will point out exactly why this movie is so incredibly atrocious.<br /><br />First off, the plot is ridiculous. It revolves around a chip in a remote control car (?!) that is misplaced and how these terrorists want it. Dumb stuff.<br /><br />The action that ensues is similar to that of the other two Home Alones, with boobytraps and all, but watching these boobytraps being executed is, rather than being funny, incredibly unpleasant to watch. I didn't laugh (or even so much as smile) once, rather, I cringed constantly and hoped that the terrorists would nail the kid. The bird, rather than providing comic relief, was unfunny and annoying.<br /><br />The acting, as done by a bunch of no names, ranges from poor to atrocious. There is not a single good performance here. Alex D.Linz is absolutely unlikeable and unfunny as the kid, while the terrorists act (and judging by their movie credits, look) as they've been hastily picked off the street...and well, that's it.<br /><br />I can see some people saying: ""Man, it's for the kids. Don't dis it, man."" Well MAN, kids may like this, but they can get a hell of a lot better. See Monsters Inc. and Toy Story before even considering getting this out. Hell, even Scooby Doo and Garfield (which suck - see those reviews for more) are better than this! <br /><br />So in short, this is an irredeemably atrocious movie. This was clearly recycled for the money, as it almost completely rips off the first two; the only thing is, it completely insults the first two as well. No human, kid or otherwise, should find any reason to see Home Alone 3. Ever. It's THAT bad.<br /><br />0/5 stars"
tt0119310,"Yes, talk about bad sequels. Rick Moranis stars in this awful third sequel to the once-funny-and-entertaining ""Honey I Shrunk the Kids"". The concept basically plays the same way as the first film, but with the adults instead of the kids being shrunk and the inner house instead of the garden as the universe to explore. If you think this sounds interesting, think again. The movie is boring at best, right down an embarrassment at worst.<br /><br />First of all, the continuity of the series has been completely flushed down the toilet. The only remaining actor of the first movie is apparently Rick Moranis. The actress playing his wife has changed, the actors playing the kids have changed, the ones playing the neighbors have changed... you name it. They try to make us believe this is the same family, but the results are puzzling to say the least.<br /><br />Second, the story is a rehash of the first one, with not one bit of originality. All the few jokes (and there's barely any) and the dangerous situations presented in the movie are just copied straight from ""Honey I Shrunk the Kids"".<br /><br />Third problem, the special effects. I'm sure this has been done on a smaller budget, but they are pathetic, way way worse than the ones appearing in the rest of the series. You're supposed to admire in awe these tiny figures exploring the huge domestic area, but you'll probably end up cringing most of the time.<br /><br />Fourth problem, to locate the action inside the house is just boring. Only few things happen, and when they happen, they are not thrilling at all. The first movie was amusing because the kids were dealing with nature, the grass, and the bugs that live in it. In this one, the adults (which come up as rather boring, compared to the kids) deal with dust, a cockroach and a cockroach trap. Disgusting.<br /><br />I don't know why the idea of releasing such a trite sequel to the already moribund series appealed Disney's executives, except maybe because they needed to cash in without spending five minutes thinking about something new. I'm warning you: leave this tasteless cash-in garbage where it should stay: getting dust on the shop's shelves."
tt0119700,"I watched this movie last night and already I am struggling to recollect very much about it. The story is about a group of criminals who escape from a space penal colony. They fly to the Moon in a space-age dustbin carrier; when there, they terrorise the dustbin men who work on the Moonbase.<br /><br />It strikes me that rubbish low-budget sci-fi films often involve either desert planets or, like this movie, criminals escaping from penal colonies. Why this is I have no idea. But I can say with some certainty that such films are always diabolical. This one is really no exception. It begins reasonably well with a decent credit sequence and a half-way alright dance music soundtrack. It then degenerates into a boring sci-fi thriller. So little of consequence actually happens in this movie that I am literally struggling to write a helpful review, so if you're reading this I apologise for not being able to enlighten you to the film's subtleties and nuances. For the record, I recall a tedious bunch of baddies, a tedious bunch of goodies, some nuclear warheads and a hologram of a naked woman. Other than that, I'm struggling.<br /><br />If you feel you could be interested in the activities of lunar dustbin men then I would not hesitate to recommend this film. I would also recommend it to those of you who wish to send their friends to sleep and steal their wallets."
tt0120247,"This film was bad. Bad acting, bad directing, bad writing. But it wasn't bad in a funny way. It was bad in a boring way. I watched ""Surface to Air"" because I thought it might be a laugh. It wasn't. Don't make the mistake I did. There are plenty of more enjoyable ways to spend an hour and a half such as watching paint dry or reading the dictionary. Seriously."
tt0120620,"I had been looking forward to seeing this film for a long time, after seeing ""Return to Paradise,"" which I found to be gritty. I was so disappointed. The most realistic thing about it was the unpredictable ending which I think was partly stolen from ""Return to Paradise."" <br /><br />Maybe I was expecting too much. <br /><br />On the positive side Danes, Beckinsale and Pullman were fantastic in their roles. Although I didnt like Danes's character and first and found her very annoying. <br /><br />I couldnt see anything realistic about the film. It could of been done so much better, for example there could of been more emphasis on the prison conditions and the sheer horror. It was too cheery a movie to be realistic. There could also of been more action and tension<br /><br />The best thing about this film is the ""tragic"" ending. I couldnt of predicted that. But by that time I really didnt care what happened to them.<br /><br />3/10"
tt0125430,"Connie Hoffman is very pretty and is attractively topless at times.<br /><br />That's it, folks. The sole reason for even considering whether to watch this film or not.<br /><br />These 70s sexploitation period pieces are sometimes entertaining by virtue of their very datedness (flared trousers, big hair, Zapata moustaches etc.). This one isn't.<br /><br />The script is bad, the acting is bad, the direction is bad, and the idea of having a senior citizen romantic leading man is exceptionally bad.<br /><br />The title, hinting at a sex comedy, is grossly misleading.<br /><br />I heartily recommend avoiding this one like the plague."
tt0138322,"From the first time I saw the box cover of the movie and the stretched out photography I thought this guy, this friend of the 'Scwarz' must be like 6 foot or 6ft 2in. <br /><br />Not 5 feet tall. Not that, it's his fault. <br /><br />At any rating, I turned on the movie one cool night in Tucson, out on the second story-deck with a good cigar and let it roll. At that time my wife was having an affair and things were going down hill for me, so I needed a good diversion. But, as bad as the movie was...I totally enjoyed it, with a bottle of Merlot too, I might admit. <br /><br />Truly, I have watched this movie many times. It always makes me feel good!! It's not that it 'tries too hard' to be cool or that 'It's so close' to hitting the mark for an action film....It's frantic. And then truly clueless. Then frantic again. It's the best of the best when it comes to a slow speed chase scene. Wow!! I never felt safer in my life. Warm and happy too. I was thankful that they conserved on the gasoline during the chase, due to less production in the summer months...anywho <br /><br />The direction was 'uninspired' the action and fight sequences needed to be choreographed, or re-choreographed and tightened up, the sound was off the delivery didn't hit you, it just kept on going, the other way. The 'locals' of that village that they were in, the town rather, were 'Off cue' they also did not seem to follow what was happening very well, the would look and even 'stare' into the camera lens. Like a deer in the head lights kind of thing only some of them with a smile, a smiling deer. <br /><br />I feel bad because 'Columbu' I just bet has a good heart and a caring spirit for people in America as well as for his own countrymen. <br /><br />However ""Baretta's Island"" is very lethargic and unbelievable. Even still I like it a lot. My now x-wife hates it, but I love it! <br /><br />The funny thing is, I am pretty discriminating when it comes to movies I like or even 'love'. All in all, I like Franco. So there it is. <br /><br />As a movie adding addendum to this if you like killing a few hours with truly fun to watch, straight to video-B movies or 'bad' movies for your little library collection then, if you can find it, check out 'The Big Sweat' (1991) with Robert Z' Dar..you know the big guy from 'TANGO & CASH'. 'The Big Sweat', a bomb of a cop story with no real plot discovery and acting that is so lame, it might as well be 'on crutches' and at the end of 'The Big Sweat' I think they ran out of money, because they had a picture of the cast and just set it on fire and let it burn during the credits. -Good fun. <br /><br />But all in all, not as good as Baretta's Island', I gave it a '1' and an overall rating of 'awful' for awful-good B' movie. I'm waiting for the sequel, maybe like 'Baretta's revenge on Montazuma' (Franco takes a Mexican vacation and gets sick on the water then, declares war on the water co.) or 'Baretta's powder war' where as he would stake out a large drug lord in his country and chemically gene-splice and create a hybrid super bug (insect) that would be bred and dropped into the cocaine fields and eat the coke and upon passing it through the bug, it forms a chemical reaction that turns the coke to pure powdered sugar. Then another sequel he would have to get the young people rescued from excessive sugar addiction and so on. He could get a major tooth paste company to endorse and partially fund the project with careful product placement in the feature. Right?(*)"
tt0143096,"Brief summary: This movie demeans everyone it touches. That means you.<br /><br />First off, let me say I'm not a purist, and this might have been funny for a few minutes. The impersonations are not bad. But overall it's just dull and excruciatingly not funny. A few simple jokes are repeated over and over again.<br /><br />It's clear that this movies only exists to squeeze the last few dollars out of the now-trademarked Laurel and Hardy. The producers cannot have any real regard for their place in film history, or their talents. This is what offended me the most.<br /><br />Of course, my daughter liked it, so I'm also a failure as a parent ;)"
tt0145531,"I find it hard to believe that anyone would put this movie in the same context as the Exorcist. Where the Exorcist was subtle and creepy, Stigmata was blunt, clumsy, and way too formulaic.<br /><br />This is one of the most visually beautiful films I've seen in a while, but the imagery does not make up for the downward spiral of patronizing exposition that makes it unbearable. <br /><br />My interest in this movie was peaked when it was compared to The Exorcist, and my visit to the official web site increased that interest. The web site had many tales of ""actual"" stigmata throughout history. However, scene by scene, the movie is so obsessed by its quest for ""genuineness"" that it becomes comical at first, then outright hard to watch toward the end. I began getting suspicious when the priest charged with investigating potential miracles walks into the beauty parlor where our would-be heroine cuts hair and, evidently, flirts with priests.<br /><br />The plot: A woman without faith in God begins receiving the wounds of Christ (the Stigmata) and is baffled and upset about the ordeal. A priest is sent straight from the Vatican to investigate the case. Is Frankie possessed by Satan, or a vessel for Jesus Christ?<br /><br />The only miracle in this film is that it finally ends."
tt0160904,"Spooks is enjoyable trash, featuring some well directed sequences, ridiculous plots and dialogue, and some third rate acting.<br /><br />Many have described this is a UK version of ""24"", and one can see the similarities. <br /><br />The American version shares the weak silly plots, but the execution is so much slicker, sexier and I suspect, expensive.<br /><br />Some people describe weak comedy as ""gentle comedy"". <br /><br />This is gentle spy story hour, the exact opposite of anything created by John Le Carre.<br /><br />Give me Smiley any day."
tt0161023,We've all seen this story a hundred times. You can see each plot turn coming a mile away. The relationship between the mother and daughter is way too sweet and understanding to pass for realistic. Janet Mcteer's performance is stock southern hot- ticket mother in vintage clothes. Should have been made for the Lifetime Channel.
tt0164052,"Leave it to Paul ""sex on the brain"" Verhoeven to come up with a pointlessly sleazy and juvenile version of the INVISIBLE MAN story. If he'd direct a Pokemon film, I'm sure he'd turn it into some massive orgy of sorts. I don't mind sex or even sleaze (check my other reviews) on film but frankly, it's obvious the director has a one track mind and he couldn't see interesting aspects about an invisible man storyline than the kinky implications it comes with it. It's a shame because it could have been good if the film didn't spend so much time having an invisible Kevin Bacon grope women. <br /><br />The game cast of actors does what it can with the one-note cheesy script but I felt bad for some of them, including William Devane, who is totally wasted here.<br /><br />But then what could I have expected from the director of SHOWGIRLS, which, btw, is much more entertaining than this stilted & bad film."
tt0164699,"I just finished watching this film and WOW was that bad. Actually the only thing that kept me watching was that it was SO MONUMENTALLY bad it was kind of entertaining. The action of the characters is hilarious, from the hyper-dramatic way they fall to gunfire, to their incredibly bad acting (were the bad guys all just pulled off the street, or were they actually actors?), to incredibly bad delivery of lines, to their inexplicable actions (if you are going to try and shoot someone through a doorway as they enter, obviously the thing to do is shoot directly at the doorknob!!). This film must break some record for worst written and delivered lines.<br /><br />The camera work was also really bad - you can hardly see what's going on in the fight scenes due to switching camera angles and shakiness.<br /><br />I would have voted ""1"" except that I do like Chiba and sidekick Sue Shihomi, and I was entertained by a couple of scenes: 1) breaking of a villain's arm so the bone pops out of the skin (that's gotta hurt) 2) a drug kingpin eating a brown-furred animal (a monkey??) by hacking away at the carcass with a meat cleaver 3) Sonny Chiba's performing some impromptu eye surgery on a guy with his fingers.<br /><br />I am actually a big fan of Sonny Chiba but this one is really not worth anyone's time. I've seen about 7 or 8 of his films and have come to the conclusion that the only ones worth watching (and they are great!) are the Street Fighter series, and The Killing Machine. I've also heard the Executioner and Golgo 13 are good. I recommend sticking to those ones."
tt0171363,"Effect(s) without cause is generally not possible in the real world but in the world of Hollywood remakes, not only is it possible, it's required. The Haunting has been given the computer treatment courtesy of a 1st-class cinematographer-turner-director who once showed promise (Jan de Bont- Speed) but has since produced a string of big budget garbage (Twister, Speed 2).<br /><br />Actor are superfluous in a movie of this type and they seem to realize it. Liam Neeson and Cathrine Zeta-Jones act like they wish they were anywhere but in this film. Lili Taylor makes an attempt to add something to the proceedings but whatever that something might be is unknown since the script feels like half of it is missing. Events just happen, good and bad ghosts show up with no rhyme or reason and then the story just ends with a most unsatisfying non-event meant to wrap up the previous 90 minutes of inanity.<br /><br />There really isn't even reason to see this for the effects since we all know that anything can be put on screen now. Why not watch effects in the service of a good story instead of just for their own sake?"
tt0175880,"That's not just my considered verdict on this film, but also on the bulk of what has been written about it. Now don't get me wrong here either, I'm not a total philistine, I didn't hate the movie because it wasn't enough like 'police academy 9' or whatever, I enjoy more than my fair share of high brow or arty stuff, I swear.<br /><br />'Magnolia' is poor, and I am honestly mystified as to why it is seemingly so acclaimed. Long winded, self indulgent, rambling nonsense from start to finish, there is just so little that could credibly be what people so love about the movie. There's some high calibre actors fair enough, and none turns in an average or worse performance. Furthermore, my wife (a self confessed Tom Cruise hater) tells me it's his career best performance by far. But the plot is so completely unengaging, meandering between the stories of several loosely connected characters at such a snail's pace that even when significant life changing events are depicted they seem so pointless and uninteresting you find yourself crying out for someone to get blown up or something.<br /><br />It doesn't help that none of the characters are very easy to identify or empathise with (well I didn't think so, but I don't like most people admittedly). They all play out their rather unentertaining life stories at great length, demonstrating their character flaws and emotions in ever-so intricate detail and playing out their deep and meaningful relationships to the nth degree with many a waffling soliloquy en route. Yadda yadda yadda. The soundtrack's dire as well, with that marrow-suckingly irritating quality that I had hitherto thought unique to the music of Alanis Morisette.<br /><br />All in all, it was about as enjoyable a three hours as being forced to repeatedly watch an episode of 'Friends' whilst being intermittently poked in the ribs by a disgruntled nanny goat. The bit with the frogs is good though."
tt0180274,"this movie was banned in england? why? tom savini, george romero, dario argento, lucio fulci and others had done far worse before and have continued to so since...<br /><br />this movie has all the basic elements of a decent 70s or early 80's horror film. good looking girls (who can't act to save their lives, by the way), a terrible lightning storm with a torrential downpour, a scythe, a crazy brother wandering around the family estate, and actually a pretty damn good twist at the end. but banned? seriously. when the English parliament banned this movie, the italians probably laughed their collective asses off at how backwards and prudish the brits really were.<br /><br />there was maybe two minutes of total screen time devoted to the violence and gore (which was greatly underdone). there was nudity but no sex although allusions to sex were made, obviously. but absolutely nothing worthy of being banned.<br /><br />i would like to see what could have been done if the filmmakers had a decent budget to work with. as it stands, the film is entertaining, but the lack of picture and sound quality take away from the end result.<br /><br />banned... what a joke..."
tt0184463,"Twenty years ago, the five years old boy Michael Hawthorne witnessed his father killing his mother with an axe in an empty road and committing suicide later. On the present days, Michael (Gordon Currie) invites his girlfriend Peg (Stacy Grant) and his best friends Chris (Myc Agnew), Jennifer (Emmanuelle Vaugier), Lisa Ann (Kelly Benson), Ned (Brendon Beiser), Mitch Maldive (Phillip Rhys) and Trish (Rachel Hayward) to spend the Halloween in the country with his grandparents in their farm. He asks his friends to wear costumes that would represent their greatest innermost fear, and together with his Indian friend Crow (Byron Chief Moon), they would perform an ancient Indian celebration using the carved wooden dummy Morty (Jon Fedele) that would eliminate their fears forever. The greatest fear of Michael is to become a serial killer like his father, but something goes wrong and Morty turns into his father, killing his friends.<br /><br />""The Fear: Resurrection"" is a disappointing and pointless slash movie that uses the interesting concept of eliminating the greatest innermost fear of each friend before it grows, but in a messy screenplay full of clichés. There are some exaggerated performances, like for example Ms. Betsy Palmer; others very weak, but in general the acting is good. Unfortunately there is no explanation why the dummy is brought to live; further, in spite of being surrounded by close friends, the group does not feel pain or sorrow when each one of them dies. The low-pace along more than fifty minutes could have been used to built a better dramatic situation. In the very end, Michael shows a charm that his father was interested that I have not noticed along the story. I do not know whether the previous reference was edited in the DVD released in Brazil with 87 minutes running time. The special effects are very reasonable for a B-movie. My vote is four.<br /><br />Title (Brazil): ""Fear 2: Uma Noite de Halloween"" (""Fear 2: One Night of Halloween"")"
tt0192766,"While some performances were good-Victoria Rowell, Adrienne Barbeau, and the two Italian girlfriends come to mind-the story was lame and derivative, the emphasis on the girlfriend's racial background was handled clumsily at best, and the relatives were mostly portrayed as stereotypes, not as real people. I found myself wincing uncomfortably at many moments that were supposed to be funny. I can hardly comprehend why the local paper here in SF said this was a good movie, and wonder WHO posted the glowing review here on IMDb. Very disappointed in this movie, and mad I actually went to a theatre to see it, based on the faulty connection to Garden State, which is a far funnier, more inventive, and touching movie than this one. I must especially mention the emotional climax in the church, which was so wooden and by-the-numbers that I nearly left, and some in the audience actually DID. THAT was followed by a silly climax at the graveyard, which I saw coming 10 minutes before it happened. I really don't like being misled to spend my money so uselessly."
tt0197153,"When I first tuned in on this morning news, I thought, ""wow, finally, some entertainment."" It was slightly amusing for a week or so... But we have to face it, these news reporters (if one can even call them that) have WAY TOO MUCH ""playing around"" time.<br /><br />At first, I thought Jillian was a breathe of fresh air. But seriously, this woman has got not the least bit of journalist in her. She is very unprofessional. She keeps on interrupting Steve when he starts informing the viewers about a certain news report. It's just really become annoying to the point that I can't watch it anymore.<br /><br />Jillian is NOT a good journalist. Hell, she's more of a celebrity who loves being a celebrity. Hence, she instantly transforms into a celebrity around celebrities whom she's supposed to be interviewing. She's not very professional and quite possibly perceives her relationship with celebrities more important than being a rightfully insatiable journalist- and that's all I can say about her.<br /><br />Also (disappointingly), this show has more entertainment news than necessary news reports about the world, the government, the US, or something that will benefit and/or serve the public's best interest. They're too focus on sensationalism that everything they talk about comes off as a commercial product. On the other hand, their field reporters are interestingly tolerable...<br /><br />I believe ""Good Day LA"" is for young teenagers and celebrities, and it is definitely not for people who actually CARE about the news.<br /><br />SIDE NOTE: (I'd really rather watch KTLA. However, they try so hard to be entertaining sometimes. They're still a bit dull though. Oh well, I'll stick to NBC's ""Today."" ABC's ""Good Morning America"" is also okay... as long as Diane Sawyer doesn't become way too serious.)"
tt0200374,"Amen to Magsel. There was a lot of confusion going on. First off, how do you know which movie you are purchasing? Henry Cele stars in every one of them. I bought this movie thinking it was the miniseries...WHAT A LETDOWN!! It would have been a comedy but for the young girl being raped. David Hasselhoff (spelling?) is OK for popcorn TV but he was not believable in this film (where was his English accent?) AND WHAT'S WITH THE LOVE STORY??? The movie was supposed to be about a young man's rise to military power - not the slave ship captain getting jiggly with the English maiden looking for her daddy...<br /><br />If I had paid more than $7 for this movie, I would have to call the police - because that would be a crime!"
tt0201538,"Strange... I like all this movie crew and dark humor movies; but didn't like this one at all! It's awful, horrible and surely not funny at all. Pity cannot do a whole movie plot, disgust either. And it was really boring. Long empty moments fills the movie; it could have been removed. It should have been in another shorter format, surely. Maybe i expected too much from the crew - like saving the movie lol -. It's also filled with overused clichés of characters and situations... I don't get it why people liked it... ""Poetry"", ""hope""; nope 'mam, didn't see anything like that! ^^ All in all, it's empty and crude, pitiful and hopeless. Oh darn this one........"
tt0202152,"This is to the Zatoichi movies as the ""Star Trek"" movies were to ""Star Trek""--except that in this case every one of the originals was more entertaining and interesting than this big, shiny re-do, and also better made, if substance is more important than surface. Had I never seen them, I would have thought this good-looking but empty; since I had, I thought its style inappropriate and its content insufficient. The idea of reviving the character in a bigger, slicker production must have sounded good, but there was no point in it, other than the hope of making money; it's just a show, which mostly fails to capture the atmosphere of the character's world and wholly fails to take the character anywhere he hasn't been already (also, the actor wasn't at his best). I'd been hoping to see Ichi at a late stage of life, in a story that would see him out gracefully and draw some conclusion from his experience overall; this just rehashes bits and pieces from the other movies, seasoned with more sex and sfx violence. Not the same experience at all."
tt0202458,"It is a pity that you cannot vote zero stars on IMDb, because I would not have hesitated! In fact I would go so far as to say that this film was in the negative stars. <br /><br />I, like many others, bought this film thinking that because it has Michael Madsen in it, it could be good... No chance! This film was shocking! Imagine a movie length 'The Bold and the Beautiful', well, Primal Instinct did not even come close to that good, and I had previously thought that there would be nothing worse than a movie length 'The Bold and the Beautiful'. <br /><br />Michael Madsen, how could you do this to us? The worst part is, I didn't fast forward a bit, I was hoping that at the end they would reveal that it was all some sort of sick joke, that they thought it would be funny to make us watch such a horribly bad film.<br /><br />Where do I start...? Directing - Zero Stars, Screenplay - Zero Stars, Acting - Zero Stars, Cinematography - Zero Stars, Digital Effects - Zero Stars, Production Design - Zero Stars, Make-up - Zero Stars, Casting - Zero Stars, Editing - Zero Stars, Trailer - Half a Star, Graphic Design - Half a Star, DVD Menu - Half a Star.<br /><br />However I think that it is very important to have seen bad films just so that you know what a really bad film is, so for that reason I am happy that I saw this film, just so that I have a bad film to put at the bottom of my list."
tt0217331,"I thought that this movie was pretty lame. If you're looking for cheesey, you may like this. I, myself, don't mind a fair amount of cheese, but this was ridiculous. The progression of the movie bored me and the storyline was very weak.<br /><br />The only thing entertaining about this movie was the day-glo zombies, but even that isn't reason enough to see this flick."
tt0218619,"Inept, boring, and incoherent supernatural ""thriller"" in which college student Cassie (Melissa Sagemiller) is the constant victim of hallucinations and nightmares after a car accident claims the life of her boyfriend Sean (Casey Affleck).<br /><br />I can't begin to tell you how bad this is...nothing of any importance ever happens nor is there ever any sort of actual entertainment value. I did not like this cast in this particular film - they are all sadly unconvincing (then again, their roles are no good). To promote this as a horror film is a joke. Where are the scares? There's no sense or suspense - there are a few good songs but that's about it.<br /><br />How on Earth did this project get the green light? Writer-director Steve Carpenter has no discernible vision or talent that I can sense. Worst of all, the conclusion really makes the whole movie pointless.<br /><br />The alleged ""killer cut"" that I watched is 86 minutes of pure tedium.<br /><br />1/10"
tt0219400,"I've seen some crappy movies in my life, but this one must be among the very worst. Definately bottom 100 material (imo, that is).<br /><br />We follow two couples, the Dodds (Billy Bob Thornton as Lonnie Earl and Natasha Richardson as Darlene) and the Kirkendalls (Patrick Swayze as Roy and Charlize Theron as Candy) in one car on a roadtrip to Reno.<br /><br />Apparently, Lonnie isn't too happy with his sex-life, so he cheats on his wife with Candy, who's despirately trying to have a baby. Roy, meanwhile, isn't too sure if his sperm is OK so he's getting it checked by a doctor.<br /><br />Now, I had read the back of the DVD, but my girlfriend didn't, and she blurted out after about 20 minutes: 'oh yeah, she's gonna end up pregnant but her husband can't have any baby's'. Spot on, as this movie is soooo predictable. As well as boring. And annoying. Meaningless. Offensive. Terrible.<br /><br />An example of how much this movie stinks. The two couples set out in their big car towards Nevada, when they are stopped by 2 police-officers, as they didn't stop at a stop-sign. The guys know each other and finally bribe the two officers with a case of beer. Not only is this scene pointless and not important (or even relevant) for the movie, it takes about 5 minutes! It's just talk and talk and talk, without ever going somewhere.<br /><br />I still have to puke thinking about the ending though. Apparently, Roy ISN'T having problems down there so he IS the father of the child. How many times does that happen in the movies... try something new! The cheated wife ultimately forgives her husband and best friend for having the affair and they all live happily ever after. Yuck.<br /><br />Best scene of the movie is right at the end, with a couple of shots of the Grand Canyon. Why couldn't they just keep the camera on that for 90 minutes?<br /><br />One would expect more from this cast (although Thornton really tries), but you can't really blame them. Writers, shame on you!<br /><br />1/10."
tt0237616,"I went to school with Jeremy Earl, that is how I heard of this movie, I don't really know if it was in the theater's at all. I don't recall the name. I have seen it, it is like one of those after school specials. The acting is OK, not great. The plot was kind of weak and the lines were pretty corny. So the only comment I can give this movie is ""Eh"" I borrowed the movie from Jeremy, if I was in a movie rental place, this is one that I would walk past and after watching it I wouldn't recommend it to anyone past middle school age. I've also noticed that many times when urban kids are portrayed, the slang is overused or just outdated. Many times I think thats what makes their characters unbelievable."
tt0240684,"Disney goes to the well one too many times as anybody who has seen the original LITTLE MERMAID will feel blatantly ripped off. Celebrating the birth of their daughter Melody, Ariel and Eric plan on introducing her to King Triton. The celebration is quickly crashed by Ursula 's sister, Morgana who plans to use Melody as a defense tool to get the King 's trident. Stopping the attack, Ariel and Eric build a wall around the ocean while Melody grows up wondering why she cannot go in there.<br /><br />Awful and terrible is what describes this direct to video sequel. LITTLE MERMAID 2 gives you that feeling everything you watch seemed to have come straight other Disney movies. I guess Disney can only plagiarize itself! Do not tell me that the penguin and walrus does not remind you of another duo from the LION KING!<br /><br />Other disappointing moments include the rematch between Sebastien and Louie, the royal chef. They terribly under played it! The climax between Morgana and EVERYONE seemed to be another disappointment.<br /><br />I will not give anything away, but in 75 minutes, everything seemed incredibly cramped and too much to handle. An embarrassment to Disney, LITTLE MERMAID 2 is better left to rent and laugh at. Then you can prepare for the rest of the other sequels Disney is going to drown you in later on."
tt0242998,"This movie was rented by a friend. Her choice is normally good. I read the cover first and was expecting a good movie. Although it<br /><br />was a horror movie. Which i don't prefer. But no horror came to mind while watching the movie. It was a dull,<br /><br />not very entertaining movie. The appearance of Denise Richards<br /><br />was again a pleasure for the eye. But that's it. We (the four of us)<br /><br />we're a little bit disappointed. But feel free to see this movie and<br /><br />judge it yourself."
tt0245115,"Oh, well, this movie starts off well. It's kinda funny and seems like it could be a fun movie. Then it becomes a bit serious and goes off the rails. It sort of wants to be 'Boogie Nights' but it can't achieve it. If only it stayed with the tone of the first quarter of the film..."
tt0252028,"May contain spoilers.<br /><br />I say that, but anyone savvy enough to be reading this can probably figure out every plot turn right from the start.<br /><br />This is not a movie that I liked. I didn't hate it in the way of some movies that insult your intelligence, but it all felt too predictable on its trudge to the requisite happy ending. There were funny bits along the way to be sure, but few were original. At least it didn't go for the gutter.<br /><br />Christina Applegate looks fresh, and Ben Affleck works hard. Their scenes together are actually the only redeeming feature. Everyone else is a cardboard cutout, including, surprisingly, James Gandolfini, who must have made this as a favor to someone.<br /><br />All in all, it's a harmless, but not inspiring, 90 minutes."
tt0253840,"Let me be clear. I've used IMDb for years. But only today I went through the trouble of registering on the site, just so I could give this movie the lowest possible rating. I've seen hundreds of films, some of them bad, a few awful. Never, though, have i seen such a contrast of pretense and incompetence, of high intentions and failure.<br /><br />Mira Sorvino is horribly cast as the princess, but entirely unbelievable as Phocion, a young boy. Fiona Shaw is always an entertaining character, but the dialogue in the film is much worse, even, than in the insipid French play that is the source (Marivaux never reached Hollywood until now, and we should keep it that way).<br /><br />To illustrate, for example, that Leontine is a brilliant, passionate philosopher and scientist, she is shown frantically pouring chemicals from beaker to beaker, shouting out names of famous scientists. And the romance between Agis and the princess is played even sillier. For this, the pair should receive a joint 'Clair Danes' award, which in a just world would be awarded for gratuitously anachronistic and uninspired re-interpretation of interesting teens from literature as brats of the 1990's (see Miss Danes in Les Miserables).<br /><br />Aside from the atrocious plot and dialogue, there are some attempts to introduce artistic tropes into the filming. For example, there are moments when a handful of spectators are faded in and out of view of the action, sitting in chairs, watching the principal characters. The Director wants us to realize she's adapted a play. I get it. But it doesn't happen at all until far into the film. At that point, seeing a crowd of people sitting in chairs for a moment, then disappearing, is creepy and distracting. They're like some sort of un-scary zombie crowd, appearing through the mists, filling us with dread. When you see the horrible frolic and song that ends this movie, you'll want to rouse your own crowd of zombies and kill them all for the grave injustise of poisoning your mind for 112 minutes.<br /><br />-Matthew McGuire"
tt0254199,"This is a movie about making a movie. Such movies may be entertaining, but they need some substance, to do so. It did not happen here, I am afraid. Mr Coppola did not inherit his father's skills, unfortunately (neither did his sister, who can however make movies which one might watch).<br /><br />I do wonder how this movie came to get such rave reviews. <br /><br />Let's see: the lead male actor, supposedly a director, is as expressive as a frozen squid and his voice has the same pitch whatever he says, the lead female actress has an expression on her face that never changes, the plot is totally segmented in bits with perhaps one single connecting element, the movie within the movie idea must be more stale than paleolithic rocks... Would that be enough?<br /><br />I regretted every single moment I watched this movie. A walk with the dog is far superior entertainment to this unbelievably lame movie. It's as if a François Truffaut plot were directed by Dick Cheney...<br /><br />Brazil, some other classic SF movies? You must be really joking..."
tt0255730,"I read Rice's novel with interest, and became quite enchanted with its characters and heartbreaking tale based on historical truths.<br /><br />However, I was simply APPALLED at this disastrous adaptation. The casting was based merely on physical appearance, and not acting talent (with the obvious exception of Peter Gallagher, who was neither blond-haired, or able to act his way out of a wet paper bag). The cast's embarrassingly clumsy and inconsistent attempts at affecting a French accent was hilarious, but not in an entertaining way. I found myself wincing through this muddled and melodramatic tripe, and was surprised I made it to the end.<br /><br />A warning to fans of the novel - stay away from this one."
tt0257044,"This film is overblown, predictable, pretentious, and hollow to its core. The settings are faithful to the era but self-conscious in their magnification by prolonged exposure. The lingering over artifacts stops the action and cloys almost as much as the empty dialogue. Tom Hanks seems to be sleepwalking much as Bruce Willis did in Hart's War. Tom, you can't give depth to a character simply by making your face blank! The content did not warrant the histrionic acting by Paul Newman. This is a dud wrapped in an atomic bomb casing."
tt0269266,"The reviews I read for this movie were pretty decent so I decided to check it out. BAD IDEA! This is another movie about a ghost out for revenge against a group friends. The story is stupid, mix two parts Ringu with one part Prom Night, a sprinkle of I Know what you did Last Summer, and add a tiny dash of Single White Female - now blend until completely nonsensical. There is nothing new to this plot, and revisiting the clichés I've grown so fond of wasn't even entertaining this time. This movie jumps to and from the past too much, and once I made sense of it all I realized it still didn't make much sense. Characters go from sane to psycho killer in the blink of an eye. Speaking of characters, they are all your stereotypical favorites - the greedy selfish lawyer, the egocentric actress, the has-been baseball star, the video voyeur, the bitter girl, the spooky quiet chick, the 'nicer-than-nice' nice girl, a freakin' black cat... and I didn't care about any of them. Perhaps a better writer could have made the movie work, there were some decent scenes in it, but overall this movie was a mess. I should also mention a certain 'video tape' that would have been IMPOSSIBLE to shoot. <br /><br />This movie isn't the worst Asian horror has to offer by far, but it is still pretty bad. If you just want to see some creepy images in the dark, or just want to laugh out loud at some over the top acting, or just want to yell ""you're stupid!"" at a movie screen, or just want to have another Asian horror flick up your sleeve when someone asks you how many you've seen - this movie is for you. <br /><br />Those seeking a decent plot look elsewhere."
tt0272950,"Really, I can't believe that I spent $5 on this movie. I am a huge zombie fanatic and thought the movie couldn't be that bad. It had zombies in it right? Was I wrong! To be honest the movie had it's moments...I thought it was cool when the guy got his head ripped off but that was about it. Overall I think that it would be more enjoyable to slide down a razorblade slide on my bare nutsack into a vat of vinegar then watch this movie again. The movie could have been better if we could see some boob but I had to watch the trailers for the other movies produced by this company to see that. Buyer beware...unless you are into masochism."
tt0306063,"0.5/10. This movie has absolutely nothing good about it. The acting is among the worst I have ever seen, what is really amazing is that EVERYONE is awful, not just a few here and there, everyone. The direction is a joke, the low budget is hopelessly evident, the score is awful, I wouldn't say the movie was edited, brutally chopped would be a more appropriate phrase. It combines serial killings, voodoo and tarot cards. Dumb. Dumb. Dumb. It is not scary at all, the special effects are hopelessly lame. laughably bad throughout. The writing was appallingly bad. The cinematography is real cheap looking, and very grainy sometimes, and the camera-work is dreadful. Again, what really does the movie in is how badly all the actors are. Cheesy."
tt0308132,"The original exploitation classic-though far from enjoyable on almost any level concerning some guys who turn cats into human flesh eating monsters because the cat food they make is made with people is remade with scifi elements added. The cats can't get enough and when the flesh tainted food runs out the cats turn on their owners. Poorly put together on almost every level this is an example of the absolute bottom of the barrel material that used to actually play movie theaters in the early 1970's updated with alien cat and dog races battling for supremacy. Director Ted Mikel is a hack, but is so lovable a person (I generally like the guy thanks to his smile inducing interviews and commentary tracks) that you can pretty much excuse the garbage he mostly turned out. Mikels wanted to make films and he didn't care how they turned out so long as he was producing something. More power to him, but I wish he wouldn't subject us to his home movies"
tt0312640,"There have been plenty of unknown movies or movies given bad reviews that I really liked. This was not one of them.<br /><br />It was overacted and used camera techniques that made me feel like I was watching a soap opera. It was ludicrously predictable and took most of the movie to get going then left you asking ""that's it?"". Once I decided not to take the movie too seriously and watch it from a purely corny point of view it became more enjoyable. This is one movie that would have wound up on MST3000 if it was still on."
tt0319147,"(Spoilers)<br /><br />I was very curious to see this film, after having heard that it was clever and witty. I had to stop halfway because of the unbearable boredom I felt.<br /><br />The idea behind the film would have been acceptable: depicting the way the relationship between a man and a woman evolves, through all the problems and difficulties that two people living in a big city can experience. What made me dislike the whole film were two things.<br /><br />First of all, the film was so down-to-earth that it looked as if, by describing the problems that a couple must solve on a day-to-day basis, it became itself ordinary and dull.<br /><br />Secondly, the overall sloppiness of the production, with dialogues that were barely understandable.<br /><br />Too bad."
tt0332658,"This was no Trainspotting or Guy Ritchie film. It was a big wannabee. It wanted to be an edgy, nervous-laughter, urban-life affirming film, but it's more of a camera jerky, mess. It's a lot easier to imitate something else, than to create a real story with real characters. From the beginning, I couldn't care less about the characters or what they were involved in. They were always always hitting, pissing, or crying on each other. Only, there wasn't any substance to what they were doing. The dialog between characters is meant to be hip, revealing, instead it comes out trite, and one scene after another is predictable. I know there are viewers out there that really liked this movie, so I could be wrong."
tt0334541,"Well...tremors I, the original started off in 1990 and i found the movie quite enjoyable to watch. however, they proceeded to make tremors II and III. Trust me, those movies started going downhill right after they finished the first one, i mean, ass blasters??? Now, only God himself is capable of answering the question ""why in Gods name would they create another one of these dumpster dives of a movie?"" Tremors IV cannot be considered a bad movie, in fact it cannot be even considered an epitome of a bad movie, for it lives up to more than that. As i attempted to sit though it, i noticed that my eyes started to bleed, and i hoped profusely that the little girl from the ring would crawl through the TV and kill me. did they really think that dressing the people who had stared in the other movies up as though they we're from the wild west would make the movie (with the exact same occurrences) any better? honestly, i would never suggest buying this movie, i mean, there are cheaper ways to find things that burn well."
tt0337640,"Ouch! This one was a bit painful to sit through. It has a cute and amusing premise, but it all goes to hell from there. Matthew Modine is almost always pedestrian and annoying, and he does not disappoint in this one. Deborah Kara Unger and John Neville turned in surprisingly decent performances. Alan Bates and Jennifer Tilly, among others, played it way over the top. I know that's the way the parts were written, and it's hard to blame actors, when the script and director have them do such schlock. If you're going to have outrageous characters, that's OK, but you gotta have good material to make it work. It didn't here. Run away screaming from this movie if at all possible."
tt0338075,"First of all, this movie isn't a complete disaster. If you had never heard of the real story of Gram Parsons then it might seem a reasonably entertaining diversion. Johnny Knoxville can't really be criticised for his performance as Phil Kaufman - he's pretty good at looking laid-back and down to earth and you can sort of root for his long-suffering everyman. Michael Shannon is due credit for pretty much the same reasons, except he's a hippy stoner. There are some good individual comedic scenes - the hippy-hearse crashing into the airport hanger door stands out. But that's where the good things end, and we begin to see the aspects that make this movie so truly disappointing. The character of Robert Forster as Gram's actual father is an invention so disgraceful as to cast a taint over the entire film. We all know his real father committed suicide when he was young - something that could surely be compared to Gram's life on the edge by a better film-maker. Having Forster as his supposed real father, and not his step-father would be bad enough, if not for the well known difficulties Gram had with the man who actually flew to collect his body. It has been suggested that his step father had admitted to providing Gram's mother with alcohol as she lay dying and that this enraged Gram when he later found out about it. Also the controversy over where Gram's body was buried would surely be reason enough not to invent a benevolent made-up father who actually catches up to the duo and their hearse, but then allows them to go ahead with the burning. Whatever the truth about the man who Gram got the name Parsons from, he certainly bore no resemblance to Forster's character here, and it is hard to see why this role was written. Then there's the addition of Christina Applegate as a greedy chick (yet very pretty of course) who wants Gram's body back so that she can begin to cash in on his estate. Her character, and her acting are non-existent and one wonders why the director didn't just go the whole hog and include a lesbo scene between her and the chick who plays Kaufman's girlfriend(it wouldn't have lowered the tone a whole lot more). When you think of the ingredients that could have been used in a good movie about Parsons, the shortcomings of this film are easily apparent. Country music being changed by a young, polite, southern gentleman - who was also long haired, drug loving, popular with the ladies and ultimately self destructive. Real events like the hanger door crash and the painted hearse and friends like Keith Richards. Instead of these things we have to concentrate wholly on Kaufman's input into Gram's life. Kaufman is obviously still lapping up the cult status he received for what he did (he certainly is a little cult). From interviews it is obvious that he's delighted with the attention. Remember this is the man who made a remark about the genitalia of the naked corpse of Gram Parsons as he was preparing to set it alight. What he did was not an act of great loyalty, but a doped up alcoholic escapade. Looking at Knoxville and the director in interviews, a few things become clear also. It's obvious that they have no real grasp of the story of Gram's life, nor do they wish to have. They want a hit movie about an event that is infamous and crazy. It was an amazing life with a strange end. That the end is the only thing covered by this movie shows how limited an understanding of Gram Parsons the makers had."
tt0339531,"This is the biggest piece of lamo I've ever watched. It is excruciatingly boring I would have rather sat through a seminar on creationism than have watched this if i had known it was going to be as boring as it was. Not even the 40 seconds of the hot chick in the bikini with the big ta tas redeems this of anything lower than a 1.<br /><br />The reviews of this movie claiming that this movie is ""unintentionally funny"" are absurd and just plain WRONG. Not one thing is funny about this movie. they spend the first 50 or so minutes walking through the woods talking about stuff you wouldn't understand nor care about and it is just as lame when the people start dying because you don't even know who the people are because they are so UNINTERESTING. Honestly though, I didn't watch it to the ending, but that should say something about how horrible it is. WORST MOVIE EVER.<br /><br />Immediately after ejecting this filth from my DVD player I started scraping it against the cement in front of my house, not wanting other blockbuster customers to have to fall upon the same mistake i had made as to rent this movie. Then Zach peed his pants. Thankyou for your time."
tt0346156,"A gave it a ""2"" instead of a ""1"" (awful) because there is no denying that many of the visuals were stunning, a lot of talent went into the special effects and artwork. But that wasn't enough to save it.<br /><br />The ""sepia"" toned, washed out colors sort of thing has been done before many times in other movies. Nothing new there. I can see there were some hat-tips to other old, classic movies. OK. No problem with that.<br /><br />But a movie has got to be entertaining and interesting, not something that would put you to sleep.<br /><br />The story line and the script of this movie WAS awful, the characters two dimensional. Slow moving. Some of the scenes were pretty to look at, but ultimately, as a whole, it was quite boring, I couldn't recommend it."
tt0365686,"Ritchie's first two films were snappy, stylish entertainment. Here, he raids two recent classics  'The Usual Suspects' and 'Fight Club'  and still comes out empty-handed.<br /><br />Despite parading itself as a con-mystery (with the sub-'Usual Suspects' twaddle ""the greatest con he ever pulled was convincing you that he was you"" or whatever it was...) and attempting a 'Fight-Club' twist about which characters are real and which are internal manifestations, the film struggles to maintain interest in its second half. By the last third, you know you're being lead down a blind alley, and tediously slowly at that.<br /><br />Cons, chess and game theory are all great subjects, but Ritchie delves into them too superficially and too repetitively to make much use of the material.<br /><br />The only thing that keeps the movie (almost) watchable is Ritchie's bold way with with a scene and Maurice-Jones's dynamic camera. If Ritchie stuck to a more satisfying plot, and succumbed to tighter editing, there's no reason why he couldn't have made another enjoyable gangster caper.<br /><br />As it is, Revolver is a waste of your time. Incomprehensibility does not equal profundity. If you want to see a great film that doesn't make logical sense but makes a virtue of it (and, incidentally, which also involves an inexplicable escape from solitary confinement) watch 'Lost Highway'."
tt0366555,"This was truly dreadful! It had a terrible storyline, was poorly acted, and was like an amateur remake of evil dead but not nearly as good.<br /><br />It took all my tenacity to make it through this one, it's a good job I didn't have to visit the toilet else I doubt I would have come back! This one makes Hammer House of Horror look like a big screen Hollywood epic. <br /><br />The only value to this movie was the never ending supply of beautiful women. Not a bad one among them! <br /><br />If you want to letch with your friends after a night on the beer then this one's for you ... else avoid it like the plague!"
tt0367817,"Worst movie on earth. I don't even know where to begin but I hope I can save another person from punishing themselves with this movie. When it comes to acting and lighting, this movie is similar to a bad porno without the sex. The actors are some of the worst I've ever seen, and couldn't have been worse even if they were trying to make a complete mockery of this movie. The movie must have had a record breaking low budget which I'm sure was wasted almost solely on the movie's cover. This movie has now become a running joke with friends of mine and has become the standard for comparing other garbage movies. I would like to point of that no other movie even begins to compare. I feel personally responsible for suggesting a friend and me watch this movie and am surprised she still considers me a friend after the torment I put us through. Don't see this movie!"
tt0375210,"Absolutely one of the worst movies of the year. The plot is ridiculous, the characters poorly developed, and the premise irritatingly stupid. It all begins when Michael Keaton, fresh off of doing nothing noteworthy since Batman, loses his beautiful author wife, Anna, to a car accident, possibly caused by her driving one of those convertible VW bugs even though she's supposed to be rich. In his grief, Batman moves to a new apartment and takes up a hobby: recording nothing and then watching it. He learned this from a really fat pathetic guy who got murdered by three tall shadowy fellows who lived in his TV. Pretty soon, he starts to see dead people, thanks to EVP, or Electronic Voice Phenomenon, which is evidently this deal wherein dead people can send messages to living people through tape recorders, video cameras, dead cell phones (""Anna cell calling? But she's...DEAD!...Must be ghosts. Mhmmm. No other possible explanation. I'd better start messing around with this indiscriminately."") etc. Why they can't just write something down on a piece of paper or knock over some stuff to form creative pictograms is never explained. ANyway, eventually Batman discovers that he's actually seeing the future, and he decides to go help this woman he doesn't know. He gets out of his house just in the nick of time, because the tall dark guys enter just after he leaves (""D*mn it! Can travel between the living and dead using electronics, but I'll be d*mned if we can be on time! Am I right guys? (They nod in bemused agreement).""). He tracks this lady to a warehouse and finds out that this character from the first ten minutes of the movie (look hard, or you'll miss him!) is actually a serial killer working for three tall shadowy demons, who in Raiders of the Lost Ark style swoop down and kill him, looking like the cartoons that they are. Just then some detectives show up and save the lady. After Batman's funeral, he decides to send a message from beyond the grave apologizing to his son for being an idiot, evidently feeling that the best way to protect his kid from the horrors of EVP is to expose him to it. The little kid just smiles. Nothing phases that dude, not even when his dad, Batman of course, starts talking to TV's. The high-point of the movie was when someone's phone rang and some guy yelled out, ""It's Anna!"""
tt0389957,"I found it very very difficulty to watch this after the initial 5 minutes of the film. I managed to stomach 45-50 minutes before switching it off in disgust and watching Monster House instead (which, by the way, is great fun).<br /><br />The story has massive holes in it. The plot line is hugely over stated and dull, the acting is awful, especially from Justin TImberlake who should really stick to what he is good at (looking daft and singing like a castrato). Morgan Freeman looked incredibly uncomfortable, especially when made to dance around to rock music for no apparent reason half way through the film after him and Timberlake meet. Freeman and Timberlake's characters seem to be supposed to have some sort of father/son relationship of sorts or something, which simply isn't evident at all apart from the fact that; though Freeman's character seems to have nothing but contempt for the ignorant and rather stupid character of Timberlake, he never the less pulls out all the stops to help him uncover a completely ridiculous cover up.<br /><br />It would take some incredible suspension of disbelief to give any credit to the story line, which is simply absurd and blown out of all proportion.<br /><br />Don't watch this film, it is a pure waste of time."
tt0410162,"THE KING MAKER will doubtless be a success in Thailand where the similar (but superior) 'The Legend of Suriyothai' set box office records. The film directed by Lek Kitaparaporn after a screenplay by Sean Casey based on historical fact in 1547 Siam has some amazingly beautiful visual elements but is disarmed by one of the corniest, pedestrian scripts and story development on film.<br /><br />The event the picture relates is the arrival of the Portuguese soldier of fortune Fernando de Gamma (Gary Stretch) whose vengeance for this father's murderer drives him to shipwrecked, captured and thrown into slavery and put on the bloc in Ayutthaya in the kingdom of Siam where he is purchased by the beautiful Maria (Cindy Burbridge) with the consent of her father Phillipe (John Rhys-Davies), a man with a name and a past that are revealed as the story progresses. There is a plot to overthrown the King and Fernando and his new Siamese sidekick Tong (Dom Hetrakul), after some gratuitous CGI enhanced choreographed martial arts silliness, are first rewarded by the King to become his bodyguards, only to be imprisoned together once Queen Sudachan (Yoe Hassadeevichit) reveals her plot to kill the king and son to allow her lover Lord Chakkraphat (Oliver Pupart) to take over the rule of Siam. Yet of course Fernando and Tong escape and are condemned to fight each other to save the lives of their families (Tong's wife and children and Fernando's now firm love affair with Maria) with the expected consequences.<br /><br />The acting (with the exception of John Rhys-Davies) is so weak that the film occasionally seems as though it were meant to be camp. The predominantly Thai cast struggle with the poorly written dialog, making us wish they had used their native Thai with subtitles. The musical score by Ian Livingstone sounds as though exhumed form old TV soap operas. But if it is visual splendor you're after there is plenty of that and that alone makes the movie worth watching. It is a film that has obvious high financial backing for all the special effects and masses of cast and sets and shows its good intentions. It is just the basics that are missing. Grady Harp"
tt0413371,"Allow me to start this review by saying this: I love vampire movies. They can suck (har har pun intended), and I'll still love them because vampires are just cool in movies. Van Helsing, considered by many to be a steaming pile of crap, was enjoyable to me because of the fact that there were vampires. You may ask: ""What does that have to do with this movie?"" The answer is that I intend to inform you of how horrible this movie truly is, that even a sucker (harharhar) for vampire movies like me can despise a movie like this so much.<br /><br />The movie stars Van Helsing, a college professor guy who isn't at all convincing. He's a terrible actor, like everyone else in this movie, and he wrote it, to add salt to the wound. I honestly to not mean to offend him, and I'm sure everyone had fun making this movie, but watching it was actually painful. I'm not sure why I watched the whole thing; perhaps it was a morbid fascination, like watching an impending train crash: it's horrible, but you can't manage to force yourself to look away. Its main fault is that it's just so ****ing boring, and its plot is so damn ridiculous, even for a science fiction horror movie.<br /><br />But, I digress. By the way, Van Helsing has sex with his mom. Of course, he doesn't know it's her at the time; he just thinks it's one of his students (which is still illegal and all, but not as disgusting and creepy).<br /><br />If I were Van Helsing, I would at least pull an Oedipus myself when I found out I had done something so gross. It would've made for one entertaining thing if he just made some comment on it, but no. The point isn't even brought up at all, by any of the characters. It's as if the writer didn't even think of it. I would've at least had another character laugh at him and say ""Ha ha, you had sex with your mom,"" which would be mildly humorous (although blatantly immature). I'm probably running out of room, so a few more words to dissuade you from ever seeing this film: there's a vampire ninja fight with an old man. It would be funny, but the filmmakers expect us to take it seriously. It's not even worth watching the movie to see how bad it is. Stay far, far away from it if you value your time at all.<br /><br />I will say one thing positive about the movie: the guy who plays Van Helsing is pretty slick with that knife of his. There's like, a minute long segment where he swings around his knife and actually does some pretty nifty tricks. It would be boring in any other movie, but here, sadly, it was the highlight."
tt0417148,"I chose to see this movie because it got a good score here on IMDb. But a lot of people either have really poor taste or someone's been fixing the score.<br /><br />Either way it was a real disappointment. The movie is exactly as stupid and far fetched as the title would suggest. There really is no reason to give a summary of the plot - but here goes: it felt like someone had been thinking: ""Wouldn't it be cool to make a movie where there were snakes on a plane? And then the snakes for some reason would go crazy and start biting and stuff?!?"" And that's about it! The plot is thin and unoriginal. The snakes are bad CGI (but it makes sense to cut corners on a movie that no one in their right mind will recommend to anyone!). The acting is poor, and all people are unbelievable stereo types.<br /><br />To sum it up: It's one of the worst movies I've ever seen - stay away!"
tt0430768,"One would think that a film about a young person's coming to terms with his burgeoning homosexuality would be anything but boring. Think again. This production should be bottled and sold as a cure for insomnia because it's about ten times as potent as any sleep aid on the market. It's almost as if the film maker *considered* making a movie, but got lazy and decided instead to run a series of random (and randomly BORING) images and go-nowhere scenes, throw in a couple of actual scenes featuring actual acting, pretend that good lighting ins't important in the film-making process, and wrap it up under the auspices of an ""arthouse"" film. This is exactly kind of crappy product that makes it easy for a lot of traditional film-makers to poo-poo the indie film movement, and which keeps the general public from more easily embracing indie films.<br /><br />If you're interested in films covering this subject matter, you'd be much better off tuning in to some of the great short films available at Logo's website or renting Get Real. Better yet, read Stone Butch Blues. Whatever you do, skip this long-winded piece of dreck."
tt0439932,"Here's why the Jane Show won't work. Once again Canadian bonehead producers and writers can't create a sitcom without putting some kind of different spin on it. I guess these people don't watch a lot of T.V. from the U.S. which has the sitcom model down pat. No, here we have to do something different, we have to make the A story absolutely absurd and then have a meaningful B story to try to make up for it. The characters are two dimensional and the story lines are way over the top: Forklift races??? give me freaking break. Here's a little advice for the writers of the show, Don't write funny situations, find the funny in situations. And remember, you have to be born with a sense of humor to write truly funny stuff, not just be an improv monkey."
tt0443489,"I had been looking forward to seeing Dreamgirls for quite a while...what with all it's raving reviews, nominations and media attention. And I must say, the first quarter of the movie was good! It really portrayed the black music scene back then. However, as the movie wore on, me and my whole family were bored out of our wits. The singing just kept coming, one after the other. I mean seriously, just one more music number and it would have broke even with RENT.<br /><br />Furthermore, I noticed hardly any character development in any of the characters; I just didn't care what happened to them! Even when Eddie Murphy's character died of a drug overdose, I knew I should have been sad, but I just couldn't feel any emotion for that character. The characters were given a flimsy background about singing in their childhood and whatnot, but there personalities were not revealed enough to draw me in.<br /><br />Finally, the conflict was simply not significant enough to make the viewer care, which goes along with the lack of character development. This movie reminded me of a copy-cat movie based on Ray, Chicago, and Rent (Ray and Chicago were wonderful movies in my opinion). Overall I think this movie would best suit someone who doesn't really care about an overall story, yet would enjoy two hours of entertaining and fun singing performances."
tt0443678,"This is a movie of tired, yet weirdly childish, clichés. There's a Nazi witch master performing sf-related experiments in the basement? Oh please! <br /><br />Aiming for a creeping sense of horror and fear, the general impression of the film is that of a very immature conception of fright. Not having any expectations beforehand, I am left with: an aged Xander from Buffy and a heroine with ape-like face who doesn't seem to know how to act. Said Adrienne Barbeau have I only only encountered before in the much more enjoyable ""Cannibal Women in the Avocado Jungle of Death"".<br /><br />Camera and editing adds to the general impression of lame."
tt0444628,"It's hard to believe that this is a sequel to Henry Fool. Hard to believe that the same director and actors were involved in both movies. While Henry Fool is refreshing, witty, comical, Fay Grim is slow, boring, and doesn't go anywhere. Where has the wit gone? I am baffled.<br /><br />It is 10 years since I saw Henry Fool and many of its dialogs and scenes are still vivid in my memory. Fay Grim is painful to watch. This is no fault of the actors, who are good (Parker Posey) or great (Jeff Goldblum) -- the blame lies entirely with the plot, the dialog, and even some of the filming (low budget is no excuse). A huge disappointment. <br /><br />Sorry I couldn't pay attention to the plot, I was so bored, so disappointed... if you enjoyed this one you might not enjoy Henry Fool so much... the two movies have absolutely nothing to do with each other... there is no continuity in the characters' personalities... it's all a fraud to entice fans of Henry Fool to watch the sequel.<br /><br />I'm switching this off now -- Henry in some sort of jail with a Taliban?!?!"
tt0450345,"The Wicker Man Has Done The Impossible! It replaced Cat Woman as the worst recent movie in my steel trap cinema mind. YES it's really that bad. So bad that when sitting down to write this review I thought to myself ""If I had a choice to either see this movie again or to have red hot needles shoved in my eyes"" I might actually go for the red hot needles.<br /><br />Neil LaBute created a rare movie where Joel Schumacher could sit back and say with comfort and a guilt free mind ""Yeah that's some bad direction right there"".<br /><br />I think the first clue for myself should have been the tag line: ""Some Sacrifices Must Be Made"". Sure it might sound sort of cheeky ominous line to intrigue you but the sacrifice will be all on the audience side of the screen. Trust me on this the people responsible for this movie should be charged with a hate crime..or at least fraud for trying to pass this off as anything resembling entertainment. Seriously! The movie is about an island where men are just there for breeding and I would still rather with be stuck on Gilligans Island with only pictures of Condoleezza Rice then find myself stranded there.<br /><br />The most entertaining part about this movie was the guy who ripped the loudest fart I've ever heard in a movie theater. That's not a joke nor is it fictional. I've never been to a ""thriller"" and heard so much laughter through out the entire film. I can't tell you with an certainty if the laughs were intentional in some effort to lighten the cinematic tension or if they just really thought this crud would actual fly. I honestly found myself routing for a power outage or a perhaps a fight to break out in the movie theater, anything to make this more interesting which is pretty sad since Deez, Powder and I pounded 2 beers each before the film just for a little mental anesthesia (soon to be a law before all Nic Cage films, write to your congressman today, don't delay). At one point I actually thought perhaps this movie is really a spoof and Anna Ferris is going to show upoh how I wish.<br /><br />Nic Cage throws out so much ham per frame I'm thinking of having a cholesterol test done today. To think that I ever thought Sean Penn was a d*ck for slamming Nic's acting, oh he's still a d*ck just lesser of oneyes Sean Penn's d*ck was lessened because of this film. Do us all a favor Nic play your strengths and stick to being pathetic losers and drunks. You cannot play superman you do not get to play strong hunky roles go straight to jail do not pass go do not collect 200 dollars. His best moments in this film are when he finally comes unhinged and actually punches out a burly woman to steal her bear suit (like the fart, not a joke or a functional moment during this review) then proceeds to run amok like Conan O'Brian's masturbating bear, but with half the hilarity of a bear knocking his junk around. Thankfully he meets his end shortly after when it turns out he's to be a sacrifice to the crowd at the new tour hybrid show of Burning Man and Lilith Fair. Yes!!!! I just spoiled the ending for youand if you knew any better you'd build statues of me in worship and sing songs of my legend. I sat through this crap-fest so you don't have to.<br /><br />About half way through this little misadventure I kept thinking to myself Jack Bauer would have wrapped this case up in 20 minutes of real time..OK 35 minutes if Kim gets attacked by a mountain lion first. Even Steve Martin as Inspector Clouseau could have figured this out in under an hourand you Sir are no Inspector Clouseau.<br /><br />If for some reason you are taken captive and you have a choice to see this film or take a bullet, take the bullet.<br /><br />Somewhere Uwe Boll is laughing at us all."
tt0454848,"This movie had so much potential - a strong cast, a reasonably strong idea and clearly a decent budget. I'm not sure where it all went wrong, but each of those elements was wasted. The story went nowhere, the characters were hollow to say the least and the result was a very boring, pointless, waste of a film. I hated it. Judging by the other votes, I'm in the minority here and must be some sort of freak. However, I thought this movie was dreadful. I had high hopes, but was very disappointed. A particular disappointment was Jody Foster's character. A very cocky ""fixer"" of sorts makes a nice idea. Jody was confident and sexy, but the character did nothing and went nowhere. Denzel Washington played the same character he always plays - enjoyable but nothing new."
tt0461642,"Despite what a lot of other people thought about the first movie, I really liked it. This one however. How to sum it up in one word?: This movie is (and here comes the word): CRAP!<br /><br />But let's look at it part by part: Here is the plot: Finally the old queen has been removed from her castle, but her successor: Snow white has problems of another sort: The Court-Jester, Father of her son, has gone astray, as the super, Spliss, goes to the extreme, to battle his gray hair and sells the royal offspring for some blond and full hair. In her desperation Snow white seeks the help of Bubi (Otto Walkees),who must first find his other six dwarf companions and then try to find the royal offspring or at least try to find the name of Rumpelstiltskin.<br /><br />The whole plot seems to have been written on a weekend, where the writers were very drunk but were just under pressure from the studio to write the screenplay. <br /><br />Yes, there are some good jokes. Even for fans of the first part, or for fans of any of the other actors, it's really not worth buying the the DVD. Believe me. <br /><br />The only thing, that at least kind of saves the movie from complete oblivion, are the performances of some of the actors. That's why I gave the move 3/10. Sadly, the script is so bad that none of the actors or all of them combined can make up for the bad story.<br /><br />For example, at one point, they even cross over in our reality, and sadly.. they don't do anything funny while being here. <br /><br />Still, a lot of great actors in this movie: Otto Waalkes, Ralf Schmitz, Martin Schneider, Nina Hagen, Cosma Shiva Hagen, (Especially funny): Rüdiger Hoffmann as the mirror, Helge Schneider and many more but sadly all these comedians aren't able to bring this really bad script to life. <br /><br />Maybe it is a treat for some hardcore fans but for regular movie goers or by now DVD Renters or buyers it's not worth the money. <br /><br />I even regret renting the movie."
tt0461887,"I've just visited Russian forum of our TV-channel that had showed this film. Well... 99 per cent of active Russian audience is disappointed. We wanted to see more true facts of our space achievements in this film. But authors had in mind something else... :( We are big and beautiful country with intelligent people living here. We are proud of all our space dreams, real achievements on the one hand in this field and in science on the other hand. So I'd like to ask authors: Where is our LUNOHOD? And where, the Hell our MIR station? Ah? I'm quite sure, that LUNOHOD events took place much earlier Armstrong's ""walk on Moon"". And to comment numerous technical and science mistakes - I really have no time and enough space here! Se our constructive critics in Russian forum on www.1tv.ru"
tt0463392,"This film has to be the worst I have ever seen. The title of the film deceives the audience into thinking there maybe hope. The story line of the film is laughable at best, with the acting so poor you just have to cringe. The title 'Zombie Nation' implies a hoard of zombies when in fact there are six in total. This cannot be categorised as a horror film due to the introduction of cheesy 80's music when the zombies 'attack'. The zombies actually talk and act like human beings in the film with the only difference being the make up which looks like something out a La Roux video. If you ever get the chance to buy this film then do so, then burn the copy."
tt0464095,"The Lives of the Saints starts off with an atmospheric vision of London as a bustling city of busy, quaint streets and sunshine. I was hoping it would maintain this atmosphere, but it gets bogged down in a story that goes pretty much nowhere.<br /><br />Othello works for big, fat Mr. Karva, his crime-boss step-dad (at least I think that is what he is supposed to be because it's never really defined, but he does drop kittens into deep fat friers, so trust me, he's a prick) doing scrappy little errands while his skanky girlfriend gives daddy hand-jobs. One of his colleagues is Runner, a black dude who is always dashing from A to B. Until the day he comes across almost mute homeless child who grants him his wish of being able to stop running. Runner dumps the lost boy in Othello's flat, where he promptly starts granting more wishes. Keen to have some of his own desires fulfilled, Karva has the boy kidnapped. But he isn't sure of what would really bring him happiness. Is it the innocence of being a child again or is it another hand-job? Either way, I don't want to see the little boy grant him the second.<br /><br />It just takes ages to get going and there are loads of repetitive scenes. The ending tries to be shocking but since there's hardly any back-story on investment in any of these characters it only serves as a release for the bored audience.<br /><br />Writer Tony Grisoni, a favourite of Terry Gilliam, tries to blend in some kind of religious allegory which ends up being pretentious as all hell, ironically. If he gave us something more accessible or at least had better explanations for the characters suddenly acting all weird then it would have been a more enjoyable film. As it is, we are introduced to a bunch of annoying loudmouths who then miraculously seem to develop intelligence when confronted by the mysterious boy. Who's origins are never revealed. That's just plain irritating! <br /><br />Aside from sporadic moments of atmosphere and a moody score, this film has little to recommend."
tt0468482,"This was just horrible the plot was just OK, but the rest of the was was bad . I mean come on puppet and then they even tried to make the movie digital and that made it even worse! Normally I would like low-budget movie but this was just a waste of time and almost made me want to return the set that it came on. I have about ten low-budget movie set with like 6-8 movies on them and I would have to say this is the worse movie out of all of them. Also the wording is off and they use a fake plastic machetes that doesn't even look like a real one, they could of used one that looked even a little close to a real one so save your time and money and don't watch this horrorible movie."
tt0480011,"Although I use this site quite frequently to see how other people rated what I think are challenging or just plain enjoyable films, after watching this ""movie"" on Film Four last night I felt compelled to write something down, even if it just helps cleanse me once again.<br /><br />The film was possibly the shallowest experience I've ever had - the main characters played by Danny Dyer (23? You sure?) and Gillian Anderson (who will always be Scully as Leonard Nimoy will always be Spock) had no real substance about them - I'm not sure if the first half-hour of the film didn't make the final cut but surely in a revenge movie you would like some empathy with the victims... here I couldn't care less. In fact, the only character I did seem to care about was the dog, with the stag coming a close second. And both animals out-acted Dire (sic) and Scully, who were quite frankly terrible. I guess though you're only as good as the script you are given, and I'd like to warmly thank the writers, the producers, the director and all of the cast for wasting 90 minutes of my life and some perfectly good electricity."
tt0783492,"I was supposed to review this for a website, and I watched this with optimism that perhaps it would at least be a cheesy yet entertaining rip off, and it didn't even do that well enough.<br /><br />""666: The Child"" is probably one of the worst supernatural thrillers I've ever seen (Even worse than ""Godsend"") with scenes that rip from ""The Omen"" without shame. The ending is even very similar to the way ""The Omen"" ends. <br /><br />Not to mention that the acting, writing, and story are all just hackneyed. If these movies make money, I'm sad to see where Asylum is headed. It's embarrassing."
tt0783608,"The film is bad. There is no other way to say it. The story is weak and outdated, especially for this country. I don't think most people know what a ""walker"" is or will really care. I felt as if I was watching a movie from the 70's. The subject was just not believable for the year 2007, even being set in DC. I think this rang true for everyone else who watched it too as the applause were low and quick at the end. Most didn't stay for the Q&A either.<br /><br />I don't think Schrader really thought the film out ahead of time. Many of the scenes seemed to be cut short as if they were never finished or he just didn't know how to finish them. He jumped from one scene to the next and you had to try and figure out or guess what was going on. I really didn't get Woody's (Carter) private life or boyfriend either. What were all the ""artistic"" male bondage and torture pictures (from Iraq prisons) about? What was he thinking? I think it was his very poor attempt at trying to create this dark private subculture life for Woody's character (Car). It didn't work. It didn't even seem to make sense really.<br /><br />The only good thing about this film was Woody Harrelson. He played his character (Car) flawlessly. You really did get a great sense of what a ""walker"" may have been like (say twenty years ago). He was great and most likely will never get recognized for it. <br /><br />As for Lauren, Lily and Kristin... Boring.<br /><br />Don't see it! It is painful! Unless you are a true Harrelson fan."
tt0787475,"Quite possibly the worst movie I've ever seen; I was ready to walk out after the first ten minutes. The only people laughing in the theater were the tweeners. Don't get me wrong, I love silly, stupid movies just as much as the next gal, but the whole premise, writing and humor stunk. It seemed to me that they were going for a ""Napoleon Dynamite"" feel - strange and random scenes which would lead to a cult audience. Instead, it ended up being forced, awkward and weird.<br /><br />The only bright light was Isla Fisher and I just felt utterly awful that she (and Sissy Spacek) had signed up for this horrible thing.<br /><br />Thank gosh I didn't pay for it."
tt0791304,"I haven't seen this, & don't plan to see this movie or any other that includes Lindsay......unless & until ""poor little rich girl"" straightens out her life for a 2 year period beginning with her most recent arrest in July 2007.<br /><br />In fact, I don't know anyone that has gone to see ANY of Lindsay's recent movies. I rather imagine 2007 will be the high water mark in her movie making career, until she cleans up her act. All of the recent publicity has only hindered her movie making career, if she has any further aspirations to make any more movies <br /><br />Up to this time, movie producers have actively sought Lindsay for roles in their upcoming production. Now, Lindsay will probably have to go to auditions & actually compete for ANY role. Her reputation is currently ""poison"" & quite possible could have a negative effect on box office ticket sales on any movie she is in.<br /><br />Sooooo....now Lindsay is going to have to deal with ""not being wanted"".....is she going to be able to handle this?<br /><br />I wonder if even Jay Leno will want to have Lindsay back on his TV Show?<br /><br />All of the foregoing is merely my OPINION. I have no inside information."
tt0799862,"As a huge fan of only the first 2 seasons of BSG and the stand alone feature BSG Razor I was hoping that this release would return the franchise to its original glory days. Usually I have no problem with science fiction that is mostly dialog driven as opposed to a visual bonanza of special effects. If the script is tight with some original ideas delivered by good actors one can create a profound film with little CGI money spent. This prequel has none of those aforementioned requirements going for it. The virtual reality world created by the terrorist teenagers was both ridiculous & unbelievable. This scene was simply put there to raise the release rating to Restricted. Not that teens don't love virtual reality mosh pits filled with sex & violence & heavy dance music. Its the part about those same teens having the intellectual depth & reason or political & religious passion as to create such futuristic software or become suicide bombers that perplexes me. These kids are definitely not from this planet. The movie plays out like a soap opera with only the last 10 minutes being slightly interesting. The scene with Eric Stolz giving his cyborg a devine conscienceness via the student firmware upgrade was amusing if not entertaining. But this old concept was far better portrayed & much more believable in the brilliant, classic original ""Frankenstein"" with Boris Karloff. Caprica rips off its only interesting idea from an old Hollywood horror film. No surprise there! Overall this movie was bland & unoriginal & cheap looking, using recycled CGI of Caprica from BSG. I doubt I'll be watching this space soap when it premieres on the Sci-Fi channel. Unless of course I happen to be suffering from a bad bout of insomnia at which time this show would definitely be the cure. Zzzzzzzz"
tt0800069,"THHE2 is entertaining in that you'll laugh a lot and cringe and probably say ""oh sh*t!"" and ""get your face away from the goddamn hole you dumb**s"" or things along those lines but I don't know if its really worth seeing- I was very annoyed throughout the entirety with the horrible military characters who don't seem to know the first thing about combat.<br /><br />Yes there was more violence, gore, and a higher body count than the first one but I am still am debating whether that cancels out my feeling throughout the whole movie about how ridiculous it is (and not a good ridiculousness like Dead Alive or Feast). My time would have been better spent watching Aja's remake for the 5th time.<br /><br />So go for some laughs, or go for some gore, but don't go hoping to come out of it satisfied."
tt0804541,"....CAUSE IT'S CRAP! The kind of movie that makes you want to go and smack the movie maker and say ""WHY?"". Horrible camera work...count the times the camera tries to remain steady on one person and can't. The dialog is ridiculous. The acting is comical. It looks like they took over a ghost town in the west to see if they could make a movie on the least amount of money possible. I'd bet $10 they used home video cameras to make this. Either that, or most of the cameramen were drunk. Truly the trailers are more entertaining than the movie. If you ever want to host a ""Worst Movie Party"", bring this one. Want more entertainment...stare at a wall."
tt0806203,"""Carriers"" follows the exploits of two guys and two gals in a stolen Mercedes with the words road warrior on the hood hightailing it down the highway for the beach with surfboards strapped to the top of their car. Brian (Chris Pine of ""Star Trek"") is driving and his girlfriend Bobby (Piper Perabo of ""Coyote Ugly"")has shotgun, while Brian's younger brother, Danny (Lou Taylor Pucci of ""Fanboys"") and his friend--not exactly girlfriend--Kate (Emily VanCamp of ""The Ring 2"") occupy the backseat. This quartet of twentysomething characters are living in a nightmare. Apparently, a viral pandemic--which co-directors & co-scenarists Alex Pastor and David Pastor tell us absolutely nothing about--has devastated America. Naturally, the lack of exposition shaves off at least fifteen minutes that would have slowed down this cynical melodrama about how humans degenerate in a crisis and become their own worst enemies.<br /><br />This lethal virus gives you the shingles and then you bleed and die. Most everybody runs around wearing those white masks strapped to their nose and mouth by a thin rubber band. Initially, this foursome encounters a desperate father, Frank (Christopher Meloni of ""Runaway Bride""),and his cute little daughter Jodie (Kiernan Shipka of ""Land of the Lost"") blocking the highway with their SUV. Brian swerves around Frank when he tries to waylay them, but in the process, the oil pan in their Mercedes ruptures and they wind up on foot. Reluctantly, they hitch a ride with Frank after they seal Jodie up in the rear of the SUV. She wears a mask over her nose and mouth and it is speckled with blood. Frank has heard that doctors are curing ailing people at a hospital and they head to it. Sadly, somebody has lied to Frank. The hospital physician is giving the last couple of kids some Kool-Aid that will put them out of their misery. The cure did not improve their condition. Everybody else in town is dead. Kate tries without success to get a dial tone on every phone. Frank realizes that there is no hope for his daughter and he lets the heroic quartet appropriate his SUV and take off.<br /><br />Indeed, ""Carriers"" qualifies as a relentlessly depressing movie about the effects of a pandemic on four sympathetic people who degenerate into homicidal murderers to protect themselves. They reach a country club and frolic around on a golf course until another four show up in suits and masks with pump-action shotguns. Incredibly, our protagonists manage to escape without getting shot, but Brian has a scare when he almost falls into the water with a floating corpse. Eventually, they discover that one of them has become infected. Later, as they are about to run out of gas, Brian blocks the highway like Frank did at the outset. Danny tries to stop a pair of older Christian women driving the car. Danny lies that his pregnant wife is about to give birth and he needs their help. Brian throws caution to the wind and blasts away at the ladies with his automatic pistol when they refuse to help them. Brian catches a slug in the leg from the passenger, but he kills her. <br /><br />No,""Carriers"" is not a beer & pizza movie that you can either laugh off or laugh with because the humor is virtually non-existent. By the end of this 84-minute movie, our heroes have turned into villains who only care only for themselves and their plight. Chris Pine makes quite an impression as fun-loving Brian and his energetic performance is the only reason to hang with this hokum, while the only other well-known actress, Piper Perabo, is relegated to an inconsequential girlfriend role. As Bobby, she makes tragic the mistake of showing compassion to a dying little girl and pays an awful price. It is a testament to Pine's performance that he can change his character to the point of putting himself before others. Essentially, Pine has the only role that gives him the ability to pull a one-eighty from happy-go-lucky guy to heartless guy. <br /><br />The two directors are Spanish brothers, and they never let the momentum flag. Since there is no relief in sight, ""Carriers"" sinks into predictability. ""Irréversible"" cinematographer Benoît Debie does a fantastic job with his widescreen lensing and as unsavory as this road trip becomes, Debie makes it look like a dynamic film. Aside from the lack of a happy ending or closure in any sense of the word, ""Carriers"" suffers because it is so horribly cynical. The scene when the German shepherd attacks Danny conjures up the most suspense, but even it could have been improved. Unfortunately, the Pastor brothers do not scare up either much tension or suspense. By fade-out, you really don't care what happens to anybody."
tt0865957,"I can't say that Wargames: The Dead Code is the worst movie I've ever seen, as it had one or two decent moments, but I can easily say it's the most transparent movie I've ever seen. Not once did a plot device present itself without me guessing it 10+ minutes in advance. There was no subtlety to anything the movie did, no intelligence evident at all behind the scenes. Every spoken or typed line's intent was so glaringly obvious it was impossible to ""get into"" the movie.<br /><br />I found myself laughing at the horribly thought out plot line, and the bumbled attempts to reclaim the audience, far more often than I found myself enjoying the movie."
tt0874679,"This mini-series is actually more entertaining than some others with much bigger budgets and grander aspirations. SOTD falls somewhere between ""Kung-Fu"" and ""H R Pufnstuff"" on the entertainment spectrum. If it weren't so long (nearly 3 hours) I think that kids would like it quite a bit. It's got adventure, action, ""cliffhanger scenes"", and not too much romance or other ""icky"" stuff. When you're young, you're not too critical of flexing rubber swords, campy acting, and scenes that are repeated. (At least two scenes are repeated identically in the movie, just as was done in old-time serials in order to bring the audience up to speed.) Finally, kids are usually more accepting of American English dialogue coming out of the mouths of Asian actors. (Not to mention the fact that several of the leading roles are played by non-Asian actors.) <br /><br />I was going to give this movie three stars, but I felt like the director, producers, and cast deserved some extra credit for at least carrying through on the project. This movie is not art, but, like painting your house, it actually took some time, effort, and discipline to get it made.<br /><br />Overall, not a recommended use for your time, but it might keep the kids entertained while traveling in the mini-van.<br /><br />Oh, yeah...hey, IMDb! ""Dialogue"" is the preferred and traditional spelling. Your spell-checking seems to think that ""dialog"" is the proper spelling. While ""dialog"" is acceptable, both Webster's and the OED consider it an alternative form."
tt0926129,"PROM NIGHT (2008)<br /><br />directed by: Nelson McCormick<br /><br />starring: Brittany Snow, Scott Porter, Jessica Stroup, and Dana Davis<br /><br />plot: Three years ago, Donna (Brittany Snow) witnessed the death of her entire family at the hands of her teacher (Jonathan Schaech) who has a bit of a crush on her. Now, she is preparing for her senior prom with her stupid annoying friends. Once there, they start dying one by one because the killer escaped from prison and no one bothered to warn Donna because apparently her prom is too important to interrupt. <br /><br />pros: I got a few good laughs out of the film due to the terrible dialog and the dumb character moves.<br /><br />An example:<br /><br />Everyone decides not to tell Donna that the man who is oddly obsessed with her (she doesn't seem that great) has escaped from prison. Their reason: They don't want to embarrass her in front of all her friends. LOL<br /><br />cons: Let me start off by saying I'm a huge slasher fan. Usually I can have fun with even the bad ones. I even like some PG-13 horror films. TOURIST TRAP (1979), one of my favorites, was originally rated PG. I also enjoy POLTERGEIST (1982) and THE GRUDGE (2004). So the fact that this is a dumb slasher film that is rated PG-13 does not have anything to do with me not enjoying the movie.<br /><br />First of all, I had a big problem with the story. I like slasher films that don't even have stories. At least they can be entertaining. This is about a teacher who falls in love with his student, so he kills her entire family. A few years later, he tries to make it up to her by ruining her prom and killing all of her friends ...? Then there were subplots that I doubt anyone cared about. Claire (Jessica Stroup) is fighting with her boyfriend, she has cramps, and I couldn't care less. This should have been a Lifetime feature, not a remake of PROM NIGHT. <br /><br />And then ... this is a slasher film with terrible death scenes. I don't even care that it's not that gory, some of my favorite slashers (HALLOWEEN, CURTAINS, the original PROM NIGHT) were not that gory but they still had effective murders. Here, we have half the characters dying in the same hotel room off screen, a woman being stabbed several times with no stab wounds, and a closeup on a bad actor's face as he screams in agony. I'm sure that 10 year-old girls were terrified, but not me.<br /><br />I also hated the characters. There was Donna's unrealistically sensitive boyfriend Bobby (Scott Porter) and I can almost guarantee you will never meet a boyfriend that sensitive in your life, unless you are a gay male. Then we had Donna's annoying friends Claire (Stroup) and Lisa (Dana Davis), and the token mean girl Chrissy (Brianne Davis). If you thought the characters in DEATH PROOF were annoying, try watching this movie. And don't get me started on Ronnie (Collins Pennie) and the DJ (Jay Phillips) who gave me flashbacks to Usher's performance in SHE'S ALL THAT.<br /><br />Add to all that predictable plot turns, a terrible soundtrack and a big lack of respect to the original material, and you have quite a stinker."
tt0986354,"This was not enjoyable to watch. Frank puts all his dreams on the back burner and gets a normal (boring!) job just so his stepson can go to film school, but his stepson decides that he'll make a humiliating documentary about the man instead. A documentary filmmaker should point the camera and simply shoot, not manipulate and comment with snide captions. The bitterness and resentment of the filmmaker towards his stepfather is obvious. And sad. The goal seems to be to make Frank appear dumb and pathetic, instead he comes across as the most human of the 3 people featured.<br /><br />Essentially a smear campaign all dressed up as something much smarter and edgier than it really is. It left me with an intense dislike for the filmmaker."
