product_id,review
B00ZFT6W26,"Bracelet really nice ! Wife loves it! reviews complain that bracelet small . My wife has very small wrist and it fit perfect . GREAT FOR SMALL WRISTS

Very very small. This should be for a child

Will be used for wedding ceremony at Hawaii in 2 weeks. My wife loves it!

For five year olds first jewelry box and I have the real kind. There is no comparison from mine and gift for a childs

Just what I wanted. This is a perfect assesory for any occasion

Very happy with this bracelet

I love it. It looks good and fits great.

This is an unsolicited review I want to say first of and then I will follow it by saying I do love this bracelet. It is small but that works for me because I have pretty small wrists however they do include and extension in the way of an additional clasp. The stones are Georgiou's!

This white gold plated tennis bracelet is gorgeous and it sparkles. It looks beautiful on and it fit me well. Luckily, I have a small wrist so I ordered the 16 centimeters but I should have gotten the 17 centimeters because the bracelet is small but thankfully it comes with an extender. The bracelet is very sturdy with a back clasp and it felt very comfortable on and looked very expensive than what it really is. The Austrian crystals really shine and dazzle too and comes in a cute box ready for gift giving. I recieved this product for testing and review purposes.

I just love all the flashing, it shine so much in the sun. All my friends love it also and so do I. I gave one to my daughter for her 18th birthday and she love it. Thanks

I got the smaller size for my granddaughter, larger for me. I've gotten many compliments. Every girl has got to have some bling

It was listed as size 7"". When received it was 6"". It was to be worn to a wedding and there was no time to send it back in time to wear, so I tried to extend it which didn't work. I will never buy anything from DF jewelry again. Lee Stanek

Love it!!"
B00VHKMRB2,"Love this 2 pcs vintage bracelet . IT just a littler hard to hook on but with a littler help is doable. I only had the chance to wear the black one and waiting for especial occasion for the brown , but so far I got a lot of compliment on it

Love these. Would be great as mother daughter bracelets. Made very well for the price.

Both of these are beautiful bracelets! They are both made of nice leather straps. The charms are attached by the leather straps being wrapped around them. They are on there very secure and not going to fall off. They are bound together at the back by metal pieces. This is a very well made bracelet. I love the look of many bracelets stacked together. I received these at a discounted rate for my honest review. I love them! I was going to use one as a gift but now I think I want to keep them both for myself!

As I reviewed these bracelets at a discounted rate for my honest and unbiased opinion, I found them to be incredibly cute. This is a perfect gift for teenage girls. One is brown leather with the words Love and Best Friends, it also has a double heart pendant. The black leather one has an eternity symbol, Best Friends, a tree, and Love. This would also be a great alternative to best friend necklaces. The quality is great. The clasps are durable and they are very easy to put on. The size is adjustable to fit most wrist sizes. I would definitely recommend these as a gift or to purchase for yourself and your best friend.

these bracelets are just gorgeous! i love them and my best friend will also! highly recommend these! i received these at a discounted rate in exchange for an honest review.

Lower quality than expected but still worth the money.

Very good for the price

Cheap quality broke easily

I bought several of these so that my daughter's could give them as gifts...loved them!

One of them broke within the first day

Nice friendship bracelets. Very stylish for young ladies and adults.

Cheap quality.

I love it.

Love the bracelets. Wish I could get the bracelet a little tighter around the wrist.

These are honestly the cutest bracelets I've seen. Very adult-like and well made. You can't beat the price either!

This is an awesome set of friendship bracelets. I'd give 4 stars, but the claps on it is weak and it broke...I fixed it by tieing it together though, so it should be okay. They sent it alot early than expected, I sent them an email asking to ship faster because Im moving, and one day later, I get it. I DEFINITLY recomend this product. Im vary clumbsy, so Iit might just be me that has problems with the clasp. You might not have any trouble. Id say buy it for you and your friends. Its awesome (:

Great deal!"
B00WFQJFFI,"Great Christmas gift!!

This was a gift for my mother and she loved it.

I Absolutely Love this bracelet. The quality is very nice and the fact that it is adjustable makes it comfortable to wear. I received it within two days and it came nicely packaged. I have a few Alex and Ani bracelets, but this one is my favorite. I recommend this seller."
B00OF92O9W,"I had to remove two links which was easy except hard to see. It is very pretty. Had to edit my review because the clasp kept coming undone. I am rough on my jewelry. We super glued it shut, if I ever have to take it off I'm in trouble.

Nice fit

My daughter wears it everyday and loves it.

I love it. The ability to adjust the length is also really cool.

Not as advertised"
B00UJJC0OQ,"I mean it was only $2 so you can't expect Claire's quality jewelry...still, it's better than I was expecting for the most part. It doesn't feel like leather and looks more like shiny cheap plastic-y pleather. The charms are lightweight. The only annoying thing is the clasp which is really big and leaves a big gap even on the tightest link, so the charms side kept slipping to the inside of my wrist. I ended up having to tie a little white thread around the clasps to tighten the bracelet but it still kept slipping so you'll have to keep readjusting the bracelet throughout the day and I don't think it would last very long with that much handling. But it looks cool and expensive from far away so if you need costume jewelry or just something for a one day outfit then this would be a good investment....buuuut it did take a month to ship so there's that too.

I love the anchor theme on this bracelet. Very happy that it is adjustable since many bracelets don't fit my larger wrist.

This bracelet is one of the cutest accessories I've ever bought, and appears as cute in real life as it does in the picture, BUT there is a flaw. I'm not saying that this happens to everyone, but the bracelet I ordered constantly comes apart at the clip. I find myself having to tighten the links constantly and I've stopped wearing mine for the time being. Four stars for quick delivery and the similarity of the bracelet and the picture, but missing one for the annoying links in the chain.

Very cute"
B005CI96GY,"Looks all right but doesn't stay tight, twists on wrist so metal plate is down, metal plate is bigger than it appears in the picture...too big in my estimation.

never got to actually wear it, it broke as soon as I tried to adjust it. I would not purchase"
B01C97Y07K,"Cord unraveled but nice overall

The bracelet was more beautiful in person. I like the wieght of the bracelet. The charm was smooth so you don't have to worry about snagging your clothes. I will definitely purchase from this company again.

I am in love with this bracelet! I am a bigger gal, so my wrists are bigger than the normal size, so bracelets are hard to find. I ordered this anyways, because I love the cross design, and hoped for the best. At first glance, I didn't think this would work, because it didn't fit me, and I didn't see where it was adjustable, so I was going to give up. However, I kept investigating it, and saw 2 little gaps, and figured out that it was adjustable! You just have to pull the strings to loosen it up, and once on, pull the opposite way to tighten it back up again! I will be wearing this a lot! The only negative to this bracelet, is the 2 long strings that hang down from it while wearing it, it's a bit annoying, but I will figure out a way to tuck in the strings so its better. I received this product at a discount in exchange for my honest review!!

I bought this bracelet for my teenage daughter who LOVES jewelry, she wanted another accessory for her vast collection. The seller offered a variety of color choices, however we stuck with a classy clear, and gold-tone. When the bracelet arrived, it was exactly as pictured, the bronze goldish color was a great contrast to the sparkle of the gems. The charm at the center of the bracelet is an Egyptian Ankh which symbolizes the breath of life. The size of the charm was 1.5"" x 1.0"" with adjustable drawstrings that can be used to either tighten or loosen the bracelet to fit many wrist sizes. Though how to loosen and tighten the bracelet was a bit difficult for me, my fashion forward daughter found it quite simple and easy. The bracelet fit my daughter well and the stones have yet to fall off. Overall, this product is a fashionable Egyptian Ankh bracelet that my daughter loves to wear as an accessory to many of her outfits. I received this product at a discount in exchange for my honest and unbiased opinion."
B014439LRG,"Not really adjustable - you must have a very small wrist to wear this - really meant for a girl, not a grown-up."
B00HJ8JTIU,"Im not sure if this rocks are real or plastic it doesn't look like real to me, it looks more plastic.

I have bought several of these bracelets from this seller. I love each and everyone of them. They are well made and lovely.

I bought one for a friend, then went on to purchase one for myself and another friend. Very well liked by the recipients.

Love it!!!

Nice bracelet I bout for my boyfriend . Very quick shipping. beautiful piece. I would recomend !!! I <3 The Potter's Stones

Just got it yesterday and from the moment I opened the package I loved it! It's so pretty and fit so comfortable, I like the size of the beads, it makes it easy to work at my computer and answer phones. The stones are natural and pretty, I can't wait until my 3 other bracelets arrive soon. And the seller was terrific and so helpful with my order being processed. I can definitely see myself purchasing more stuff from this company/seller. Thanks, Debra

Very pretty real stones . I love how heavy ( not plastic ) it is . But not too heavy to wear

Craftsmanship= Excellent Quality= Excellent Price= You get what you pay for, outstanding! Customer Service= Above and beyond When I got the bracelet it was little too large so I contacted Katherine (Potter's Stones) and received a quick reply to send back and she'd resize at no charge, priority mail it back. When it came (waited less than a week after sending it)...it fit better but I wanted it a little smaller and it didn't look like the pictured bracelet I feel in luv with. Never the less after a quick message to Katherine...again, and her kind and courteous reply, I got my resized beautiful bracelet back. Her customer service to my needs was superb!! The bracelet is exactly as pictured in her ads at my size and I couldn't be a happier buyer! Most definitely will recommend her jewelry/business to my friends, all around excellent experience, thank you Katherine and The Potter's Stones, LLC!! ....from a finicky but appreciative buyer; Christine :)

Love it! Fits perfectly. I have a 7-1/2"" wrist and it is not right or too loose. Fits like a bangle and does drop to the base of my hand but won't slip off. Stones are all bright and colorful.

The Prosperity Symphony Of Gemstone Beads Bracelet is stunning! It's exactly as depicted (even better!), appears to be well-made and will incorporate with many of my other mala bracelets. Worth the price. HIGHLY RECOMMENDED product and seller. THANKS!

The selection of gemstones and pattern of this bracelet is very nice good quality work! !

Excellent Product, very pretty

I love my bracelet! It looks wonderful. I wear it everyday!

I love it as it feels special...however, the stones do get heavy for a bracelet. I guess you have to make that call because I keep removing it after some time.

Very cute

Great product my sister bought it for her and she loves it.

Gorgeous! Loved it so much that I ordered a different bracelet, I wear them together and I hope to get more. Great quality and very beautiful. I call this one my ""lucky bracelet."" <3

The bracelet is really pretty but it is rather big on my wrist, the bead size is great.

It is beautiful but for a small in size it is a bit too big but I will keep it.

Very cute.

Love it wear it all the time.

Lovely bracelet, I wear it everyday!

Love it! It's also a very good size & has some weight to it. The string also feels very aturdy. Just hope the stones are genuine & not painted.

I love the beads and how the bracelet was made. I, personally, removed all but one of the silver beads since I have a very small wrist. Had this for almost a year now.

shipping was fast. Looks the same as picture. love it.

I love the bracelet, but I found it odd that when I first put it on I couldn't get it wet or the colors on some of the beads would stain my wrists. They are definitely sprayed with something to get them to look shiny I guess, which surprised me. I wouldn't have expected genuine beads to have dye on them. It made me question how "
B00EBQU1WQ,Nice fit and adjustable
B00L4YBJRE,"I thought it would be smaller and more delicate. I also thought the color was gold but it is actually copper. Still cute.

Amazing good thank u

awesome

broke two days after

The item is fine. The color was much more ""copper"" than expected but I'm growing to like it more. The tangle is cute but it does tangle in the butterfly.

Looking good in my feet

Never used it because of the really bad material. I paid for nothing.

Pretty good

Really cute

Very pretty!

Gave it as a gift and it fit great

I like it

Didn't even have it on 4 days & it broke

good

Ads misleading. Cheap but price is what you are paying for.

Not what i expected

Brock right out of the box. A waist of money. Cheaply made.

Nice anklet. It's very dainty, I love it. The chain is a little thin but it's durable so don't worry.

it broke so fast

Didn't even last long. Broke.

I bought 2 of these anklets (one for each ankle) and I love the little butteries wt the bigger on with the tassels with a crystal in it.

Nice.

Very flimsy, not what I expected.

great

Excellent

Too small

Loved it but didn't last to long, just protect it, I am kinda hard on things :)

Not very good quality. It broke and fell off my ankle the 2nd day I had it.

Chain is thin and made cheap. This item broke the first time I wore it

Beautiful

The anklet was beautiful but only lasted for a few hours before it popped!! And being that it took so long to arrive... It was extremely disappointing!!

Good

ITS NOT EVEN REAL.... IT WAS DISCOLORED UPON ARRIVAL. IM NOT GOING TO DARE PUT THIS ON MY SKIN...

This is just Beautiful . I love it

Broke within a day

Better than the picture! I love it!

Very pretty buttttttt.....Had this on for less than an hour and the chain broke. Very disappointed!!

poor quality bur ok for once or twice...

Like very much.

Needs an extender piece to small.

It broke twice within 24 hours. We certainly knew it wasn't a fine piece of jewelry but thought it would hold up for longer than 24 hours of wear

I was very disappointed at how small it was running. Does not fit my ankle, I bought 4 different ones and this is the only one that does not fit...

Nice anklet, little on the cheap side but good for a few wears until it gets ruined :)

love it

wife bought it and broke in 5 days, poor quality!

Broke after two weeks

Not exactly what I expected

cute but fits small

The price was resasonable and it is plenty large for women wearing sizes 8-14 adults. Probably, will tarnish but was ithe Butterfly designed that I purchased it for friend. Ships from China so allow time in the mail. Enjoy it is very pretty. Linda

so pretty but broke immediately

Really cute for summer.

Can't even give a star , but had to . Broke within first two hours a of having . The clasp came off . Very disappointed . It's cute and fit is great . Just didn't do its job , to stay on ankle

I love ankle bracelets and this one is very pretty... just got it today and I really love it.

Great deal and great looking as well !!!!

really a cute bracelet.

The ankle bracelet broke the first time I wore it.

I bought 2 of these as gifts and I loved them they are so pretty and looked just like the photo except shinier loved the price and the the quality

Loved it. A gift for self

Loved it!!!lot of compliments when I wear it!!

The charm was so beautiful, I was so excited when this first arrived, but when I pulled it out of the bag it broke in less than 5 minutes

Love the product

it was OK for the price

I tried wearing this one day to work although it was too big. I found a way to hook it to another part of the anklet for it to look ok. Well the butterfly kept digging into my ankle by the end of the day. It was a good price and very pretty. Love the rose gold shade of the metal. But unless you wear a size nine anklet, this won't work.

Very poor cause somebody stole my bracelet

Was not what I expected

BROKE TWO SECONDS AFTER I PUT IT ON

This ankle bracelet was cute but only lasted a couple days bec"
B0163JGXG6,"Just perfectttt

love it!

Love it very well made!

Love it

It's just like the picture it's awesome totally worth it

Great bracelet awesome design will recommend to friends

Badass love it no complaints.. Ships fast

Got this for my boyfriends birthday and he said that he has been wanting a bracelet like this for a while and he loves it. It is adjustable and great quality. Fast shipping too."
B00KCDSSV8,"As the MoM of a Marine, I was very excited to find this item, because I always want to show my pride. Upon receipt, I immediately put it on, however, the charm (metal piece that says Military Mom), would not lie flat. I thought over time maybe it would conform to my arm somewhat. But after wearing it only 3 times the band itself ( the paracord) started to unravel. It's nice looking, but not functional and it didn't withstand wear. I would not purchase another one and I was extremely disappointed.

Just what I wanted. I like that it is adjustable."
B00ZVFQRGK,"Very pretty, but a looks a little 'under made'.... could have been made a bit smoother. fits perfect and can't wait to put charms on it

Nice weight, good Strength, as advertised. Looks nice and seems sturdy.

Exactly as seen online. Packaged neatly and wrapped; adjustable size. Perfect for lobster clasp charms!

Excellent piece, exactly as described, fits perfectly and looks beautiful.

I love it,

Hard to close

Item turned colors within a few days!!!

I love this bracelet! It looks very true to the picture. The links were soldered shut and all in all, this is a very nice bracelet. Doesn't look cheap at all. I'm going to wear mine all the time! Thank you

Love this bracelet. It is heavy and pretty with the dangling heart on the end. I put it on the day it came in and I haven't take it off yet and it is holding up.

Made a sweet little Mother's Day gift for my mom with this. She loved it!

Had to change my review, it is Changing colors, looks more like copper.. ughhhhhh sooooooo disappointed This is definitely garbage, wish I would have looked at the pics that are up from other consumers, I it turned within 2 days. definitely not sterling or white gold like it says

Beautiful. Perfect. Came with a gift box.

I wanted to start a charm bracelet for my 5 year old grand daughter and this bracelet was perfect because it can be clasped on any of the links. She can wear this bracelet for a very long time as she grows. The quality of the bracelet is exceptional, I couldn't be happier!

I love the way it looks and what a great price for a starter charm bracelet. My daughter has been asking for a charm bracelet for almost a year and I looked into getting one from Kay and Zales....but she is 6 and needs to learn how to take care and keep up with things before I buy an expensive one. I am not disappointed in any way with this product. It looks so cute on her.

Fawesome !!!

Cheap, gave it to little girl because it looked like it was for little girl's dress up.

nice quality

I really love it. It is thick and I like that I can chose the size also my charms fight good on it. I could not add a photo. Would not let me

Very cute. Just as expected

Great

It rusted within a month. It will make a mark on your wrist. Don't buy it.

Very nice

I love this heart charm bracelet. I have a small wrist and I can use the clasp to fit closer on my arm.

Beautiful!

This piece broke very quickly! You get what you pay for I guess, won't but again.

It's very nice

great quality!

Poor quality. Tarnished after a few days.

I have purchased 2 of these bracelets for my daughter. They have both broke.

Perfect

Very pretty piece! I was surprised by the weight. It's pretty heavy duty. Looks great and is pretty eye catching. I love it and it's definitely worth what I paid.

Great product at an amazing price

I bought two of these to go with a set of charms I found on Amazon. I have no complaints other than the fact that these bracelets seem very dainty. I don't imagine they're going to last long with the heavier charms. I could be wrong. Only time will tell.

This bracelet was given as a gift with one charm.

love it

Good

I was a little worried it was going to be to small when I pulled it out if the box but it fits my wrist so it will fit my daughter's. It is a very pretty chain.

Nice quality bracelet for not much money, Sturdy enough for attaching charms.

I was happily surprised at the quality of this bracelet. It has a bit of weight to it! I put a few charms on it, but it is certainly pretty enough to wear as it comes!

Turned copper color very cheap. Very disappointed

I loved it !

Elegant

Great item

I like the bracelet

I love this bracelet. It's lightweight and is very comfortable to wear all the time....love it!!!

cute but after a few weeks it changed color.. not sterling silver

Perfect gift for my daughter. Very pretty and delicate.

Bracelet is made well and has room for several charms.

Cheap

as described, very nice looking, runs a little on"
B017QVT3G2,"This bracelet is adorable but not durable. The two braided bands fell off the first time I wore it. Not much without them. Bead is nice. I'm hoping it stretches and I can wear around my ankle. Good luck!

Wasn't very high quality. It was also way to small, I could only see it fitting a small child that's how small it is.

Super fast shipping from China. Nice looking bracelet. One of my favorites.

Thank you for such a pretty bracelet I'm enjoying it so much that I told some friends about it.

Nice beading.

The package arrived open and empty.

I loved the quality, and look of it, however it was too small for my wrist...

Very nice !!!

I bought this bracelet to wear as part of a punk 80s look, costume. It totally fit my expectations! It has two snaps for adjusting the length. I like it enough that it could be worn with any casual outfit.

love it!!!!

Very nice

Arrived in 2 days in a beautiful couch. I love it!

Nice bracelet. Fits a bit loose on my wrist, but otherwise has a nice look to it.

Great value, Very unique. I recommend it!

Great product for the cost!

very well made. going to buy more.

classy and sturdy well made

I have this on today, love it.

This is a very nice bracelet. The fit is adjustable however it does not go small enough for a 6"" wrist. I am able to wear it but it constantly spins around with the beads landing on the back and not visible.

I like this bracelet, however the first thing I noticed was the snaps. With the colors of the beads, and the black leather strap, I would have preferred black snaps. The gold snaps just look out of place

This fit my big wrist on the second snap, but the snaps don't look great and it often spins, resulting in the snaps usually being on top.

Wow I can not believe that this is sold out of men's department this bracelet must run on Asian sizes too bcuz there's no way on this earth a 15yr old 6' (200 lb)boy could wear this, my daughter is 16yr old and 5'4 (115lb) and it fits her perfect, next time, I won't buy ANY JEWELRY (""HANDMADE"") FROM AMAZON AGAIN...

The Pandora beads make this an excellent addition to any jewellery lover. It's beautiful and a great gift for family, friend or self.

Great bracelet! Very nice, I have gotten lots of compliments on it. It is a little large for my wrist, but I make it work.

look nice good for gift"
B000646BWG,"I have had nothing but problems with this bracelet. Everytime I wear it something breaks. Either the cross gets caught on something and falls off or the links pull apart so that the whole bracelet falls off. I've even had the center Ball on a wire peice fall of. How it came off of both sides at onece is beyond me. Whats more, it snags on all my clothing. Don't bye this unless you want to fix it every time you wear it."
B00IMLDYK2,"I purchased several of these bracelets for people in my life. Women and men both. The bracelets do not hold up long term. My husband wore his everyday but removed it to shower. Never got it wet and eventually after only a few months the cord broke. This has happened twice. The first time the company sent us a replacement. The second time I couldn't not even get them to answer my email. I did not purchase these bracelets off Amazon but directly from My Saint My Hero website. I will not be purchasing their products again as they do not hold up. And also the finish does come off the medals as stated in another review.

At first I was really impressed at the quality of this bracelet. However the ""silver"" is beginning to wear off just like the cheaper ones I have owned. So I can only give it 3 stars.

I had one before and lost it. I liked it from the beginning!

I love this bracelet, wear it every day.

I had one previously but gave it to a friend who needed it at the time. Very well made.

I wear it everyday. Well made and attractive. I also believe in it's power to help heal/give guidance.

Love the bracelet and its significance

I love this St Benedict bracelet. It is so sturdy, not fragile, but certainly beautiful. I work in a health club and do not concern myself with it's breaking. I highly recommend this."
B01E17AVCE,"Gave these to my granddaughters who love them. Good quality.

I bought it for my niece who likes cats. Christmas gift. pretty good for the price. easy to connect.

Love this charming cat as he wraps himself around my wrist with a mewo look. I love how his long tail swirls and is a great look with sweaters or summer ware. He is too adorable not to ware all the time. So this cat will be on the go as he wraps around my wrist. Might get one in rose gold be fun to have two on the prowl. Have fun with yours.

I have smaller wrists then most women. But i love it . It fits perfect.

Absolutely adorable. I was afraid it might be a bit too small because of the ""girls"", but it is a complete success. It fits like a dream and the weight of the cat is light enough so it doesn't drop down to the inside of my wrist when I move.

This was a Christmas gift and it was so adorable. High quality for such a low price. I would buy from this business again for sure. Such an adorable kitty bracelet.

Present for my daughter. She loved it & it's very pretty.

This is adorable, especially for the price. I bought it as a gift and the recipient loved it. I will say it's a little small for an adult bracelet, so if you have a larger wrist it may not fit.

Love it!

My daughter loves this I got it for her for a grad present

Cute; well made bracelet.

So cute, I had to buy another.

Item is somewhat smaller than picture but nonetheless its overall quality was easily up to expectations. Happy with the purchase."
B00ZQ389FY,I love it. it looks great in my stack of bangles.
B00PAJPKX8,"Bracelet turned black within days of wearing, thought maybe it was something it was exposed to so swtched out to second bracelet with same results. Waste of money don't buy"
B000KM77BI,good product. good service. GREAT value especially if you're (like me and) not knowledeable about gems and don't know how to shop
B000RAUVW0,"Pretty and with magnets; I love it and wear it a lot. i don't know if it's true or not, but my wrist doesn't ache anymore.

It was good for like a month! I am stay home mom. And did not make the day by the day worked at home.

It is very cute and the child I gave it to liked it but the colors are awful and dull!

Very cute for the price. I like the multi-colors of the ladybugs. I belong to a group called The Ladybugs and this is just perfect...matches anything I wear.

I am really happy I ordered this bracelet. The colors are beautiful and it is comfortable to wear. I haven't had mine off since I received it. It arrived in a lovely box. I was so happy with mine I ordered 2 more. I recommend this bracelet to everyone."
B00DQS2I9E,"This was by far the poorest thibng I have ever soon, It arrived damaged, was told a relacent woud folloe.... still eaitimg after six monts, tods I would be credited, never happen... I would never ever recommend..

Doesn't keep time well. Off about 15 minutes by the end of the day. Bummed because it looks great. :- /

it broke and did not work after 2 days. definitely not worth the purchase. Tried to replace battery and still doesn't work

So I was excited to get this. But its a rip off. I try pressing the buttons and following the instructions. But this is not turning on at all. Save you money.

Never worked out of the bag

somewhat small

its ok I like it

I know its cheap but... hard to set the time and to get on and off your wrist.

It didn't work. And the rubber wasn't tight around the clock part. Couldn't get it to stay under the rubber.

soso

junk, got it for my husband to wear for work, and it worked for the first few hours and then stopped.

You get what you pay for.

Not worth a penny. Didn't even make it one month and battery started to die. Love the simple, slim fit of it."
B000M4SZII,I can't believe the price for these beautiful genuine stones. The colors are vibrant and the stones are substantial. I will be ordering more as they seem to have a huge selection of various stones. What a Great Buy!!
B016HVAO06,"So nice!

TOO SMALL

This product was poorly made. So cheap it broke as soon as I put it on."
B01AS034OA,"I don't think the item description is very clear. In fact, all the product details are poorly written...what little there are. We returned these watches because it wasn't made abundantly clear that the watches require two hands to read the time! Huge disappointment. I told my wife, ""These are the kinds of things you shouldn't order on Amazon"". With poor descriptions and no reviews you have little idea of what you'll be getting."
B00XWDAKFM,Absolutely gorgeous! Everything as shown - looks even better than the picture! Charm is removable for anyone that doesn't want it :-)
B007WHDKX8,"Didn't last long

I go this for my son as a gift. The workmanship is so poor, the strings were coming undone due to the fact that the work looked unfinished. Just wrapped around with another string wrapped around to hold it in place. No knots, no glue. Waste of money and time.

This bracelet is crap. Only had it 2 days and it is falling apart!! I would not recommend this to anyone."
B01092T25C,"Good bracelet for the cheap price

Very nice but much too small. I'm a normal sized woman but it was too tight. And it didn't have much stretch. If you have very thin wrists or are getting it for a young person it would be nice."
B00JNUHBJQ,"Very nice charm exactly what was described. Delivery was before expected.

Was not as well made as I had hoped.

looks great on my daughters chamila bracelets, we're doing a disney theme and mikey and minie fit great!"
B00200JA0O,Super fit and not too heavy I have purchased 3 for my daughter and grow up grandchildren they love it. I never take mine off.
B01FA3KCYA,"I love it

Bought this for my middle schooler at his request. He loves it and it's held up even though he's tough on items."
B0049MMH5Q,"Beautifull!

On the small side but very pretty; recommend buying several to wear together for bigger impact!

I always am wary about bracelets because of small wrists. This one is PERFECT AND GORGEOUS! SO pretty and awesome color. I am very very happy! Order fantastic find! Thanks!"
B00Q860IQ6,"Way too thin and short for an anklet. Had to return.

Bought one for my wife looks strong and solid but its way to small had give to my 7 year old daughter as a regular bracelet

Arrived on time. Perfect size for an ankle bracelet. Fit as expected. Love the weight of the gold. Replacement for one I had for 25 years. Love it! Will return.

Awesome ankle bracelet..

Very Sold and nice !!!!

very nice

Heavy enough you don't have to worry about breaking it every time it is cold and you need to wear sox. Chris

Nice ankle bracelet. Not disappointed.

looks nice on wrist, a little light though."
B00CIN8PV8,"Really enjoy this product, it wraps 3 times around my wrist and isn't too big for me to function normally. Love the purchase and the price!"
B00MRE0V4C,"This was a gift for my ex husband who has found peace in yoga following a TBI. He had seen his yoga teacher's bracelet, so he wanted one. I was happy to find this one. It is really nice looking and looks great on him. He loves it. It has good juju.

Love it ... Perfect and exactly what I needed"
B00HXI4D7I,Really nice especially for the price! Looks quality
B000KM776S,"The product was a little smaller than we expected. I measured it and it was 7 inches but just too small for my wife's wrist. She's average hight and weight but we had to return this for a larger size.

I feel so secure purchasing at Amazon, that I knew in advance that this Bracelet were going to be a beautiful and excelent product. I just feel happy with my new bracelet"
B011QFBI1M,"a lot of the same but different....example (several flowers but different rose, daisy, sunflower, ect) I ended up doing 2 bracelets for 2 different people...so it worked out OK."
B005025PF8,"Very pretty.

i had to try a few sizes out before finding one that fit me but finally received the 9.5 inch and it worked well. beautifully simple with clean lines and well-made clasps the only drawback is that the ends unscrew easily leaving the bracelet to open unexpectedly and losing the beads. a simple drop of wax or some other sealant will help and if you do not intend on changing the beads, a drop of superglue. i would definitely buy from this seller again.

Not a sterling silver bracelet. I was very upset when the bracelet turned copper only after owning it for a week. Would not recommend to a friend."
B01B3U0G4U,"The Handmade Genuine Real Black & Brown Vintage Leather Wrist Cuff Bracelet with Retro Copper Constellation Zodiac Sign arrived on time and intact. I was extremely happy to find that it fits my wrist perfectly. I have a small wrists and unfortunately most bracelets are too large but this is a great fit. I did have it tightened most of the the way but I like the loose dangling twine so it works for me! I was also very happy that it looks just as the listing shows and is even better in person. Definitely a fine handcrafted bracelet with great attention to detail. The the metal zodiac plate is securely fastened with twine that is intricately wrapped around the thick cow hide. It's available in all the zodiac signs but I ordered the Taurus symbol. I want to add that the the detail in my Taurus stamp is very precise. Very impressive since you only see that kind of detail in high end jewelry. At first the bracelet is very stiff but I was happy to find that after wearing a few times it has softened up. This is a nice well made and stylish bracelet. Designed to look great and last a lifetime. A great find and perfect gift for a friend or family member. If this review was helpful, please let me know by voting it up DISCLAIMER: I received this product for free or at deep discount in exchange for an unbiased and honest review. All opinions are my own."
B00UB66XV8,"A gift for my sister, she will love it."
B00ES1ENVY,"Delicate and dainty, Im definitely pleased with this purchase. There isn't much detailing on the feather itself, but the shaping makes up for it. The slight curve compliments the natural arch of the wrist. Update: I haven't taken it off since I put it on!

Beautiful! Can't wait to order more jewelry from this seller again

By the look when I recieved it, you can tell it's obviously not the most expensive bracelet because of the material used. However, I bought it because I liked the feather charm. It's cute and danty."
B000J4DQVM,bought this bracelet for my girlfriend she loves it its beautiful and its worth the money!!
B012FJ8XHU,"My friend loved it. My only problem with is is that it falls apart pretty easy.

To small. Not like picture

Not how I that it would be.

cute

summer fun

feel a part

I bought a couple of these two of them broke as soon as we put them on

Cute!!

The cheap pot metal clasp broke the second time my daughter wore it. It was cute while it lasted."
B00DYW1Q2W,"Very pretty bracelet, goes with everything. Arrived in good condition on time. Can't describe it's beauty in two words. If I go over fine, no review. I have several blue outfits and this with the blue pearls set the outfit off perfectly. The price was unbelievable. You won't fine pearls that cheap that look that good. Injured wing"
B004PJPV56,"It is very thin

WHEN ORDERING THIS BRACLETT PICTURES ON ITEM LOOKED WAY DIFFERENT FROM PRODUCT RECIEVED. REAL THIN LOOKING AND FRAILE. SEEN ONE IN MEMPHIS THAT WAS WAY BETTER SHOULD HAVE GOTTEN THAT ONE. THIS LOOKS WORTH $25.00 VERY DISSAPOINTED....

I purchsed this itemfor my New Grand son. When I recived it I shouls have send it back right a way. I had a feeling it was just too thin and small for a 10 month baby boy, But I sent to to my son Just in case. I recived it backfrom him saying That yas it was too small and thin for the baby. Even if I would have had it engraved, it would have too small to read. I sent it back to the seller and waiting for the refund."
B00DC76QII,Beautiful bracelet! Great service from the seller . Can't wait to buy more in different colors .
B00CGDFZOK,You can see from the picture of it that it is just ok
B00Q9MNOPG,I love my wrist bracelets. I wear them nearly everyday in my shows and have received lots of compliments on them. I will buy more
B00MBBKXZ8,"the stone fell out the first day I wore it..now it is lost and a waste of money never again

cute

OH SO CUTE!

The first time I wore it, the stone came off.

IS NOT ADJUSTABLE and the rock is enormous

Love them

did not like it - too big"
B018YSFD9C,"Great for increasing size of bra without having to buy new bras. Less expensive than buing in a regular store.

The best I have ever bought.

great bra extender .

Too short!

Works great

It really works. Must buy."
B00L2MG29S,"Very high quality. Love the velcro adjustable strap.

Adorable"
B016FQKSK4,"Nice fit looks good,I like adjustable strap which makes for better fit

A birthday hat for my Kentucky friend.

Quality of this item exceeded my expectations.

My dad loved it.

Gave as a gift. I think he likes it. It fit well and he wears it.

nice hat

Very nice shaped hat,soft material and well made! Couldn't have made my daughter any happier!

Great everyday hat"
B008P4GKG6,"I wish I had one in every color. I love it. It was clingy when I got it, but loosened up enough to wear as a dress, but I am using mine to wear to lounge and for bed. I could not wait to wash it, so I could wear it again. I wish they had purple and red available in my size right now. I like that it doesn't have adjustable straps that would bother me, and it is really feminine."
B01FVRDOVI,"Cheaply made not as pictured.

It's alright for the price ( I paid around $5) I had low expectations because of the reviews but thought I'd give it a try since it was cheap. Lace and chiffon aren't completely matching, the sides are a little awkward but I guess I'll just save it for the bedroom or use it more like an extender slip.."
B0153JHAPU,"I'm a big girl and not so confident but this defiantly made me feel sexy. I'm 5ft4in 225lbs. Hope this helps.... 1st piece of lingerie that I've bought. It was definitely worth it

Very stretchy.

Very stretchy and comfy

loved it!

Really comfortable and oh so cute

Fit very nicely. Husband loved how it looked and I felt confident wearing it.

Perfect

Fits great

Absolutely loved it!!

Super sexy. My s.o. loved it. Based on the reviews i got an xl n it fit perfectly

Looks great.

good

I ordered two sizes above my normal size just to be safe. Glad I did. I normally wear a Large but ordered a 2x to be safe. I then read in these reviews that it was big on bottom. So I became worried that I ordered too big, but it wasn't. It fit perfectly. I wear a 12 petite normally and have an hourglass shape if that helps anyone wanting to buy.

Very nice style and looking amazing on my girl

I LOVE it and so does my husband. He went crazy for me when he saw me in this. Looks great paired with fishnet thigh highs! I'd say this was a good purchase.

Fabulous item - sexy, comfortable, and something that would look great on women of all shapes. It is generously cut through the backside, which is also nice. The only drawback is that the straps are not adjustable so for shorter (or taller) people that might cause a problem. As a shorter person, it could be easily fixed by sewing the straps a little tighter. Excellent product for the price - highly recommend!

Very sexy

Amazing fit and very surprised on the material. It's well made a sturdy. Definitely compliments my body

Had to exchange the first one to size down to an XL. To help you ladies.. I'm 5'4"", 190, 36D. This actually hides the tummy ( it's the only thing that hides).

I AM IN LOVE WITH THIS!!!!! I am not a fan of my body and I hate my flaws just like everyone else..but.. when I put this on, all I could say was..HOT DAMN I LOOK GOOD!! My fianc comes home from Missouri in 3 days..he has been gone for 5 weeks for school so I am really excited to surprise him with this! I normally wear a size XL so that's what I ordered and it fit like a glove!!

Sizing was great! I am usually L/XL so went with the ""tagged XL"" size. It fits perfectly. I am bigger in my stomach area so this is real nice to kinda cover that up while showing other areas. Stretchy, comfortable material. My husband loved it. No complaints :)

I love love love this outfit! It's super sexy and hides my c section scar lol

I love this outfit. It's so sexy and my husband couldn't keep his hands off me. I can't wait to wear again. I will definitely order different colors.

Love this outfit, I have bought a few of these and they are great.

Was a hair too big but my husband didn't care! Fun!

I ordered the large because there was no medium. I wear a 10 generally in pants and a medium top. This fit Ok. It was not tight and not loose but it still was very flattering! Hubby liked it so it's a win win!!

I needed a smaller size and it would have been great.

Meterial strechy.

My hubby and I love date nights - and I love surprising him with new outfits.... This might just be one of his favorites. I'm not model thin and of course have my own body issues like most woman - but as a 165 lb size 9/10.... I felt sexy in this!!! hid my fluffy rolls and showed off his favorite parts of me.... haha

Not great quality and doesn't match the picture exactly.

This lingerie is so hot. My husband almost choked when I surprised him with it. It's got some stretch to material and I love that you can keep it on and have at it. I'm surprised how good this is at this price point. It's alway hard to buy things online like this especially since all seem to be Asian sizes. Ive got some kickin curves and so I sized up to XL and it fit great. I normally wear an 8-10 but I have 36 DD so I always size up for the girls.

Bf loved it

Too large; returned.

This is sexy! I feel and look great in it and my husband LOVES it. I sized up, but didn't have to. Material s"
B00VBFQN2M,"It's cute. Looks like picture but too short. I'm 5'9 and it fits like a long shirt. If I was like 5'5 it would look perfect.

Very big

Very nice-fits perfect

Fits like a t shirt

The material is hot it fit me ugly

Just as pictured - I meant this purchase to be more functional than decorative/flattering, but actually got several compliments, which was an unexpected bonus. I wore it over a deep violet bikini and the combination looked very nice together.

I love it!!

This is a great overall swimsuit cover. It offers full enough coverage but also a slim/cute/feminine fit. I am 5'8 tall and 170lbs and it covered my front and back. I was able to wear it to a party and it worked out great. It has a tie in the front so you can make it as slim or loose as you see fit. The pattern is nice too. I actually received more compliments on my cover up than on my actual swim suit. This is a great buy and the material is actually good quality. It is thick enough to appear quality but light enough to endure sunshine all day, if needed.

This coverup is a little big for me but it's not so bad. I still like it. I'm close to 5'6 and this covers up my butt which is a big plus. I don't feel naked wearing this because it has a good length and it's also a short sleeve. I like the unique pattern on this dress. It's easy to slip on and off. I took a picture so you can see how it fits on me.

looks great.

Pleasantly surprised by how cute and flattering this little coverup is. I wasn't expecting much for the price, but it fits where it should and covers where it should. Excellent buy.

I bought this at the beginning on the year, but forgot to review it. The one size fits most scared me at first because I am petite and I did not want to be wearing a giant poncho, but the length is perfect (hitting just above my knee - I am 5'1"") and the drawstring around the waist was so easy to adjust. I LOVE IT!!! I bought this for vacation and wanted to wear it every single day!! What I love the most is that it is not too revealing. Yes, you are walking around in your bathing suit, and a see through cover up is acceptable, but I don't like to be completely on display all the time. I felt comfortable enough in this cover up to sit and have lunch at an outdoor beach cafe, and not feel terribly underdressed. I wish it came in more colors because I would buy them all!!!!

love this!

The cover-up is VERY cute. It says one size fits most and being a top heavy woman (34DD), 54.5 at the weight of 174 it made me look like a smaller person LOL I would even go as far as to say 200lb person could fit this due to the draw sting feature. The cover-up doesnt give you peek-a-boo cheeks (at least mine didnt) and youll feel very confident in it. I got lots of compliments in it. This was a really great find, and Ill be ordering one in black now, and another in white. I wore it river tubing with me once to use it as a sun shade from the Arizona sun and the grass stained the white. But you WILL NOT regret this purchase!!!

Love it. It provides coverage yet allow sun thru for mild tan

Nice coverup. I only wish it wasn't quite so low cut.

Good quality...highly recommended

Love it...

loove it !!

Looks much better on the picture.

I gave it to my friend that is shorter than me about 5' tall, and it fits her perfectly. If you are 5'6"" it won't even cover your butt, too short.

Fantastic! Super cute and perfect for any beach activities. Goes along with just about any swim suit! Very lightweight. I don't think it is as transparent as in the pictures but definitely a good buy!!

Nice

This is really pretty pattern and decent quality for the price. Unfortunately, it is short...I had read the other reviews and knew it might be too short, but wanted to try it anyway. I'd only wear it if I wasn't really walking around the beach or pool, simply just to coverup a bit while laying out. I'm about 5'8"" for reference.

I was really disappointed! It fit like a shirt not a cover up.

Omg! I love this"
B00MMT2ZBY,"Love it . The collar is easily adjustable. I am 15 and got the small. So anyone in high school get the small. But it's so great that they have the large. Got here even before the date projected

Very cute! I bought the pink one and it fits quite nice, will be repurchasing another one

I got the pink one and it's very cute but gets dirty quickly (as one might expect)."
B007L3WNG8,"While others have noted it's ""shortness"", I found it to be size-accurate. It's attractive and will match with almost any color pants you choose to wear (almost seems to chameleon itself!).

This belt is great as there are no holes to deal with so you can fine tune the fit and it looks great!!! RTD

This belt is very well made. Great value. I was looking for a belt that was not totally black. This fit the bill perfectly.

I love the belt. It's stretchy. Goes well with black and brown.

I wear a 12-14 jean and like a dummy ordered the large size not paying attention to what anyone posted , Duh ,my bad, way to big I have to tuck the belt though 2 belt loops so it will look neat. It also stretches a lot while wearing it, so the longer I wear it the more I have to tighten it up.

I LIKE

stretches perfectly

Looks good really good, know ur belt size , and it a lil smaller in width than expected

gOOD BELT AS EXPECTED

This is a nice and simple belt. Fits well. Looks good with a pair of jeans or dress slacks. I would buy again.

It fit very well and I would buy it again without a doubt in fact I might buy more today. Great product.

These stretch belts are great. No worry about exact size since they stretch. Also, no worry about finding a hole in the belt for the buckle to match. Just push the buckle stem right through wherever the belt fits. Now have four of these in different colors to match my ensemble. I'm a symbol of sartorial splendor.

perfect the belt was beautiful and just what I wanted...prompt and got very good service thanks a lot for a nice belt

Summer time means shorts, no Levi 501's! Problem is my shorts keeping dragging to the ground. Like pants on the ground! These elastic belts keep my pants on, and I can still breathe! Don't like fixed belts. Price was right too! Delivery was great.

Hubby needed new belts, great price, look nice and know wear to buy. fast ship what else can you ask for win, win.

This looks great, but it does indeed stretch. You may want to consider buying the next size down. I'd really like one that had a bit less give.

This is a good looking belt that stretches and is infinitely adjustable because it doesn't have set holes. You just put it where it is comfortable and the prong will go right through the weave. I'm not sure why some reviewers have an issue with the size. On the Large, it clearly says on the belt that it is a 38' - 40"" and that is about right.

This was an experiment to see if it would help keep my pants up. Works to a degree but still I guess I will just have to use suspenders.

Husband really likes this belt. You can buckle it anywhere you want and there is just enough stretch to allow you to sit down any not feel constricted. The color goes great with khaki pants.

You guys, i mean ladies- this belt is perfect for everything. won't wear and tear at the usual places; it's sturdy and fashionable and it's really affordable! I've seen belts like this with designer labels for $40 and up! this is such an amazing buy, can't say enough about it :D

I like these elastic belts for summer, and can't seem to find ones this narrow. Good price, and nice looking

Should have sized up to Xl looks ok but not sized properly, a med. would have to wear a large, a large would have to wear a xl, and if your an xl go elsewhere .

Well made belt that holds my pants up in style. Two tone works well with more than one pants color. Size 'large' just right for my 38"" waist.

I have bought different colors of this belt. For some reason, the elastic in this one is stronger than the others. If it just gives when strained then it does not function well. This one is pretty good. Other solid colors I have purchased and returned give too easily.

Looks great

A best buy. So I came back and bought this one. Looks great with shorts & lightweight pants in the summer

looks good well made great price

The ""large"" I ordered, which is marked ""large,"" is 47"" end-to-end, not 44"" as represented in the listing. I was su"
B005TMG7RE,"Great purse, took on a cruise. Was lightweight, has lots of secure zip pockets. Love the outside pockets which securely held my glasses. Strap could go on shoulder or cross body, adjusts easily. The various shades of pink are very pretty. Reasonably priced. One of my best purchases!"
B01EA6BPCG,"The stencil is cheap-AF. The hat fit wrong. Its very long in the bill and oddly shaped, the back where you adjust it looks stupid, also the buckle hurts your head."
B016KLS7KC,"I didn't have the same experience as others in that mine came fully shaped and has lasted through the last 3 months of rehearsing a dance. The shape has held up well, the fit is perfect for an 11 year old girl, and the quality is high.

Like the hat!

Very bad quality

It is a great hat, but it is a bit too small for my head. I have a giant sized head, so that was expected. The hat arrived very squished, but it was okay as soon as got to poof it out. The one of the ears was a bit bigger than the other, but it wasn't too noticeable. THe edges are rather bendy, so it sort-of didn't go around evenly. The fabric attracts dirt (I have the black hat so maybe it shows up more). The materials were top-notch! It is a great thick felt hat. The size is 57 cm circumference, with adjustable drawstrings inside to either tighten or loosen it. The price is fair compared to the quality. THe brim has a nice and neat inner stitching. The hat will either have a snug fit or you can wear it loosely diagonal or on the tip of your head.

Came sooner than I expected. Th material is actually really nice and mine was luckily not crushed in the mail so the dents were easy to pop out. I seems little small but it fits pretty good. Good for the price.

For kids not for teenagers

total junk. like a cardboard felt type costume hat . too small and just bad - . its a little kids costume dress up hat of poor quality

just got this yesterday and it fits small...i have thick curly hair so if i put it on it feels like is going to pop back off..also it does not come in a box so it will have some dents in it but you can just pop it back out

I have the head size of a 10 year old and I could not get this on my head. It also came completely flattened and I was not able to ""pop"" it back into shape as other people had said they did.

I love this hat. It actually fits, but I have a small head, so it may be a bit small for some. Super cute and I can't wait to wear it in the spring. Looks like the picture.

I am an adult with a small head and this hat fits me perfectly! it is super cute as a derby or a fedora. I love this hat. it does have a little bit of a stink from the cheap dye but just air it out! it will be fine.

Nice hat My daughter loves it Thank you

It's a tiny bit big but works really well with a wig on. I have a small head, 22 inches around so if your head is bigger than 23 or 24 inches around, it won't fit you. I love it and I want to order a couple of more. It came flattened out and I was upset about that but it shaped up nicely as soon as I put it on a Styrofoam head.

I where it ALL the time. It's my favorite!! So cute.

Awesome For my Wife"
B00Y0IV32M,"This purse is a lot larger than it looks! I was very impressed - especially for the price! It comes in several very pretty colors - and I may just order it another of those very pretty colors soon, too! It came VERY securely wrapped. It did take a little while to get here, (less than a month) but it did arrive well within the time constraints stated for delivery so I really can't complain about that. The color is exactly as it looks on my monitor and it comes with two very nice straps - one for hand carrying, which also would fit on your arm if you want to slide it back a little and one that adjusts for shoulder or cross body wearing. I have both attached because I like to switch if the option is available to me and another thing I love about it that while they are both on, the shorter strap lays back to one side of the purse so that if I have it on my shoulder, you don't see the second strap. It even comes with this little grey zippered wristlet purse type thing (shown) for maybe keys or change? There was no smell at all when I opened it up and it came wrapped in a lightweight dust bag. All in all, I am VERY happy with my purchase and I may well be back for more of the same.

Fell apart after very short use.

It's perfect. Not too small or big. Great quality and it's super cute

I like the lock kiss but purse it self is cheap I don't like how cheap the purse is made

Super cute, inexpensive and love having it for when I go out!

Made super cheaply, used this purse for a few days and the screws started coming out. When I opened the packaging the purse had a bad odor too it and I had to ""air it out"" for 3 days outside before I could bring bit in the house..

I love it I just wish it was a little bigger

The handbag I received looks NOTHING like this picture. It is brown whereas the description and the photo look grey. It is a terribly cheap looking handbag."
B00G98LETI,"They slip off my heel within a half hour. Very disappointed. Not Amazon's fault.

These socks are ok, the biggest problem I have with them is that the seem is right at the tip of your toes and its uncomfortable so I have to adjust them and then they feel tight and too small.

I have size ten feet and these puppies always slide off my heels. It doesn't matter is I am wearing sneakers or slip ons. They slide off and then I have to walk around with bunched up socks until I can remove my shoes and fix them.

I love them!!

i like this sock but it can be annoying at times because it tends to slip off the back of my foot.

These socks are great, and fit my foot well. I typically wear a 9 wide shoe. I've not found them to slip a lot, and they don't bunch up, a problem I've had with other socks. They are thick enough, without being too thick. Though I've not had them long, they seem as though they will be reasonably durable.

I hate wearing socks in the summer cause I live in Florida (too hot) but need some sort of foot covering. These foot liners are soft and do not slip off my heel and I have a narrow heel. I will buy more when I wear out the 10 pair I have already bought. They are great for sneakers or ballet type slip on shoe. I have only worn them with flats so I don't know if they will work with heels.

They slip off my heel constantly. I don't believe the sizing is correct. It says size 9-11 but I wear a 7 1/2 -8.

These socks are okay. I don't have too much of an issue with them slipping. However, a few of them had holes in them before I even took them out of the package. However, for the price I can deal with it.

I love the socks. They stay hidden in my vans. Sometimes they slide down and I have to pull them back up but it's usually towards the end of the day after I've done a lot of walking. Very comfortable otherwise though!

For the price, these things are great. The company could probably charge more and it'd be worth it, but I obviously like the price point. I got these in black and I wear them almost daily. I tend to wear these with Oxfords and cuff up my pants a bit so my ankle is exposed. When I get home and remove my shoes, I still keep the socks on because I just plain forget I'm even wearing them. I'll probably buy more in the next few weeks. These aren't only a big hit with me, but also with my rescue puppy. She hasn't quite grasped that these socks (liners) are for me and her toys are for her.

The socks are okay, they are a little annoying once they stretch out and starts to pretty much unroll itself off of your heel. I wouldn't buy it again because it's become cumbersome.

Perfect fit!

Never once have they stayed on.

Back of sock keeps coming off throughout day

Very much enjoy them.

I originally wanted to buy the 5 pair pack but for $5 more you get 10 pairs of socks! I got the all black socks to wear under my growing Keds shoe collection. They fit pretty well, I'm size 8.5. My only disappointment is that they are a little thin, I thought they where going to be thick like regular socks (I have socks like these I bought from Pay less that are no -show and thick like regular socks but are 2 for $5, can get pricey.) Regardless I like the socks alot and I figured since they are thinner I can use them for my flats as well. A win-win situation! Buy them! You won't get a better deal of 10 pairs for $15!!!

Purchased these for me, since I have a size 9 foot. However these liners never seem to fit my feet right, they always slip off my heel. My daughter loves them and they fit her size 8 foot great. Plus she likes the heavier feel to them.

They slip off and get all scrunch up a few hours of use.. I end up taking them off.

Perfect

A little large

Perfect for wearing my protect my beat up feet in Mary Janes at work. Just good enough to reuse several times yet affordable enough to toss them

Slips off easily throughout the day

For the price you can't loose. The socks are so small they get lost very easy so wife is "
B001DA45OI,"When I broke my old Polar Shield large ""fit-over"" sunglases I needed a replacement. Polar Shield no longer makes the same model. OverxCast and Solar Shield both make sunglasses that look identical to my old Polar Shield so I bought one of each. No comparison. The Overcast glasses have better optical clarity and sturdier frame construction. The Overcast glasses were shipped in a box by Amazon and came in a plastic case - not much chance of the glasses getting broken in transit. In contrast, the Solar Shield glasses where shipped in used paper by a 3rd party with virtually no protection and no case. I was surprised they arrived unbroken. To top it all off, the inferior Solar Shield glasses cost more. I hope someone can learn from my experience.

It's one of the best health protect gadgets I've got. It goes with me everywhere especially since I've moved to Sai Gon, a hot and sunny city.

These are great sunglasses. There is no apparent distortion, they shield the sides of your eyes as well as the front and they offer good wind protection. Because they fit over glasses and have sides that grip your head, they do require movement from time to time to avoid discomfort over the ears. I'll buy another pair.

The ""large frame"" was too big for me. This eyewear didn't look as big in the pictures I saw at Amazon.com I know it's my mistake, but it's a pity, the product looks very well. Maybe you can put some measures (like in the watches) in this kind of products. I've wasted $ 35....

""The Fisherman Eyewear Overxcast - Designed To Fit Over Prescription Large Frame"" did not fit over my glasses that measure from temple hinge to temple hinge 5.875 inches overall. Dimensions would have prevented this expensive for me mistake!

they fit nicely over my other sunglasses giving me additional protection from the sun here in AZ. I like them.

I bought these glasses because I have severe dry eye. The glasses cover my glasses completly, keeping the sun and wind out of my eyes. They have been a total life saver for my eyes. I would have liked for them to be a little darker at times but for the most part they do very well.

Good shades for the money. Comparable to some that cost much more

my glasses fit well. I am pleased with my purchase

The amber color makes it so easy to see everything, even if you drive into the shadows. We own several pairs and strongly prefer the amber to the gray for visibility.

Perfect; best ones ever! They fit; they're comfortable; good color!

Perfect fit and exceeded expectations!

Ear piece broke after couple of weeks. Tried to glue it but to no avail.

As always, they fit. Many over glasses shades will not actually fit. These fit and do a nice job of shutting out the glare.

Good sunglasses over my regular prescriptions, but not very cute.

Very happy, these glasses fit over my prescription glasses and stay in place. Happy consumer

Have bought numerous Overcast, only shortcoming is the bows, They break after a few months of use

I bought these to replace a very similar pair of Solar Shield fitovers I broke. These are big enough to comfortably fit over even my largest prescription glasses. I got the the 'amber' lens color - it's actually a beige-brown, very similar to Uvex's 'Espresso' lens color. They reduce a lot of the blue end of the spectrum but still allow enough to offer good color perception. They are polarized. For these two reasons, they are excellent for daytime driving, fishing, and general purpose outdoor use. I also have Cocoons Large Pilot glasses. Those have an almost identical size & shape but are made of thicker plastic, adjustable earpieces, and come in several frame colors. But at half the price, these more basic OveRxCast fitovers work just as well.

I have large prescription glasses and these fit perfectly over them. They do look very big but they look the best the could look given what they are. They are very high quality with zero distortion and are very comfortable. My buddy tried them on over h"
B01BWM0MB6,"This sexy bathrobe is awesome. It comes with three pieces. The robe itself, a sexy red ribbon and the matching thong. The quality of the material is great and does have some give to it. The lace is beautiful and really soft. I like how this looks and how comfortable it is. I am really happy to have this to add to my closet. It goes well with a lot of things I already have and it looks great by itself as well. I would definitely recommend getting this to add to your collection. I did receive this at a discount to test out personally, this is 100% my honest review after wearing this robe

I agree this IS a must-have item for your sexy wardrobe, or any wardrobe in fact! It definitely has that Special appeal that can allow for all women to feel more attractive and chic. Yay! I feel pretty, oh so pretty! And lovely, and sexy and awesome! I bought this robe as my post partum body is getting back to its normal awesomeness (insert sarcastic laugh here). As a mom it is important to me to feel sexy and luxurious in my home, and certainly in my bed. I find this beautiful robe allows me to feel and even look a little bit sexy while still being appropriate to wear to sleep. I love the feel of the lace material against my skin. And the cute silk RED ribbon, adds style, flair and an undoubtable sensual look to the classic robe. I appreciate the adjustable red ribbon tie, making it easy to control the amount of cleavage that is visible with the robe and create general comfort while wearing it. I love the soft flowing material and the way it gently hugs my body and allows me to have a figure flattering gown for sleep that is functional and comfortable. The flow is definitely my favorite part, however I do also strongly appreciate the absolute joy in the comfort of this robe. I must say as well, that it held up very well in the laundry. I have been able to wear it several times and wash it several times as well and the color is still as beautiful as when I took it out of the package and the robe itself has shown no signs of wear it is as if it is still brand new! I envision having it, and wearing it for a very long time to come, as well as purchasing many like it to expand my sleep attire! I would highly recommend it to anyone looking for sexy, flattering, yet appropriate and comfortable bed time wear. I have already decided to purchase one for my sister, as I think it would make a great gift for her upcoming personal bridal shower! Disclaimer: I received this item free/discounted in exchange for my honest, fair and unbiased review. All the opinions, personal experience and notations herein are exclusively my own. I was not swayed in any manner to alter actual occurrences for anyones benefit.

i really cant find anything that I don't like about the product. The quality is really good and is very cute on. Just as describe and exactly like the photo. This robe has a beautiful feel, lovely shape, and decent quality. It is very flattering. If you are shopping for a high quality lingerie/ robe, this outfit is a great choice! I am getting married next month and i am ready for my honeymoon. I hope my soon to husband is ready too i am sure he won't take his eyes off of this outfit.lol. I will be buying again from this company This looks so cute and sexy on! I absolutely love it and its very comfortable too. For full disclosure i recieved a discount for my honest opinion of this product.the item."
B00LD3HUDI,"Looks nice but my 12 year old is pretty slim and the velcro didn't line up to make it look right.

Great product! It has velco straps so its ajustable to most sizes

Completely authentic! It was a little large on me. I'm a size six and I have to wrap this rather tight on my hips. It looks great and came super quick. :) Absolutely love it!

size small was perfect

I have to say this was a pretty good leather apron i just wish the price was lower but thats me being cheap. It came in a short amount of time i would say about 3-4 days good thing too i was rushing to get my cosplay finished before anime expo 2015. It also fits for all sizes and im not a skinny or slim person i so thats a plus. The apron looked like it came straight from the anime/manga i love it and it has velcro so its pretty adjustable.

If you've got big hips (like me) it's not really one-size-fits-all. It JUST manages to fit around me but I'll need several strategically placed safety pins or it will not stay on while I walk.

very cute

Its wonderful it really goes great with the set of the cosplsy.

Putting on the apron is a bit awkward with the way the Velcro matches up. It doesn't fit over my curves quite right but the quality seems good. I am pleased enough."
B01AP2B94I,"It is amazing. Better than I had expected or even hoped.

I use this backpack as a casual purse. It is spacious and fits my large wallet, sunglasses, phone, water bottle and other miscellaneous items. The side pockets are good for my keys and lipstick. There is also a back pocket. This backpack allows me to stay organized and it is very comfortable to wear. I can wear it all day without my back hurting. I was having difficulty with back pain after wearing my other purses for prolonged periods of time. The straps are easily adjustable. Great backpack/purse for traveling. The only negative is the main closure, there is an extra loop to go through before the buckle closure. This extra step is a nuisance so I just bypass that extra step. Overall, this is a great bag and it is exactly what I was looking for."
B00KD533I8,"It's ok. Deff won't look as good as at the model hahaha Downsize is that if you go into the water it will turn black straight away.

Not adjustable... :/"
B00R3B3OXO,"I do like this necklace because it does NOT look like I paid $1.50 for it. However the leaves do not stay in place for very long. They're not connected to one another so after walking around they eventually slip apart so that one leaf is up against your throat and the other is dangling down between your breasts. It is something that can very easily be fixed though. You can easily use a small dab of super glue to connect the pieces together in any way you choose. it does defeat the style of this necklace but considering it does not look cheap and looks as if I actually spent $20 or more on it, I'd say a dab of super glue is totally worth it. For that reason I DO RECOMMEND this necklace. long as you don't mind constantly readjusting or gluing it in whatever specific way you want. Sorry for the blurry pictures. Didn't feel like doing it over and over again so that's what you get. Just showing you how it's ""supposed"" to look and what happens after a few minutes. Also you can see some of the silver rusted so here's some advice... ***** ADVICE ***** With ALL cheap jewelry you get you absolutely must put on a clear coat of nail polish (doesn't have to be expensive; I just use a 99cent bottle) so that the color doesn't fade - so it remains shiny. Also, the clear coat will make sure your skin doesn't turn green. Don't slop it on! You only need a small amount, a regular layer evenly distributed. Don't rush it either. Take your time. Do half the chain, hang it from a table, let it dry, do the other half, etc. I put a clear coat on my jewelry every 6 months to a year depending on how often its worn, if I went swimming with it on, been in the sun all day, etc. Those things make me put it on even more.

Product took a long time to arrive, but did arrive by the estimated delivery date. Pretty necklace. Happy with purchase.

not what I expected a bit cheap looking and doesn't fall right, longer that the photos so most of the day I was fishing the leaf out of my shirt.

lock broke as I removed it from the wrapping, have to fix it somehow... not worth the trouble of sending it back

beautiful

Wasn't what I expected at all.

The necklace was pretty

Really pretty, great price, and very unique! The necklace loses a star for very slow shipping time and because the leaves are not sautered together so I have to constantly adjust them (the chain with the bottom leave is strung through a hole in the top leaf so the top leaf tends to slide up.

Very cute, and the price justifies the wait :)"
B00L924E6Y,"Looks great and such a great price.

Ordered this hoping for the best but the small top is just to small for me. I wish you could order different sizes for the top and bottom. The colors are as pictured. Really sad it didn't fit me

Super cute bathing suit.. Not very stretchy but it fits well

Very good quality and color. Fits very good, i liked it... Thanka

I'm a 34B, 125 lbs and ordered a small. The molded top was made for someone with a much bigger chest, and the bottom was slightly tight. Other than that, the swimsuit looks great - the blue is very bright and the material has stood up to washing.

Great product. Would buy again.

Idk

Love these neoprene bikinis! I have bought two of them in the past year and am very pleased with the quality. I always get compliments on this bikini when I go out to the beach, pool or lake. I am 5'4, 120 lbs and wear a 34 B bra and I ordered a size small that fits perfectly and the top gives good support because of the fabric it is made of and bra style strap design. I would give 5 stars but the neoprene bottoms can squeeze your butt a little bit but its not really that uncomfortable honestly.

I like this bathing suit a lot, but the bottoms felt like I am wearing a neoprene diaper... but I still wear it swimming because then it doesn't fall down or anything.

The swimsuit came within two days of ordering. Prime membership pays off since I was going on vacation and needed this right away. I was hesitant on the size when I was ordering. I am a 34B, 5'7 and 135 pounds. I normally wear a medium and from the reviews, I was worried the sizes ran small. I took the chance and ended up ordering medium. The top creased a little bit during shipping, which I'm still trying to get it flat despite washing a few times. However, it is not too noticeable. The suit fit me perfectly. I do not have a big chest but I can see if people have a bigger chest, they might want to go with a bigger size. I wear a size 28-29 pants but the bottom fits perfectly. The suit has no padding, and dries super fast due to the material. I would purchase again in a different color.

Well I am about 5'8"" and weigh 130lbs. I am small chested. 36A/B and in underwear/Swimsuits I wear a M/L So reading reviews, I figured I'd get a Large. I was worried the top would be huge on me and have big gaps. The bottoms fit perfectly i was really shooting for no Tightness to give muffin top. So I figured I could toss some cutlets in the swimsuit top. It works, fits snug and looks pretty damn spot on to TRIANGL The bottoms are stiff.. but it reminds me of a suit for scuba diving. (Hence the Neoprene) a litle strange, but not horrible. Colors are beautiful! So, I mean for $20 I say its worth it!

If you enjoy wearing a bikini that makes your bust area look caved-in and squished, than this if for you! Fit is almost child size, and I'm normally a small. The bra cup is not rounded at all, and makes you look like you have mutant boobs.

You get what you paid for.. Its def. knock off..

Fits my wife perfectly! and she loves it!

Good quality but arrived with a weird Creast on one of the cups of the bra

I love this swim suit. It fits good, I wish I order a size up for the top though. Colors are perfect! Other than that, it's very cute and comfortable. Will order more soon :) thank you.

A little small, but I knew it might be. Looks good though!

VERY cute. The top is a tiny bit too large and is not adjustable. The bottoms first perfectly. Pretty comfortable, it kind of feels like you are wearing a wetsuit because it is neoprene after all. The colors are as shown and I've received many compliments while wearing this.

I absolutely LOVE this bathing suite! The color and size are true to the description, and it looks amazing on! I would suggest being aware of what neoprene is/feels like before purchasing, just to keep expectations in check. Since neoprene is the material used to make wet suits, expect a stiff rubbery material, not normal bathing suit fabr"
B01H6Z43A4,"I will never buy another swimsuit through Amazon again. The sizes are not accurate and the material is not good....very thin. This is the second one I bought and am so disappointed. I bought them at the same time, but they arrived months after I bought them and at different times. I really should have looked at the reviews....lesson learned. Agree with the person who said it is not worth it to send it back because you have to pay for the return shipping and you will spend more than it's worth. Will be donating the swimsuits to someone who can use them. I bought an XL because I am a size 16 and it was a joke. XL is made for someone who is maybe a 10. I would NOT reccomend this purchase.

I love the style but the bottoms were a little smaller than expected. Buy a little bigger than normal. Great buy for price. Where else can you buy a cute suit for under $15.

Not a universal fit. I don't like to take my Samsung 7 out of the case everytime I need to use it for navigation. It does not fit under the hooked area, but using it vertically the adjustable hold is tight.

I received the wrong swimsuit, and then was told by the seller he corrected the mistake and mailed the correct one. I still haven't received the correct one. The one I did receive is a sting bikini (nothing like I ordered) and the quality of the material is far below even acceptable. It's very thin, see through, without even getting wet, and the threading is already coming apart. (And this is without even wearing it). Unless you want a very cheap swimsuit that will not last even a season, stay away from this seller! They don't even deserve one star!!

The top was a bit short but liked it

To large for the top

run much smaller that ad says

I'm happy with this product

But thought it ran small. Ordered 1 size larger and had to return it and order my regular size

Absolutely awful! Terrible stitching, straps came unsewed when i tried it on, took weeks to be delivered, fit.

Too small. I ordered larger than I normally do and it's still too small

Again, in women's sizes but cut more for junior

Faulse adverting. Shipped direct from china and when that happens items are 3 times smaller. Should of stated that in description.

I ordered an XL because I would normally wear a L so I ordered a larger size just in case I could take it in, and it fit my 13 year old granddaughter it was so small! Cute on her.

Cute but way too small. Ordered an XL but fits more like a Medium.

Size is not accurate and quality is very low. I was looking for a better quality product.

fits well.

cute but a little small

Love it!

Bottoms were suppose to be an XL and they look like kid sizes. Not even close

This is definitely an XL.

A little small for the size but cute

Cheaply made and very, very small.

This suit looks very cute on the model in the ad, and it appears to accommodate a long torso and maybe a little ""post-baby belly"". After ordering several other suits on Amazon in XL, knowing they fit great and looked very similar in style, I Ordered this one in XL as well. Was disappointed it was a bit tight yet and not fitting the way I was expecting. SUPER CUTE, just make sure you order a size up

It's OK

It's very cute, but it runs very small and if you have any sort of bust, forget it. One strap completely broke when I was trying it on so I have never even worn it. Very disappointing quality.

the swimsuit itself is cute, but the reviews said it ran so small that I bought my suits WAY to large! I am giving them away to ladies at the pool.

Love this, perfect fit

Soooo cute

This one is my favorite.

Very cute. Fits perfict

Love it

Nice but too small

Not the same as photo"
B00L3NTVW6,"This is worth it for me. Pricing is fair, set me up for success.

Great concept but elastic stretched out after 2nd use

For Jacktser kids I give this a 4 star. I had an overall good experience.

This is worth it for me. Pricing is fair, set me up for success.

awesome

This worked great but dig into my sins tummy if he didn't have his shirt tucked in.

Good belt.

It's a perfect belt for my 6 year old. The clasp in magnetic, so he can manage it by himself at school with no problem!

This belt is perfect for my 6 year old for his school uniform . very good quality.

Personally I think this product should not be sold to go anywhere near a baby. The metal coating was chipping off from the moment I opening it. I couldn't find much in the way of belts for a baby and why I chose this one but it's beyond cheap.

My 5 yo loves it

This is a really nice belt. I love that the entire thing is elastic giving it a lot of stretching ability while on my kids. It's easy to clasp with the magnetic closure. My kids (son and daughter) have a close enough waistline that I just got one for both of them to use as needed. I would definitely recommend this kind of belt to anyone with kids...hey, I might even need one for myself so I don't have to redo my belt after a big meal.

This belt looks homemade. There is an extra piece of metal on it for some reason. It dos not adjust. I would not but this again.

Broke after 35 days, 5 days past the return window.

My son likes it, very easy for hi to put and do with he needs to.

These replaced belts from 20-30 years ago for a little old lady!

My mother told me about this, she knows her stuff.

I give this a 5.0, meaning 5 star. I had an overall good experience."
B00SAKTZ3A,"rely pretty and fits comfortably. moves naturally.

Of all of these on here that I have purchased I think this one is the best in terms of quality.

My daughter loved it. A little hard to adjust size.

I like the ring, I would have given this a 5 star rating despite the packaging being torn. As far as the ring, I happened to open it despite the packaging being torn (packaging is of little concern to me). The real problem was when I did open the package it came in, The ring was not put together, pieces 1 & 4 were perfectly intact, needed some minor adjustments easy to fix with a mandrel and needle nose pliers - piece 3 was warped to where it had to be completely flattened and wrapped around a mandrel in order to fix it. Here's the problem, Piece 2 had a large crack in it when I attempted to fix it, it broke. So instead of a 4 piece ring, I ended up with a 3 piece ring that I had to spend an hour fixing. Even now that it's fixed I enjoy it very much, Just be aware you get what you pay for, the ring material is easy to break if you aren't gentle with it, and takes a lot of patience to fix should it arrive damaged. Overall, 3/5 stars.

Very happy with my purchase. Good value for money People before commented that it falls apart, if you try to stretch it out to much it might pop out but you can pop it back in together

These are awesome! They are made of metal so they are great quality!"
B01EL8N0M6,"Is too small to me

Not a good quality at all and very cheap fabric.

Not true to size ordered

just too small

I bought the 2X but it was a bit small around the tummy area...I would add secure buttons to the top.

Very cute and the notice was there that the size would be different than US.. I took the chance and ordered... a 3x fits like an XL..."
B00BKRMFQO,"Much too large. Well constructed. Did not care for the beading, which seemed overwhelming.

Embroidery is really beautiful and tasteful but the dress does look a little costume-y. Actually I think it would be a beautiful costume for a dancer or something. It's still a little better than you'd expect for the price. The sewing is done well and the zipper seems decent. This dress would probably look really cute with some extra tulle underneath to puff it out a bit."
B00983ZX5C,"It is beautiful, I'm happy for this sweater. I love it. I recommend it.

Dressing pretty. looks good quality.

This sweater is festive and fun, but you definitely get what you pay for. The quality is cheap and the sizing is more like a S/M than a M/L by American standards. But overall, very fun and festive for the price.

This sweater is gorgeous! Seriously super cute and vibrant colors.

excellent service, I recommend it

a little on the thin side a long sleeve thin tshirt or body suit has to be worn underneath to hide the bra otherwise very cute and spirited

I love the sweater fits comfortable looks good with my heels, I recommend this sweater it runs the regular size

Colors are very nice & vibrant. material Is ok and it fit a little snug but overall its a nice sweater."
B000J34BFS,"when I tried this outfit on my little man, to my surprise it fits small. Its not 12-24mos, its more like 6-12mos. The hat is too small too (and no, my son does not have a big head!) I was very is appointed! I really wanted him to wear it for Sunday games."
B01GOZ88VM,Fit as expected and looks good. Just what is the ad says.
B00J568JAI,"This bikini is really cute and sexy but it's definitely more pink than beige. I don't have anything negative to say about it, but was looking forward to having it specifically because of color. The shade is something like a blush pink.

Not good. Too small.

I ordered a large in the top- I am a DD. It fits like a B cup. Very disappointed with the sizing. Color is pretty true to size but a little more pink looking. The bottoms I also ordered a large but fit like a medium.

The bottom is extremely small I got a size medium but I'm pettite. I happy get a small

bikini quality is lame, but what can we expect for the price

I got the blush color and it's beautiful! Runs small and feels so cheap but sti very pretty

in the picture the color is more of a brown pink, when i got this item it was a pale pink fits a little small i got a med. and i weigh 120 and my cheeks hung out of the bottoms! but other than that it is a cute swim suit for the price!

Cheap and the top was really narrow. I'm 5""7' and 110 and the med was tight and top was narrow.

Is nice but is smaller

SCAM!!!! ADVERTISE AS VICTORIA SECRET, CHEAP KNOCK OFFS, NO VS MARKS, NOT HAPPY

Cheap looking- the gold thing on the bottoms was icky looking... Wear once and toss...

Do not buy! Horrible fit and very poorly made.

To small

Waaaaay to small an i got a large just to be on the safe side.

I usually buy a small, but bought a medium after reading it ran small. Bottoms are low coverage, but fit okay. I think top will be good, though I do wonder if the small top would have been better as I have small breasts. Definitely isn't beige, but more of a dusty rose. I do think if I had it to do over, I'd buy a small. I like the bottoms to be snug so they don't ride up.

No

Very cute and sexy but way too small, both top and bottoms....."
B01DRSOU2U,"I was afraid to buy closer to my size because of the reviews. It is a comfortable fit for exercise without rolling, even while sweating no rolling.

It's made rather straight. If you're already a curvy person with a waist that's smaller in the middle, this may not be for you.

Amazing results. Perfect fit! This sucked the mess out of my mid section. I have lots of belly after baby #2. I will definitely be pulling this out to workout in and possibly wear under clothing.

Overall this a great product the fit was just right my only issue is the zipper piece broke off but it is still wearable.

Returned it.

So far this product is amazing. The best suggestion is to start from the top especially if you have some back rolls then start snapping. The zipper is kinda tricky because you can easily zip your skin. But it does it's job and it's very comfortable. The wires do not dig into your sides and it doesn't ride or low down when you sit which others do. Best 25.99 I spent. I went by my waiste inches and ordered accurately. Fit perfect!! Great buy! Will touch back if anything changes such as the zipper breaking like other reviews!!

I went by the chart and it's about 4 sizes too big. Need to return.

It's was a little big on me so I had to reorder it in a smaller size. Measures ur waist first before ordering it.

Actually fits but was rolling down back..maub i need fiance to pull the back for me..

I really like it but, my tummy is large and I have to lift it up to put inside the trainer. Other than that I like it.

i loved this waist trainer, ive had it for awhile and everything was perfect the zipper NEVER broke on me. i order the 7x at first but now its gotten a little to big so now I'm ordering again :)

The zipper spoiled the very first day I was disappointed. Otherwise it's pretty decent.

love it

But i love the way it was MADE most HAVE"
B00SNOC2MY,"Fun cool tank to wear to the beach exactly what you'd expect

Bigger then I expected, I wear a medium and that's the size that I got and it looks like it would fit someone that would wear an XL

My son loves this shirt

Husband loved it!

Sons loves it. Now the joke.let's get tickets to the gun show has more meaning.

Thanks!

My son and his best friend were the character from ""22 Jump Street"" for Halloween and this was part of the costume. They look awesome!

I may reorder to see if the large fits better.

Shrunk in the wash, but still fits amazing!

My boyfriend loved it! Gave it to him as a present"
B01DFK1PVY,"I really like this shirt, it's too small for me, glad I could give it to my daughter. I will be ordering one in a M. I always wear smalls. It wasn't extremely small, but not flattering and not wide enough across the shoulders for sure."
B011BN652Q,"I am loving this bag. It's durable, cute, and can hold a lot of stuff. I went with purple and I love the color. I generally use the shoulder strap instead of the handles. The shoulder strap has been able to handle quite a bit of weight without starting to separate from the bag. the handles are even sturdier. There are a lot of pockets on this The main pouch also contains a zippered pocket as well as some smaller accessory pockets. There is a clip you can attach your keys or something else to so it doesn't get lost in the bag, although the clip itself isn't as sturdy or as large as I would like. The back of the bag has a pocket that uses velcro to close. The front has a large zippered pouch as well as some smaller pouches. Although at first glance it looks like just two small pouches on the front, there are actually three. There is a pouch with a velcro flap on the right. The small pouch on the right closes with a zipper, and on the front of that pouch is a smaller pouch that is a bit difficult to see at first because of how the top folds over it. The bottom of the bag has a padded rectangle sewn into it to add some extra strength and durability to the bag. It's a nice feature, but I wish it was a bit larger. The main compartment is huge. I can keep my wallet, a changing pad with diapers, a book, an iPad Mini, my wallet, my keys, and a few snacks just in the main compartment and without forcing it all to fit. The bag can hold a lot more once you start filling up the smaller pockets too. This also comes with a little soft elephant charm that is adorable. I love this whole bag and it is actually replacing my regular purse and my diaper bag on a fairly regular basis. I received this item in exchange for my honest review.

This is my new favorite bag!! It was worth the wait (ups lost it the first order and I had to get it replaced) The bag is a thick nylon and feels very sturdy. It would make a great diaper bag or purse or even book bag. It has so many different pockets you have a place for everything. It also comes with a cute elephant keychain. I wish the handle straps were a little longer but it's ok because the rest of the bag makes up for it. I ordered black but it is more of a blue purple. Still beautiful though. * I received this item at a discount in exchange for my honest review*

Beautiful purse/tote/shoulder bag from Oiwas. I ordered the purple one and I am absolutely in love with the quality and size of it. The color isn't pure purple, it's more of a mulberry red-violet. I can carry just about anything I'd ever need for a day or weekend trip out of the house - minus the clothes of course. I tested it out and can fit my tablet, phone, check book, books, wallet, herbal/mineral supplements, yarn for my knitting projects and even a netbook in it - plus still have room left over. I took many photos to show the true sizes of the bag. Width - 15.5 inches Length top to bottom - 14 inches not including handles smaller handles - 5 inch drop larger handle for cross body or shoulder - 11 to 23 inch drop Front pocket has a hidden pocket zippered front pocket - 6 inches velcro flap front pocket - 6 inches Front zipper slot pocket - 11 inches back velcro slot pocket - 12 inches x 11 inches The interior is a beautiful softer grey, not dark stormy grey. It has 2 ink pen slot pockets, 2 larger slot pockets, and one zippered pocket on the opposite side. It also has a key-fob so you never lose your keys in the bottom of your bag. The stitching is just wonderful. Very strong and secure. The zippers are heavy duty plastic with large teeth and strong zipper pull. I can imagine this would be a perfect bag for teachers/instructors/nurses and also moms on the go. This could actually take the place of a purse and diaper bag and use it as an all-in-one. It's also a great bag for students and athletes who need to take numerous items with them on the go. The added detail of an elephant keychain is cute! I received this bag as a free sample to evalua"
B00RWALDMA,"Not bad considering the price of the jacket

It runs about one size big.

It fits very well if I have 20 pounds more. Even It was slim-fit.. I cannot imagine how large regular fit is."
B0087E5JUC,"I bought this to wear while repairing my wedding ring. This covenant ring is Simply gorgeous, I am tempted to wear it more often than my wedding ring. Oh, they fit snugged and the prongs are slightly sharp; got scratched a couple of times, other than that, Perfect!"
B00OQ0L6JE,"This curtain took 3 months to get to me,, and when I got it, it looks nothing like the picture. It is horrible quality, don't waste your money.

The curtain is in the garbage. Do not waste your money. I had to give it one star because there are no zeros."
B019LFAWT8,"Love it

not the type of spandex leggings you would expect!!!

very soft.......... very comfy

I need a lil bigger size.

Just like the description! Sizes are smaller but mine wasn't to small! Very cute & they make your butt look nice. Mine came with a hole for me to button my pants up, It was small but if you want it bigger you could just cut it. Decent size length in pants wouldn't recommend for tall people in 5'5 & my pants ended a little above my ankles. Overall I am satisfied!

fit great!

These are pretty but don't stay up all day. Even though they run small, they have enough elasticity. The waist isn't big, It fits just right when I put it on, but the material is somewhat too sleek that it rolls down over the cause of time or as you move. The length can be another problem for tall girls

This product is trash! The fabric is so bad.... It's not even worth paying $1 for. This is not what I was expecting. I will not recommend this product to anyone. Save your money.

Good fit & light material

Great fit! It's hard for me to find pants that fit my butt sand waist I have a big butt for my small frame (I don't know the measurements) but when I get high waist stuff either the pants smash my butt or there is a big gap in the back. These didn't do either. They fit my waist and complimented my butt! I'm probably going to end up ordering more. Wish they came in more colors! Only disclaimer::::: after wearing them for about a 2hrs they started to slide idk why that happen but I'm an over happy customer!!"
B00E3RDXWS,"i love this because it makes me feel like i am in the Victorian erra

This is a Cheap made necklace. uncomfortable- put together wrong- don't buy This necklace. Even if it is really cheap."
B016GUG1Z0,Great shirt. My wife hates them so they must look good on me! For me I had to buy 2 sizes up to fit. No problem returning.
B00XT51F3Y,poor product.
B01CS9UCVC,"Very pretty but very delicate. The glass is thin. I dropped it and it broke.

Very pretty"
B00WNE4VQ0,"I'm really happy with this skirt. It's just as comfy and pretty as it appears, too. Plus it arrived very quickly!

Beautiful skirt. Fits perfectly. I've bought two of them and will keep on buying more. I also bought the solid colored ones from Azules and they are also great."
B00CL5ELMA,"Very comfy.

I can NOT get enough of buying items by PattyBoutik! seriously. every item I've received have been exactly as I expected and are super comfortable! This particular item has been very comfortable. took some adjusting to get the skirt hiked up enough (i'm 5'4""). but once I did I just tied I and left it so I wouldn't have to fiddle with it again. it's comfortable and flattering and great transition dress from work to play. and the color is also as depicted. and nice deep maroon that isn't terribly see through.

I normally wear a 10/12 (34DD) so I thought the large would be fine, it wasn't. It didn't hang at all like the picture shows. Sent it back. An XL would probably be fine, but didn't feel like re-ordering.

I've been looking for the perfect maxi, and I have found it! I bought the maroon, true to color. I'm 5'6, 170 lbs, DDD bra size. I'm curvy and self-conscious about my mid section, and this dress is super flattering. The draw-string in the middle does the trick. It's the perfect length, don't have to hem it for my height. The material is thick enough (better than my jersey dresses) and doesn't cling or show every dimple in your butt, and a lightweight racer back sports bra is perfect with it. The material is almost a soft - light weight - knit/sweater material, but will stay cool, not too heavy. I'll be probably buying this in multiple colors. I'm so happy with this purchase and it's such a reasonable price. Say good buy to all your clingy crappy jersey material dresses!

Exactly what I need. super comfy!

a Little larger than expected but I feel it may shrink when washed & dried! I love the fabric & it is super comfy!

It fits perfectly! I am 5'8 and 1/2, and I wear a size 8/10. The dress fits my body perfectly. The length is also great, it comes to the top of my feet. I can wear heels and flats. The fabric is somewhat thin so wear a slip. ;)

Returned it! Fit was too large and gives you zero shape.

Dress is as pictured comfy and cute. I bought the maroon one and the color is wonderful.

beautiful

I'm 170cm and order a size L. It fits perfectly

Fabric is good! Shiping fast,but you have to have a skinny Body in order to look good!!

Fitd well great material

excellent product"
B00XLW8I58,I loved the price most of all
B01BDAALA4,"Best anywhere!!!!!!

They ask you to order larger but there is no truth to that . The quality, for what you are getting is rather cheap and thin in comparison to say, Hanes. Not happy with this product. I will give them to goodwill or another company because they looked good initially and I opened all and threw away the wrapping. I will not buy this product again or from this company. They did not fit as stated. A waste of $50.00 !!!

Very well made, light weight, soft material, great front pouch, feel great in these, feel sexy as well, machine wash seems to be working fine. comes on pack of three.

Not quite as breathable as I'd hoped but fits well and very comfortable. Agree with other reviewers sizing recommendations.

Good"
B01C3NMN88,"This product was suppose to be a 3xl. This is so far from that size. My sister who is a size two barely fits into this. It is very cheaply made. I would never recommend this to anyone.

Pretty and very soft.."
B016AZOWSE,"I am 5'7"" and approximately 110 lbs. The sleeves fit fine (my arms are relatively long), but the body of the jacket was much too big. It was very boxy large around the waist and torso.

It a great jacket for cooler spring or fall. I'm petite but was afraid XS might be too small or tight so I order a small. The length is fine but the width at waist is wider than the tapered look on the product photo. I do like the fact that I can throw it in the washer."
B00QQLPRCI,"I have been wearing these for years but hard to find the hi cut. They fit well and are very comfortable.

Comfortable and very well designed. Durable. Tucks everything in nicely! They may be pricey, but the comfort and feel are worth it. Feel and look great under clothes. Makes a nice gift, as most won't spend this kind of money on themselves for underwear.

They fit better than any pair I've ever worn. They're very comfortable and don't roll down when I'm bloated. Really like them.

Love these! Hugs your buns!!

Great. Love the fit.!

perfect fit.

I couldn't find these at the store and was so disappointed until I seen them here. Pleasantly surprised that they fit so comfortably, because they looked different from what I have.

l like it

Very comfortable. Do not ride up.

comfy

tight -unbreathable-yuck fabric pass on these

These are my favorite. I will continue to order them as needed and hope that they are never discontinued.

Simply put these are awesome! So comfortable and they don't ride up.

Very soft material. Contour my body well

Soft and flattering, the cut is perfect.

Yes great fit, reasonable and it came quite quickly.

Sooooo comfy!

Haven't had them long enough to see how they wear-so a 4 not a 5. In the past I have been very satisfied with this brand and expect the same quality this time.

I like the feel and quality. The legs cut into me a little bit or I would have given another star.

Made well good quality material

excellent!

Love Love

Love Love Love all Ellen Tracy panties. Discovered them at BCF and will occasionally find them there but amazon has many different options. You can go down a size due to the generous stretch and cut.

Only one pair was jacquard and the other was plain so I was disappointed in he second pair. Not very truthful in my opinion

I bought the wrong size, I'm going to buy size M next time. Thank you

I love them! Most comfy indies I have ever worn!

Fits well

Fit is sooooooooo comfortable, no panty lines - stay in place, too!

for me perfect material, good fit

Love them. Wish I could buy an all white pack.

These fit like a second skin. They are very comfortable. If you're looking for support, this product doesn't offer it.

I ended up returning this item for a refund because, I just didn't like the styling (actually the cut) of this particular brief. It is not at all what I would expect in terms of cut through the sides of the front and hip area from a ""hi-cut"" brief. In my opinion, it is not very high-cut at all. It is a big brief with maximum coverage where the high cut should be. Unfortunately, its difficult to tell from the pictures. That said, the material is very soft and pleasant, the neutral colors are great, the overall quality including the construction (workmanship) seems very good as well. The company might want to reconsider calling it a ""hi cut"" though!

perfect, got these on sale and loooooove them.

Nice smooth fabric, well made.

Good price; they fit well with no lines and seem to launder well.

These are pretty and fit well. The best briefs I have found. I bought my first at Ross and to find them on Amazon is wonderful.. AND I got them on Prime Day, so paid half price. Love Amazon/

Awesome

These panties run very large. I ordered a size 8/XL which is what I normally wear. In another order, I mistakenly ordered a Bali panty in a 9/2XL. The Ellen Tracy panties are considerably larger than the Bali 2XL.

Live these. They are so comfortable and will make it hard to ever wear another brand.

Love these so much. True to size and very soft and comfortable. Washes beautifully. Highly recommend!!!

Fit great and are so comfortable, you are not even aware that you are wearing them.

Great product.

love these briefs. They have an amazing amount of stretch so are always comfortable and never bind.

Needed underwear without the seams that seem to drive me crazy. These are the ticket. Fit is great and no seams. Very smooth fabric on top of every thing else.

Disappoin"
