tconst,review
tt0096786,"For the initial 20 minutes or so (I was watching it on a PS2 so I've really no idea how long it took) Alienator sets up an interesting premise. I don't think I've seen a slasher movie with an alien from another planet as the baddie before. However, interest soon turns into stunned disbelief as you realise the 'alien' is a huge body-builder woman in a steel bikini. Yes, Alienator is patently ridiculous.<br /><br />Don't think I hold that against it. In the world of shlock-horror, patently ridiculous can often be a good sign. However, the blatant stupidity of its premise is all the movie really has going for it. Alienator is funny as hell, but it is also a shambolic suckfest of the highest order. Actors heap on failed attempts at seriousness, potentially genius lines of pure cheese dialogue are stumbled over with unnerving incompetence and the direction fails to sum up even one or two decent set-pieces. By the time the movie's finished you can barely see the original concept through the haystack of total tripe the team piled on it.<br /><br />Add to this the fact that the 'Alien' just kills people by vaporising them, as opposed to doing any 'slashing' as such and you have a giant throbbing heap of good ideas being left to rot. You'll laugh at Alienator, but AT it, not with it. If that's your thing then go ahead and check it out."
tt0099165,"Most book adaptations are bad but this film left out key parts of the storyline and changed the description and some characters. They rewired the storyline and combined scenes and changed the order. They added ridiculous things into it that never happened in the book and would never happen.<br /><br />If i hadn't read the book beforehand it would have been an incredibly dull film, it didn't make you care about the characters, like them or dislike them. It turns the characters into jokes.<br /><br />Awful.<br /><br />Ridiculous.<br /><br />Waste of two hours of my life."
tt0099260,"I actually saw China O'Brien II before I ever saw the original China O'Brien. And I have to say that the first incarnation is actually worse. But: worse = funnier! And funnier = better. If you're a bad movie fan like I am, this is great material. If, however, you are looking for any sort of meaningful plot, acting ability, or movie-making skill, this is best avoided. The best part is how they filmed all the fighting sequences in stuttering fast-forward. Hilariously bad. See it for a laugh, see it for mindless entertainment, but whatever you do, see it for free on TV."
tt0099674,"I dislike this movie a lot. If you've read the Puzo's books, or at least have watched very closely the two first movies (specially the first one), you're going to agree with me.<br /><br />Compared with the Corleone's saga presented by Puzo's novel, the script of this film is, sometimes, even ridiculous. The characters and the relationships among them are distorted. The story ends up reaching nowhere, although it appears to go to some direction during the movie.<br /><br />It is understandable that different times should be expected for the Corleone's saga in the 90's, and that we would not gonna find things the way they were before. But, in the other hand, I don't know why they had to copy some dialogues from the other movies, in contexts when they didn't fit. Why this? It sounds like those poorly made sequels that just try to copy the original film's qualities.<br /><br />What will never be understandable is the fact that Mario Puzo, Coppola and Al Pacino joined together to make this. A man who directed pieces like Apocalypse Now and Godfather has to be forgiven for almost anything he does in cinema until he dies. So does Al Pacino, for being the actor he is. But Mario Puzo shouldn't have written this. How come? He damaged all his previous work. What a shame, my friend. The Puzo's novel ""The Last Don"" is a 90's story about the mob, and it is great. We can never tell the same about the plot for the Godfather III."
tt0100680,"I saw the capsule comment said ""great acting."" In my opinion, these are two great actors giving horrible performances, and with zero chemistry with one another, for a great director in his all-time worst effort. Robert De Niro has to be the most ingenious and insightful illiterate of all time. Jane Fonda's performance uncomfortably drifts all over the map as she clearly has no handle on this character, mostly because the character is so poorly written. Molasses-like would be too swift an adjective for this film's excruciating pacing. Although the film's intent is to be an uplifting story of curing illiteracy, watching it is a true ""bummer."" I give it 1 out of 10, truly one of the worst 20 movies for its budget level that I have ever seen."
tt0101540,"Worst movie, (with the best reviews given it) I've ever seen. Over the top dialog, acting, and direction. more slasher flick than thriller.With all the great reviews this movie got I'm appalled that it turned out so silly. shame on you martin scorsese"
tt0102422,"This was an absolutely terrible movie. Don't be lured in by Christopher Walken or Michael Ironside. Both are great actors, but this must simply be their worst role in history. Even their great acting could not redeem this movie's ridiculous storyline. This movie is an early nineties US propaganda piece. The most pathetic scenes were those when the Columbian rebels were making their cases for revolutions. Maria Conchita Alonso appeared phony, and her pseudo-love affair with Walken was nothing but a pathetic emotional plug in a movie that was devoid of any real meaning. I am disappointed that there are movies like this, ruining actor's like Christopher Walken's good name. I could barely sit through it."
tt0103858,"While it contains facts that are not widely reported, it is not exactly the truth. They took a lot of liberties in rearranging events, excluding people, and using sets that do not meet the facts of their lives in the 30's. There were more than just Bonnie, Clyde, and W.D. in the gang at various times, and those people had as much to do with the facts as those included. Buck and Blanche went to convince Clyde to go straight much earlier than the one shootout, and in fact got drawn back into crime. Some of the events that were portrayed in daylight actually took place at night. Bonnie's wound was much more severe and never healed right. It was so bad she had to be carried around by someone until it healed up, and even then it stiffened up so she walked stiffly. Clyde also walked with a limp because while in prison he cut off a big toe. I know, I'm being nit picky, and it was a TV movie, but even without these factual errors in this ""TRUE"" story, the movie moves too fast from event to event and comes across more as several separate snapshots of their lives, rather than being a cohesive flowing story.<br /><br />I'd recommend reading a book or seeing a documentary if you want to get closer to the truth."
tt0104997,"i don't know what they were thinking.by they,i mean anybody even remotely connected to this disaster.i've seen so bad movies,i've seen so really bad movies,and then there's this.but i will say one thing.whoever wrote the script has manged to put what could possibly the most inane dialogue over written,onto the screen.there is nothing good about this movie,either from a technical standpoint or any other standpoint.whoever allowed it to be made and then released should have been fired immediately.there are a few fairly well known names in this movie.actually i hesitate to use the word movie.it's more like a collection of random scenes that have no relation to another and make less than 0 sense.anyway,i fail to see why anyone with any dignity would appear in this.i got it really cheap,and i still got ripped of.even if i had gotten this movie for free,i would still have been ripped off.this is an absoluter 0/10"
tt0105699,"This is another typical unbelievable and non-sensical piece of Hollywood dreck.<br /><br />Kurt Russell, as Snake Pliskin in a business suit, convinces me he was a better 2nd baseman. Ray Liotta as the psychotic cop is totally predictable and absurd. Madeline Stowe is her usual cardboard self, and does little to be a convincing victim.<br /><br />Every scene in this persiflage is absolutely predictable all the way to the end when Kurt clouts Ray with a vase or something, knocking him down and out. Kurt and Madeline then do their obligatory end-of-the-movie embrace, and EVERYBODY--- except Russell and Stowe, KNOWS Liotta is going to get back up and menace the couple again.<br /><br />He does, of course, and Russell drills him 10 times with his 9mm, which was ENTIRELY unnecessary. This movie could just as well ended with the bludgeoning scene--- EXCEPT Hollywood dotes on unnecessary violence, and the more they can add, or ""enhance"", the more slobbery they get."
tt0106336,"You can give JMS and the boys a pass on this one because they were at the beginning of their series and on a small budget, but the movie is still sub-par. Dont get me wrong, B5 the series is by far the best TV series ever, but if i was an exec seeing this movie, i wouldnt have ordered the series. I dont like O'Hare as an actor, the costumes are silly, and there are tons of cliches. The same can be said for most of the first season (with the exception of Babylon Squared and Survivors); Bruce immediately put a fire into the series and it went on to be an amazing spectacle. If you are a B5 fan and havent seen this movie, see it. If you arent a B5 fan, dont...you wont want to watch the series."
tt0106922,"I was unsure whether or not Andy Sidaris could repeat his success with the cinematic hit ""Malibu Express."" With his film Fit to Kill he has proved that Sidaris is a serious filmmaker and not just a one-shot director. The plot written by Sidaris, which was ungratefully passed up by the Academy, is a complex screenplay involving many unseen twists and turns. The main characters composed work for a sexually based radio station known as KSXY. Cleverly, KSXY is actually their secret headquarters. In ""Fit to Kill"" they confront their long-time nemesis Kane, who is trying to steal one of Russia's most prized diamonds. A well-written screenplay is not all, excellent acting by the cast helps to ensure this film as a cult classic. Panned by the critics and the box office, this film will be appreciated in years to come. It is now suffering the same fate as Clockwork Orange and Taxi Driver did, but in the future will undoubtly become recognized. I am disappointed no critic circles have recognized Andy Sidaris's trademark filmmaking. The costumes, the special effects, all help to compliment this already beautiful piece of filmmaking. It may do you best to ignore the dismal 3 rating on this film and go out and rent it for yourself. My personal rating is 10/10. The drama is as thick as the blockbuster Runaway Bride, and the action better or equal to the cinematic masterpiece Last Action Hero. Andy, keep up the good work."
tt0107151,"This movie is a good example of how to ruin a book in 109 minutes. Except for the names of the characters the movie bears very little resemblance to the book. A book full of strong Latino characters and they are represent, for the most part, by non-Latinos. There is no character development in the movie and we have no reason to love or hate the characters. And to delete a complete generation is inexcusable. Isabel Allende has written a powerful book and the book is what should be read!"
tt0107302,"Distasteful, cliched thriller has young couple doing cross-country research on America's most infamous murder sites, becoming road partners with a dim-witted young woman and her snarling boyfriend--who is an actual psycho. Arty and alienating, the film's tone alternates between pouty pseudo-irony and silly flamboyance. Handsomely-made perhaps, but ultimately laughable. Brad Pitt's performance as the low-rent killer is godawful. * from ****"
tt0110695,"Oh a vaguely once famous actress in a film where she plays a mother to a child . It`s being shown on BBC 1 at half past midnight , I wonder if ... yup it`s a TVM <br /><br />You`ve got to hand it to TVM producers , not content on making one mediocre movie , they usually give us two mediocre movies where two themes are mixed together and NOWHERE TO HIDE is no different . The first theme is a woman in danger theme cross pollinated with a woman suffering from the pain of a divorce theme which means we have a scene of the heroine surviving a murder attempt followed by a scene having her son Sam ask why she divorced ? And being a TVM she answers that the reason is "" That people change "" rather than say something along the lines like "" I`m a right slapper "" or Your daddy cruises mens public toilets for sex "" as does happen in real life divorce cases . And it`s young Sam I feel sorry for , not only are his parents divorced but he`s as thick as two short planks . Actually since he`s so stupid he deserves no sympathy because he`s unaware that a man flushing stuff down a toilet is a drug dealer , unaware that you might die if someone shoots at you , and unaware that I LOVE LUCY is painfully unfunny . If only our own childhoods were so innocent , ah well as Orwell said "" Ignorance is strength "" . Oh hold on Sam is suddenly an expert on marine life ! Is this character development or poor scripting ? I know what one my money`s on . And strange that Sam the boy genuis hasn`t noticed that if the story is set in 1994 then why do people often wear clothes , drive cars and ride trains from the 1950s ? But as it turns out during a plot twist it`s the mother who`s the dummy . Then there`s a final plot twist that left me feeling like an idiot for watching this"
tt0112740,"We laughed our heads off. This script is so incredible you either zap to CNN or go to sleep.<br /><br />My dad was a sea captain for 30 years, he could not believe his eyes when he saw the movie.<br /><br />During his experience as an officer he once claimed command over the ship, the captain drunk 3 bottles of whiskey/daily and (sorry) s**t on his desk. Of course this was not on a nuclear mission.<br /><br />For instance, the fire in the kitchen, fire is the most important thing on any ship, nuclear or not. To give a drill at that time is just Hollywood script. When a captain is put under arrest, he IS under arrest, you take all his keys and open the safe where the guns are kept. This is stored within minutes in a well guarded room. He CANNOT escape, it's just like in prison.<br /><br />Funny thing is, my dad also had a dog on board, however, we see how Hackman let him pee in the control room. This is not done, ever. My dad cleaned all the mess the dog made wherever he was.<br /><br />Hackman and Washington make the three stars this movie is credited for, all the rest is bulls**t.<br /><br />When we do know that 23 people were still alive on the Koersk, this film gets an extra dimension.<br /><br />If you want to see a real thriller about a submarine rent: Thas Boat.<br /><br />"
tt0113305,"MINOR SPOILERS!<br /><br />Well i just sat up late and watched this film, mainly because i enjoyed and rated some of Singleton's earlier work like ""Boyz n the hood"". However, i have to say this was a major disappointment and is everything i hate about contrived, clichéd, so-called ""message"" movies. <br /><br />The acting is mainly poor,(pop stars and models do NOT necessarily make good actors...take note), the situations hard to swallow, (rape victim becomes overnight lesbian?...please!), but worst of all it reinforces every screwed up stereotype you can think of. By the second half of the film it has become cartoon like in its characterisation, making you lose any shred of empathy you may have had for its one-dimensional players.<br /><br />Not once is any valid point made about the inherent causes of racism and cultural, sexual and political ignorance. As a result it merely ends up sensationalising the results of these problems. It's message is contradictory, resulting in a sense of confusion and a general lack of plot cohesion. As for the films conclusion i found it predictable, embarrassing, exploitative and mildly offensive. For a film called ""Higher Learning"" i have to say all i learned is to avoid seeing this ever again.<br /><br />If you want a true comment on some of the themes that this film completely fails to elaborate upon then go hire ""American History X""....unless you were just watching it for Tyra Banks then go hire a life."
tt0113501,"I've seen my fair share of badly thought-out endings and final twists to films, but I don't recall any film that committed outright suicide like this one did.<br /><br />The film makers were clearly hoping that the great twist would 'surprise' us all.... and it did, but perhaps not in the way the directors had hoped. I was left feeling surprised that Connery, Harris, Fishburn and Capshaw had anything to do with this turkey, individually or collectively.<br /><br />The film up until the final thirty minutes was rather engaging and I like the way the story was unfolding and the nature of the film overall. But once the twist was revealed, the plot holes and inconsistencies were remarkable, the underlying motive for revenge was ill-conceived and the ways things so neatly worked out for Bobby Earl was ridiculously far-fetched. What's worse is that, once the twist was revealed, the remainder of the film became excruciatingly predictable.<br /><br />Harris gave a terrific performance and Connery is like Morgan Freeman in that he never gives a bad performance, even if the movie ain't that great! So all in all, it starts well and the unfolding keeps the viewer interested. The last 30 minutes is one of the most memorable nose dives in the history of cinema."
tt0114057,"Working with one of the best Shakespeare sources, this film manages to be creditable to it's source, whilst still appealing to a wider audience.<br /><br />Branagh steals the film from under Fishburne's nose, and there's a talented cast on good form."
tt0114736,"This film was so predictable, that during the entire time you're hoping that the obvious suspect is innocent, and there's some other big twist still coming. However... it doesn't. He just continues to act creepy, and she continues to ignore it. Mary found very incriminating evidence at his place, and she still trusted him? And what was that ""baiting the trap""? There was no trap. She confronted him, he said ""excuse me. I have to go kill someone"" He left, and that was the end of it. They make attempts to use other suspects, (like that one older carnival girl at the end) but they're completely underdeveloped. Actually, all the characters are underdeveloped. They have no depth, and the setting is just plain strange... who hangs out in a recycling factory?? Its choppy and nothing is well developed. For example: When she leaves his place after having the beer, and he finds the pics and she runs out and he catches her and they end up having sex in that car... what was that? Her reactions weren't portrayed. In the car she acted scared like it could have been practically rape- but then all we see is her showering the next morning. booooooooo It could have been so much better.. sooo much better."
tt0115543,"This might be the poorest example of amateur propaganda ever made. The writers and producers should study the German films of the thirties and forties. They knew how to sell. Even soviet-style clunky leader as god-like father-figure were better done. Disappointing. The loss of faith, regained in church at last second just in time for daddy to be ""saved"" by the Hoover/God was not too bad. Unfortunately, it seemed rushed and not nearly melodramatic enough. A few misty heavenlier shots of the angelical Hoover up in the corner of the screen-beaming and nodding- would have added a lot. The best aspect is Hoover only saving the deserving family and children WHO had ""proven"" their worth. Unfortunately, other poor homeless were portrayed as likable and even good- yet the Hoover-God doesn't help them. A better approach would have been shots of them drinking spirits to show the justice of their condition. Finally, bright and cheerful scenes of recovery (after Hoover saved the country from the depression) should have rolled at the end. We could see then how Hoover-God had saved not just THIS deserving family, but all the truly deserving. Amateurist at best."
tt0116684,"This 1996 movie was the first adaptation of Jane Eyre that I ever watched and when I did so I was appalled by it. So much of the novel had been left out and I considered William Hurt to be terribly miscast as Rochester. Since then I have watched all the other noteworthy adaptations of the novel, the three short versions of '44, '70 and '97 and the three mini series of '73, '83 and 2006, and I have noticed that there are worse adaptations and worse Rochesters.<br /><br />This is without doubt the most exquisite Jane Eyre adaptation as far as cinematography is concerned. Director Franco Zerifferelli revels in beautiful long shots of snow falling from a winter sky, of lonely Rochester standing on a rock, and of Jane looking out of the window - but he is less good at telling a story and bringing characters to life. In addition, his script merely scratches the surface of the novel by leaving out many important scenes. As a consequence the film does not show the depth and complexity of the relationship between Jane and Rochester, and sadly it does also not include the humorous side of their intercourse. There are a number of short conversations between Rochester and Jane, each of them beautifully staged, but the couple of sentences they exchange do not suffice to show the audience that they are drawn to each other. We know that they are supposed to fall in love, but we never see it actually happen. The scene in which Rochester wants to find out Jane's reaction to his dilemma by putting his case in hypothetical form before her after the wounded Mason has left the house is completely missing, and the farewell scene, the most important scene - the climax - of the novel is reduced to four sentences. Zerifferelli does not make the mistake other scriptwriters have made in substituting their own poor writing for Brontë's superb lines, neither are crucial scenes completely changed and rewritten, but he makes the less offensive but in the end similarly great mistake of simply leaving many important scenes out. What remains is just a glimpse of the novel, which does no justice to Charlotte Brontë's masterpiece.<br /><br />The cast is a mixed bag: While Fiona Shaw is an excellent Mrs Reed, Anna Paquin's young Jane is more an ill-mannered, pout Lolita than a lonely little girl, longing for love. The ever-reliable Joan Plowright makes a very likable, but far too shrewd Mrs Fairfaix, and one cannot help feeling that Billie Whitelaw is supposed to play the village witch instead of plain-looking, hard-working Grace Poole. Charlotte Gainsbourgh as the grown-up heroine, however, is physically a perfect choice for playing Jane Eyre. Looking every bit like 18, thin and frail, with irregular, strong features, she comes closest to my inner vision of Jane than any other actress in that role. And during the first 15 minutes of her screen time I was enchanted by her performance. Gainsbourgh manages well to let the audience guess at the inner fire and the strong will which are hidden behind the stoic mask. But unfortunately the script never allows her to expand the more passionate and lively side of Jane's character any further. As a result of leaving out so many scenes and shortening so much of the dialogues, Gainsbourgh's portrayal of Jane must necessarily remain incomplete and therefore ultimately unsatisfactory. This is a pity, as with a better script Charlotte Gainsbourgh might have been as good a Jane as Zelah Clarke in the '83 version.<br /><br />But while it is still obvious that Gainsbourgh is trying to play Jane, there is no trace whatsoever of Rochester in the character that William Hurt portrays. Hurt, who has proved himself to be a fine actor in many good movies, must have been aware that he was physically and type-wise so miscast that he did not even attempt at playing the Rochester of the novel. His Rochester, besides being blond and blue-eyed, is a soft-spoken, well-mannered nobleman, shy and quiet, slightly queer and eccentric, but basically good-natured and mild. He is so far from being irascible, moody and grim that lines referring to these traits of his character sound absolutely ridiculous. Additionally, during many moments of the movie, Hurt's facial expression leaves one wondering if he is fighting against acute attacks of the sleeping sickness. Particularly in the proposal scene he grimaces like a patient rallying from a general anaesthetic and is hardly able to keep his eyes open. If you compare his Rochester to the strong-willed and charming protagonist of the novel, simply bursting with energy and temperament, it is no wonder that many viewers are disappointed in Hurt's performance. Still, he offends me less than the Rochesters in the '70, '97 and 2006 versions and I would in general rank this Jane Eyre higher than these three other ones. Hurt obviously had the wits to recognise that he could not be the Rochester of the novel and therefore did not try to do so, whereas George C. Scott, Ciaràn Hinds and Toby Stephens thought they could, but failed miserably, and I'd rather watch a character other than Rochester than a Rochester who is badly played. And I'd rather watch a Jane Eyre movie which leaves out many lines of the novel but does not invent new ones than a version which uses modernised dialogues which sound as if they could be uttered by a today's couple in a Starbucks café. Of course this Jane Eyre is a failure, but at least it is an inoffensive one, which is more than one can say of the '97 and 2006 adaptations. I would therefore not desist anyone from watching this adaptation: You will not find Jane Eyre, but at least you will find a beautifully made movie."
tt0116762,"This is a genuinely horrible film. The plot (such as it is) is totally undecipherable. (I think it has something to do with blackmail, but I'm not entirely certain.)<br /><br />Half of the dialogue consists of useless cliches. The other half is spoken by the various actors in such unintelligible imitations of ""southern"" accents that (thankfully) the words cannot be recognized.<br /><br />But the one true tragedy of the movie is that such a historic talent as Mary Tyler Moore apparently was in such dire financial or personal circumstances that she appeared in it.<br /><br />"
tt0118882,"I haven't seen anything this bad since I walked out of the James Bond movie ""Moonraker"" twenty years ago. I managed to sit through the entirety of this one only because of Tilda Swinton, but there was nothing she could do to save this beast.<br /><br />As a cross between ""Pi"", ""Orlando"", and ""Tron"", this movie failed miserably in every aspect of moviemaking. The characters were cardboard and unable to evoke any kind of sympathy. The plot was wholly unbelievable. The acting was, with the exception of Swinton, amateur. The computer graphics were worse than in ""Tron."" Timothy Leary was extremely annoying. I could go on, but what's the point.<br /><br />The only good thing I can say about this film is that Tilda Swinton was in it. I have no idea why an actress of her caliber consented to appear in such a dud, but she most likely regrets it now.<br /><br />Don't waste your money or your time on this stinker. There's nothing worth seeing here."
tt0118939,"You know all those letters to ""Father Christmas"" and ""Jesus"" that are sent every year? Well, it turns out that they are not actually delivered but dropped off in a half-forgotten corner of the post office to rot unless some bright spark figures out a way of posting them. As bizarre settings go, it's a winner and one which perfectly fits the strange movie that is ""Dead Letter Office"". Having said that, this is obviously an Australian film as opposed to a British one. If it was Royal Mail, most letters get this sort of treatment anyway. I haven't been in this flat for two years and we're still getting letters for a Mr Wang, some female priest of the Church of Latter Day I've-Never-Heard-Of-You and various catalogues for industrial equipment addressed to a plumbing company.<br /><br />""Dead Letter Office"" (the name given to the place where undeliverable mail ends up) follows the story of Alice (Miranda Otto) who grows up in a seriously divided home. Writing to her absent father, she only learns in adulthood that her letters haven't been delivered for one reason or another. So, logically, she gets a job at the D.L.O. and finds herself working alongside other social rejects including the brooding Chilean immigrant Frank Lopez (George Del Hoyo). Slowly, she finds herself drawn to him but can she find out where her dad is without bringing the self-contained world of the Dead Letters Office to its knees?<br /><br />Nothing against this film but I was reminded of the god-awful Heather Graham film ""Committed"" while watching this. However, this is so much better than that pile of horse crap but then again, that ain't difficult. For a start, this film is much more logical. True, the metaphors are somewhat blatant and the underflowing symbolism quickly becomes a flood. But at least this is cohesive and quirky without being complete drivel. It is also well acted. Both Otto and Del Hoyo are very good as the lovers looking for something they know they'll never find while other characters are peripheral at best. Part of the trouble is that it seems to wrap up far too quickly, leaving this viewer somewhat disappointed. The other part is that when you consider Australia's draconian immigration policy (i.e. if you don't speak English, rack off!), such a story is unlikely to take place in reality. The other characters, sadly, also help to destabilise the realism by proving to be little more than odd-ball stereotypes.<br /><br />Despite that, ""Dead Letter Office"" is certainly something a little different. It might not be to everyone's taste but I liked it. Yes, it was hackneyed and predictable but sometimes, it's nice to watch a film without guns or violence or heavy-duty swearing and nudity (no chance of that in an Australian film). There ain't any major laughs, there's no Bullet Time and the characters are usually one-dimensional. But it's the story that counts here and while it's not earth-shattering in its magnificence, it's a pleasant enough way of passing the time. It's the movie equivalent of a Sheryl Crow CD - nice to listen to now and again but you wouldn't really miss it if it wasn't there."
tt0119173,Demi Moore's character in the movie was selected for the SEALs because of her looks. That was a bad start and the movie went down from there. The plot was totally unbelievable. The will to make it in a tough military unit is not enough. This movie did not convince me of a woman's physical ability to perform the types of tasks required.<br /><br />Trying to pretend that women and men are basically the same is an insult to everyone's intelligence. The differences between the sexes are what makes life interesting.
tt0119427,"JUDAAI was a bold film by Raj Kanwar at it's time In 1997 when such a topic was damn out of the box<br /><br />To give him his credit he does succeed in showing how greed changes a person and to what extent the person can go to get what she wants<br /><br />The film however is damn melodramatic, many places ridiculous<br /><br />One wonders why Anil doesn't buy a TV for his wife? when he earns so much Just to show how poor he is?<br /><br />The twist is well handled but the handling is straight out of 80's The Johny- Paresh comedy which entertains here and there stands out as a sore thumb as it doesn't fit in the story<br /><br />Even there are several cringeworthy scenes<br /><br />Direction by Raj Kanwar is adequate though at times too melodramatic Music is okay but most songs look forced<br /><br />Anil does his part well Sridevi is excellent in her part Urmila is decent Amongst rest Kader Khan is as usual Johny Lever is funny, Paresh irritates Farida is decent"
tt0119453,"I had high hopes for this film. I thought the premise interesting. I stuck through it, even though I found the acting, save Helena Bonham Carter, unremarkable. I kept hoping my time spent would pay off, but in the end I was left me wondering why they even bothered to make this thing. Maybe in George Orwell's version there is a message worth conveying. If this film accomplished anything, it has inspired me to read Orwell's classic. I find it hard to believe his tale could be as disappointing as this adaption. If the film maker's message is ""the mundane life is worth living"", well then, they've succeeded. I would recommend this film to no one; 101 minutes of my life wasted."
tt0119690,"'Mojo' is a story of fifties London, a world of budding rock stars, violence and forced homosexuality. 'Mojo' uses a technique for shooting the 1950s often seen in films that stresses the physical differences to our own time but also represents dialogue in a highly exaggerated fashion (owing much to the way that speech was represented in films made in that period); I have no idea if people actually spoke like this outside of the movies, but no films made today and set in contemporary times use such stylised language. It's as if the stilted discourse of 1950s screenwriters serves a common shorthand for a past that seems, in consequence, a very distant country indeed; and therefore stresses the particular, rather than the universal, in the story. 'Mojo' features a strong performance from Ian Hart and annoying ones from Aiden Gillan and Ewan Bremner, the latter still struggling to build a post-'Trainspotting' career; but feels like a period piece, a modern film incomprehensibly structured in an outdated idiom. Rather dull, actually."
tt0119792,"STAR RATING: ***** Saturday Night **** Friday Night *** Friday Morning ** Sunday Night * Monday Morning <br /><br />Ray (Ray Winstone) has a criminal past, has had problems with alcohol and is now forming a drug habit that is making him paranoid and prone to domestic violence to his wife Valerie (Kathy Burke) who tries to hold the family together but ends up coming off more like a doormat. Meanwhile, her mother Janet (Laila Morse) is aware of Ray's son, Billy (Charlie Creed-Miles) and his escalating drug habit that is sending him off the rails. The film follows these despairable characters as they tredge along with their lives.<br /><br />It is said that the British seem to enjoy being miserable, and that would include watching films that entertain them this way. Films like Nil by Mouth highlight this. It's a tale of a broken family, torn apart by crime, poverty, booze and drugs, the kind Jeremy Kyle would lap up like a three course meal. It is also essentially a tale of self destructive men, three generations apart and each copying the other, tearing a family apart and women trying to hold it together, despite not being strong enough. If you pick up a little of what it's about from the off-set, you can see it doesn't promise to be cheerful viewing from the start and it certainly doesn't disappoint in this.<br /><br />It's true what everyone said about the performances, and the lead stars, Winstone and Burke, do deliver some great acting. We see Winstone lose it with his wife, beating her senseless after some more coke induced paranoia, breaking down during a phone conversation with her and unleashing a typical arsenal of f and c words when she refuses to let him see his kid. Likewise, in a private moment, we see Burke skillfully lose her composure on a staircase, the full impact of the night before kicking in.<br /><br />This is another of those films where there's no 'plot' to follow, as such, just a real life feel of these hopeless lives carrying on from one day to the next. It's been acclaimed by many (including the Baftas!) but it really was just too grim and bleak for me. I have no right to criticize it for this, knowing what I knew about it from the off-set, but sadly this is how I found it. **"
tt0120577,"If you hit your teens in the 70s, as I did, you probably remember the stories about Studio 54 whether or not you liked disco. An exclusive club, it was the perfect symbol of 70s cultural overindulgence and self-absorption; there's even an excellent VH1 documentary about the club that could tell you everything you wanted to know about its heyday, and the stories are easily interesting enough to spawn a very captivating film.<br /><br />Sadly, this isn't it. 54 follows the lives of a few of its employees, a bartender named Shane (Ryan Phillippe), a busboy named Greg (Breckin Meyer), his wife, a coat-check girl, Anita (Selma Hayek), and of course the master of ceremonies himself, Steve Rubell (Mike Meyers). While the goings-on at the club are well represented, this film concerns itself more with the personal lives of the workers, following Shane's story the closest.<br /><br />The movie works in spurts. Sometimes it captures perfectly the shallowness of the nightlife culture (such as when Shane is taken to a dinner party and doesn't know who 'Errol Flynt' is), and other times it waxes into hokey melodrama. Some of that is inherent in the premise  following the underlings as they mingle in the world of the rich and fabulous  but a lot of it is due to the kid-gloved treatment with which both the club and Rubell are given throughout the movie. While Rubell certainly electrified the scene in New York with his penchant for over-the-top spectacle and his exclusive hand-picking of the crowds each night, the rampant drugs and sexuality are only briefly touched on; and Rubell himself, while his excesses are mentioned, come off oddly positive for a guy who was in life a liar, a cheat, a drug abuser, and promiscuous as all hell. Not that I was looking for the man to be pilloried here, but his ego directly contributed to the fall of his club and the diminishing of the nightlife culture he helped to elevate. A final scene where he gazes down at the regulars paternally is so emotionally false as to be patently absurd.<br /><br />Meyers does his best to capture Rubell, but he's given so little to work with here it's surprising his performance is effective; but he's good, and he helps to anchor the film. Philippe, whom I find generally to be a good actor, is hamstrung here by the shallowness and stupidity of his character; he's limited to a deer-in-the-headlights smile or a sullen uncomprehending frown, and even he can't translate that into a strong performance. Hayek and Meyer are both okay, again, undercut by the writing, and Neve Campbell  prominently featured on the DVD cover  appears so briefly she really has an extended cameo.<br /><br />For some reason I still find myself interested, even fascinated, by the popular culture of the second half of the seventies. But even given that, this is not a film that particularly engaged me, despite a predisposition to like it. I'd say if that era, or that club, has any interest for you, track down the VH1 special rather than this middle-of-the-road melodrama."
tt0120613,"Tony Goldwyn is a good actor who evidently is trying his hand at directing. ""A Walk on the Moon"" appears to have borrowed from other, better made films. The present story takes place in the late sixties at a summer resort for working class Jews not far from Woodstock. The screen treatment by Pamela Gray doesn't have much going for it, so it's a puzzle why Mr. Goldwyn decided to tackle this film as his first attempt at direction.<br /><br />The Kantrowitz family is spending some time at the resort. We see them arrive at the small bungalow that is going to be their temporary home. Marty, the father, comes only for the week-end; he works in what appears to be a family small appliance business repairing television sets, mostly. In a few days the first man will walk in space, so the excitement is evident.<br /><br />The Kantrowitz women are left behind. Pearl, Marty's wife and her mother-in-law, Lilian, spend idle days in the place until the ""blouse salesman"" arrives. Pearl goes browsing and she finds much more than a shmatte; she gets the salesman as well. It appears that Pearl and Marty have no sexual life at all. After two children, Pearl, who appears to be sexy and with a high libido is ready for some extra marital fun.<br /><br />That is the basic premise for the film, which becomes a soap opera when the young daughter, Alison, decides to play hooky and go to the Woodstock festival nearby where, horror of horrors, she witnesses her own mom making out with the blouse salesman! What's a girl to do? Well, stay tuned for the grand finale when all the parties are happily reunited by the little son's bedside when he is stung by wasps and the salesman comes to apply some home remedy, and daddy is called from the city, after knowing about Pearl's betrayal with the younger stud.<br /><br />Poor Diane Lane, she went to make ""Unfaithful"" later on, which is the upscale version of this dud. Viggo Mortensen is the salesman who caters to his lonely female customers whispering little somethings in their ears! Liev Schreiber as Marty, the cuckolded husband, doesn't have much to do. Anna Paquin plays the rebellious Alison and Tovah Feldshuh is the unhappy Nana, who would like to have stayed in the city watching her soap operas instead of witnessing first hand one that is playing in her own backyard!<br /><br />Watch it at your risk, or pop the DVD in the telly when you have a fun crowd at home and you really want to have a laugh, or two dishing the film."
tt0120620,"I had been looking forward to seeing this film for a long time, after seeing ""Return to Paradise,"" which I found to be gritty. I was so disappointed. The most realistic thing about it was the unpredictable ending which I think was partly stolen from ""Return to Paradise."" <br /><br />Maybe I was expecting too much. <br /><br />On the positive side Danes, Beckinsale and Pullman were fantastic in their roles. Although I didnt like Danes's character and first and found her very annoying. <br /><br />I couldnt see anything realistic about the film. It could of been done so much better, for example there could of been more emphasis on the prison conditions and the sheer horror. It was too cheery a movie to be realistic. There could also of been more action and tension<br /><br />The best thing about this film is the ""tragic"" ending. I couldnt of predicted that. But by that time I really didnt care what happened to them.<br /><br />3/10"
tt0120626,"Okay, I'm not going to critique this film in depth. I note the many elogious reviews in advance of me, and as I generally like Maria de Medeiros, I have been long hesitant to make a disparaging comment - and in such fashion nearly a year has passed. But each time I see that DVD on my shelf, I sense an inner groan. Anyway, let the elogious voices override me! But for other cinephiles like me - beware.<br /><br />Expressed in simplest and gentlest terms, here's my stance:<br /><br />The political turmoil and overthrow providing the backdrop for this film also served as a backdrop for a certain period of my life - via newspapers I read daily in my local middle-European pub. At that time, I followed the newsreports, but never fully grasped what the heck was transpiring. The reporters tended to report either in non-partisan terms, or with a conservatism which frowned upon any groups disturbing the peace or fomenting rebellion against the establishment. Those were times when other winds of unrest swirled through Paris, Berlin, Prague, and various places in the U.S., all of whose issues I understand clearly at the time - but dictatorship or not, my papers tended to treat the govermentment of Portugal simply as the establishment - not as a well-fleshed out ""evil empire"", to use flippant Star War terms.<br /><br />So, week after week, I read of disturbances, but never found an intelligent editorial that might provide the history behind them, or evaluate the practices and social-economic impacts of the dictatorship, etc.<br /><br />So, in purchasing this film, I had at least two hopes: to finally understand the details leading up to the social unrest, and to enjoy a well-conceived drama. This film gave me neither.<br /><br />The film presupposes that viewers already have ample knowledge and deep emotions regarding the historical facts. And the drama - well, as I said, I want to encourage Maria de Medeiros and the Portugues film industry, but - it was trite and shallow.<br /><br />I obtained my copy of the DVD from France - ""Selection Official Cannes 2000 - Un Certain Regard"". The box shows smiling clean-shaven actors, the lead giving the victory sign in a fashion that reminds me more of the Playboy bunny. After seeing the work, I wondered what the French could have thought of it - though as a shallow piece of ""cinema verite'"" with sensitive ethnic content, I can understand their natural inclination to praise it for its ""honesty"" but...<br /><br />Look at the back of the box: ""Un regard chaleuruex sur la Revolution"" - a warm regard? Try describing Allende's overthrown and murder with a a ""warm regard""! Try it with Czechoslovakia in 1968! Try it with the whole line-up of overthrows, and civil rebellions!<br /><br />Another review: Maria de Medeiros a renoue' avec son pays, son enfance et son histoire."" Rubbish, rubbish, rubbish! At least for me.<br /><br />I love Portugal. In all of Europe, Lisbon, Barcelona and Prague are my favorite cities. But my love for a city and a country doesn't flesh out a vacuous film. I'll hang on to my ancient VHS tapes of Capas Negras and A Cancao de Lisboa - meanwhile, I'm stuck with a zone 2 by the above title that might as well go in the trash."
tt0120706,"This was a disappointing film. The people seem to have no substance, the lead protagonist Martin Cahil has zero redemptive values, in fact everyone in it including Jon Voight epitomizes sleeze. I would not recommend this film to anyone. The violence is distasteful, though artfully done. The filming is to black, at least the print i saw fit this category. A disappointment."
tt0123385,"The acting is good, the women are beautiful, and the men are handsome, so if you're looking for well-acted soft porn, this movie is for you. Otherwise, you are wasting your time. The motivation of the main characters, in particular the eponymous lead, is often a mystery. She could have just told the truth - the truth as presented in the film, not necessarily the historical truth - and her lover would have been spared time in jail for a rape he did not commit. Was she protecting her father, who went off half-cocked, as it were, when he impetuously instigated a malicious lawsuit? Was she protecting herself, with her reputation suddenly of concern when heretofore only her art seemed to matter? During the trial, this strong-willed woman turns to mush before our eyes. Conversely, her lover, who starts off as a narcissistic jerk, becomes a selfless hero during the trial. At least his motivation is clearer: he sacrifices himself for love. Naturally, since no good deed must go unpunished, we are told that she never sees him again."
tt0130229,"Anyone that has see Tammuz's Child Eaters knows that this is a director that can do better. Let's hope it was not a case of too many hands in the pot (Telefilm anyone?)and that is was a case of second feature jitters. The characters are one dimensional and over used. The scenery is terrific however and showcases the Pacific Northwest beautifully.<br /><br />The cinematography is great. Shot almost entirely outside, the images are crisp and beautiful. You can almost smell the wind blowing through the leaves.<br /><br />Technically this movie is as sound as they come - it just lacks a heart."
tt0144622,"ALL FOR LOVE ( as it titled when it was broadcast at the weekend ) is a romantic period drama featuring Captain Saint Ives a French officer in Napoleon`s army who is captured by the British and imprisoned in Scotland where he meets and falls in love with a young maiden who visits the prison . There`s also a storyline involving a murder .<br /><br />I will be honest and confess that I wasn`t too taken by the movie since I`m not much of a fan of period dramas and the screenplay feels somewhat episodic but I will say that this is well acted by everyone involved and it`s got a good cast that features Miranda Richardson , Anna Friel , Richard E Grant , Michael Gough and Jason Isaacs . The costume design as you can expect is also excellent <br /><br />I`ll be very surprised if this movie doesn`t get any complaints after being broadcast on BBC2 at teatime . Captain Saint Ives lies in bed with a prostitute where a nipple is fully exposed and there`s a scene of French prisoners bathing that includes full frontal male nudity not to mention a murder scene where blood is clearly seen . You really do have to worry if BBC schedulers have any type of clue as to what they`re doing"
tt0145679,"A thematic staple of cinema since its inception is that genre involving seductive women whose wiles and means entice susceptible men not only into their arms but also into dire circumstances that typically will only result in jeopardy for the male victims, along with incertitude as to whether or not temptresses will be forced to take their medicine, and here Susan Lucci performs as a siren, although her acting chops from a primarily soap opera pedigree are inadequate to make her performance a credible one. Isabelle (Lucci), inconstant wife of venture capitalist Stewart Collins (John O'Hurley), begins a love affair merely for fun with yacht salesman Richard Davis (Philip Casnoff), simply a bagatelle for her but an earnest matter of the heart for Richard, apparently mesmerized by his lover while she takes advantage of his ardour by engaging him in a risky plot that will graduate into a scheme of murderous intent. When Davis becomes convinced that guileful Isabelle is a victim of physical abuse administered by her husband, he desperately attempts to free her from what he feels is a marital trap in order that he may wed her himself, coming to believe that the only clear solution to his plight will be found in a rudimentary essay at hiring a professional assassin who will dispose of the allegedly violent Stewart. In the wake of the hit-man's assault upon Collins, a pair of police detectives, performed by Joe Grifasi and Dean McDermott, become increasingly curious concerning Isabelle's possible involvement in the crime, while at the same time reality dawns upon enraptured Richard who might have to pay a dear price in return for his inamorata's maneuvering. Lucci and Kasnoff are properly cast as a viable pair of conspirators, each giving a reading that makes for a boring rather than charming set of lovebirds, but O'Hurley and McDermott offer strong turns in a film that suffers from a hackneyed scenario as well as uninventive direction and design elements. Released upon a Fremantle DVD, this largely lustreless affair depicting a man 'neath the spell of a seductress does benefit from top-flight visual and sound quality, and although no extra features are provided, the above-average production quality enhances able efforts from cinematographer Robert Primes and composer Stephen Edwards."
tt0158653,"Okay, you have:<br /><br />Penelope Keith as Miss Herringbone-Tweed, B.B.E. (Backbone of England.) She's killed off in the first scene - that's right, folks; this show has no backbone!<br /><br />Peter O'Toole as Ol' Colonel Cricket from The First War and now the emblazered Lord of the Manor.<br /><br />Joanna Lumley as the ensweatered Lady of the Manor, 20 years younger than the colonel and 20 years past her own prime but still glamourous (Brit spelling, not mine) enough to have a toy-boy on the side. It's alright, they have Col. Cricket's full knowledge and consent (they guy even comes 'round for Christmas!) Still, she's considerate of the colonel enough to have said toy-boy her own age (what a gal!)<br /><br />David McCallum as said toy-boy, equally as pointlessly glamourous as his squeeze. Pilcher couldn't come up with any cover for him within the story, so she gave him a hush-hush job at the Circus.<br /><br />and finally:<br /><br />Susan Hampshire as Miss Polonia Teacups, Venerable Headmistress of the Venerable Girls' Boarding-School, serving tea in her office with a dash of deep, poignant advice for life in the outside world just before graduation. Her best bit of advice: ""I've only been to Nancherrow (the local Stately Home of England) once. I thought it was very beautiful but, somehow, not part of the real world."" Well, we can't say they didn't warn us.<br /><br />Ah, Susan - time was, your character would have been running the whole show. They don't write 'em like that any more. Our loss, not yours.<br /><br />So - with a cast and setting like this, you have the re-makings of ""Brideshead Revisited,"" right?<br /><br />Wrong! They took these 1-dimensional supporting roles because they paid so well. After all, acting is one of the oldest temp-jobs there is (YOU name another!)<br /><br />First warning sign: lots and lots of backlighting. They get around it by shooting outdoors - ""hey, it's just the sunlight!""<br /><br />Second warning sign: Leading Lady cries a lot. When not crying, her eyes are moist. That's the law of romance novels: Leading Lady is ""dewy-eyed.""<br /><br />Henceforth, Leading Lady shall be known as L.L.<br /><br />Third warning sign: L.L. actually has stars in her eyes when she's in love. Still, I'll give Emily Mortimer an award just for having to act with that spotlight in her eyes (I wonder . did they use contacts?)<br /><br />And lastly, fourth warning sign: no on-screen female character is ""Mrs."" She's either ""Miss"" or ""Lady.""<br /><br />When all was said and done, I still couldn't tell you who was pursuing whom and why. I couldn't even tell you what was said and done.<br /><br />To sum up: they all live through World War II without anything happening to them at all.<br /><br />OK, at the end, L.L. finds she's lost her parents to the Japanese prison camps and baby sis comes home catatonic. Meanwhile (there's always a ""meanwhile,"") some young guy L.L. had a crush on (when, I don't know) comes home from some wartime tough spot and is found living on the street by Lady of the Manor (must be some street if SHE's going to find him there.) Both war casualties are whisked away to recover at Nancherrow (SOMEBODY has to be ""whisked away"" SOMEWHERE in these romance stories!)<br /><br />Great drama."
tt0161023,"While watching the film, I'm not sure what direstion it was to take. There's a reason a writer shouldn't direct his work and even act in it as well, you can't do it all. I felt the story really suffered in this film due to the director wearing so many hats. Ms. McTeer is the film. To add to her amazing talents, her portrayal of this woman was why I was engaged. Here is a British actress who can do anything. In my view, conflict is what makes drama and a great story. I felt this film didn't have that. Everything was somewhat easy for the characters, there were no real obstacles preventing the chahracters from getting what they wanted. Watch the film for the sweetness, but most of all for Ms. McTeer's brilliant performance."
tt0161219,"My girlfriend has the habit of going to Blockbuster and choosing movies no-one has ever heard anything about. Admittedly, at times, it has led to some fun discoveries. Often times, the best that can be said is they definitely run an hour and a half.<br /><br />She brought home ""Advice From A Caterpillar."" She was excited because the box said it was funny. Lucky for us, the propaganda on the boxes never lie.<br /><br />This movie was an exercise in patience. This is one of those movies where, unless you are a pretentious and shallow person who likes watching movies about yourself, you will hate every character in the movie. Until the introduction of the one nice character. Which the lead annoying pretentious character will fall in love with and act in such a way that, in the real world, would drive anyone away.<br /><br />MILD SPOILERS FROM HERE ON<br /><br />So a bunch of emotionally vapid, stuck-up, pretentious artists swear off love and find success in their careers. Then, they meet a nice, intelligent, emotionally mature and loving character (an almost perfect guy). We then watch the woman, the annoyingly pretentious artist (in her 30's?) freak out as she falls in love. So she tries to flee from the nice, intelligent, emotionally mature man and stay with the married man with whom she's been having great but empty sex. She is rude to the man and does everything in her power to drive him away. In the real world, she would have been quite successful. I certainly wanted to flee from her and I wasn't even in a relationship with her!<br /><br />Although its nice that the man 'fought for his love', I never wanted her to have him. (Nor did my girlfriend) She didn't deserve him. And, why I wonder, did the director think that the 'almost perfect guy' should be punished by having to win a relationship with her? When the artist was asking the 'almost perfect guy' to leave, we were screaming for him to leave too. There's a problem with a movie when the heroine of the film is so annoying, childish and stupid that you want her to fail.<br /><br />Beyond that, let me say that Andy Dick made me laugh a few times even though his character was also pretentious to the point of annoyance. Regarding the other characters, they were well acted, morally bankrupt and annoying characters.<br /><br />It is a comedy and I can say I did laugh a few times in the film. Unfortunately, not much laughing happened until the last 10 minutes or so. But by the time I had those laughs, I had been praying for the movie to end for far too long. I needed to get these vapid characters out of my life.<br /><br />If you want to watch people you hate struggle with a love for people they don't deserve, then this is the movie for you."
tt0164877,"I have to say I was really looking forward on watching this film and finding some new life in it that would separate it from most dull and overly crafted mexican films. I have no idea why but I trusted Sexo, Pudor y Lagrimas to be the one to inject freshness and confidence to our non-existent industry. Maybe it was because the soundtrack(which I listened to before I saw the film) sounded different from others, maybe it was because it dared to include newer faces(apart from Demian Bichir who is always a favorite of mexican film directors) and supposedly dealed within it's script with modern social behaviour, maybe because it's photography I saw in the trailers was bright and realistic instead of theatrical. The film turned out to be a major crowd pleaser, and a major letdown. What Serrano actually deals here with is the very old fashioned ""battle of the sexes"" as in ""all men are the same"" and ""why is it that all women...;"" blah,blah,blah. Nothing new in it, not even that, it uses so much common ground and clichè that it eventually mocks itself without leaving any valuable reflexion on the female/male condition. Full of usual tramps on the audience like safe gags about the clichès I talked about before(those always work, always) and screaming performances(it is a well acted film in it's context)..and by screaming I mean, literally. The at first more compelling characters played by Monica Dionne and Demian Bichir turn out to be according to Serrano the more pathetic ones. I completely disagree with Serrano, they shouldn't have been treated that way only to serve as marionettes for his lesson to come through...he made sure we got HIS message and completely destroyed their roles that were the only solid ground in which this story could have stood. Anyway, it is after all, a very entertaining film at times and you will probably have a good time seeing it (if you accept to be manipulated by it)."
tt0175880,"Great cast. Great acting. Unpredictable story line for the first half<br /><br />hour or so. I was really wanting to know what was going to<br /><br />happen to each of these unredeeming characters, and how their<br /><br />seemingly disparate lives would become intertwined. But when<br /><br />the writers took out the glue to start connecting the players, they<br /><br />mistakenly used super glue and brought the movie to a standstill<br /><br />for the last two hours. I kept thinking it would get better, but it only<br /><br />got worse. Don't believe the reviews. This is a waste of time. <br /><br />Think about it -- Tom Cruise made ugly -- why? The gorgeous<br /><br />hunky bartender wearing braces -- why? I know it had to do with<br /><br />the plot, but without them, at least there would have been one<br /><br />attractive cast member to remember."
tt0179443,There is no doubt that this film has an impressive cast but unfortunately this doesn't help with the major downsides to the movie. I never understand why directors ask actors/actresses to use accents not their own when it is obvious to everyone they can't convince. Fiennes just can't do Irish and Fitzgerald isn't much better at Russian. When the voice is wrong then no matter how good the acting the character will never be convincing. As the for the major problem....the plot....was there one? I guess there was some sort of storyline involved but it was so full of holes that I just couldn't wait for the film to end...it was ridiculous. Save 90 minutes of your life and don't watch this movie!
tt0190524,"I didn't agree with any of the theology in the Left Behind series, but nonetheless I found the books gripping and I read 8 of 12 of them. Undeniably good writing and interesting story. However, I didn't have very high expectations for the movie. There was no way mainstream Hollywood would have taken up a Christian series and produced a big-budget movie. So it was done independently... and it just felt like I was watching a really long TV show. It just didn't FEEL like a movie; it didn't have that movie ""experience"" to it, if anybody knows what I'm talking about. So the movie suffered because of that, and the low-budget, poor special effects were another detraction for me.<br /><br />On top of that, I feel that Gordon Currie was woefully miscast as Nicolie Carpathia. Reading the book, my impression of NC was that he was supposed to be this charming, dazzling, amazingly handsome guy who spoke English with almost zero trace of an accent. So I imagined somebody like Pierce Brosnan in the role. Instead, they found some Clay Aiken pencil-neck who looks like an employee of the month from Best Buy, and gave him a really bad fake accent. So that lost a few stars for me right there. A movie is just not convincing when the major villain doesn't look or sound the way he's supposed to.<br /><br />The acting was okay, but nothing to write home about. Some of the scenes - like one of the conversion scenes (can't remember which one) - were real seat-squirmers for me. And some of the Christian rock music or whatever it was, was really out of place for some of the scenes, like in the one with Kirk Cameron praying in the bathroom.<br /><br />In short, it wasn't a bad movie, but it just didn't do it for me. Stick to the book, folks, it's much better."
tt0196267,"Okay, let me break it down for you guys...IT'S HORRIBLE! <br /><br />If Roger Kumble did such a fancy job on the first Cruel Intentions then why did he do such a bad job on this. I'm sorry but this movie is stupid, true it may have improved if its series was ever aired but lets be realistic...this movie a crock! A lot of bad acting *NOTE The Shower scene* ""Kissing Cousins"" ?????? What kind of line is that? ""Slipery when wet"" ?????????? Can we say DUH-M! This movie had effort, I'll give you that, but it was too stupid! They even tried to make it funny by giving the house servants stupid accents which actually....WASN'T FUNNY! It was pathetic. Not to mention that they made everyone in the this one look Absolutely NOTHING like the original cast. It's as if they made them look different on purpose or something! I like watching it when I'm really really really board which doesn't happen occasionally. For those of you who did like it...Okay, what were you thinking? Could you possibly choose this movie over the other one which had great acting and the fabulous Sarah Michelle Gellar? A movie is gold if it has Sarah Michelle Gellar in it, DUH! But this movie doesn't, no offense Amy Adams. Oh, yeah since when does Sebastain have a heart????? UGH!"
tt0199650,This unpleasant film has little to recommend it. Dolph Lundgren gives a performance that is better than either this script or his other action films have allowed. And there are occasional snippets of dialog that suggest the film might have been able to provide some insight into a bizarre subculture.<br /><br />But no. Motivations are either murky or trite. Most of the acting is sub-par. The script creates needless confusion. And the director's needless fascination with focusing on gore is distracting.<br /><br />It's hard to imagine who the audience is for this film.
tt0200374,"Amen to Magsel. There was a lot of confusion going on. First off, how do you know which movie you are purchasing? Henry Cele stars in every one of them. I bought this movie thinking it was the miniseries...WHAT A LETDOWN!! It would have been a comedy but for the young girl being raped. David Hasselhoff (spelling?) is OK for popcorn TV but he was not believable in this film (where was his English accent?) AND WHAT'S WITH THE LOVE STORY??? The movie was supposed to be about a young man's rise to military power - not the slave ship captain getting jiggly with the English maiden looking for her daddy...<br /><br />If I had paid more than $7 for this movie, I would have to call the police - because that would be a crime!"
tt0201538,"Strange... I like all this movie crew and dark humor movies; but didn't like this one at all! It's awful, horrible and surely not funny at all. Pity cannot do a whole movie plot, disgust either. And it was really boring. Long empty moments fills the movie; it could have been removed. It should have been in another shorter format, surely. Maybe i expected too much from the crew - like saving the movie lol -. It's also filled with overused clichés of characters and situations... I don't get it why people liked it... ""Poetry"", ""hope""; nope 'mam, didn't see anything like that! ^^ All in all, it's empty and crude, pitiful and hopeless. Oh darn this one........"
tt0218817,"I sort of accidentally ended up watching this movie. I'm still not sure if I regret it or not. I felt like I was watching the film made by that group of film school students that didn't quite make the cut. It plays up every Hollywood cliché imaginable, all the while flogging us with the 'corporations are the ultimate evil' message. Subtlety this movie does not know. As far as that goes, it even manages to provide it's own spoilers.<br /><br />The story appears to be a computer nerd's fantasy world come true. The lead character is an attractive teenage boy with a girlfriend, yet is a programming genius and apparent hacker (I think), among many other nerd-fantasy-come-true elements that you'll have to see for yourself.<br /><br />As well, I should've known it would be a z-movie when I saw Ned Bellamy... he tends to be a good tip-off.<br /><br />Can't recommend this one, I'm afraid."
tt0220631,"I'm studying Catalan, and was delighted to find El Mar, a movie with mostly Catalan dialogue, at my art-house video store.<br /><br />Hmmm... not so delighted to have seen it.<br /><br />Yes, as other reviewers have said, it's well-made, and beautifully photographed. Although the opening sequence of the children is shockingly violent, it's well-acted and convincing. (For the most part, that is... Would the Mallorquins strip a corpse in preparation for burial right in the middle of the town square, in full view of the dead man's 10-year-old boy?) Oh, well... minor detail. Up to this point, it had something of the feel of a non-magical Pan's Labyrinth, also set in the Spanish Civil War.<br /><br />Fast-forward, and the three children who survived the opening incident have come of age. Francisca is a nun working at a tuberculosis sanatorium and the two boys, Manuel and Ramallo, both are patients. I know, but hey, coincidences happen.<br /><br />The problem, as with so many Spanish movies (apologies to Almodovar fans), is that with one exception (Francisca) the characters are just so dang *weird*. Their motivations, personalities, and dialogue are often simply incoherent.<br /><br />What's more, it descends into some horrific wretched excess. Be prepared for LOTS of pain and LOTS of blood. The reviewer who called it a ""potboiler"" is quite on track. If it had been made 40 years ago, the poster would've said: SEE FORBIDDEN LOVE!! RAPE!! MURDER!! MUTILATION!! FANATICISM!! ANIMAL CRUELTY!! BETRAYAL!! <br /><br />The opening sequence is not nearly enough to make the personalities and relationships of the characters believable. To work, this should have had multiple flashbacks to flesh out the characters. As it is, it seems a bizarre and depressing cross between ""Brother Sun, Sister Moon"" and ""Pulp Fiction."" If that sounds like something you've got to see, by all means, enjoy. I think I go with something that doesn't make me feel I need to take a shower to wash off the gore and gloom.<br /><br />As for the Catalan, it's the Mallorqui dialect, fairly different than the Barcelona dialect, though I was surprised by the comment that said that even Barcelonans apparently needed Catalan subtitles to understand it."
tt0228528,I know that the real story of Little Richard is a lot more thrilling than this maudlin and thoroughly average biopic. But then producer Little Richard was probably too reluctant to bring to light any sordid details of his life and just gave us a forgettable facsimile of his career highlights from the 50s and 60s.
tt0237616,"I went to school with Jeremy Earl, that is how I heard of this movie, I don't really know if it was in the theater's at all. I don't recall the name. I have seen it, it is like one of those after school specials. The acting is OK, not great. The plot was kind of weak and the lines were pretty corny. So the only comment I can give this movie is ""Eh"" I borrowed the movie from Jeremy, if I was in a movie rental place, this is one that I would walk past and after watching it I wouldn't recommend it to anyone past middle school age. I've also noticed that many times when urban kids are portrayed, the slang is overused or just outdated. Many times I think thats what makes their characters unbelievable."
tt0245407,"Was this meant to be a comedy or a serious drama? This film starts with a light-hearted banter between three women. Fine. It moves into a conflict between the women when one of them meets a man. Fine. There are a few antics between them. Fine. But when the plot thickens and finally becomes black I started to wonder whether I had misinterpreted the first part of the movie. It continues in this vein for a while until, in the end, it tries to go back to the original light-hearted banter. But by now it's too late. It's hard to see why these women would still be talking to one another and the finale is unconvincing. Truly a lesson (for British filmmakers anyway) of how not to make films. Difficult to see how the producers ever convinced themselves this film would work. And the box office proved it to be a real flop, because I'd never heard of this film until this weekend (four years after its release)."
tt0252133,"Having not read the novel, I can't tell how faithful this film is. The story is typical mystery material: killer targets newlyweds; woman investigator falls in love with her partner and is diagnosed with a fatal disease. Yes, it sounds like a soap opera and that's exactly how it plays. The first 2/3 are dull, save for the murders and the last 1/3 makes a partial comeback as it picks up speed toward its twisty conclusion.<br /><br />Acting is strictly sub par, though it's hard to blame the actors alone: the screenplay is atrocious. During the last 1/3 you stop noticing because the film actually becomes interesting, but that's only the last 1/3. Director Russell Mulcahy is very much in his element, but there's only so much he can do with a TV budget and the network censors on his back. He's pretty much limited to quick cutting and distorted lenses, though he managed to squeeze in a couple ""under the floor"" shots during the murders in the club restroom. Unfortunately, as this is made for TV, the cool compositional details he uses so well with a wider image are nowhere to be found. Note to producers: give this man a reasonable budget and an anamorphic lens when you hire him.<br /><br />Summing it up: this film is bad by cinema standards and mediocre by TV standards(watch CSI, instead). If you're in the mood for a film like this, I've some excellent suggestions: pick up a copy of Dario Argento's ""Deep Red""(my highest recommendation; superb film), ""Opera"", or even ""Tenebre"". They're stronger in every category."
tt0253335,"Heavy-handed moralism. Writers using characters as mouthpieces to speak for themselves. Predictable, plodding plot points (say that five times fast). A child's imitation of Britney Spears. This film has all the earmarks of a Lifetime Special reject.<br /><br />I honestly believe that Jesus Nebot and Julia Montejo set out to create a thought-provoking, emotional film on a tough subject, exploring the idea that things are not always black and white, that one who is a criminal by definition is not necessarily a bad human being, and that there can be extenuating circumstances, especially when one puts the well-being of a child first. However, their earnestness ends up being channeled into preachy dialogue and trite situations planted to move the plot along. The decent production values and interesting use of documentary-style camera footage are not enough to accomplish their aim when the script and the acting fall flat.<br /><br />Logic is often compromised for the sake of creating tension: Soid first tries to blackmail Pablo into participating in her documentary in exchange for helping them escape, then in the same breath basically tells him not to trust her because she's not helping them out of altruism. Well, duh. And for a man on the run, Pablo is far too swayed by a temper tantrum. Cristina's well-being is so important to him that he's fleeing capture and jail or deportation for her, but he's willing to risk all that to appease her when she doesn't want to go to Mexico. Right. Talk above over-permissive parenting. Third, when Pablo's employer Charlie gives the phone to Detective Bright, she is remarkably unprofessional, especially given her seniority - did she really think she was persuasive? Oh, yeah, I would have turned myself in. CCH Pounder's Detective Wims could wipe the floor with her.<br /><br />To be fair, I'd like to list the things I liked. Um, I liked the midget. And I liked the fact that the midget was named Sexy. There's cross-dressing, always a plus; juvenile cross-dressing, no less! Harry is infinitely cuter than Cristina. But my favorite moment in the film has to be when Cristina kicks Detective Not-So-Bright. I also find it interesting that, in a heavily minority cast (which I much appreciate, by the way), the black character is the racist one. Too bad it's just thrown out there and not further explored.<br /><br />There's a distinctive, unconventional score, but it's nonetheless generally context-unspecific, not enhancing mood or tension in any scene, except the pathetic, anguished wailing every time the main character is in anguish, as though they think his acting doesn't show it enough: 'Just in case you weren't sure, he's upset, and we have the musical cues to prove it.'<br /><br />Stilted, clichéd dialogue results in a depressing lack of subtext; everything has to be spelled out in dialogue, even when the body language had been up 'til then conveying it just fine. For example, every impassioned speech Pablo makes, and Mrs. Knight's lament that her child won't be crawling into bed with them in the morning.<br /><br />'Papi, tell me about Mama again' - what shameless, blatant exposition introducing the generic dead wife! (She's always the most beautiful woman the widower had ever seen, the kindest he had ever met. Why can't we see a man cry over a woman like Shakespeare's - she may be fat, ugly, obnoxious, but his love for her is deep as oceans? Now _there's_ a story which would move me.)<br /><br />The police always being literally one step behind them gives many scenes the out-of-place feeling of a French farce. Most boring foot chases ever - Bright and Lightning are so out-of-shape and easily-fooled (he certainly isn't quick as lightning, and she, well, I don't feel the need to spell things out). Some guy dragging along a small child outrunning a bicycle cop, complete with macho biker picking a fight but then being felled by a child? To quote Margaret Cho, that's so sad. Would we ever see this on 'Cops '?<br /><br />Hackneyed and over-the-top deus ex machina: as an employer, would you really waive checking his green card just because he can quote the author of the inspirational saying on a poster behind your desk?<br /><br />Plus several scenes, including the above, threaten to devolve into porn: 'Well, I'll do this favor for you, as long as you do something for me...' I can almost hear the bowm-chicka-bowm-bowm.<br /><br />When the parents view the footage shot of Pablo's remorse, the grieving mom's freak-out is the most real the movie feels. Unfortunately, this is diminished by the fact that she looks completely swayed by his emotional speech right up until she goes ballistic. A more ambivalent look would be more convincing here.<br /><br />I'm in constant awe of the stupidity of the main character doing things for the sake of plot: holding up a convenience store without a mask, visiting the dead girl's grave. And why doesn't the mother recognize his face from when she saw him before he drove off?! 'You seem awfully familiar...'<br /><br />What is the purpose of that wholly unnecessary, somewhat gratuitous scene with Soid and the artificially-enhanced bartender? Character development? Tch. Too little, too late.<br /><br />Speaking of unnecessary traits that never went anywhere, Detective Lightning's saying skeptical Detective Bright must be a Scorpio shows how little he really knows about the occult. And I don't think that believing in fate quite qualifies as voodoo mumbo jumbo.<br /><br />At the end, when Bright holds Pablo as he dies - wait, why does she care now? Her character is as inconsistent as Soid's. What, she has to shoot him just because she said 'Stop, or I'll shoot'? (She's cared _so_much_ about her integrity thus far.) He was unarmed. There was no need for lethal force. What's wrong with shooting him in the leg to immobilize him?<br /><br />Finally, Cristina's childlike acceptance of her mother's death giving Dr. Knight peace over his daughter's death - so forced. And the contrivance of the family whose child was killed becoming Cristina's new family... It angers me that she could be a 'replacement' for their little girl. It's also unrealistic that a white couple would take in the Latino daughter of the man who killed their own daughter. I'm not saying there aren't generous, loving people who would do that. I'm just saying that the characters here are never developed far enough for me to believe that _they_ would do that.<br /><br />I find it offensive that another IMDb reviewer said that of course as a woman she was moved by the sappy scenes. I am a woman who reserves my emotional movements for moments that don't wax sentimental in a manufactured manner.<br /><br />Co-writer, co-director, co-star Nebot said himself he wore too many hats during this production. Too many cooks may spoil the broth, but one cook alone just might end up making an after-school special.<br /><br />In conclusion, this film's title has less to do with the story and more to do with the feeling of regret, helplessness, and loss accompanying the revelation that you will never see your money again."
tt0254199,"This is a movie about making a movie. Such movies may be entertaining, but they need some substance, to do so. It did not happen here, I am afraid. Mr Coppola did not inherit his father's skills, unfortunately (neither did his sister, who can however make movies which one might watch).<br /><br />I do wonder how this movie came to get such rave reviews. <br /><br />Let's see: the lead male actor, supposedly a director, is as expressive as a frozen squid and his voice has the same pitch whatever he says, the lead female actress has an expression on her face that never changes, the plot is totally segmented in bits with perhaps one single connecting element, the movie within the movie idea must be more stale than paleolithic rocks... Would that be enough?<br /><br />I regretted every single moment I watched this movie. A walk with the dog is far superior entertainment to this unbelievably lame movie. It's as if a François Truffaut plot were directed by Dick Cheney...<br /><br />Brazil, some other classic SF movies? You must be really joking..."
tt0256692,"Hail Bollywood and men Directors !<br /><br />Really this is the ultimate limit in utter sacrifice made by Indian Woman !!<br /><br />Viewing the current state of affairs in India where The wives are becoming more vicious day by day and are very possessive about their husbands - the Directors ..also can be called Uncle Scars (refer movie The Lion King) came up with a very new concept on how both the kept and the wife can live together happily ever after sharing everything between themselves ...including the spermikins !!<br /><br />Story line : Married couple - very happy - but accidentally a mishap happens and wife has a miscarriage - lost the foetus along with the capacity of ever becoming a mother !<br /><br />Now in in India, the in- laws usually drive away the daughter- in- law if she fails to give them an heir ! So the wife hits upon a major plan - surrogate mother...but the scientists intervened - ""Sure artificial insemination"" - NO said the artist (Director actually) - ""Neighbourhood will come to know that the daughter - in - law is barren so they are going for surrogate mother !!<br /><br />Neighbours ! society !! gosh the same ones who watch Fashion TV day and night - watching girls between the age group of 14 to 40 ...al in bras and panties - well those neighbors suddenly take an upper hand in family planning and decision making !!<br /><br />SO the wife sends away her husband to a beer bar where girls are dancing on the stage - all mostly uneducated and illiterate - but men love such women as they can satisfy their egos a lot !<br /><br />He hires the lead dancer in the pub - asks her to bear his baby - in exchange for money - she agrees - she comes home - becomes pregnant - wife and kept - both co-exist in the same house - in the mean time the prostitute also gets a taste of household life - so much caring people around - she misses them all and cries silently !! In the mean time - no one in the family comes to know that the real daughter in law is roaming around with a pillow beneath her petticoat !!- the mother or other elderly people never took her for check-ups - nor did they try to feel the baby's movements in the womb !!"
tt0257044,"This film is overblown, predictable, pretentious, and hollow to its core. The settings are faithful to the era but self-conscious in their magnification by prolonged exposure. The lingering over artifacts stops the action and cloys almost as much as the empty dialogue. Tom Hanks seems to be sleepwalking much as Bruce Willis did in Hart's War. Tom, you can't give depth to a character simply by making your face blank! The content did not warrant the histrionic acting by Paul Newman. This is a dud wrapped in an atomic bomb casing."
tt0259054,"This foolish, implausible tale is redeemed only by the opening scene in which a hard-boiled police detective delivers some nearly-audible lines confirming our greatest fears: He is dead. Perhaps the film would have been saved had the director forgone the dazzling star power of A. Martinez in favor of this sadly-anonymous actor who filled the screen for a brief moment. That a no-name hack-tor off the street could salvage such a dishwater film is no less likely than a villain committing murder by dropping stones into a quarry for an unsuspecting diver. His moment is brief; his promise is immense. Perhaps we will be treated to more screen time by this obscure thespian if there is ever a sequel to this ill-advised film."
tt0262418,"Stefan is an x-con that five years ago got married to Marie. Their marriage has been stable until Stefan past catch up with them and he's offered to do a courier job. Stefan's job is a heroin delivery from Germany to Sweden which should go easily.<br /><br />In Germany Stefan meet Elli, a girl from Bosnia that has been sold to a stripclub owner. Stefan dislikes what he sees and decide to help Elli out of her misery. Due to the fact that Elli's father during the war fleed to Sweden Elli now goes with Stefan to Sweden. To make up with the past Stefan promises Elli to help her find her father, no matter what it takes. Finally back in Sweden the whole situation seems to be more complicated than Stefan ever thought of..<br /><br />This movie doesn't seem to fit in the ordinary class of swedish movies due to the fact that it's been americanized alot. Regina Lund and Cecilia Bergqvist makes it all average, the effects makes the movie a little too much though. See it and jugde for yourself.<br /><br />"
tt0273656,"To anyone not familiar with c.S. Forrester's book this film should be interesting. It is colorful, well acted and depicts high adventure, but to those of us who know the original stories it is appalling. I could hardly sit through it.<br /><br />For some reason screen-writers seem compelled to rewrite the stories they are working on. Of course, the spoken word is different from the written word, and there are some episodes that would be difficult to film. But, why do the screen-writers rewrite the story instead of just adapting it? In this case the writers out-did themselves.<br /><br />Just a few examples: There was no mutiny on the Renown. The officers did take over the ship after the half-insane Captain was driven completely mad when he fell through a hatchway -for reasons implied but never given. There was no court martial. The court of inquiry was conducted in an almost congratulatory atmosphere. Captain Pellew does not appear appear in this part of the Hornblower saga, nor does Col. Ortega's wife. Hornblower, himself, was never in the brig either on the ship or on shore. There are plenty of such manipulations of Forrester's story.<br /><br />On a purely technical basis, I think the film's repeated use of the flash-back device hurts the continuity of the story.<br /><br />Why, oh why did screen-writers have to mess up a good story?"
tt0274711,"Saw this movie in an early preview, and I cannot stress enough how bad I thought this film was. From the very beginning, the audience was groaning over Pacino's awful southern accent. Poor Al looked really, really haggard, and I can't decide whether this was purposely part of his role as a drug addicted publicist, or perhaps he just didn't get any sleep before coming to the set. Much worse than Pacino's close ups, however, is the wretched excuse for a plot. Early in the film we are given indications that Pacino's character is gay, and I suspect that is what the screenwriter had originally intended. Later, however, we are supposed to suspend our incredulity and believe that both Tea Leoni and Kim Basinger (both of whom are sleepwalking through lame roles) lust after this elderly, half dead looking, effeminate man with the ridiculous accent. The worst part overall was the main plot thread, which had to do with some corporate espionage that is never fully explained and we never, ever care about in the slightest. Because this was a preview I will reserve my final judgment, because of the possibility of re-shoots and editing, but you can bet I will not pay a cent to see this in theaters."
tt0287535,"I usually read reviews before I watch a movie. Guess what, I didn't do that before watching TLB, and I have to say I was very surprised to see the above average rating at IMDb. I found it to have a total lack of story. You just get dropped into it (and, sadly, not in the way Saving Private Ryan dropped us into the movie), and it also has a sudden end, which was very unsatisfying for me.<br /><br />I have to admit, the wounded soldiers looked pretty realistic to me, especially with the low budget in mind. But prepare yourself to have a laugh... Some guys are being tossed through the air after an explosion as if they are Olympic gymnasts. A mid-air corkscrew or somersault during WW I is a bit too much for me, especially when it's performed countless times during the movie...<br /><br />But the parts that really got me laughing until I almost cried were the scenes containing close combat. The screaming and shouting German voices...unbelievably funny. It seems as if they are spoken by one single actor / voice performer, because they all sound exactly the same, and it just sounds like a 'typical' German voice.<br /><br />I would absolutely NOT recommend this movie to anyone, except to people who just want to have some laughs because of the sad and corny quality of it."
tt0288243,"How did such a terrible script manage to attract this cast? Ridiculous, predictable and thoroughly unbelievable, this is well-acted and slickly directed, but the material is so bad it still qualifies as one of the all-time worst thrillers I've seen in years. Amazingly bad, and not in a fun way. Avoid at all costs, even if you're a fan of someone in the cast."
tt0294918,"I agree with other users comments in that the two main roles were well acted, that being the guy that played Gary Gillmore and Giovanni's role. Too bad the story was so boring. Not hearing about the story I knew nothing of Gary Gillmore before the movie so I didn't know what to expect. I thought it would be something like Dead Man Walking or The Chamber but how wrong I was. The whole movie was just talking, talking and talking about their mom and dad. The only cool scenes were the flashbacks where the dad would lose his temper. That was the only interest I got from this borefest."
tt0301924,"Contrary to another reviewer, I think that this is WELL-written, especially the more fictional it is, because greater imagination would be required; and well acted, because there were no other characters with whom to share the focus of these dozen-minutes-plus, well-done monologues. But I'm just not entertained by such solemn, pious rememberances. Everybody has a story to tell and some are more interesting than others. Everybody has problems and some are more intense than others. These are just ten, not-very-atypical stories and problems, exemplifying how anybody's life (or part of it) is fodder for film. Then again, I think poorly of TV's reality shows, too. So, if that's your bag, you may like this. It's the kind of stuff that would make for good 'phone and/or internet gossip; but absolutely without other-than-verbal action. And, although each of the speakers is female, I'm gonna leave gender outta this."
tt0304584,"OK, so, Chuck Norris somehow found a way to get this sequel produced. I have one question-why? Who read this script and said, ""Sound's great! Original!"" This movie is regurgitated crap that I wouldn't tarnish my toilet bowel with. Of course it is another story, following in the tradition of MIA, Invasion USA, Walker, Texas Ranger, Delta Force and so on in which Chuck Norris, of course, is the one man who can same America from some bad guys. He doesn't even need a gun most times. It's stupid patriotic jargon that stales the mind. Big surprise that the only one who will direct these Norris film's is Chuck's son Eric. Eric Norris has primarily worked on all his father's films and TV shows. Doesn't this strike anyone as a sign that he has no directing talent? Afterall, he's directing the same people as before in the same stories as before...only difference is the characters' names. If this is supposed to make me patriotic and cheer for the USA, than our country is in much worse shape than I ever imagined. Hopefully, this will be the nail in Chuck Norris's acting coffin."
tt0306069,"With the runaway success of ""God's Army"", every Mormon with a camera seems to be trying to make a movie now. In the case of the recent ""The Other Side of Heaven"", this wasn't at all a bad thing. That film, while not great, was quite good. ""The Singles Ward"", however, is not.<br /><br />Telling the story of a young, divorced Mormon guy thrust back into single life, the writing and shooting style of ""The Singles Ward"" is, in many ways, very similar to the 80s comedy ""Ferris Bueller's Day Off"". However, the similarities end there. While ""Ferris Bueller"" was funny, original, and well-acted (as far as stupid comedies like this ever are), ""The Singles Ward"" is completely the opposite. It tries very hard to be funny. However, 90% of the gags either fall flat or are cliches and jokes you've probably heard a million times before. The other 10% seem to be thrown in to fill out the time. And the acting, while not awful, is amaturish at best.<br /><br />In addition, if you're not either a Mormon yourself, or very, VERY familiar with Mormon culture, you won't get hardly anything at all. Whereas ""God's Army"" and ""The Other Side of Heaven"" were appealing to a broad range of viewers, both inside and outside of the Mormon church, this film is most definitely one big inside joke, and even if you get it, it's just not that funny."
tt0306597,"A film about the Harlem Renaissance and one author in particular. It contrasts it with a modern day story about a young, gay, black artist.<br /><br />If that sounds vague it's because the movie itself is. It's well-directed, fairly well-written and (for the most part) well-acted. Also the scenes in the past are shot in moody black & white. Also this is one of the few film dealing with gay men that does NOT shy away from sex scenes (not that explicit and no frontal). Still, I mostly hated this.<br /><br />The film meanders all over the place, is full of unlikable characters (including the main protagonist) and (this is the killer) moves at a snails pace. Three times I considered leaving the theatre because I was so utterly bored. But the director WAS there so I stayed. <br /><br />His talk afterwords shows this was a labor of love and took 6 years to complete. I really wish I could like this more (there are VERY few films dealing honestly with gay blacks) but I can't. Unless you're very interested in the Harlem Renaissance there's no reason to see this."
tt0307875,This is supposed to be well-researched and based on fact. How come therefore that it's so packed with McGovernisms. Did the people of Derry live in some kind of bizarre Philip K. Dick world in which reality was uncannily like Cracker/ Liam/ Priest? Or is McGovern an idle hack who just keeps repeating hims
tt0316188,"First of all, write the script on a napkin. Who needs more than that? After all we're not a Hollywood film.<br /><br />Then get amateur actors. It will be good for the festival hype. After all, who needs people who have spent years honing their craft? Then, hire a cinematographer who doesn't know how to light. You see, if it's well-lit, it won't look ""real"" and the festival people won't like it. Who needs to have professional level photography anyway? Then hire a ten-year old who has never held a camera to be your operator. It will give your movie that completely amateurish touch that festival screeners will mistake for ""reality"" and guarantee that even though you will empty the seats from real people, critics and a small sliver of the audience who over-intellectualize will scream ""genius"" because they won't believe this was just complete amateur-hour.<br /><br />Once you've done that, buy your ticket to the Festival of Bad Movies aka Sundance.<br /><br />What a sad waste."
tt0318276,"Unbelievably bad acting, a no good, unclear story and flashy images and slow-motions where they are needed the least: Adrenaline is everything a movie should not be.<br /><br />Georgina Verbaan (a so-and-so dutch soap actress who hasn't attended her English classes) plays rich girl Freya, who has the habit of 'thrill-seeking'. Which basicly is doing dangerous stunts, break stuff and annoy people. And not in a fun Jackass way. Then there's Dracko (Rivas). He kinda leads the bunch but has other illegal activities on the side. Then there's Freya's dad (Lockyer), who plays a dubious role as well. And, in the end, we got Jason (debutant Fyall), the boyfriend of Freya.<br /><br />One day, Freya gets disappeared and everybody seems involved but we, the viewer really don't care as nobody of the cast is either likable or believable, and the story doesn't make any sense.<br /><br />Why was this even made? 2/10."
tt0325597,"A young man kills a young woman for no reason. The man's brother is jailed on charges that he was an accomplice, but soon escapes. Upon escaping, the seemingly innocent man kidnaps three victims and soon he ropes his girlfriend in on the plot. If this isn't bad enough, the situation quickly makes a downward spiral.<br /><br />This film had some good aspects and many bad ones. Its strongest aspect was lead actress Emily Haack. Setting aside the fact she's nude in a fair amount of this film, she presents herself as a decent actress and a very strong character. I see no reason she cannot take this experience and somehow turn it into a career in some way. I was convinced she was a ruthless individual.<br /><br />Also, the makers of this film were very bold and pulled no punches. Graphic nudity (both male and female), coprophagia, and extreme anal violence are not shied away from. I like my horror films to push the boundaries a little bit, and this one ignored them altogether, gladly skipping towards Gomorrah. Maybe it was too much, but I think they achieved what they were looking for.<br /><br />But now the negative aspects. First, and most noticeable, this film is very low budget and the film quality shows this. I can excuse that -- the plot was decent, the acting fine and in some scenes the lower quality film actually made the movie more disturbing (a more realistic feel). So, I won't scold them for having low-grade equipment. What I will scold them for is the use of poor choices in shots. For no reason I can ascertain (besides plumping the movie), there is a large amount of footage of a cemetery. I don't really know why, and I frankly started dozing off at this point because it was so long and pointless.<br /><br />I also take issue with the title. The idea here was to deceive people into thinking this film had some connection to the classic ""I Spit on Your Grave"". Now, there is a line that seems to imply the main character is the daughter of the woman from this other film. And the themes are very loosely the same (a woman getting revenge on men). But there is no firm connection and the reason this title was chosen was for the video store customer to think they were getting a sequel. This was deceptive and dishonest.<br /><br />My last major complaint is that this plot makes no real sense. Not even a little bit. A woman is killed in the beginning for no reason. A prison escapee finds time to kidnap people to torture them, for no reason (because they wronged his girlfriend?). The same man goes from good to very evil without explanation. Likewise, the female lead (Haack) turns fro ma normal person to someone who is overly cruel and sadistic, for no reason at all, and against people who for the most part were only marginally mean to her (a neighbor offering drugs for sex is wrong, but by no means worth getting tortured for).<br /><br />Don't let this title fool you, or the claims that the film is incredibly shocking. Yes, some scenes were shocking, but the vast majority of the film is dull and makes you want to take a nap. If you see this in the video store or on Netflix, just keep browsing. Or rent it, and we can sit around and vent about it for hours. You have been warned."
tt0328031,"A film without conscience. Drifter agrees to kill a man for a mobster for money. Then they double cross him. Meanwhile he falls in love with the dead man's wife, and, without her knowing he's the killer, moves in with her. Then he ""accidentally"" kills her when she finds out. Then, in a WALKING TALL kind of heroism, he gets revenge on the mobsters who double crossed him. The first problem is that, by agreeing to take on the murder by hire assignment, the drifter loses all sense of sympathy, worthiness, and heroism. We can't accept any goodness in him and as a result the rest of the has no moral center. We just can't care about that kind of guy. And the wife (nicely played by the fetching Kari Wuhrer - the sheriff in EIGHT LEGGED FREAKS), a high class lady who runs a mission for homeless people, similarly loses a degree of sympathy by jumping right into bed with the homeless drifter (despite her evidently weakened state after the death of her husband). And, when she finds out he's the guy  what does she do? She locks him inside her house (as if ALL houses had locks you can't open from INSIDE) with her and proceeds to berate him. Stoo-pid. George Wendt, however, is terrific in a role as a beefy thug. Director Stuart Gordon did so much better with RE-ANIMATOR and DAGON."
tt0329934,"When watching this show you are not quite sure whether it is the story or the acting that is more annoying. First of all, the storyline of each episode is very predictable, the writers must have used every cliché possible, you can guess not only the general plot, but the arrangement of the scenes and also the lines of each character, making the show some sort of a collage of every police series out there. On the top of it all comes the ""message"" of the show, that the good are good and the bad are bad and that at the end of the day the good shall prevail and that we should all love each other, be better man and better citizens, all done in the most ostensible manner. The actors, as the vehicles of this message and nothing more than that, will use a limited set of acting skills: the ""I am a good carrying person"" smile, the concerned look and the ""victory is ours"" body posture, while the bad guys have the ""I'm a bad one"" frowning and the ""you caught me"" look, followed by the ""I'm good for nothing and I should be removed from society"" head banding (this kind of also sums up the general development of each show). True story or not, the show is garbage, yet another proof that producers don't give a s**t about viewers, that we are all thought to be idiots. Well this series makes every possible attempt to idiotize the living brains out of you."
tt0331834,"I really tried to like this movie but in the end it just didn't work for me. I have seen most of Kitamura's output and have found it to be very variable. Alive, like all of his films has an interesting plot, some nifty sequences and a fair amount of creativity. However, these qualities are in painfully short supply in Alive. The plot is cool if not all that original and could have made for a pretty ace film. Unfortunately, the pacing is painfully slow and the film takes an age to get going, before reaching fairly predictable places. The action is just about passable, with the final fight pretty cool, and the earlier one about OK. The earlier one is also marred by overspeedy camera-work, making for less coherency. There are some neat visual effects and some interesting ideas floating around in the dialogue but the film still drags badly. The characters are neither well fleshed out nor well acted and the setting and general color scheme is drab and boring. The film is not completely terrible and has some points of interest, perhaps judicious use of the fast forward button could improve it. With about twenty minutes taken off the run time this could be a pretty decent sci fi thriller. But the full length film is dull. Only recommended to very patient and determined Kitumura fans."
tt0332658,"This was no Trainspotting or Guy Ritchie film. It was a big wannabee. It wanted to be an edgy, nervous-laughter, urban-life affirming film, but it's more of a camera jerky, mess. It's a lot easier to imitate something else, than to create a real story with real characters. From the beginning, I couldn't care less about the characters or what they were involved in. They were always always hitting, pissing, or crying on each other. Only, there wasn't any substance to what they were doing. The dialog between characters is meant to be hip, revealing, instead it comes out trite, and one scene after another is predictable. I know there are viewers out there that really liked this movie, so I could be wrong."
tt0344273,"""Kings and Queen"" is a bloated French drama that rambles on for an interminable two hours and thirty-two minutes to no discernible point or purpose.<br /><br />The film features two stories that seem unrelated at first but which eventually connect with one another about halfway through the movie. The first centers around Nora and her struggles with various men in her life, including an elderly father who discovers he has only a few days left to live. The other story involves a young man named Ismael, a violinist who finds himself placed - unfairly, he believes - in a mental institution through the machinations of an unknown third party. After traveling along on separate tracks for awhile, these two narrative strands eventually come together when we learn that Ismael is a former lover of Nora's and the man she has chosen to adopt her son from an earlier, tragic relationship.<br /><br />With a bit more focus and a considerable amount of streamlining, ""Kings and Queen"" might have been a potent, engrossing drama about modern day relationships. It certainly has moments of tremendous insight and emotional power, and the performances are, for the most part, complex and touching. But, taken as a whole, the film meanders and maunders to such an extent that, quite frankly, it begins to wreak havoc on our patience and to wear out its welcome early on. Even more distressing is the fact that, even though we spend what seems like a mild eternity in the company of these people, we really don't know quite what to make of any of them when the show is finally over. For instance, Nora's father, on his deathbed, writes a withering diatribe against his daughter's character that simply doesn't gibe with the woman we've been looking at for well over two hours. Nora is admittedly no Mother Theresa (then, again, who is?), but she certainly doesn't deserve the invective thrown at her by her very own father. Nora could be accused of being confused, indecisive, a bit self-absorbed at times, but evil enough to have her father wishing he could give her his cancer and make her die in his place? I don't think so.<br /><br />Perhaps this film is simply operating at a level of depth that I was unable to fathom. But my suspicion is that even writer Roger Bohbot and co-writer/director Arnaud Desplechin would have trouble fully explaining their purpose here. This is a well acted, pretentious bore of a film that takes the viewer on a long, rambling voyage through a sea of personal crises, a journey that leaves him no wiser or more enlightened at the end than he was at the beginning."
tt0346293,I watched this film few times and all i can say that this is low budget rubbish and that it does not have anything to do with a real history facts. Actors performances is very poor but it is result of limited acting possibilities. Anyone who watched this film now probably think of Hitler as some crazy skinny lunatic who running with a gun like some Chicago gangster. I can only to say that there is much better films about Hitler and Germany in those years and that Rise of evil is very much under average. I can recommend German film Downfall in which you can see brilliant performance of Switzerland actor Bruno Ganz in a roll of Adolf Hitler.
tt0346800,"Okay, I've tried and I've tried, but I STILL DON'T GET this Guy Maddin thing. Tales From the Gimli Hospital left me cold, that movie about the Austrian villagers and the one about the Ice Nymph were pretty to look but lacking in the story department...and this nudie movie about abortion and hockey is just boring. I'm glad Maddin has an appreciation for silent film, but I dislike his films for the same reason I dislike the films of Quentin Tarantino: they're empty homages to better, more imaginative films--films that advanced the art form or broke new ground--and are all style and no substance. No amount of jump cuts and odd camera angles can disguise the fact that Maddin is an unoriginal David Lynch wannabe, though he DOES have one advantage over Tarantino: he generally doesn't write embarrassing dialogue, because most of his films rely on intertitles. The bottom line is, Maddin's schtick is clever clever film-making for aspiring film majors."
tt0364986,"Intrigued by the synopsis (every gay video these days has a hunk on the cover; this is not necessarily to be construed as a good sign) I purchased BEN AND ARTHUR without knowing a thing about it. This is my second (and I assure you it will be my last) purchase of a CULTURE Q CONNECTION video. As far as I am concerned, this DVD is nothing but a blatant rip-off. I do not make this observation lightly  I am a major collector of videos, gay and mainstream, and I can state with some authority and without hesitation that BEN AND ARTHUR is quite simply the worst film I have ever sat through in my life. Period. My collection boasts over 1,600 films (93% on them on DVD) and of those, well over 300 are gay and lesbian themed. I hardly own every gay movie ever made, but I am comfortable in stating that I pretty much purchase almost every gay video of interest that gets released, and very often I buy videos without knowing anything about the film. Sometimes, this makes for a pleasant surprise - Aimee & Jaguar, It's In The Water, Urbania and Normal are all examples of excellent gay titles that I stumbled upon accidentally. So when I read on the box that BEN AND ARTHUR concerned a conflict between gay lovers and the Christian Right, one of my favorite subjects, I decided to take the plunge sight unseen, despite my previously disappointing purchase of another CULTURE Q CONNECTION title, VISIONS OF SUGAR PLUMS. That film was pretty bad, but compared to BEN AND ARTHUR, it viewed like GONE WITH THE WIND. So what was so wrong with BEN AND ARTHUR? Plenty! To begin with, the ""plot"" such as it was, was totally ridiculous. This film almost made me sympathetic to the Christian Right  we are asked to believe not only that a church would expel a member because his brother is gay, but that a priest would actually set up a mob style execution of a gay couple in order to save their souls (like this even makes sense). The writing is so poor that many scenes make no sense at all, and several plot points reflect no logic, follow-up or connection to the story. Murder and violence seem to be acceptable ends to the gay activist / right wing conflict on both sides, and the acting is so bad that it's difficult to imagine how anybody in this film got hired. The characters who are supposed to be straight are almost without exception clearly gay - and nelly stereotypes to boot; the gay characters are neither sexy nor interesting. This film is enough to put off anybody from buying gay themed videos forever, and the distributors should be ashamed of themselves. The only advantage this picture has over my other CULTURE Q Connection purchase, VISIONS OF SUGARPLAMS, is that this one has a soundtrack with clear dialogue. Hardly a distinction, since the script is so insipid that understanding the script only serves to make you more aware of how bad this film truly is. It is an embarrassment to Queer culture, and I intend to warn everyone I possibly can before they waste their money on it. At $9.95 this film would have been way overpriced; I understand that it's soon to be re-priced under $20, which is STILL highway robbery. I paid the original price of $29.95, and I never felt more cheated in my life. The only true laugh connected with this drivel is the reviews  I have seen ""user reviews"" for this film on numerous websites, and there is always one or two that ""praise"" the director / writer / actor in such a way that it's obvious that the reviewer is a friend of this Ed Wood wannabe. How sad. How desperate. I just wish IMDb would allow you to assign zero stars - or even minus zero. If ever a film deserved it, this is it."
tt0365686,"Ritchie's first two films were snappy, stylish entertainment. Here, he raids two recent classics  'The Usual Suspects' and 'Fight Club'  and still comes out empty-handed.<br /><br />Despite parading itself as a con-mystery (with the sub-'Usual Suspects' twaddle ""the greatest con he ever pulled was convincing you that he was you"" or whatever it was...) and attempting a 'Fight-Club' twist about which characters are real and which are internal manifestations, the film struggles to maintain interest in its second half. By the last third, you know you're being lead down a blind alley, and tediously slowly at that.<br /><br />Cons, chess and game theory are all great subjects, but Ritchie delves into them too superficially and too repetitively to make much use of the material.<br /><br />The only thing that keeps the movie (almost) watchable is Ritchie's bold way with with a scene and Maurice-Jones's dynamic camera. If Ritchie stuck to a more satisfying plot, and succumbed to tighter editing, there's no reason why he couldn't have made another enjoyable gangster caper.<br /><br />As it is, Revolver is a waste of your time. Incomprehensibility does not equal profundity. If you want to see a great film that doesn't make logical sense but makes a virtue of it (and, incidentally, which also involves an inexplicable escape from solitary confinement) watch 'Lost Highway'."
tt0367245,"Let me start off by saying that I didn't watch this movie at first with high expectations. It was recommended to me by a friend with mediocre taste in movies, and ""MTV"" was pasted on the front cover so I was not expecting much. What i was expecting was a tear-jerker, overly dramatic but at least effective.<br /><br />I was wrong.<br /><br />Firstly, let me start off that I had never read the book nor watched any other versions of the movie.<br /><br />The acting was my main gripe with the film. By god is it AWFUL. The main girl is pretty mediocre, but when compared to the rest of the cast she's Maryl Streep. The main ""Hero"", Heath, is just plain awful. He can sing decent sounding clichéd songs, but that's about it. His acting broke the 'sad' moments by being so bad at points that I just burst into laughter. The Isabel girl was pretty godawful too, and the brother was just a flat character that was played by an actor that couldn't display emotion whatsoever. And when he tried to, it failed miserably. Neil Patrick Harris was the only decent actor, playing Edward, although it's obvious the direction was bad because even he did not live up to what I've seen him do. Oh, and the father wasn't half-bad to my memory, but he was in the movie for such a small amount of time I can hardly remember.<br /><br />The story itself was not very good. More breakups than you can imagine. Predictable story (Until the ending, which I barely understood). EXTREMELY one-sided characters with no real depth to them... Overall just not interesting or compelling, nothing we've never seen before done MUCH better, and nothing worth watching here.<br /><br />The ending is suppose to be a tearjerker. It did nothing of the sort. The ending isn't built up at all, it almost feels like an afterthought. In fact, I had to ask my friends WHY the ending actually happened, which when they explained it to me I must have had a look on my face of ""Wait, when did they say that? What?"". Never a good sign. The editing was probably the worst I've seen, though I do understand the fade-ins-fade-outs are done because this was originally made for TV, but that's really no excuse.<br /><br />Overall, the movie is just garbage. I'm a sensitive guy, I cried during two episodes of the Simpsons. I never cried during this crap, not even close. Really, this movie is not worth your time. If you really want to see a tearjerker look elsewhere."
tt0368078,"This guy has no idea of cinema. Okay, it seems he made a few interestig theater shows in his youth, and about two acceptable movies that had success more of political reasons cause they tricked the communist censorship. This all is very good, but look carefully: HE DOES NOT KNOW HIS JOB! The scenes are unbalanced, without proper start and and, with a disordered content and full of emptiness. He has nothing to say about the subject, so he over-licitates with violence, nakedness and gutter language. How is it possible to keep alive such a rotten corpse who never understood anything of cinematographic profession and art? Why don't they let him succumb in piece?"
tt0368268,"If you want to watch a film that is oddly shot, oddly lit, weird stories of these men (and one woman) who enjoy beating the crap out of each other, if you want to enjoy a story that goes nowhere of these two guys, one a boxer and the other a gay man, then you should watch this film.<br /><br />After watching this film, I almost felt as badly bruised up and cut up, like the director (of the film) himself beat the hell out of me.<br /><br />This is a movie where one is not meant to watch for plot or for great acting, this is a film to gawk at in horror and wonder. A lot like watching an airplane crash or a train wreck.<br /><br />If you want to watch a great movie, a good movie, a ""B"" movie, or even a mediocre movie, this movie is not it.<br /><br />A warning to all who watch this film, please don't eat beforehand. You might want to puke by the end of the film."
tt0371212,"This film is really something of a curate's egg, good in parts. In contrast to other reviewers, I found that the main fault with it is its inability to draw in the viewer's interest in the characters and the plot. I sat through it because I'm interested in rock'n'roll and the dynamics of bands, but if I were to evaluate it purely on the basis of its merit as a movie, I would have to give it the thumbs down, with a few caveats: Jason Behr is good in the part of John Livien, and quite convincing as a rock singer; the narrative regarding his childhood trauma is unclear, although we are given hints in Livien's well-acted relationship to his parents, but his behaviour is ultimately bizarre to the viewer (which it shouldn't be). Nevertheless the idea of using a stage persona to solve inner conflicts is interesting, albeit not novel nor fully explored as a theme in this film. The allusions to John Lennon were irritating, but I confess I'm not a Beatles fan. At any rate, Livien and his band reminded me more of Oasis than the Beatles, in the sense that there was something derivative about them. Another frustrating thing about the movie was the way it opened up with some interesting - albeit middlebrow and high-school level - philosophical musings of the lead character, but left the threads of his thinking there, only to pick them up again in the middle of the film very briefly, when Livien says, ""before God, there was music"" (ever seen that ad for Tia Maria in the 1990s, ""Before time, there was Tia Maria""? That's what sprung to mind anyway); it seems an idiotic conclusion, and the viewer has no idea how he reached it, but he's entitled to it. Fortunately his bassist and friend, played ably by Dominic Monaghan, seems to acknowledge the fallacy of this thinking when he responds ""You don't know that"".<br /><br />In all, the limited strengths of the direction and the plot could go either way on future projects, into pointless banality or into an interesting and more mature perspective."
tt0373280,"San Francisco is a big city with great acting credits. In this one, the filmmakers made no attempt to use the city. They didn't even manage the most basic of realistic details. So I would not recommend it to anyone on the basis of being a San Francisco movie. You will not be thinking ""oh, I've been there,"" you will be thinking ""how did a two story firetrap/stinky armpit turn into a quiet hotel lobby?"" Some of the leads used East Coast speech styles and affectations. It detracts, but the acting was always competent.<br /><br />The stories seemed to be shot in three distinct styles, at least in the beginning. The Chinatown story was the most effective and interesting. The plot is weak, ripped scene for scene from classy Hong Kong action movies. The originals had a lot more tension and emotional resonance, they were framed and paced better. But the acting is fun and we get to see James Hong and other luminaries.<br /><br />The white boy intro was pointless. I think the filmmakers didn't know what to do with it, so they left it loosely structured and cut it down. The father is an odd attempt at a Berkeley liberal - really, folks, everyone knows it's not ""groovy"" to live in the ghetto - but his segments are the most humorous. They threw away some good opportunities. Educated and embittered on the West Coast, a yuppie jerk here is a different kind of yuppie jerk than they make in New York. They are equally intolerable but always distinguishable. That would have been interesting; this was not.<br /><br />The Hunter's Point intro was the most disappointing. It was the most derivative of the three, and stylistically the most distant from San Francisco. You've seen it done before and you've seen it done better. Even the video game was better! <br /><br />Despite the generic non-locality and aimless script, these characters have potential, the actors have talent, and something interesting starts to force its way around the clumsy direction... about ten minutes before the ending. Good concept placed in the wrong hands.<br /><br />PS, there is a missing minority here, see if you can guess which one."
tt0374569,"What an unusual movie.<br /><br />Absolutely no concessions are made to ""Hollywood special effects"" or entertainment. There is no background music, not special effects or enhanced sound.<br /><br />Facial expressions are usually covered by thick beards and the Spanish language is a strange monotonic lilt that sounds the same whether in the midst of a battle or talking around a campfire.<br /><br />I sort of viewed these movies (parts 1 and 2) as an educational experience, not really something to go and get entertained by. Its quite long and in places dull.<br /><br />But I suspect that given the lack of any plot development, I don't think its very educational either.<br /><br />Its also difficult to perceive any story from the movie dialogue - it would be a good idea to read up a little on the history so that you can understand the context of what is happening, since for some reason the director didn't see fit to inform the audience why Che's band was moving around the way they did - as a result there seem to be groups skulking around the woodland for no particular reason and getting shot at.<br /><br />I would have loved to give this movie more stars for somehow generating more empathy with me and developing depth of character, but somehow all of the characters were still strangers to me at the end. The stars it gets are for realism and showing the hardships of guerrilla warfare."
tt0375210,"Absolutely one of the worst movies of the year. The plot is ridiculous, the characters poorly developed, and the premise irritatingly stupid. It all begins when Michael Keaton, fresh off of doing nothing noteworthy since Batman, loses his beautiful author wife, Anna, to a car accident, possibly caused by her driving one of those convertible VW bugs even though she's supposed to be rich. In his grief, Batman moves to a new apartment and takes up a hobby: recording nothing and then watching it. He learned this from a really fat pathetic guy who got murdered by three tall shadowy fellows who lived in his TV. Pretty soon, he starts to see dead people, thanks to EVP, or Electronic Voice Phenomenon, which is evidently this deal wherein dead people can send messages to living people through tape recorders, video cameras, dead cell phones (""Anna cell calling? But she's...DEAD!...Must be ghosts. Mhmmm. No other possible explanation. I'd better start messing around with this indiscriminately."") etc. Why they can't just write something down on a piece of paper or knock over some stuff to form creative pictograms is never explained. ANyway, eventually Batman discovers that he's actually seeing the future, and he decides to go help this woman he doesn't know. He gets out of his house just in the nick of time, because the tall dark guys enter just after he leaves (""D*mn it! Can travel between the living and dead using electronics, but I'll be d*mned if we can be on time! Am I right guys? (They nod in bemused agreement).""). He tracks this lady to a warehouse and finds out that this character from the first ten minutes of the movie (look hard, or you'll miss him!) is actually a serial killer working for three tall shadowy demons, who in Raiders of the Lost Ark style swoop down and kill him, looking like the cartoons that they are. Just then some detectives show up and save the lady. After Batman's funeral, he decides to send a message from beyond the grave apologizing to his son for being an idiot, evidently feeling that the best way to protect his kid from the horrors of EVP is to expose him to it. The little kid just smiles. Nothing phases that dude, not even when his dad, Batman of course, starts talking to TV's. The high-point of the movie was when someone's phone rang and some guy yelled out, ""It's Anna!"""
tt0378947,"This movie stinks! You will want back the two-plus hours it takes to get through it. Sliding Doors, w/ Gwyenth Paltrow and directed by Peter Howit, did what Melinda & Melinda tries to do much much MUCH better. That movie was clever, witty, and well-acted. I cared about what happened to both Gwyenths -- or rather the characters she played -- and the performances by supporting cast were fantastic.<br /><br />Where as Melinda & Melinda is tiresome, the dialogue is contrived and I could have cared less about any of these people -- least of all Melinda. One Melinda is so dysfunctional -- her first glass of wine is at 10 a.m. -- and so melodramatic she is laughable, and not in the comedic sense. The 2nd Melinda is fine, but forgettable.<br /><br />Woody Allen's previous ensemble movies worked because, I'm guessing, he spent time on the screenplay and the actors were talented. One piece of trivia for this movie is that he wrote this screenplay in two months: you can tell. And while Chloe Sevigny is talented -- those around her are not, not enough to be a whole presence. The movie ends up being Chloe Sevigny and a bunch of other people you know you've seen in other movies but can't quite remember which ones.<br /><br />Sad, very sad."
tt0382765,"With no fault to the actors (they all put on great performances), the overall story was not very well executed. The movie opens with a great zinger: a crazy old guy forces a young Aborigine girl's car off the road. But then, we're forced to endure 40 minutes of character development with an entirely new group of characters ... and we don't know why until the 40 minutes are up. It turns out that they are the ones who eventually discover the girl's body ... and the story progresses from there.<br /><br />While the story does pick up at that point, it really goes nowhere. After 2 hours, I asked myself: was there a point to this, or was it just to see the characters struggle with accusations of racism and stupidity of how they handled the discovery? The story was ultimately unsatisfying and felt unfinished. While it is well acted, there's not a strong enough backbone in the film to warrant recommending it."
tt0384814,"Gorgeous bodies, gorgeous colors and camera work, pretentious dialog, banal plot. The name of the prima donna, Camilla, and the eponymous flowers that appear frequently, are enough to remind us of the plot similarities from Dumas' novel La Dame aux Camelias, the movie Camille starring Garbo and (I think) Robert Taylor, and last but not least Verdi's opera La Traviata. Beautiful, not-too-virtuous young ladies, social outcasts for one reason or another, loved, split up, reunited just in time to die of tuberculosis in the last scene... One forgives banal plots and stupid unrealistic dialog in opera, but why waste Hayak, Don Sutherland, a beautiful rendition of LA in the 30s, a deus ex machina earthquake that conveniently kills the other woman, and all that beauty on this mediocre turkey where there isn't even any beautiful singing?"
tt0387989,"Where to begin? <br /><br />#1 Amitabh's son, played by Akshaye Khanna, is 30.<br /><br />Amitabh's been in prison for 33+ years... he<br /><br />A) Telepathically transmitted the sperm home?<br /><br />B) Asked a nice Pakistani guard to mail it for him?<br /><br />C) They allow conjugal visits in secret Pakistani Jails<br /><br />D) All of the above<br /><br />E) The producers were having a little too much bhang at<br /><br />the time they approved the script?<br /><br />#2) Amrita Rao (Yummm!) wants Khanna - he's yum, yum, yummy... and apparently he wants her - who wouldn't, right?!... But, when her dad gets ratted out, and then killed (I hardly think this is a 'spoiler' as you'd have to be brain-dead and blind not to see this coming in the film) he's pretty emotionless towards this catastrophe and with the tip (metaphorically) of his hat, leaves her behind to save his dad, never mind her loss, and says (paraphrasing) ""If god wills it, we'll meet again""... Basically meaning, ""I'm gonna get my dad and MY job done, sorry for your loss - CYA! Buh Bye!"" - callus beyond even low-life Hollywood standards...<br /><br />#3) There are so many holes in this horrible waste of time called a movie, that you can drive all the jeeps, trucks camels and any extra stuff through it. Pass - really, complete and total waste of time - Oh! There is a great dance sequence (yes, only one - as in dance sequence - regardless of quality) great belly dancing - but NOT worth watching just for this.<br /><br />Rent Veer-Zaara or Lakshya (will Hrithik Roshan ever take acting lessons?) for better Indo-Pak conflict movies... In fact, Veer-Zaara is pretty damned good - 7.5/8 I'd say!"
tt0388595,"""Extreme Makeover: Home Edition"" is yet another 'feel-goody', so-called 'heart warming', and out-for-ratings show that ABC has had the time to put together.<br /><br />I understand the troubles that these families go through. For that, I am sorry. But wouldn't you think that putting four wide-screen plasma televisions, three flat-screen desktop computers, an inground pool taking up half of a backyard, and closets full of expensive designer clothing is a BIT too excessive for ANY family? Sure, these families have been through a lot. Sure, they deserve nicer things that what they had previously had.<br /><br />But honestly, the things that Ty Pennington and his crew put into these houses are enough to suit an entire neighborhood.<br /><br />Another thing that really irks me about this show is how Ty and his crew always have something good to say about every little thing that relates to the family, or the family's condition. Telling a wheelchair-bound person that he or she is 'so strong', or 'very brave' really does get old after a while. That may sound rude, but believe me; watch this show, and you'll see what I mean.<br /><br />All in all, this show is overrated. If you want to watch it, go ahead. This comment is just a heads-up for what you'd be watching."
tt0388769,"What's with Indonesian musical movies? Never have I seen Indonesian musical movies like the ones made in Bollywood. They miss the spirit of the story and just a bunch of 'what they called' poetic lines.<br /><br />This story about love of two kids who are separated and then meet again after a few years of changes has no special remarks. It's a simple story plot (but it's quite focused though) with 'meant to be' musical story lines here and there.<br /><br />Confusing characters that should be saved by brilliant acting are neglected. The main actress may try to live up the character, but it's the best that she could do, trying. As for the casting, I don't feel the necessity to put a Balinese student in that story and of course, that's not the only unnecessary characters.<br /><br />The strange thing is, why would I want to watch this movie? Maybe because of the mangoes..."
tt0389957,"When you go at an open air cinema under the Greek summer night you usually don't care what the movie is! Edison started really good with some good effort from the singers-who-want-to-be actors and a once again great Morgan Freeman but... (In a movie there is usually a good start to catch audience,done, a bit boring yet story filling middle of the movie that is more about characters and less about action ,done, and the third part is something really good so that you can remember the movie...) when you see 30 elite police officers (packed with weapons that can demolish a building) shoot at a guy behind a car, fail to hit him even once while he kills all (but 3) and then the guy takes out a flame thrower (to kill the rest 3) ,you realise that the Greek summer sky filled with stars is way too good to be distracted by a movie like this!"
tt0395512,"This obvious pilot for an unproduced TV series features young Canadian actress Shiri Appleby as an amnesiac with some pretty incredible powers that must be put to use when a man-turned-flying demon is let loose on the world. The CGI is par for a TV job, and Appleby is OK as an amnesiac but hard to swallow as a superheroine. Familiar TV face Richard Burgi is along for the ride as Appleby's mentor, but he can do nothing to elevate this dreck above the mediocre level. We see way too much of the cartoonish flying demon right from the start, a bad sign. Also, the scenes where Burgi is training Appleby for battle are actually laughable. They are a bad copy of similar scenes in several other movies, most notably REMO WILLIAMS."
tt0397535,"I admired Rob Marshall for Chicago, but Memoirs of Geisha turns out to be yet another failure of combing western and Asian arts. Overall, the scene is beautiful, but after restless emphasis on exoticism-oriented scenes some might just find himself fed up with them. The excessive cherry blossom was, frankly, overdone. It's probably the cultural difference of perception here: the ultimate beauty is not the showy type, as truly beautiful geisha would not be the over westernised pumpkin in the movie. <br /><br />Some other comments have rightly mentioned the biggest flaws. As a Taiwanese, I have no doubt the actress are great. An actor/actress can play any kind of role when he/she can look like it. Gong Li is great, but the power of emotions that she showed in this movie had not been translated into Japanese style. All I saw was a bittersweet and jealous Chinese WOMAN. Michlle Yeoh, one of my favourtie actress, did not even LOOK LIKE a Japanese. Some comment has mentioned the peculiar delicate, feminine characteristics of Japanese women, with which I can't agree more. These are so delicate that I assume not even all modern Japanese actresses are eligible for the roles in Geisha, let alone the two Chinese and one Malaysian actress who grew up in different cultures and probably did not know Japanese culture that much.<br /><br />Geisha is a good shot for arousing the curiosity of American audiences. But it would be an insult for the movie itself and for art alike if the movie wins the Oscar for best costume, best director or best picture."
tt0398842,"I have just seen this movie and have not read the book. The good thing of the movie is that at some parts it gets you thinking for a little while on the spiritual subject, evolution, sincronicity and your part in the world.<br /><br />However, the movie's immersion is easily broken and there is very little rapport between the viewer and the characters. It is very clear that the book looses a lot in this movie version. The events that were suppose to show sincronicity taking place are almost unrecognizable. A lot of reasoning has to be done for the viewer to see that the scene indicates a coincidence, and even more to imagine that it has something to do with a greater purpose. <br /><br />Enlightenment scenes are visually poor and do not create the better feeling that it was supposed to. Do you recall the enlightenment with Keanu Reeves (in Little Buddha) ? Well, this is nothing like that.<br /><br />Most scenes are poorly executed. There are a lot of scenes that really don't develop the story and also do not help in creating an atmosphere.<br /><br />The better actors in this movie, namely Hector Elizondo, Joaquim de Almeida and Jürgen Prochnow cannot save it. The first 2 seem to have gotten more scenes than their characters should in an attempt to save the movie, and because they were paid more, but this does not work. Most of the scenes are not really necessary and do not help the story at all.<br /><br />Jürgen does good in his scenes and sells as an evil guy (as always), but the script does not help him at all. The scene where he first tries to convince John (Matthew Settle) to join him is just bad script. The execution of the scene when he dies in an explosion is absurdly bad executed. The flashbacks throughout the movie cannot even be commented.<br /><br />Overall this movie is a big waist of time, read the book! I have not read it, but it is probably a billion times better than this, it has to be.<br /><br />It is so bad that I had to write my first comment in IMDb."
tt0401711,"be warned: this movie tells lots of love stories without any coherence.<br /><br />The only intention of this movie seems to be showing love in many different ways.<br /><br />Each story has only a few minutes, so there is no development of characters and nearly no plot. Just an sketchy idea of a plot. The writer tried to build in turning points that aimed to surprise the viewer. However, that just didn't work out because you didn't get to know the characters in before or these ""jokes"" were just silly.<br /><br />This is a movie about love that fails to reach your heart. A dozen times. Or even more, I don't know and I don't care."
tt0402711,"We purchased this series on DVD because of all of the glowing reviews we had seen here. I gave it three stars because there can be little doubt that sometimes the acting, directing and writing are brilliant. In fact they are so brilliant we did not see the propaganda that was being transmitted so smoothly on the series. If one watches it with discernment, one will see the entire litany of the radical right wing beliefs being promulgated by the Fox (Faux) News Network. To avoid giving away any spoilers I will refrain from pointing out all of the dozens of specific instances. A brief look at the plots found here on IMDb will disclose that everything from torture to gun control to the right of a network to provide ""Infomercials"" and call them news is justified with cute plot twists and impassioned speeches given by some of the best actors in the world. We watched many shows and finally gave up in disgust when they justified torture using Attorney General Gonzales as a shining example of why all kinds of torture should be used in the name of protecting all of us. The series also manages to demean male and female gays in subtle ways by using them as plot devices depicting evil people. All in all the complete litany of the radical religious right wing.<br /><br />No doubt the popularity of this program will be used by future historians as proof that America lost its way in the early part of the this century. As a student of history myself I would characterize this program as being in a league with the propaganda produced by Goebbels for Hitler and some of the propaganda produced by Hollywood for the American audience during WWII.<br /><br />So if you want to use this as a teaching tool to help your students understand how subtle propaganda can be then by all means do so. Just be sure to purchase an inexpensive used copy so you can avoid enriching the ultra right wingers at Faux Network who produced this travesty."
tt0403118,"This movie is entertaining enough due to an excellent performance by Virginia Madsen and the fact that Lindsey Haun is lovely. However the reason the movie is so predictable is that we've seen it all before. I've haven't read the book A Mother's Gift but I hope for Britney and Lynne Spears sake it is completely different than this movie. Unless you consider ending a movie with what is essentially a music video an original idea, the entire movie brings to mind the word plagiarized."
tt0404356,"If you want an undemanding and reasonably amusing hour or so, then it's OK to watch this. It's not all that bad, really. Yeah, it's got more lapses in logic than I care to describe here and might tax the patience of people - like myself, I have to admit - who are inclined to throw things at the TV on occasion, but it's funny at least. Just because it's not always INTENTIONALLY funny, there's no need to let that get you down.<br /><br />However, if you've read the book - or any of the other books by Brookmyre - then you'd probably best avoid it. I've read them all and when I first watched this film, I despised it. I've trashed it in detail and at great length on another site, in fact. The TV plot bears practically no relevance at all to that of the book and served only to outrage and infuriate many faithful (and admittedly rabid) Brookmyre fans.<br /><br />Best bit of advice..? Watch this, then read the book and only THEN make your comparisons and submit your judgement."
tt0408309,"I honestly have to say that I could not stop watching this movie from the second that it started. Simply for how bad it was!!! It's kinda like watching paint dry only a lot more confusing. I mean you sit there and just wait for something to happen, anything in fact, preferably something that makes the whole film make sense! At the end of the film I actually sat there wondering if there was any chance at all that I may have missed the first hour that explained everything or whether I may have inadvertently passed out during the film and missed the parts that glued the plot(if there was in fact one)together! The main thing that really confused me about this movie, is nearly at the end the main girl (if there was indeed a main girl) was in some sort of alternate reality, i mean what the hell was going on at this point?! all of a sudden she awoke and was in a mental institute, chained to a bed being drugged by doctors or something, then quicker than it would have taken me to slit my wrists, it flipped back and she was getting eaten out by some random vampire!it made no sodding sense! I'm tempted to email the makers and demand my time back, i mean i wasted 2 hours of my life watching this rubbish!i am kinda interested to know if the filmmakers themselves actually knew what it was all about! just seemed someone had edited out all the bits that could have made it make sense though i think the film would have had to have been 4hrs long to make that happen! I side completely with the other person who wrote the other review, i was duped royally with this film by its title, and that alone. I'm just so sodding grateful i didn't actually buy the film, no matter how many times iv seen it in the local pound shop. You would have thought that would have given me a clue that the film was a complete pile of steaming movie rubbish but to be honest I think £1 was way too much money to spend on this film!!!! what a sodding huge waste of time and a good razor blade, i mean i wish i OD'ed, its less painful than watching this film!!!!"
tt0410162,"THE KING MAKER will doubtless be a success in Thailand where the similar (but superior) 'The Legend of Suriyothai' set box office records. The film directed by Lek Kitaparaporn after a screenplay by Sean Casey based on historical fact in 1547 Siam has some amazingly beautiful visual elements but is disarmed by one of the corniest, pedestrian scripts and story development on film.<br /><br />The event the picture relates is the arrival of the Portuguese soldier of fortune Fernando de Gamma (Gary Stretch) whose vengeance for this father's murderer drives him to shipwrecked, captured and thrown into slavery and put on the bloc in Ayutthaya in the kingdom of Siam where he is purchased by the beautiful Maria (Cindy Burbridge) with the consent of her father Phillipe (John Rhys-Davies), a man with a name and a past that are revealed as the story progresses. There is a plot to overthrown the King and Fernando and his new Siamese sidekick Tong (Dom Hetrakul), after some gratuitous CGI enhanced choreographed martial arts silliness, are first rewarded by the King to become his bodyguards, only to be imprisoned together once Queen Sudachan (Yoe Hassadeevichit) reveals her plot to kill the king and son to allow her lover Lord Chakkraphat (Oliver Pupart) to take over the rule of Siam. Yet of course Fernando and Tong escape and are condemned to fight each other to save the lives of their families (Tong's wife and children and Fernando's now firm love affair with Maria) with the expected consequences.<br /><br />The acting (with the exception of John Rhys-Davies) is so weak that the film occasionally seems as though it were meant to be camp. The predominantly Thai cast struggle with the poorly written dialog, making us wish they had used their native Thai with subtitles. The musical score by Ian Livingstone sounds as though exhumed form old TV soap operas. But if it is visual splendor you're after there is plenty of that and that alone makes the movie worth watching. It is a film that has obvious high financial backing for all the special effects and masses of cast and sets and shows its good intentions. It is just the basics that are missing. Grady Harp"
tt0427038,"Quote: theurgist: Anyone with an I.Q. over 50 would have seen this film what it is, an intelligent well acted prequel to a modern day classic, yes it doesn't have a blockbuster cast or a huge budget BUT it is still very well done and had me hooked for the full duration.<br /><br />An I.Q. over 50 you say.. that most mean you have an I.Q. lower than 50.. its name is CARLITOS WAY: Rise to power !!! meaning it should have something whit the first one to do.. <br /><br />all and all its a OK movie if.. YOU CHANGE THE TITLE AND NO CHARACTERS NAMED CARLITO BRIGANTE!!!<br /><br />P.s don't comment on a movie if you don't know anything about movies. but i guess an I.Q. under 50,, you wont know what the hell i am yelling about...<br /><br />Peace out!!"
tt0428081,"What the heck was this. Somebody obviously read Stephen King and Sartre in the same semester. We get existential angst mixed in with cheap horror. There were moments that were disturbing but each one was canceled out by horrible music, CGI, or acting.<br /><br />The problem with weird narratives like this is that it feels lazy. Even David Lynch's work feels like that at times, and just like his interesting shows and movies it runs far far too long. And sadly this is only 98 minutes.<br /><br />The cast was attractive, and that is about the limit to this. I suppose it touches on feelings of adolescents and the fear of loneliness we all have, but just doesn't make the characters likable enough for us to care about their fates...whatever they were. The final scene leaves the whole thing ambiguous."
tt0430768,"One would think that a film about a young person's coming to terms with his burgeoning homosexuality would be anything but boring. Think again. This production should be bottled and sold as a cure for insomnia because it's about ten times as potent as any sleep aid on the market. It's almost as if the film maker *considered* making a movie, but got lazy and decided instead to run a series of random (and randomly BORING) images and go-nowhere scenes, throw in a couple of actual scenes featuring actual acting, pretend that good lighting ins't important in the film-making process, and wrap it up under the auspices of an ""arthouse"" film. This is exactly kind of crappy product that makes it easy for a lot of traditional film-makers to poo-poo the indie film movement, and which keeps the general public from more easily embracing indie films.<br /><br />If you're interested in films covering this subject matter, you'd be much better off tuning in to some of the great short films available at Logo's website or renting Get Real. Better yet, read Stone Butch Blues. Whatever you do, skip this long-winded piece of dreck."
tt0437182,"The premise and subject about making a criminal realize what his victims went through by capturing his family hostage sounds promising and interesting. But this is the only interesting part which was also dealt 20 years ago with quite finesse by director Ravi Tandon in his film ""Jawab'(1985) too. The problem here is Ace Director Rajkumar Santoshi found himself in some sort of confusion as to whether to make it a fast paced action-thriller (viz. Khakee) or an emotions-rich heavy duty drama (Viz. Damini) and this confusion is quite evident in the final outcome. If we ignore two of his-Pukar (2000) and Lajja(2001), this brilliant director has always given us fairly engrossing films with high entertainment value. Therefore this film comes as a surprise, as to what made this script sensitive director going for half-baked characterization of both of his protagonists-Amitabh Bachchan and Aryeman. As the film is getting over, audience didn't know whom to hate and whom to sympathize with and this factor is the major limiting force in the complete narration. Therefore what starts as a war between a common man and an underworld don ends on a strange note of self-realization and regret by the Don about what went wrong with his own family. The revelation of Don's son as a real baddie does not come as a surprise element in the climax which if compared to similar situation in 'Khakee"" worked so effectively with Aishwarya's character. That is not all, there is more to it. The whole dramatization of life of an Underworld Don, operating from abroad looks quite illogical. His openly landing up at Mumbai from where he is suppose to be absconding as well as running after his enemies and shooting them himself does not look believable. Pitching a mediocre, newcomer actor like Aryeman opposite Mr. Bachchan is again not a good idea. But nonetheless film has some plus points. Ashok Mehta's fine camera-work, two good fight sequences (co-ordinator Abbas Ali Moughal), some light well-acted scenes of Akshay Kumar in the Ist half, Santoshi's fast-paced slick treatment and of course Mr. Bachchan as usual trying hard to put some life into his lifeless character. But all these put together does not make this viewing an exciting experience for you and your Family!"
tt0439289,"Absolutely the most boring movie I have ever spent my money on.This was a wrong choice for all these great stars to waste their reputations on. Boring! boring! boring! Each character was portrayed in a less than inspirational way. No acting talent shown -just reading a part. Alec can play realistic characters normally, Gwynyth made herself look ugly for an unrewarding part, Annette needs advise on how to pick the movies she chooses to play in as do all these big stars who have left me disappointed at the way they have all allowed their talents to be smothered in a feature that leaves much to be desired in entertainment. ""Running with scissors"" leads the public to anticipate great acting in a film that suggests experiencing tension and deep emotion. There was not one moment when the cast was able to portray any interpretation of this onto the screen. Maybe it was the director's fault----whatever."
tt0443527,"When I saw this at a shop I thought it looked really good and original. Like Wolfs Creek meets Texas chainsaw massacre, and I mean it only cost three quid (around $6). To be honest I don't think it was even worth that.<br /><br />It seemed like the directors- the 'butcher brothers' couldn't decide whether wanted to do a artsy sort of horror or a gory slasher horror. It ended up with a cliché ridden gory sadistic hour and fifteen minutes with all the characters being one dimensional and you couldn't care less what happened to them but to try to make the audience care about the characters they added a useless monologue at the end and the beginning of the film which to be perfectly honest wasn't needed.<br /><br />The only good part really was the middle/end- I won't ruin it for you. But that was the only ""good ""part.<br /><br />Overall a pointless watch. It felt like a two hour film but was in fact only 75 minutes. If you want an artsy film-don't bother. If you want a slasher movie- don't bother- The film moves so slowly with nothing ever happening."
tt0445161,"I saw the film at the Belgrade Film Festival last week, and I'm still working off the trauma. Essentially my view seems to match a number of others - the first half hour was fresh, sharp, deep, entertaining and promising. Well acted too. Natural. My problem, however, is not simply with the fact that the final hour and a half of the film have nothing to do with the likable beginning, nor the fact that I spent most of this time convulsing in agony at sharp, grating industrial sounds and squinting at drunken, toothless, bread-chewing hags. It's rather with the fact that THEY NEVER WARNED ME!!! The festival brochure synopsis described only the (utterly intriguing-sounding) first half hour - a whore, piano tuner and meat seller chat in a bar, pretending to be an advertising agent, genetic engineer, and petty government administration official, respectively - making no mention whatsoever of the never-ending gum-smacking to come. Serves me right for not reading the reviews, you might say - but to my defense, a number of reviews I looked at post-fact um didn't at all stress the immensity and utter unbearableness of the greater part of the film.<br /><br />The first hint should have been the introductory words by the director (a bashful, tousle-haired Russian youth) who stepped in front of the crammed auditorium (the film seems to be doing incredibly well critically, and tickets were sold out well in advance of the screening, though most of the audience seemed as unaware as I was of the pain to come, judging by the plethora of unearthly moans and groans that utterly permeated the theatre during the last half hour, and many exasperated comments on exit) to say the following: 'Well, I... um, thank you very much for coming to see this film, and I just wanted to say... well, it's a very long film... it took me four years to make it, and... it's.. I suggest that you see it and immediately try to forget about it. It is very long. Thank you for coming.' This is what he said. Alarm bells should have been ringing. 'What's he talking about?' I thought in happy confusion. 'This is gonna be fun!' Of course, by the time his strangely apologetic comments started making sense to me, it was far too late to get out. All I could do is writhe in increasing agony until the lights came on again. And in the end I can't say I feel in any way improved by the experience. Yes, I absolutely loved the first half hour. It was intelligent, new, and had a lot to say. And yes, Russia is probably in a bad state. Yes, every society has many hidden faces. Yes, toothless life in barren wastelands is probably unimaginably hard. Yes yes yes. I get all of this. Really I do. But I see no earthly reason why art and meaning should be so agonisingly drawn out, and so painful to bear. If you want to see a film land somewhere between the extremes of glitzy Hollywood plastic fantastic and hours of muddy vodka swigging, try the Korean-Chinese Bin Jip (3-Iron). It's artsy and surprising, but also to-the-point and fun."
tt0455538,"(Rating: 21 by The Film Snob.) (See our blog What-To-See-Next for details on our rating system.)<br /><br />Here's a movie that will have you clawing at your own face in an attempt to earn release from the on-screen tedium. <br /><br />You'll not be wringing your hands, nor rolling your eyes, nor sighing into your popcorn. No indeed. For a movie of *this* averagousity, only clawing at your own face will do. <br /><br />When you begin to claw your own face -- as begin you must! -- start in at the lower portion. You'll need your upper portion, with its handy tear ducts, intact for the Truly Tear-jerking third act which may bring you to your knees if you haven't clawed your way clear of the entire theatre by then. <br /><br />In a season celebrating Joe Six-Pack and Hockey Moms as the new Gold Standard for leadership and foreign diplomacy, permaybe a movie this tedium will be welcomed as A Thing that anyone could create. *Watching* it, however, is a much more dangerous undertaking. <br /><br />Here's our story... <br /><br />Sidney Young, the London publisher of a fourth-tier celebrity/entertainment magazine is just about to see his magazine go under. He needs a miracle, and what he gets is a phone call from New York City, in the USA.<br /><br />The publisher of Sharp's magazine, Clayton Harding (played by Jeff Bridges) says ""Come work for me!"" With his own employees carrying out the fax machine out of his apartment/office in the background, saying ""Yes"" is a no-brainer.<br /><br />Soon Sidney is at work in New York City, doing allllllll the wrong things. His interviews consist of asking Broadway musical directors if they are (1) Jewish, and (2) gay. <br /><br />He kills the pet dog of Sohpie Maes, the industry's hottest movie star, when she leaves it in the magazine's offices during a business luncheon.<br /><br />This is a spot of bad luck for everyone, for, among other things, Sidney imagines that he is in love with Maes, before he wakes up to the Dunst character.<br /><br />Worst of all, he totally alienates Alison Olsen (played by winsome scripting-confusion by Kristen Dunst), a colleague assigned to show him the ropes of the magazine *and* The Big Apple. (We have, of course, been to a movie before, and so we know how this relationship is going to end up. This is therefore why we'll need intact tear ducts for the movie's third act.)<br /><br />The problem with The Thing is, the script just never jells, excepting for the one tear-duct set piece in which True Love prevails.<br /><br />Publisher Harding is supposed to be a son-of-a-bitch who also wants to just throw the whole job over. The script never comes down firmly on one or the other sides of this dichotomy, however, and Bridges is left to twist and waffle in the breeze.<br /><br />Alison Olsen is supposed to despise Sidney Young, but whenever he comes up to her (as he does constantly) she makes a point of engaging him in conversation, instead of attempting to discourage his existence.<br /><br />The ""comedy"" of early scenes is built around a piglet destroying an expensive hotel room, and then taking the elevator downstairs to urinate on the expensive high heels of a celebrity at a cocktail reception.<br /><br />The hot starlet Maes confesses that she is attracted to Young because he is ""wounded."" The character never shows us *why* he is wounded, however. This is yet another resultant of the movie's mortally wounded script.<br /><br />At one hours and fifty minutes, This Thing feels longer (and more deadly) than Napoleon's retreat from Moscow. It is uninspiring, unfunny, unredeemable, and not even rentable. Run Away"
tt0455590,"Before I begin, I want to briefly say that this movie in and of itself is very well made and well acted by all involved, including Whittaker, who indeed deserves his nomination. It is highly entertaining, and . . . taken in the right context as a work of FICTION, it is a very good movie. For that, I give it the two stars.<br /><br />However, rather than wasting your time with what you can read a hundred times elsewhere, I want instead to point out the absolute fictional nature of this film and how dangerous it is to sell people a work of fiction as if it is truth. I stress that this film nowhere in the credits lets us know that the main character, Dr. Nicholas Garrigan, is a complete invention of fiction. Rather, it presents this character into a real historical setting, and allows the uninformed viewer to assume he was in fact real, and what they are seeing is the truth. I have no problem with the blending of fact and fiction - but to do so in such a dishonest matter is, in a word, reprehensible.<br /><br />There can be no doubt that Africa, along with most Third World Countries is rife with human misery and suffering. Hollywood has long attempted to capture the suffering of people in these countries on film. But Hollywood also has its eye toward making money. The only true way to capture the suffering that seems to happen everywhere but the West is to either experience it for yourself, or to at least have it captured in an honest documentary.<br /><br />But these depictions of fictional characters in real historical settings can only do so much. At the end of the day, they become less about presenting the facts for the viewer to decide for himself, and more about leading you from image to image and hitting you over the head screaming, ""SEE, WE TOLD YOU IT WAS BAD!"" The seminal example of this can be found by anyone willing to watch the documentary on the DVD after sitting through the movie. Arguably the most shocking image of the film is the viewing of the body of Kay Amin, Idi's second wife, whom he killed when he discovered her infidelity. In the film, we see that her limbs have been severed and reattached in reverse (arms for legs and vice-versa). This is the director making sure you understand that Amin is, as the Gungans say, Bom-bad! But watching the documentary, we learn that this is in fact nothing more than a myth, which the sitting Minister of Health at the time himself tells us is not true.<br /><br />So . . . what . . . they just MAKE UP these things? Why? Because Hollywood has a low opinion of our intelligence, that's why! They don't trust us to come to the right conclusion ourselves. Look, that she was murdered and dismembered is in itself enough for us to conclude that Amin was not the likable guy he portrayed to the media - we don't need this Texas CHAINSAW MASSACRE inspired imagery to reinforce that! And this is just the tip of the iceberg. What is also not explained to the casual viewer is that lead character Garrigan is himself fictional. There was no young Scottish doctor taken under Amin's wing. As such, Garrigan is clearly present only for the sake of helping us dumb Westerners understand the African world. The producers seem to thing we won't be interested in a film about Africa unless there is a white face in it. (Ironically, even the titular character is portrayed by an American black actor!) The problem with this is that the movie is no longer an expose of Amin and his regime, but instead an exploitative thriller about a white Westerner coming to Africa for all the wrong reasons, making several horrible mistakes, and then ""redeeming"" himself, even at the cost of three other innocent lives. Honestly, I have to say it is nearly reprehensible to suggest that the real tragic death of Mrs. Amin was the result of a tryst with a fictional Scottish doctor - it almost seems to become a morbid joke for the sake of entertainment! I really wish Hollywood would stop jerking us around for our money. I first realized its propensity to do this with the woefully manipulative A BEAUTIFUL MIND, Ron Howard and Akiva Goldsman's sugary-sweet adaptation of the life of John Nash, which deleted the darker side of the man to present only the tortured hero that America just can't get enough of. The sad truth is that Hollywood has been selling us these fakes for years, and viewers, who are predictably and understandably too lazy or uncaring to investigate for themselves, buy these fake portraits hook, line, and sinker.<br /><br />Look, I'm certainly not suggesting Amin is being turned into a villain he wasn't. My point is, with the truth being so shocking enough to convince us of the brutality of the man, why must Hollywood then go to such fictional lengths? Why must Hollywood continue to insult us by holding our hands through these films? Why can they not trust us to think for ourselves!? Can we not just put the honest portrayals on screen and let the audience decide for themselves? I urge all who continue to watch Hollywood's purportedly ""true"" movies to do yourself the favor of ALWAYS investigating for yourself, and to NEVER assume that what is on screen is even close to the truth!"
tt0459387,"This movie commits what I would call an emotional rape on the viewer. The movie supposedly caused quite a stir among the critics in Cannes, but for me the final scene was just a pathetic attempt for a newbie director to get himself noticed. Hardly a voice in the discussion on the issue of violence, drug abuse or juvenile delinquency (or any other issue, for that matter).<br /><br />The main character's metamorphosis from good, but troubled boy to the vicious rapist is virtually nonexistent, whereas the rape scene (being an over-dragged, exaggerated version of the rape scene from ""A clockwork orange"") is unbearable and I refuse to comment on its aesthetic values. There are some things an artist should not do to try and achieve his/her goal. At least in my opinion.<br /><br />To wrap it up: shockingly brutal, revolting and NOT WORTH YOUR TIME. See ""A clockwork orange"" or ""Le pianiste"" instead."
tt0460838,"Avoid this crap at all costs. Bad script, bad directing, bad acting, bad editing, bad sound, and bad music. Get the idea? This movie tries to be western flavored, it's not. It tries to be hard core violent, it's not. It tries to present a fresh look at an old genre, it doesn't. The actors try there best, and my heart goes out to them. But with such inane material to work with it's hard to make something shine. To me this has all of the looks of a ""fresh outta film school gonna set the world on fire"" first attempt. Freshmen film makers often bite off more that they, or their budget, can chew. The best thing they can do is to take a few steps back, reassess what is possible, and work within their limited budget the next time out."
tt0461887,"I've just visited Russian forum of our TV-channel that had showed this film. Well... 99 per cent of active Russian audience is disappointed. We wanted to see more true facts of our space achievements in this film. But authors had in mind something else... :( We are big and beautiful country with intelligent people living here. We are proud of all our space dreams, real achievements on the one hand in this field and in science on the other hand. So I'd like to ask authors: Where is our LUNOHOD? And where, the Hell our MIR station? Ah? I'm quite sure, that LUNOHOD events took place much earlier Armstrong's ""walk on Moon"". And to comment numerous technical and science mistakes - I really have no time and enough space here! Se our constructive critics in Russian forum on www.1tv.ru"
tt0464095,"The Lives of the Saints starts off with an atmospheric vision of London as a bustling city of busy, quaint streets and sunshine. I was hoping it would maintain this atmosphere, but it gets bogged down in a story that goes pretty much nowhere.<br /><br />Othello works for big, fat Mr. Karva, his crime-boss step-dad (at least I think that is what he is supposed to be because it's never really defined, but he does drop kittens into deep fat friers, so trust me, he's a prick) doing scrappy little errands while his skanky girlfriend gives daddy hand-jobs. One of his colleagues is Runner, a black dude who is always dashing from A to B. Until the day he comes across almost mute homeless child who grants him his wish of being able to stop running. Runner dumps the lost boy in Othello's flat, where he promptly starts granting more wishes. Keen to have some of his own desires fulfilled, Karva has the boy kidnapped. But he isn't sure of what would really bring him happiness. Is it the innocence of being a child again or is it another hand-job? Either way, I don't want to see the little boy grant him the second.<br /><br />It just takes ages to get going and there are loads of repetitive scenes. The ending tries to be shocking but since there's hardly any back-story on investment in any of these characters it only serves as a release for the bored audience.<br /><br />Writer Tony Grisoni, a favourite of Terry Gilliam, tries to blend in some kind of religious allegory which ends up being pretentious as all hell, ironically. If he gave us something more accessible or at least had better explanations for the characters suddenly acting all weird then it would have been a more enjoyable film. As it is, we are introduced to a bunch of annoying loudmouths who then miraculously seem to develop intelligence when confronted by the mysterious boy. Who's origins are never revealed. That's just plain irritating! <br /><br />Aside from sporadic moments of atmosphere and a moody score, this film has little to recommend."
tt0465643,"It's one of those dramas that's so bad that it almost hits the point of being very funny, the script is absolutely dire, direction appalling, lighting purely armature, the only thing letting it down from a true so bad it's good feel is that the sound design is only quite bad; it adds no suspense to the story although trying hard, but doesn't at least destroy any speeches. There's continuity problems of seasons of out door shots throughout. And finally last but not least the acting is appalling. For a professional production it very much has the feel of a university media project you have to feel sorry for the sorry for anyone who had to put their names to this."
tt0466500,"Råzone is an awful movie! It is so simple. It seems they tried to make a movie to show the reel life. Just like Zappa did many years ago. But unfortunately Denmark lacks good young actors. Leon are by many still the little girl in ""krummernes Jul"", and Laura is simply not good enough to play such an important role. several times in the movie she plays with out soul and this is destroying the movie!<br /><br />Even though i consider it a movie you ought to see. I do not agree that the youth are behaving like this, but i think it can show how it can end, if you are letting your child down. Also it is important to support danish movies and new companies like ""Film folket""!<br /><br />all in all I think people should see Råzone. Not because it is a great film, but because it is a movies which is dealing with important themes. I also think it is important to point out that there are some violent scenes in it, and actually it is in these scenes, Laura is acting best. - like the ending where she is holding the gun!"
tt0469913,"The movie is about two brothers that are supposed to be alike - but are not in any way expect for being smart - one is a surgeon and they other is able to write a computer code. Geniuses as they like to call themselves which sounds very exaggerated if you compare it to personal characteristics can you perceive from the material of the title.<br /><br />I honestly didn't like the style of the movie. I believe that anxiety, confusion and deep blues it brings are there for a purpose, but what I don't get is why there is so much of it. The movie is cheap on scenes and tells the story basically with no human aspect in it at all. It gives the comic book like experience. However it's visually numbing the viewer, it somehow brings him inside the blues with brief dialogs, monotonic scenes, dynamic cut, music and abrupt noises.<br /><br />The movie's storyline is very simple, most of what's going on is being dramatically pictured for long minutes, mostly in confusing delirium simulating effects of drug use and dynamic cuts.<br /><br />I will say openly that this movie didn't meet my expetations a tiny bit."
tt0469999,"I have been learning about the Zodiac for four years now. And I'm not saying I know much more than anyone else...in fact out of most of the people who know and read and learn about Z, I am prolly the one with the least knowledge...But I do know or at least I think I know that most of the stuff in this wouldn't happen...From how he signed his name...to how he killed people...I thought that Godfather was the worst film ever...<br /><br />The cinematography was that of a five year old...not saying that my films are any better but I am not someone who is making movies for the mass population...<br /><br />The acting I thought for the most part was pretty good really I did...the lead didn't talk that much on camera or at all I forget and don't know because I stopped watching...his voice overs where good...<br /><br />But really spend the four dollars and 70 cents on something else...like a large pizza or something...<br /><br />Until I learn how to write a review, Psycho Phil"
tt0472047,"I question the motive of the creators of this fictional account of the BTK killer's motives. Are they attempting to portray animal rights activists as sick monsters? Who is responsible for this? Don't they think the people involved with this monster are hurting enough? What a blatant disrespect and exploitation of the victims! It was like a personality experiment: What disturbs you more, the slaughterhouse or the human murders? They used actual names of some of the victims....this movie was hideous, disrespectful and insulting! The creators of this movie used this tragedy for their own agenda! People need to awaken and redraw the line!"
tt0472126,"As gently as I can, I sincerely believe this movie is a waste of time. I did not find it the 'warm, emotionally satisfying' film others did. I found it boring, with music that distracted from the film. The story was thin, the characters overdrawn, and the direction pedestrian.<br /><br />Fooey.<br /><br />Now I'm going to write some more about this movie, so I make the 10 line minimum. There really isn't more to be said and brevity is important, but IMDb has its minimums, so here goes.<br /><br />Young eager kid finds nascent talent, seeks time with aging, embittered mentor in spite of father's cartoonish homophobia. Aging, embittered mentor turns out to drink a lot and teach very little. conflict arises. While I don't think this is a spoiler, I've added the warning in case someone feels this much information is too much. <br /><br />Mostly, I just found the film boring and pretentious. A waste of my time. I honestly don't understand what little fuss there seems to be, mostly on this web site, about the transcendent quality of this movie. I think it's really worth avoiding. But, as Dennis Miller used to say, ""Maybe I'm wrong."""
tt0473356,"The Flock is not really a movie. It's a wannabe movie, with wannabe actors. Not including Richard Gere, he gave an excellent performance, but when only one of the actors truly gives himself to his character, and the rest of the cast is just acting... the result is pathetic, just like this movie. You see, the idea of acting is to hide the fact that you're acting. What the hell was Claire Dains doing in this one?! She's the most inappropriate actress for this character. In 99.9% of the movie she looked extremely out of place, out of everything!! The only thing she was doing was asking stupid questions, like "" do you really think so?? "" , and making silly faces. I was embarrassed by her acting, seriously, and I used to like her... She's the romantic movie type, I don't know who picked her among all the actresses out there.... LOL, and seeing Avril Lavigne?! this really made me laugh.. Anyway.. If you want to get the feeling of throwing up, this movie will do the job for you!!! I wish I could vote -5.."
tt0477392,"If you're a fan of Mystery Science Theater 3K, Attack of the Giant Leeches, or Pinata Survival Island, this movie might be for you.<br /><br />I live in Nashville and I didn't even know of this movie's existence until the day prior to its release, when the advertising company panicked and blanketed Music Row with dozens of fliers and billboards. It barely lasted two weeks in theaters anyway.<br /><br />Bad acting, bad writing, and poor production only begin to describe this embarrassment of a film. For starters, the names are a bit much: Bo Price, Angel, and Dixie? Eesh.<br /><br />Toby's awkwardly slow delivery of lines makes one wonder what production assistant got stuck holding the cue cards off camera. Angel's character rapidly transitions from her city-slicker ways to a cowgirl, slipping into southern slang after two days on the ranch. Her wardrobe goes from chic to a female version of Toby's--in fact, in the final scene, their outfits are identical, making one wonder if the wardrobe assistant called in sick.<br /><br />The audio is inconsistent - perhaps the most noticeable example is when Toby decides to go for a swim and his voice suddenly sounds like he's shouting in a gymnasium.<br /><br />There's never quite enough explanation or character development to suffice what happens on-screen. Overacting, exasperation, grimaces, and moodiness best describes the actors' interpretation and direction of the terrible script.<br /><br />This movie is best enjoyed after consuming a couple of alcoholic beverages and in the company of your wittiest friends. But that's not saying much."
tt0480011,"Although I use this site quite frequently to see how other people rated what I think are challenging or just plain enjoyable films, after watching this ""movie"" on Film Four last night I felt compelled to write something down, even if it just helps cleanse me once again.<br /><br />The film was possibly the shallowest experience I've ever had - the main characters played by Danny Dyer (23? You sure?) and Gillian Anderson (who will always be Scully as Leonard Nimoy will always be Spock) had no real substance about them - I'm not sure if the first half-hour of the film didn't make the final cut but surely in a revenge movie you would like some empathy with the victims... here I couldn't care less. In fact, the only character I did seem to care about was the dog, with the stag coming a close second. And both animals out-acted Dire (sic) and Scully, who were quite frankly terrible. I guess though you're only as good as the script you are given, and I'd like to warmly thank the writers, the producers, the director and all of the cast for wasting 90 minutes of my life and some perfectly good electricity."
tt0484437,"***LIGHT SPOILER ALERT*** The story sounds good and if you've read the novel, then you're probably expecting a deep and intense movie that could offer some insight for some interesting and insufficiently explored human relationships.<br /><br />True enough, the script tries to do that, the director tries to do that, but the main cast fails miserably. Maria's acting is so dry that lacks any feeling whatsoever, her most intense moments seem almost comical. Sometimes she seems to be nervous due to the camera. Her only really feeling scene is near the end where she gets dumped by her girlfriend.<br /><br />Ioana seems even more tense than Maria and even worse, she doesn't seem natural at all. Maria had the attitude, even if it was artificially pushed towards being obvious, but she had it and her character received some credibility. And to make matters worse, we don't have an insight on her: where does she come from, how come she got involved in the lesbian relationship, how did the relationship evolve? We only get some bits from her parents and their relationship just seems to 'be' there: it has a content and and end, but no beginning. Just like her partner Maria, she has only once scene that is truly touching, the scene where she dumps Maria's character Kiki.<br /><br />Tudor is the only person in this movie (aside from the landlady, great acting there) who manages to prove some acting talent. He has his character's attitude and it fits him. Only once or twice he seems to falter (the scene at his parents' meal, he tries to be obvious when it wasn't necessary at all).<br /><br />I love the story, Tudor Chirila is OK there, the landlady actually acts and Puya delivers his couple of lines with style, but this doesn't save the movie. Too bad, the entire setting had huge potential and the Romanian cinematography could've used a movie on this theme.<br /><br />Oddly enough, the incestuous relationship between brother and sister seems to have more credibility than the no-background no-feeling (well, Maria's spoken interludes are a nice try in this direction) lesbian relationship of Maria and Ioana. I'm quite sorry for spending money on a ticket, I'd rather had watched it from the comfort of my room."
tt0485272,"It's amazing to see how Nikhil Advani manages to attract people to the theater till the very day of the release. I mean..... look at the cast here , the promotion is superb, good enough songs and the trailers are fine. This makes it a house full on the first day, but it's only when people go and see the film they realize that there is no way their money is refundable. House full the first day , the movie is out the next week. <br /><br />This film, inspired by 'Love Actually' is what they say, didn't manage to handle the whole cast well. They tried to put in big stars but ended up by not even managing to bring out even an average performance by any one. The stories are hollow and cheesy, so the audience can't connect with any single one of them. It's a big disappointment to all those who like big stars or for that matter Nikhil Advani after his big success of 'Kal Ho Na Ho'."
tt0486968,"This movie was so bad it was laughable. I couldn't resist watching it though. The plot is standard, the acting quite horrible (supporting cast such as the nutty neighbor and the lawyer friend were better actors). Kind of amusing if you have some time to waste and like seeing the conclusion to a dramatic plot.<br /><br />The headliner who plays ""Kathy"" was just fascinating because I couldn't decide if her deadpan, flat affect was the result of bad surgery or simply bad acting (I decided it was both). This leaves the script to comment on, which was pretty awful. Pat remarks, idiotic decisions, and reckless stupidity on the part of every character in the movie. Maybe this is what was so riveting; I don't know. I just watched it to see how bad it could be. (Actually the dialog doesn't even qualify to be called ""cliche'"" - but it's almost completely inane.)<br /><br />All in all, very bad, cheaply made movie. The sets, the same scenes (a house, a building) were shown over and over with no artistry or actual tie-in to the action; more like props that were randomly dropped into the action in a bad play. A chase scene could have been shot by any juvenile in a warehouse or an old school: poorly shot, cheap props, minimal action.... and I still wanted to see the ending. Go figure."
tt0499570,"I rented this movie on the merits of what the trailer showed, and of course Sir Anthony Hopkins.<br /><br />If Jackson Pollack teamed up with David Lynch, and Timothy Leary to make a movie, this would be the end result. I don't think I've seen a movie like it that made an LSD trip look like an episode of Sesame Street.<br /><br />It's a bunch of set pieces where the characters flash in and out of reality, or various realities, and the film doesn't culminate into anything until the last 5 minutes, where all of a sudden it makes sense. I wrote a scathing review on my movie review blog that essentially gives everything away, and I won't do that here. It's a well acted piece of cinema, and the soundtrack was written by Sir Anthony Hopkins, and let me say this, if there's one redeeming feature to this film, it's the music. It fits perfectly. Some of the dialogue is unbelievably good, and unbelievably bad all at the same time.<br /><br />I enjoyed parts of this movie, I truly did, and once you get to the end of it, you'll actually figure out what's truly going on. It's unfortunate that you have to wade through 2 hours of crazy to get to a salient point, which minimizes the effect of the entire movie.<br /><br />I give it a 3 out of 10 for the simple fact that the real problem with this film isn't the acting, it's everything."
tt0499603,"After I watched this movie, I came to IMDb and read some of the reviews, which compared it to Lost In Translation LITE. When I read that I immediately could see the reviewers point.<br /><br />This movie was a poor attempt at a similar theme. Interestingly, the format of the movie is nearly identical, but the PACING is incredibly different. ""10 Items"" rushes the viewer through the 1-day time line of the movie, whereas the better-planned ""Lost In..."" seems to stretch out over a few long days.<br /><br />I'm sure some people will see this because it has Morgan Freeman, and will be disappointed. It seems his better roles now-a-days are supporting roles in big blockbusters, rather than leading roles in sub-$10mil limited release movies and indie films."
tt0705295,"This is one of the few episodes (if not the only one) with an indisputable error in its storytelling. While handling the Ralphie situation Christopher states that he has heard about Pie-O-My's death in the fire accident. This is an important detail because in this context it is quite obvious that Christopher knows from the beginning that Tony is the one who must have killed Ralphie. There is however no way Chris could have heard about the accident. Who should have told him and when? By the time he is torn out of his delirium by Tony's call nobody else was informed. Tony knows that - which makes it even worse! Hearing Christopher talk about Pie- O-My's death could therefore only lead Tony to the conclusion that Chris himself has set the fire. Given the impressively elaborate writing process as told by the writers themselves on the DVD I really wonder none of them realized the problem there. The story just doesn't work that way. Unnecessary to add that I'm a huge fan of the Sopranos. Otherwise, I certainly wouldn't care."
tt0757933,"How did this become a blockbuster? Dear God I don't know where to start why this movie sucked too much. The movie was predictable & there was no originality. The only thing I can admire is the acting of some characters. The movie was too bright, they should have done something with the lighting, eg. making the environment more darker. The make up on certain dead characters made this movie look like a 1970 horror flick. This is 2006! People don't get scared by other people wearing heavy make up. Most of the horror scenes we're taken from other Hollywood or Asian horror movies. Total rip off! This is why I don't watch tagalog movies. The only reason why so many people ""screamed"" while watching this movie is because of conformity. How many times do we have to copy scenes from The Ring and improvise it that instead of the girl coming out of the TV, its now coming from the window next door? No matter how you put it, ITS STILL A RIP OFF. If you want a good horror movie, go watch the 50 best horror movie listed on this website."
tt0759604,"The story is very trustworthy and powerful. The technical side of the movie is quite fine.. even the directing of it. The main problem is with the castings, that turned that movie into almost another local and regular cliché with a great lack of impact and even greater lack of impression. Beside the small role of the father, Rafael (played impressively by Asi Dayan), all other actors were unfortunately not in their best. The role of the elder Blind girl, played by Taly Sharon, was fresh but without any intensity as the leading role. therefore the figure she acted had become mild and low profile. There were moments and episodes that looked more like a rehearsal then a real movie. But after all it's a good point to begin from and to make big improvements in the future."
tt0760177,"I had several problems with the movie: <br /><br />(1) The screenplay -- specifically, Kim Basinger's voice over: Movies are not books; they should *show* the action rather than have a voice over *tell* us what's happening. Occasionally I find a movie with a voice over that works, but here it seemed more of a lazy way of writing the script. In fact, it sounded to me as if she was practically reading excerpts from the novel in her voice over.<br /><br />(2) I felt no emotion in the relationship between Jessie and Brother Thomas and also felt that Alex Carter's acting was pretty bad. That's a significant failure for me in defining Jessie's and Thomas' characters -- with no connection between them, it seemed to me as if she just wanted a stud and that for him it was a matter of being sex-deprived. If it had been properly done, the relationship between them would have given much more context to the story.<br /><br />(3) With the book, I understood Jessie's mid-life crisis. In the movie, it seemed more like just plain boredom.<br /><br />On the plus side, I didn't think the movie was so bad as for me to turn off the TV . . . though that thought did occur to me."
tt0765447,"I went to see ""Evening"" because of the cast. I'd gone to see ""Norman's Room"" for that reason -- that movie offering Diane Keaton, Leonardo De Caprio and, also, Meryl Streep -- and had loved every minute of it. Same for ""The Notebook"" even though it was chick-flit lite. And my feeling was, anything offering performances by Vanessa Redgrave, Meryl Streep, Patrick Wilson and Glenn Close would be at least as good. Instead, I found sometimes even the greatest actors cannot overcome trite, simplistic and -- on one occasion -- truly offensive material.<br /><br />Now I had no problem with the way the film was structured. I actually enjoy movies that cut back and forth in time to tell a story...so long as one era illuminates the other and vise verse. But while Vanessa's character being on her deathbed and recalling a past event she felt ""was a mistake"" was riveting, at times, the part actually showing what that ""past mistake"" was does nothing to clarify the matter. In fact, it makes it seem meaningless in the silliest ""girl meets boy, girl gets boy, girl loses boy"" fashion, and in the most unbelievable, clichéd, wrong-headed way possible.<br /><br />And from here be spoilers, so bear that in mind should you continue reading.<br /><br />First of all, Claire Danes was brutally miscast. Not only does she not even begin to resemble Vanessa Redgrave as a young woman, she has nowhere near the chops when it comes to acting. Don't get me wrong, she can be good in the right role -- just not this one. And Patrick Wilson was miscast, though he has the acting chops to almost pull it off. He'd have been better suited to the part Hugh Dancy played -- the rich confused WASP -- and not the object of sexual attraction to one and all; he's a bit too WASP-y for that. Hugh Dancy? One note -- ""I'm a tortured drunk and wait till you find out why."" And the ""why"" (I'm a closet case in a sexually repressed world, so I have to drink to excess and make a fool of myself in front of everyone I know) was so offensive to me and the manner in which he died (as you knew he would because that's the only thing that can happen to a faggot in the Fifties) so ludicrous, wrong-headed and mishandled, I nearly threw my candy at the screen.<br /><br />As for the modern part between Toni Collette and her sister, her fear of commitment, her jealousy of her sister's ""perfect life,"" her sister wondering if she's made the right choices, her pregnancy and her too-perfect boyfriend (which actually might have been more interesting and meaningful if played by Patrick Wilson, and Ebon Moss-Bachrach might have been a more interesting Harris, given his dreamy eyes) -- anyway, all this was hashed over in the 70's and 80's. And in much greater depth. Do we REALLY have to present it, again, and all as if it was fresh and momentous?<br /><br />And to top it off, Meryl Streep doesn't even appear until the last ten minutes of the movie, all in old lady makeup that hides many of her facial expressions. She's still good, but only because she's Meryl, and Meryl can find a way to pull off even the silliest dialog under the heaviest of makeup.<br /><br />So to put it simply, this movie has every cliché in the ""really meaningful message"" movie book, and it adds a few that really had no business being trotted out, again. At two hours long and laced with ""Lifetime Movie-of-the-week"" music that is guaranteed to rub you raw, it's a complete failure in both the ""meaningful"" and ""moviemaking"" aspects. I give it ""3"" only because of Meryl and Vanessa.<br /><br />Now, if all you require from your films is twadd le, then please set my comments about ""Evening"" aside and have the time of your life. But if you want a truly meaningful experience being served up by great actors and filmmakers who know what to do with a simple story about life and death and all the nonsense it brings, rent ""Norman's Room"" and find out what truly great acting is."
tt0783494,"A movie that makes you want to throw yourself on a sword. I've seen schlock in my time but after viewing the wretched mess I don't think I can ever watch a another movie again. May God pity the souls who made this.<br /><br />Premise- Ex-Army quiet stud, underwear model type character (well acted actually) goes looking for the girl who sent him a Xmas card while serving in the military. Lands in with her cabin living-granola type family who are right-wing loggers. Family takes to him and it takes 2 hours of our time for the chick to see he's a better catch than her liberal looking ,french wine drinking, porsche driving, loud cell phone talking, lazy, city slicking, Jewish looking fiancé.<br /><br />The Bad- 1d characters, 1d themes. Being beat over the head with the Pro-Military theme. Ed Asner.<br /><br />The Good- commercial breaks were long. Peter Jason. It ended."
tt0783608,"Plot is not worth discussion even if it hints at corruption, murder, power and the rest of thriller related topics. Characters are interesting though sometimes. Not realistic but interesting nevertheless.<br /><br />Development is slow like tea drinking ceremony. Visuals not stunning, but good enough to ease the eye strain. Good movie to watch after dinner before going to bed - nothing shocking too much, nothing overexciting. Movie sitcom style.<br /><br />I liked Woody - excellent performance. Had to fight the plot inadequacy and did the job pretty good. The rest are bearable though very predictable. The whole is watchable and better than most TV shows."
tt0791304,"I haven't seen this, & don't plan to see this movie or any other that includes Lindsay......unless & until ""poor little rich girl"" straightens out her life for a 2 year period beginning with her most recent arrest in July 2007.<br /><br />In fact, I don't know anyone that has gone to see ANY of Lindsay's recent movies. I rather imagine 2007 will be the high water mark in her movie making career, until she cleans up her act. All of the recent publicity has only hindered her movie making career, if she has any further aspirations to make any more movies <br /><br />Up to this time, movie producers have actively sought Lindsay for roles in their upcoming production. Now, Lindsay will probably have to go to auditions & actually compete for ANY role. Her reputation is currently ""poison"" & quite possible could have a negative effect on box office ticket sales on any movie she is in.<br /><br />Sooooo....now Lindsay is going to have to deal with ""not being wanted"".....is she going to be able to handle this?<br /><br />I wonder if even Jay Leno will want to have Lindsay back on his TV Show?<br /><br />All of the foregoing is merely my OPINION. I have no inside information."
tt0804551,"One of the worst movies I've seen shoddy camera work, crappy filter usage, film was grainy, script was terrible, i mean come on, how predictable was the big battle at the end.....<br /><br />some of the fight scenes were okay i guess....<br /><br />some scenes were so bad it was comical ...like Sorbo getting the horse and riding at the end...LOL i mean really ..a horse? Oh cant forget how the bad assassins roll around in the same vehicle throughout the entire movie..one would think that after killling key witness and federal agents, they woulda been tracked down..ETC, ETC really don't bother watching it..."
tt0806203,"""Carriers"" follows the exploits of two guys and two gals in a stolen Mercedes with the words road warrior on the hood hightailing it down the highway for the beach with surfboards strapped to the top of their car. Brian (Chris Pine of ""Star Trek"") is driving and his girlfriend Bobby (Piper Perabo of ""Coyote Ugly"")has shotgun, while Brian's younger brother, Danny (Lou Taylor Pucci of ""Fanboys"") and his friend--not exactly girlfriend--Kate (Emily VanCamp of ""The Ring 2"") occupy the backseat. This quartet of twentysomething characters are living in a nightmare. Apparently, a viral pandemic--which co-directors & co-scenarists Alex Pastor and David Pastor tell us absolutely nothing about--has devastated America. Naturally, the lack of exposition shaves off at least fifteen minutes that would have slowed down this cynical melodrama about how humans degenerate in a crisis and become their own worst enemies.<br /><br />This lethal virus gives you the shingles and then you bleed and die. Most everybody runs around wearing those white masks strapped to their nose and mouth by a thin rubber band. Initially, this foursome encounters a desperate father, Frank (Christopher Meloni of ""Runaway Bride""),and his cute little daughter Jodie (Kiernan Shipka of ""Land of the Lost"") blocking the highway with their SUV. Brian swerves around Frank when he tries to waylay them, but in the process, the oil pan in their Mercedes ruptures and they wind up on foot. Reluctantly, they hitch a ride with Frank after they seal Jodie up in the rear of the SUV. She wears a mask over her nose and mouth and it is speckled with blood. Frank has heard that doctors are curing ailing people at a hospital and they head to it. Sadly, somebody has lied to Frank. The hospital physician is giving the last couple of kids some Kool-Aid that will put them out of their misery. The cure did not improve their condition. Everybody else in town is dead. Kate tries without success to get a dial tone on every phone. Frank realizes that there is no hope for his daughter and he lets the heroic quartet appropriate his SUV and take off.<br /><br />Indeed, ""Carriers"" qualifies as a relentlessly depressing movie about the effects of a pandemic on four sympathetic people who degenerate into homicidal murderers to protect themselves. They reach a country club and frolic around on a golf course until another four show up in suits and masks with pump-action shotguns. Incredibly, our protagonists manage to escape without getting shot, but Brian has a scare when he almost falls into the water with a floating corpse. Eventually, they discover that one of them has become infected. Later, as they are about to run out of gas, Brian blocks the highway like Frank did at the outset. Danny tries to stop a pair of older Christian women driving the car. Danny lies that his pregnant wife is about to give birth and he needs their help. Brian throws caution to the wind and blasts away at the ladies with his automatic pistol when they refuse to help them. Brian catches a slug in the leg from the passenger, but he kills her. <br /><br />No,""Carriers"" is not a beer & pizza movie that you can either laugh off or laugh with because the humor is virtually non-existent. By the end of this 84-minute movie, our heroes have turned into villains who only care only for themselves and their plight. Chris Pine makes quite an impression as fun-loving Brian and his energetic performance is the only reason to hang with this hokum, while the only other well-known actress, Piper Perabo, is relegated to an inconsequential girlfriend role. As Bobby, she makes tragic the mistake of showing compassion to a dying little girl and pays an awful price. It is a testament to Pine's performance that he can change his character to the point of putting himself before others. Essentially, Pine has the only role that gives him the ability to pull a one-eighty from happy-go-lucky guy to heartless guy. <br /><br />The two directors are Spanish brothers, and they never let the momentum flag. Since there is no relief in sight, ""Carriers"" sinks into predictability. ""Irréversible"" cinematographer Benoît Debie does a fantastic job with his widescreen lensing and as unsavory as this road trip becomes, Debie makes it look like a dynamic film. Aside from the lack of a happy ending or closure in any sense of the word, ""Carriers"" suffers because it is so horribly cynical. The scene when the German shepherd attacks Danny conjures up the most suspense, but even it could have been improved. Unfortunately, the Pastor brothers do not scare up either much tension or suspense. By fade-out, you really don't care what happens to anybody."
tt0808331,"This movie ""Joshua"" is extremely disturbing, and downright pointless. It actually makes me shudder to think there are people who would enjoy watching it. Without giving away the story it is about a young boy's reaction to his newborn sister, and that is just the tip of the iceberg. During the entirety of this movie the viewer is subjected to some of the most unsettling child behavior imaginable. Adding insult to injury, by the end of this movie there is absolutely no real outcome except the fruition of pure evil at the hands of a child no less, who outsmarted a whole group of dumb adults. There is no redemption, no justice served, and a whole group of adults who are not smart enough to see what is going on around them. Frankly, I did not enjoy watching this movie. It was extremely unsettling. Even for those who might enjoy horror movies, this movie could be too much. Despite the fact this movie was well acted, the story itself is so disturbing that watching it was equivalent to a 90 minute wait in a dentist's waiting room in anticipation of some painful dental procedure."
tt0808399,"Following the success of ""Paris, Je T'Aime"", a group of directors decided to get together and make a similar anthology style film based in New York. Unlike the original film, the stories in this film seem to sometimes come and go too quickly--by the time you think are getting into a story, it's over in too many cases. And, the often start up and stop and then begin again--with the stories woven together. As a result, there is no title to indicate that a story is complete and it is less formal in structure.<br /><br />Sadly, however, while ""Paris, Je T'Aime"" was hit or miss (mostly hit), most of ""New York, I Love You"" was miss. The stories tended to be much more sexual in nature but also far less sweet--and often quite terrible. It was an amazingly dull and uninteresting film with only a few exceptional stories--and perhaps the often depressing music made it seem more so. Now understand, it was good quality music but its somber tone really, really made me feel like cutting my wrists! Among the better ones was the story about the young man who took a girl in a wheelchair to prom, the couple talking about cheating outside a restaurant (though this was also in the first film) and the crotchety old couple. This is all so sad because I had loved the first film so much--and I really WANTED to love this film. I respected what they tried but simply didn't like it very much.<br /><br />By the way, and this is NOT really a complaint, but I was amazed how many people were smoking in the film. For a recent film, that was unusual in our more anti-smoking culture.<br /><br />Also, if you get the DVD, there are two segments included as extras that were not included in the film. One consists of Kevin Bacon (wearing a cool fedora) eating a hotdog....and absolutely NOTHING more for almost ten minutes. The other features a teen who spends the film videotaping the world--including a very unhappy couple."
tt0810945,"I give this film it's props that it is very well made and reasonably well acted. BUt I couldn't get past the implausibility of the whole thing.<br /><br />First and foremost, a game built around the notion of ""Russian Roulette"" that has to fill on hour. the big problem is that if you are doing a ""live"" show, you run the possibility that your first contestant will be the one unlucky enough to draw the ""real"" bullet. Then what do you do? You have 50 minutes of show to fill and nothing to show. The corollary is that Okay, you get to the end and the first five contestants survive, which means number six has the bullet and can't possibly get the payout. He isn't going to shoot himself at that point, so it's kind of anti-climatic. <br /><br />second problem, almost as big. Human nature. People are going to flinch, panic, soil their underwear and do things that would otherwise not make very good television. Too much randomness. That's why ""real"" Reality television is actually tightly scripted and even more tightly edited.<br /><br />(The only random thing is the ""performance artist's"" rant about female sacrifices, which were actually rare historically. Even that was predictable, since she went through with shooting herself to no effect.) <br /><br />We are led to believe the shows ratings would increase while it was going on at 1 AM in the morning (unlikely) with the token Asian girl announcing each boost in ratings.<br /><br />A point on race and sex. Big surprise the movies two minority (one gay) and two female contestants are the ones who survive. So we are left with the two white males, and of course, the slightly less likable of them is the one who buys it. The purpose of such a show would be it's randomness, but the guy you like the least is the guy who dies.<br /><br />the Climax is that after spending two hours fighting for televised suicide, the Eva Mendes character (Mendes produced and starred in this thing, so she has no one to blame but herself) actually grows a conscience when someone dies. What did she THINK was going to happen? She is promptly shot by a bystander angry about the whole thing (motives never explained) and the show went on to be a big hit. Really? <br /><br />the problem with media satire is that it has to either have some grounding in reality or it has to be so over the top to be ludicrous (like Network). This is neither."
tt0819765,"As it is often the case, the impressive and explosive trailers of Asian films add up to nothing more than lackluster stories. Similar to Unleashed (which was great,) Dog Bite Dog tells a story where men are raised as ferocious savage dogs that carry out their master's bidding. The main characters, an emotionally undeveloped, amoral killer who is matched against an equally unstable police officer, are far from the common heroes and villains we often see. In fact, by the end, you lose track of who you're supposed to empathize with, failing to feel even the slightest emotion for either of the men  whether that was the failure of the director or perhaps the underlining message he was trying to tell is up to you to decide.<br /><br />Although the beginning of the film was filled with intrigue and unpredictability, by the half-way point it slopped down to a humdrum story of survival and revenge. The suspense which was evident at first soon disappeared because of a grossly mismatched music score which brought down the potentially effective story telling. And in the end, you were left feeling that all that detailed background information and introspection of the main characters was somehow very unnecessary.<br /><br />On the plus side, the transition in story from point a to point b was quite atypical compared to US movies  so those who aren't familiar with Asian films and are tired of Hollywood's predictability should check it out.<br /><br />The white balance seemed off throughout most of the film. It was like looking into a picture shot on fluorescent when it was supposed to be set on tungsten. Maybe I'm the only one, but it strained my eyes.<br /><br />The movie also enjoyed playing tricks on you  an interesting build-up gave me hope for the slow moving story until it was diverted to a low budget, low speed chase scene. And just when you think you were going to get an unanswered indie ending with a mix of Shakespearean tragedy, you realize that it's not an ending at all, but rather a transition into a wacky country-music montage about peace and serenity.<br /><br />Throw in some grisly from-behind choke scenes, a moment of redemption unexpectedly brought back into savagery and back again the other way, Asians' fascination with bodily fluids and a horrible music score that didn't match the film, and you get the average bland Asian thriller.<br /><br />I just don't get why every fight scene was overlaid with clips of roaring lions I thought they were supposed to symbolize dogs? Ultimately, in the end, we are reminded about a true killer that still lurks amongst us  tetanus.<br /><br />4/10"
tt0821642,"Anyone who has seen 'Shine',Scott Hicks film of the heartbreaking yet ultimately joyful life of the pianist David Helfgotts; will I am sure realise that 'The SOLOIST' is very poor in comparison.It is as slow as a lullaby( I took five breaks answering emails just to wake up). The depiction of the homeless area way over the top and extremely self indulgent, on a par I fear with the awful beach battle depiction in Joe Wrights other disaster Attonment. .J Fox performance was an extremely poor example of acting and lacked credibility from the offset.Downey on the other hand; although struggling with a badly paced film, still manages to charm,9Is it me or is he turning into George Clooney in more ways than one?). Comparing both these well known so called 'STAR'actors though is unnecessary as the light that shines brightest as far as acting is concerned must be that of 'shine's' Geoeffry Rush who's brilliant performance definitely SHONE far brighter in my sky. With both 'Attonment' and 'The Soloist' the written word wins far more prizes for empathy of subject. Read the book and articles or wait for the DVD its bound to be in the bargain basement soon."
tt0840094,"If you don't mind having your emotions toyed with, then you won't mind this movie. On the other hand, if you enjoy British crime mysteries, following clues and seeing how they all logically fall into place at the end, you'll be very disappointed.<br /><br />Here are some of the logical inconsistencies that lead to that disappointment: <br /><br />* While the police utilize the CCTV cameras early on to gather clues about the mystery, the huge truck that stopped and blocked the children's view just before her disappearance doesn't get caught on camera. This is a critical piece of the mystery. It's inconsistent to have the car the children were in caught on camera and not the big truck that is so critical to the mystery.<br /><br />* The movie goes to great lengths to show the sophistication of the equipment in tracking down the children's movements but misses the opportunity to utilize the same sophisticated equipment is tracking down vehicles that may have entered the crime scene from camera-visible locations adjacent to the crime scene as part of developing clues.<br /><br />* In England, driving is on the left. The director goes out of his way to have the car at the crime scene park on the right, several meters away from the flower kiosk, when it could have easily parked immediately behind, or even on the side; as the huge truck did.<br /><br />* The police forensics team is so meticulous as to find a discarded cell phone in a sewer drain several miles from the scene of the crime, but can't find any blood evidence from the head injury right at the crime scene, even though they secured the scene just hours after the disappearance and with no intervening rainfall.<br /><br />* Search dogs were not used at all to find the missing children; this from the country that is well known for developing the hound dog for search and hunting.<br /><br />* It is illogical that such a highly publicized news story would not turn up the presumably innocent truck driver that stopped at the flower kiosk.<br /><br />* It is illogical that the mother would go to such extremes and expend so much effort to leave carpet fiber clues under her fingernails for her eventual murder investigators even coaxing her daughter to do the same-- while she simply could not have crawled out of the unguarded mobile home. If she had enough sense about her to ask her daughter to get carpet fibers under her nails, she could of just as easily asked her daughter to call out for help or even leave the mobile home that was in a crowded residential park.<br /><br />* The suspect that abducted the little girl was portrayed as mentally slow/dimwitted --justifying his unknowingly drowning of the mother but, he was smart enough not to cooperate with the police and also fully exercise his rights not to self-incriminate.<br /><br />There are more inconsistencies like this that will lead to a true sleuth aficionado's disappointment. 'Five Days' is a very weak British crime story."
tt0841150,"Andy Lau stars in another cop undercover tale. Daniel Wu plays Nick who is working for the cops and is also close to the top of a drug dealing gang(Lau). The movie begins as we watch the police try to make a drug bust only to see it go to pieces. We then are introduced to the young drug addicted mother and her daughter living near Nick and to his cronies and the cops, and 45 minutes in I shut off the movie and put on the news. Well acted and great to look at this is as uninvolving a movie as I've seen in a long time. Its not bad as such its just you really don't care. I mean I really didn't care at all. I actually started to do something else completely forgetting I had on a subtitled movie on, thats how much I didn't care. I wish I could have hated the film but the film is such a nonentity that it made almost no impression on me (its not even something I could sleep to its just something to ignore). Come on the box called it the Chinese Scarface,what after he was dead? This is one to avoid."
tt0857265,"Harold Pinter rewrites Anthony Schaeffer's classic play about a man going to visit the husband of his lover and having it all go sideways. The original film starred Laurence Olivier and Michael Caine. Caine has the Olivier role in this version and he's paired with Jude Law. Here the film is directed by Kenneth Branaugh.<br /><br />The acting is spectacular. Both Caine and Law are gangbusters in their respective roles. I really like the chemistry and the clashing of personalities. It's wonderful and enough of a reason to watch when the script's direction goes haywire.<br /><br />Harold Pinter's dialog is crisp and sharp and often very witty and I understand why he was chosen to rewrite the play (which is updated to make use of surveillance cameras and the like).The problem is that how the script moves the characters around is awful. Michale Caine walks Law through his odd modern house with sliding doors and panels for no really good reason. Conversations happen repeatedly in different locations. I know Pinter has done that in his plays, but in this case it becomes tedious. Why do we need to have the pair go over and over and over the fact that Law is sleeping with Caine's wife? It would be okay if at some point Law said enough we've done this, but he doesn't he acts as if each time is the first time. The script also doesn't move Caine through his manipulation of Law all that well. To begin with he's blindly angry to start so he has no chance to turn around and scare us.(Never mind a late in the game revelation that makes you wonder why he bothered) In the original we never suspected what was up. here we do and while it gives an edge it also somehow feels false since its so clear we are forced to wonder why Law's Milo doesn't see he's being set up. There are a few other instances but to say more would give away too much.<br /><br />Thinking about the film in retrospect I think its a film of missed opportunities and missteps. The opportunities squandered are the chance to have better fireworks between Caine and Law. Missteps in that the choice of a garish setting and odd shifts in plot take away from the creation of a tension and a believable thriller. Instead we get some smart dialog and great performances in a film that doesn't let them be real.<br /><br />despite some great performances and witty dialog this is only a 4 out of 10 because the rest of the script just doesn't work"
tt0865957,"I can't say that Wargames: The Dead Code is the worst movie I've ever seen, as it had one or two decent moments, but I can easily say it's the most transparent movie I've ever seen. Not once did a plot device present itself without me guessing it 10+ minutes in advance. There was no subtlety to anything the movie did, no intelligence evident at all behind the scenes. Every spoken or typed line's intent was so glaringly obvious it was impossible to ""get into"" the movie.<br /><br />I found myself laughing at the horribly thought out plot line, and the bumbled attempts to reclaim the audience, far more often than I found myself enjoying the movie."
tt0887912,"I really wanted to like this movie, but ended up bored and incredulous. The first shot is a camera feed from a robot traveling towards a bomb and is, naturally, shaky. But then the rest of the movie stays in shakycam mode, even during quiet conversational moments, to the point of ridiculousness. Have the rental houses run out of tripods and Steadicams? The fact that it was shot on 16mm doesn't help, as the entire movie is grainy as well as shaky. <br /><br />For all the effort Bigelow put into accurate vehicles and equipment, there are enough glaring errors and inconsistencies that they undermine the movie's credibility. <br /><br />- A car would not erupt in flames after a single shot, and once engulfed would not be extinguished by a small hand-held extinguisher. <br /><br />- A single Humvee would not be driving around Baghdad in 2004, but would be backed up by other vehicles in case of breakdown or attack. - It would be exceptionally unlikely to be able to hit a running insurgent at long range, where the bullet is clearly taking over a second to reach the target. <br /><br />- I believe bombs were brought to designated disposal areas on or near a base, not some random spot in the middle of the desert. <br /><br />- The oil tanker attack is stated to have occurred in the Green Zone, a highly secure area that experienced very few attacks from within. The zone is mostly offices and palaces with few residences, yet it is portrayed as a dangerous warren of dark alleys and lurking insurgents. Oddly, James never gets in trouble for the ridiculous tactic of ordering his two companions to each take an alley by themselves, thus setting up the attempted kidnapping. <br /><br />- Speaking of which, the 3-man team is always depicted clearing buildings, chasing insurgents etc. on their own, even when there are clearly dozens of soldiers right there. <br /><br />- How many hours does the team have to stare at a dead insurgent hanging out a window to figure out he's not faking it?<br /><br />There were no establishing shots to show the viewer what the size and layout of the base was or where Baghdad was in relation. I had no idea who the EOD team reported to, nor were any other characters fleshed out. These are things the characters would know, so we should too.<br /><br />Many of the ""surprises"" and scenes are perfectly predictable. Yes, it's obvious that the psychiatrist colonel will get into trouble with the Iraqis he's trying to move along, that the choice of cereals back home will be overwhelming, and that a driver you kidnapped will not wait for you when you leave the vehicle.<br /><br />Finally, there was an almost complete lack of character development. Renner's character from the beginning has a troubled relationship at home, is reckless and addicted to adrenalin. He's exactly the same at the end of the movie. What's the point?<br /><br />If this is indeed the best so far of the Iraqi war movies, it's a sorry bunch. Just based on the half hour I saw of it, I'd recommend Generation Kill on HBO instead."
tt0887971,"Well, let me start off by saying how utterly HILARIOUS this film is, I simply couldn't keep myself from laughing at the sheer stupidity of it. Don't get me wrong, it IS well acted particularly by Bassinger but the script is just, well the mind boggles truly.<br /><br />The premise is good and up until Della actually witnesses the murder it is engaging but after that it just goes downhill . Half way through the film the protagonist pulls out her toolbox and of course instead of lobbing it at the guy's head, she decides to pull out a screwdriver, car jack and finally a flare (as in for a sinking ship) respectively to kill her victims.<br /><br />Then there is the final line that I promise, if it doesn't have you in stitches then I will eat my own left foot.<br /><br />I would recommend this film to those who simply want to laugh at some good old fashioned, appalling film making. Might I also suggest you watch out for the scene in the scrap yard with the guy falling from the one foot high plank of wood, gets me every time."
tt0893406,"This is it. This is the one. This is the worst movie ever made. Ever. It beats everything. I have never seen worse. Retire the trophy and give it to these people.....there's just no comparison.<br /><br />Even three days after watching this (for some reason I still don't know why) I cannot believe how insanely horrific this movie is/was. Its so bad. So far from anything that could be considered a movie, a story or anything that should have ever been created and brought into our existence.<br /><br />This made me question whether or not humans are truly put on this earth to do good. It made me feel disgusted with ourselves and our progress as a species in this universe. This type of movie sincerely hurts us as a society. We should be ashamed. I really cannot emphasize that our global responsibility as people living here and creating art, is that we need to prevent the creation of these gross distortions of our reality for our own good. It's an embarrassment. I don't know how on earth any of these actors, writers, or the director of this film sleeps at night knowing that they had a role in making ""Loaded"". I don't know what type of disgusting monsters enjoy watching these types of movies.<br /><br />That being said, I love a good ""bad"" movie. I love Shark Attack 3, I love Bad Taste, they are HILARIOUS. I tell all my friends to see them because they are ""bad"".<br /><br />But this.......this crosses the line of ""bad"" into a whole new dimension. This is awkward bad. This is the bad where you know everything that is going to happen, every line, every action, every death, every sequence BEFORE they happen; and not just like a second or two before, I mean like, after watching the first 5 minutes before.<br /><br />Every cheesy editing ""effect"" is shamelessly used over and over again to a sickening point. I really never want to see the ""shaky"" camera ""drug buzz rush"" effect or jump cuts or swerve cuts or ANY FANCY CUT EVER AGAIN EVER. This is meticulously boring, repetitive and just tortures the audience.<br /><br />But.......and let me be specific here, the most DISTURBING thing about this movie is that given the production, it appears that a somewhat decent amount of money was actually put into this excrement. I personally will grab the shoulders of the director if I ever see him and shake him into submission, demanding that he run home and swallow two-gallons of Drain-O or I will do it for him.<br /><br />If we ever needed a new form of inhumane torture for our war prisoners abroad, just keep showing them this movie in a padded cell over and over again. Trust me, I think they will become more extravagant with suicide methods after the 72nd time of sitting through this.<br /><br />Stop these movies, they are just the most vile of all facets of our society. Please. Stop. NOW."
tt0918927,"The Oscar season has arrived so this means a slew of these deep, engaging, powerhouse ensemble films are all over the movie theaters in hopes of gaining an audience and having the opportunity to earn Best Picture in the big show. Among them is this film that is based off a very popular and well-acclaimed play. The original playwright was actually the writer and director of the film adaptation; which comes as a double-edged sword. On one hand, who better to translate the play than the original writer? On the other hand, who better to not see the mistakes and drawbacks of the play and fix upon them than the original writer himself? Doubt mixes excellent acting and plenty of tension and suspense; with a frustrating ending, unnecessary dialogue, questionable directing, and of course, the inability to provide substantial answers. It is a growing trend among these ""high-caliber"" films to not answer all questions it provides, and this has to stop.<br /><br />Doubt is like a joke without its punch line, like a book with the final 20 pages missing, like losing reception while watching the fourth quarter of a hotly contested football game, and like not having the 50 cents to continue playing the arcade game and see what happens next. Doubt, just like the previous Best Picture frustrationfest No Country For Old Men, doesn't really end; it doesn't provide us with considerable answers nor does it deliver enough for us to figure out the ending. Yes, that was the intent, but this isn't a test of humanity, it's a cop-out. I do not pay money to see an unfinished work, I pay money to see a beginning, middle, and end, and pray that I don't fall asleep during the three acts. We are forced to become the ""writers"" of the movie by filling in the blank ourselves as to what happened before and what will happen to the characters we saw screaming at each other.<br /><br />This little drama is about a nun (Meryl Streep) who seems very sure that the well-beloved priest (Philip Seymour Hoffman) is making sexual advances towards a child that goes to the church; the first African-American boy in the Catholic church. The church is secretly torn as to whether or not he really is committing heinous sins behind everyone's backs. The plot thickens as some of the kids begin behaving differently, which attracts the notice of a young teacher (Amy Adams). The story is set right after the assassination of John F. Kennedy, which shook the nation for quite some time and questioned their faith in humanity and in each other.<br /><br />Doubt's strong points come in the acting ensemble and also the ever-engaging suspense that builds slowly and never boils over. Streep seems to be Oscar-worthy in every role she's in, and here she is no different as her sternness and cold-hearted behavior places a blanket of fear in all the students and with some of the staff in the church. Hoffman excels yet again as the priest, by successfully meshing suspicion with a charming personality and a friendly aura. The seemingly hypocritical personality is tough to pull off, especially when we are suppose to like him and also ponder about him at the same time; but Hoffman steps up to the plate against one of the best actresses of our generation and fantastically delivers. When these two argue, you can hear the fireworks fly without ever seeing one launched. But let's not forget Amy Adams (Enchanted) and Viola Davis (Law ad Order) for their superb job either. Doubt's casting ensemble is among the best in 2008.<br /><br />Yet, like previously stated it's the writing and directing that ruins this film, especially when dwindling down the third act. Questions pop up, but they aren't answered. Characters pop up, but provide no real enhancement towards the plot. Kids behave different, but we never truly find out why. There are awkward angles in the camera-workandthere's no actual reason why. John Patrick Shanley, the writer of the play, had one previous film in his directing repertoire: Joe Versus the Volcano. Whether sheer arrogance or stupidity, we are stuck with seeing overdrawn sequences of random conversation, utter annoying chatter that bores to no end (There was a two minute discussion about coffee and how much sugar the priest wanted) thanks to Mr. Shanley.<br /><br />Bottom Line: The lack of an ending is a stupid trend that's just as irritating as the seizureific camera-work in action films. It doesn't matter that we have a great talented acting cast, or decent cinematography, or a good story being worked upon, or good usage of sound and music; because we have a barrage of unanswered questions that sprinkles all over a film that is over 100 minutes yet doesn't even finish! The translation from play to film is good and quite accurate, because we have the original madmen behind the projectbut he took the mistakes and stupid hiccups from the play to the film as well. This decade has seen its share of blockbuster and high-profile films that could have gotten a much higher score from me if they had just decided to add a few more minutes of footage and actually end: Sideways, Cast Away, No Country For Old Men, Burn After Reading are a few examples.<br /><br />Newsflash: end your stinkin' movie. Please or at least provide a good amount of clues for us to easily fill in the blank (like Wall-E's depressing backstories), instead of staring into space as the credits suddenly start rolling and you are left with a feeling of emptiness, confusion, and mental anguish. Have a beginning, middle, and the end please!! As a critic, I prefer my films to be whole, not incomplete. Doubt feels incomplete, which is why it gets an incompetent grade.<br /><br />Someone has to break this stupid trend."
tt0970935,"I saw this film at SXSW with the director in attendance. Quite a few people walked out, and the audience could barely muster even polite applause at the end. Of the 60 or 70 films I've seen at this festival, Frownland is among the worst.<br /><br />At 106 minutes, it is at least 95 minutes too long. You get to watch the main character's failed and drawn out attempts to communicate, in extended real time. The same grimaces, hand over mouth motions, kinetic and frantically repeated words and syllables over and over and over again - WE GET THE POINT.<br /><br />One site actually compares this work to early Mike Leigh. What drugs would you have to be on to make that statement? Given that Frownland is a Captain Beefheart song, maybe you'd have to be able to enjoy Trout Mask Replica on heavy rotation to appreciate this film. Unbelievably, this won a jury award at the festival. You can bet it did not win an audience award."
tt0972412,"It looks like the brilliant team of Shonda Rhimes outsourced the writing of this one somewhere offshore, maybe to the MediocreLand? ""PP"" reminds me any one of the many tedious, promising at first but predictable within 1 season David Kelly flicks (Picket Fences, Ally McBeal, and now Boston Legal). The crazy cases they get are so outlandish, they barely evoke sympathy or sadness. And that's what actually makes good medical dramas tick - dramatic situations you are afraid of, ""This could be me"" sentiment. They are not funny either.<br /><br />The actors are quite good, but the plot lines are dead and cannot be brought back to live. I'm a therapist, and let me tell you - Amy Brennan plays the most unbelievably incompetent, unethical, untrained therapist. Whoever writes her stuff flunked the ethics and the transference/counter-transference courses in Stanford. Somebody should give them a Code of Ethics to read (the episode with the nose-bleeding wife and the therapist's involvement in it). No therapists are that bad.<br /><br />Women yearning for men who have moved on - had been done to death, we've all graduated ""Sex and the City"". Addison in her youthful aggression towards the guy she likes - very age-inappropriate, looks so unnatural on a woman over 40, and this otherwise talented actress doesn't believe it herself and doesn't deliver it very well. The only successful/palatable developments are Addison struggling with her decision to move to LA, and the ""Voodoo Dr"" and his coping with widowhood.<br /><br />This concept might work with a whole new writing team."
tt0986354,"This was not enjoyable to watch. Frank puts all his dreams on the back burner and gets a normal (boring!) job just so his stepson can go to film school, but his stepson decides that he'll make a humiliating documentary about the man instead. A documentary filmmaker should point the camera and simply shoot, not manipulate and comment with snide captions. The bitterness and resentment of the filmmaker towards his stepfather is obvious. And sad. The goal seems to be to make Frank appear dumb and pathetic, instead he comes across as the most human of the 3 people featured.<br /><br />Essentially a smear campaign all dressed up as something much smarter and edgier than it really is. It left me with an intense dislike for the filmmaker."
tt0016690,"I've been intrigued by this film for a while, in part because of the extremely high score here on IMDb -- a 9.0 average with over 300 votes gives it the highest rating of any accessible silent film! How had I not heard of this film before this website? Well, you can't always trust the ratings. This is actually a very good film, preserved quite well if the fine VHS transfer I rented is any indication -- excellent acting by the principals, especially William Haines as Brown, and good location work at Cambridge with some fine action footage in the climactic Harvard/Yale football game -- but the story must have seemed a hoary chestnut even in 1926. Obnoxious, self-centered and charismatic guy goes to school and gets put in his place, becoming in the process a caring, self-sacrificing friend; I doubt people in 1926 found much that was really exciting in the last few reels, the predictability factor is high. Still, it starts out very well, and is certainly deserving of being remembered, if not praised to the heavens. Maybe the previous 350 voters are mostly Harvard men...<br /><br />EDIT Now 600+ voters and the score has actually climbed to 9.2! Seriously, folks, there is ballot-stuffing going on here - I defy anybody to explain why this is a better film than ""Metropolis"" or ""The General""!"
tt0024078,"A brilliant Russian émigré devises the Stanislavsky' system for winning at contract bridge - which makes him and his beautiful wife the GRAND SLAM Sweethearts of America.<br /><br />What could have been just another silly soap opera is elevated by fine production values & excellent acting to the status of a very enjoyable little comedy. A few unexpected touches are thrown in to keep the viewer's attention engaged - the way in which the principle cast is introduced as faces on a deck of cards; the introduction of a zany acrobat into the plot for no other reason than to enjoy a bit of lunacy; and the way in which a wide variety of different kinds of Americans are shown to be transfixed by listening to the broadcast of the concluding game.<br /><br />Paul Lukas & Loretta Young do very well as the Bridge Sweethearts - Lukas suave & sophisticated and Miss Young passionately loving and beautiful (even if the script keeps her puffing on a cigarette a bit too much). They are fun to watch, even when their behavior is not always the most believable or compelling.<br /><br />Frank McHugh gives another good performance as a relentlessly cheerful ghost writer who adores Miss Young. The delightful Glenda Farrell eschews her customary wisecracking persona in a small role as McHugh's ditsy gal pal. Roscoe Karns handles the fast-talking dialogue as a brash radio announcer. Diminutive Ferdinand Gottschalk is wonderful as a snobbish bridge expert.<br /><br />Movie mavens will recognize Dewey Robinson as a belligerent nightclub patron; Emma Dunn as a sob sister reporter; Paul Porcasi as the owner of the Russian nightclub; Charles Lane as a Russian waiter; and Jimmy Conlin as a kibitzer at the final bridge game - all uncredited.<br /><br />The film takes advantage of the fad for contract bridge which had swept across the country since its development in the 1920's. It expects the viewer to have a basic knowledge of the intricacies of the game and makes no attempt to explain anything to the uninformed."
tt0024605,"Another of many nearly forgotten movies cranked out by Poverty Row in the 1930's, resurrected by the magic of DVD.<br /><br />Starring stock Universal player Lionel Atwill (often a supporting actor in numerous Frankenstein movies) as a pair of twins involved in a murder racket. One kills the victims (stockbrokers involved in a scam) and asks witnesses for the exact time, while the other is deaf and is proved ""innocent"" because he could not have spoken to witnesses.<br /><br />Of course, where it falls apart is if it was a congenital deafness, wouldn't they both be deaf? Oh, well.<br /><br />Atwill does a pretty good job here, faking being deaf and mute. Unfortunately, no one else here can really act worth a darn."
tt0025420,"The only reason I watched this film was because I had recently read Robert Hough's less than perfect, but interesting, fictionalised account of the life of Big Cat trainer Mabel Stark. Beaty appears as a character in the book, in a less than flattering light.<br /><br />I hadn't realised until checking the movie out later on the IMDb that it was originally a serial. Whoever edited the original running time of 233 minutes down to the 68 minuted version available on DVD has done a hell of a good job. The shortened version plays just as well as any B movie of the period despite the many 'duh-what?' moments. For instance are we really expected to believe our hero dug that twenty foot deep tiger trap in a morning without even getting his jodhpurs dirty? Looking over the chapter titles I see that number five is titled ""Gorilla Warfare"" and number eleven is called ""The Gorilla"". There were no gorillas at all in the movie. I guess that's where some of the cuts were made.<br /><br />Historicaly interesting."
tt0025586,"Several features of this film immediately date it. The sound is rather shrill and one realizes what great strides have been accomplished in sound reproduction in the ensuing years. The language of the dialogue is rather quaint and unnatural and the acting is still reminiscent of its transition from the stage techniques.<br /><br />Bette Davis always gives a strong performance in all her films as she does in this early period of her very successful career. I do feel however that somehow the cockney accent does not fit the facial expression. I think it is the assumed cockney accent that does not ring true for me.<br /><br />Somerset Maughan loves to delve into human relationships of great dramatic intensity which will please all movie-goers. As in so many of her character roles, Bette Davis can switch from a beautiful seductive woman to a viper full of fiery hatred. Leslie Howard is well cast as the withdrawn English artist with a club foot desperately seeking a partner and making a bad choice in a scheming little waitress.<br /><br />Towards the end of the film the young doctor meets his true love in a busy street. They cross through the traffic completely oblivious to a multitude of horns and whistles screaming at them. This scene is possibly meant to be funny, but i find it quite ridiculous in this otherwise very serious film. It is probably construed to send you home with a smile on your face. And after all as far as we can see (and hope for) it is a happy ending."
tt0026273,"Falsely accused, skirt-chasing chums John Wayne (as John Scott) and Eddy Chandler (as Kansas Charlie) change identities to become ""Alias Smith and Jones"". Mr. Wayne becomes ""John Jones"". Mr. Chandler's is supposed to be ""Rev. Smith"", but Wayne calls him ""Dr. Smith"". At no time are either of them as entertaining as Roger Davis, Pete Duel, Jonathan Harris, or Ben Murphy; although, Wayne can be considered infinitely more successful than any of them, career wise. Pretty blonde Mary Kornman (as Anne), grown-up from her days in ""Our Gang"", is a lovely interest for Wayne. She and Chandler have a couple of cute scenes with Wayne. If you're not a fan of low budget John Wayne films of the 1930s, this movie won't make you one."
tt0026725,"I had read many good things about this adaptation of my favorite novel...so invariably my expectations were crushed. But they were crushed more than should be expected. The movie would have been a decent movie if I had not read the novel beforehand, which perhaps ruined it for me.<br /><br />In any event, for some reason they changed the labor camp at Toulon to a ship full of galley slaves. The scene at Bishop Myriel's was fine. In fact, other than the galleys, things survived up until the dismissal of Fantine. Because we do not want to have bad things happen to a good woman, she does not cut her hair, sell her teeth, or become a prostitute. The worst she does is run into the mayor's office and spit on his face. Bamatabois is entirely eliminated. Because having children out of wedlock should also not be talked about, Tholomyes is Fantine's dead husband, rather than an irresponsible dandy. Valjean is able to fetch Cosette for Fantine before the Champmathieu affair, so they reunite happily, yet another change. Then comes the convent, which is a pretty difficult scene to screw up. Thankfully, it was saved. After this three minutes of accuracy, however, the movie again begins to hurtle towards Classic Novel Butchering.<br /><br />As Cosette and Valjean are riding through the park, they come across Marius giving a speech at a meeting. About prison reform. When he comes to hand out fliers to Valjean and Cosette, he says the one line in the movie that set me screaming at the TV set. ""We aren't revolutionaries."" I could hear Victor Hugo thrashing in his grave. OF COURSE THEY ARE REVOLUTIONARIES! They want to revolt against the pseudo-monarchy that is in place in favor of another republic, you dumb screenwriters! It's a historical FACT that there was an insurrection against the government in 1832. <br /><br />At one point Cosette goes to give Marius a donation from her father for the reform movement and meets Eponine. Except...not Eponine. Or at least not the Eponine of the book. This Eponine appears to be a well-to-do secretary girl working for the prison reformers (who are working out of the Cafe Universal as opposed to the Cafe Musain). Not to mention the audience is already made to dislike her thanks to her not-period, low-cut, tight-fitting dress and her snooty mannerisms.<br /><br />The prison reformers (Lead by the most poorly cast Enjolras that I have EVER seen) decide that handing out pamphlets isn't good enough anymore. So they're going to build barricades. I don't know about you, but I have never heard of reform movements tearing up the streets and building barricades and attacking government troops. About three hundred people (it was not supposed to be so many) start attacking the National Guard and building a bunch of barricades, etc. Eponine does die for Marius, thankfully. <br /><br />The rest of the movie is sort of accurate, except that Javert's suicide again seems hard to understand thanks to his minuscule screen time and odd character interpretation. The movie ends with Valjean watching Javert jump into the river. This is again inaccurate because Valjean would never have let Javert drown. He saved the man's life earlier, why let him die now? Then there's the whole skipping of Valjean's confession to Marius, his deterioration, and his redemption on his deathbed with Marius and Cosette by his side.<br /><br />Overall, I can blame the script mostly for the problems. While I am glad Enjolras and Eponine were at least present in the film, they were terribly misinterpreted, as was the entire barricade scene. The elimination of Fantine's suffering prevents us from feeling too much pity for her. That Cosette knows Valjean's past from the start messes with the plot a good deal. I did not even see Thenardier, and Mme. Thenardier only had a few seconds of screen time. The same with Gavroche. I did like Frederich March's interpretation of Valjean a lot, however, which was one of the redeeming features of the movie. On the other hand, Charles Laughton, for all his great acting in other movies, seems to have missed the mark with Javert. The lip tremble, the unnecessary shouting, and his acting in general all just felt very wrong. He also, like many Javerts I have seen, did not appear at all menacing, something required of the character.<br /><br />Again, this film would probably feel much better if I had not read the book. I would not recommend it to book purists, though. I would also say that the movie would have been a good adaptation for the time had not the infamously accurate French version come out the year before."
tt0028944,"Luise Rainer received an Oscar for her performance in The Good Earth. Unfortunately, her role required no. She did not say much and looked pale throughout the film. Luise's character was a slave then given away to marriage to Paul Muni's character (he did a fantastic job for his performance). Set in ancient Asia, both actors were not Asian, but were very convincing in their roles. I hope that Paul Muni received an Oscar for his performance, because that is what Luise must have gotten her Oscar for. She must have been a breakthrough actress, one of the first to method act. This seems like something that Hollywood does often. Al Pacino has played an Italian and Cuban. I felt Luise's performance to be lackluster throughout, and when she died, she did not change in expression from any previous scenes. She stayed the same throughout the film; she only changed her expression or emotion maybe twice. If her brilliant acting was so subtle, I suppose I did not see it."
tt0029608,i should love this movie . the acting is very good and Barbara Stanwyck is great but the the movie has always seemed very trite to me . the movie makes working class people look low and cheap .the fact that the daughter is ashamed of her mother and that the daughter does not rise above it has always made me a bit uneasy . Barbara Stanwyck as the mother worships the daughter but the daughter forgoes a mothers love to find happiness with her well to do fathers family . i wonder how many others who have seen this film feel this way about it.again the acting was very very good and worth watching . i really don't like the story line . just a personal preference .thank you
tt0029626,"I am quite the Mitchell Leisen fan so it was a great anticipation that I rented this movie but the print I got was extremely bad, so worn down from use and scorched seemingly beyond repair, the movie was so dark. So dark that in certain scenes that are cinematographed in the dark, you can't see a single thing. That said, I believe I share the same opinion as the first review of this movie. It starts out unusually and does not tote the lines and rhythms of your typical Hollywood 30's movie. Heck, not even your typical Hollywod movie of any era. It seems the director has been influenced by the Europeans because there is a certain caustic realism to the proceedings from the opening shot which is so crafted in camera movement and placement as Maggie (Carole Lombard) and Skid (Fred Macmurray) meet. You half expect them to start singing ""Make believe"" from Show boat.It starts with a few laughs and poor Anthony in a one scene role where he speaks not a word of English gets slapped around by Freddie. Skids is a bum who doesn't care that he's a bum. That's why he signs up in the army where he can hide from the world. He's just been released though and in a set of screenplay shenanigans, she misses her boat for New York. This is when the movie kicks into high gear and we begin to get those French movie of the sixties vibes to the whole proceedings. The scenes are so well acted by Lombard and Cecil Cunningham, the movie gains a pulse. MacMurray is good too as he and Lombard fall for each other as she nurtures his talent for the trumpet. Then the temptress arrives in the form of Dorothy Lamour. Enough with plot. The movie has fantastic montage sequences that dazzled me. They are very good. And Lombard scores a home run in this movie but in the second half, a bit more is called of Freddie and he fails to deliver the goods. With a heavily melodramatic ending and an actor you don't believe, the movie falls short but since it is not your typical movie in structure, set design, and direction. It is worth a look. For what is what it was one of the 37 hits of the 1936-37 season. I don't know its exact rank though."
tt0030252,"I suppose I always felt that Hotel du Nord was studio-bound, the movement of people cars and camera were just too effortlessly smooth and stagey to have been filmed on location. But no problem - it's still a much underrated lovely composition from Marcel Carne. The plot seems a bit choppy at times, as if they were making it up as they went along, but because it is unpredictable holds the attention to the bitter end. The money shots when the 2 lovers are alone in their room are saddled with some rather stilted dialogue, but it's all so lovely to fall into any inanity can be accepted. Are these 2 young people symbols of a cancerous hopelessness in pre-War France or simply idiots? Suicide pacts are fairly common; if the suicidees are young and healthy with their lives before them untrammelled would you think anything other than that they were just misguided fools?<br /><br />Arletty played the part of prostitute well - she kept that zipper on her dress busy throughout anyway! I've only seen a few films with Jouvet - he is the most impressive invention as pimp in HDN - my trouble is shallow: every time I see his face I think of Sonnie Hale in Evergreen!<br /><br />A remarkably atmospheric, well acted and photographed film with so much happening it needs a few viewings to get it all in place. Annabella and Aumont made an exceptionally beautiful couple; Francois (Heurtebise) Perier in his 2nd film had a small amusing part as a gay man. All in all: wonderful."
tt0032155,"I tried twice to get through this film, succeeding the first time - and it was like pulling teeth - and failing the second time despite a great DVD transfer. The problem? It's simply too boring.<br /><br />If you can get to the dramatic courtroom scene, which takes up most of the second half of the film, you have it made, but it's tough getting to that point. There are some interesting talks by ""Abraham Lincoln"" (Henry Fonda) during the trial. The ending is touching as Lincoln walks off and they superimpose his Memoral statue over the screen.<br /><br />It's a nice story, well-acted and such....but it lacks spark in the first half and discourages the viewer from hanging in there. I suspect the real Abe Lincoln was a lot more interesting than this film."
tt0033105,"Hollywood always had trouble coming to terms with a ""religious picture."" Strange Cargo proves to be no exception. Although utilizing the talents of a superb cast, and produced on a top budget, with suitably moody photography by Robert Planck, the movie fails dismally on the credibility score. Perhaps the reason is that the film seems so realistic that the sudden intrusion of fantasy elements upsets the viewer's involvement in the action and with the fate of the characters. I found it difficult to sit still through all the contrived metaphors, parallels and biblical references, and impossible to accept bathed-in-light Ian Hunter's smug know-it-all as a Christ figure. And the censors in Boston, Detroit and Providence at least agreed with me. The movie was banned. Few Boston/Detroit/Providence moviegoers, if any, complained or journeyed to other cities because it was obvious from the trailer that Gable and Crawford had somehow become involved in a ""message picture."" It flopped everywhere.<br /><br />Oddly enough, the movie has enjoyed something of a revival on TV. A home atmosphere appears to make the movie's allegory more receptive to viewers. However, despite its growing reputation as a strange or unusual film, the plot of this Strange Cargo flows along predictable, heavily moralistic lines that will have no-one guessing how the principal characters will eventually come to terms with destiny."
tt0034613,"A number of brides are mysteriously murdered while at the altar, and later their bodies are stolen en route to the morgue. Newspaper writer Patricia Hunter decides to investigate these mysterious killings. She discovers that right before each ceremony, the bride was given a rare orchid (supposedly from the groom) which contained a powerful drug that succumbed them. Patricia is told that the orchid was first grown by a Dr. Lorenz, who lives in a secluded estate, with his wife. In reality, Dr. Lorenz is responsible for the crimes, by putting the brides in a suspended state, and using their gland fluid to keep his wife eternally young. Patricia, along with Dr. Foster (who is working with Dr. Lorenz on the medical mystery surrounding his wife) try to force Dr. Lorenz's hand by setting up a phony wedding, which eventually leads Patricia into the mad doctor's clutches. This movie had a very good opening reel, but basically ended up with too many establishing shots and other weak scenes. The cast is decent, Walters and Coffin deserved better, but that's life. Russell steals the show (even out hamming Lugosi- who does not give one of his more memorable performances, even considering his Monograms) as Countess Lorenz playing the role with the qualities of many of the stereotypical characteristics of many of today's Hollywood prima donnas. Weak and contrived ending as well. Rating, based on B movies, 4."
tt0035096,"This is a direct sequel to 'The Mummy's Hand' (1940), because the lead character, Stephen Banning (played by Dick Foran) is now thirty years older and is relating the story (with the help of archival footage) to his son's fiancé. There are only two unusual aspects to the film: the early death of Banning, and the presence of Turhan Bey.<br /><br />Lon Chaney as the mummy Kharis gets top billing, though given the nature of his role, he has little more to do than limp along or thrash his arms about. There's nothing scary about his presence, except for his attempt to carry off the fiancé, Isobel (Elyse Knox). Dick Foran gets second billing, but he's killed off within the first fifteen minutes! We'd have to wait until 'Psycho' (1960) when a lead character (Janet Leigh) dies way before the end of the movie! Banning's buddy from the first film, Babe Jenson (now Henson), shows up a little later looking much, much, older and not doing any of the comic shtick he did in the original. It's hard to believe it's the same actor! Unfortunately, this great acting job is wasted because he gets killed by Kharis after only two brief scenes. It's then left up to Banning's son John (played by bit player John Hubbard) to led the chase to the cemetery--NO! The sheriff leads a torch wielding mob to Banning's house to burn it down and kill the mummy. Sound Universally familiar? <br /><br />Turhan Bey is introduced to audiences as the new High Priest, Mehmet Bey, to care for and feed tana leaves to Kharis. With his 'exotic' voice and appearance, it's too bad he gets so easily killed. A better movie would have had 'Babe' take Von Helsing type charge of things in tracking down the mummy, with a final decisive battle with him and Mehmet Bay. But instead we have a pedestrian rehash of different set pieces from previous Universal horror films, put together by the hack Griffin Jay who wrote many of Universal's other clunkers, although he also did 'Don Winslow of the Navy' (1942) as well as 'Don Winslow of the Coast Guard' (1943) which also featured Elyse Knox.<br /><br />Elyse Knox played Anne Howe in six Joe Palooka movies (1946-1949), and of course, Turhan Bey, with 43 movie and TV credits, is great in the title role of 'The Amazing Dr. X' (1948).<br /><br />The cinematography is much darker and more atmospheric (with lots of noirish shadows in the sheriff's office) than the first 'Kharis' mummy film, but there's little else of interest or excitement.<br /><br />I'll give it a 3."
tt0037610,"I watch a lot of films, good, bad and indifferent; there is usually something of interest to fixate upon, even if it is only set design, or the reliable labor of a good character actor, or the fortuitous laughter that emerges from watching ineptitude captured forever.<br /><br />However, I was quite pleasantly surprised by this film, one I had never seen before. Graham Greene has been translated into film many times of course, in such masterpieces as ""Thin Man"" and in lesser vehicles. ""Confidential Agent"" is one of those lesser vehicles, yet it manages to get me somewhere anyway, despite lackluster direction, the incongruity of Bacall and Boyer's depictions as (respectively) British and Spanish, and the almost complete non-existence of any chemistry between the two leads. In some ways, this last ""problem"" actually begins to work in the film's favor, for how can love really blossom in the killing atmosphere of fascism and capitalism meeting about one person's tragedy? The most compelling aspect of the film arises directly from Greene's complex and guilt-ridden psychology, which pervades the film. I know some see the deliberate pacing here as dull, and I can understand that. Yet I found that plodding accentuated rather than detracted from what is a claustrophobic world. I was compelled to watch, not by any great acting (although Boyer is marvelous as usual, managing to convey a rich mixture of world-weariness, tragedy, hope, and fervor with his magnificent voice and yearning eyes), but by the down-spiraling rush of one man's slim hopes against a world of oppression and money. What is a thief? What good is love in the face of death? Where does mere profit-taking end and exploitation begin? The film does not rise to the level of art, and thus cannot hope to answer such questions, but it is much more than mere entertainment, and its murders and guilts are very grimly drawn. The lack of glitz, of ""bubble,"" of narrative ""bounce"" help to make this movie very worthwhile.<br /><br />And there is no happy ending, for history wrote the ending."
tt0038733,"I remember the first time I saw this movie -- I was in the office working over the weekend & the TV was on for background noise. But I gradually found myself more & more engaged in this movie I'd never seen or heard of, until I was completely absorbed. A Matter of Life & Death (the British title -- Stairway to Heaven in the US) is delightful, compelling, whimsical, & moving, all in one superbly-written, well-acted, perfectly-directed package. It's a classic that really does rank right up there with Casablanca, It's a Wonderful Life, Gone With the Wind, Citizen Kane, & Chariots of Fire. WHY has it never received the same public notice & video-store prominence? Fortunately, SOME knowledgeable critics HAVE put it on their ""Top 100 of all time"" lists. There IS hope -- 1940's Fantasia wasn't a hit 'til the '60s, & the Wizard of Oz was a dud at the box office, but made a hit by TV. Buy it -- rent it -- watch it -- demand it! You WON'T be disappointed!"
tt0039335,"A DOUBLE LIFE has developed a mystique among film fans for two reasons: the plot idea of an actor getting so wrapped up into a role (here Othello) as to pick up the great flaw of that character and put it into his life; and that this is the film that won Ronald Colman the Academy Award (as well as the Golden Globe) as best actor. Let's take the second point first.<br /><br />Is Anthony John Colman's greatest role, or even his signature role? I have my doubts on either level - but it is among his best known roles. Most of his career, Ronald Colman played decent gentlemen, frequently in dangerous or atypical situations. He is Bulldog Drummond (cleaned up in the Goldwyn production not to be an arrogant racist) fighting crime. He is Raffles, the great cricket player and even greater burglar, trying to pull off his best burglary to save a friend's honor. He is Robert Conway, the great imperial political figure, who is kidnapped and brought to that paradise on earth, Shangri-La. He is Dick Heldar, manfully going to his death after he learns his masterpiece has been destroyed and knowing he is now blind and useless as an artist. I can add Sidney Carton and Rudolf Rassendyll to this list. But here he is not heroic. In fact he is unconsciously villainous - he murders one person and nearly kills two others. It does not matter that he is obviously mentally ill - his behavior here is anti-social.<br /><br />To me Colman should have gotten the Oscar for Heldar, or Carton, or Conway - all more typical of his acting roles. But the Academy has a long tradition of picking atypical roles for awarding it's treasure to it's leading members. Colman's Anthony John is a very good performance, and at one point truly scary. When alone with Signe Hasso in her home, she at the top of a staircase and him at the base, they have an argument. She demands that ""Tony"" leave, saying she won't see him. He stares at her, his face oddly hardening in a way he never used before, and he says, ""Oh, no you won't!"" He starts moving upstairs, frightening Hasso, and she runs into her room. He stops himself and leaves. It actually is the real highpoint of his performance - even more than his assaulting of Hasso on stage, or of Edmond O'Brien, or his killing of Shelley Winters. It showed his blind fury. For that moment it was (to me) an Oscar-worthy performance. But it is only that moment. I'm glad he was recognized for the role, but he should have gotten the award for a more consistent performance.<br /><br />His actual performance in the Shakespearian role of Othello is not great, but bearable. Too frequently he lets the dialog roll off his tongue in a kind of forced singing style (one wonders if that was due to the coaching of Walter Hampden, who probably knew how to handle the role properly, or a reaction to it). Nowadays ""Othello"" is played by an African American actor more frequently than a white one. Paul Robeson's brilliant performance in the role set that new tradition firmly into place. But the three best known movie performances of the part are those of Colman, Orson Welles in his movie of OTHELLO, and Laurence Olivier in his movie of his play production of OTHELLO. All three white actors did the role in black face. My personal favorite of the three is Welles, who seems the most subtle. But even watching Welles' fine film version makes me angry that Robeson never got to put his performance (with Jose Ferrer as Iago) on film.<br /><br />Now the first question - can an actor get that wrapped up in a role? I heard different things about this. Some actors have admitted taking a role home with them from the theater or movie set. Others have found a role they have to be stimulating, influencing them on a new cause of action regarding their lives or some aspect of life. But actually I have never heard of anyone who turned homicidal as the result of a role. It seems a melodramatic, hackneyed idea.<br /><br />As a matter of fact it was not a new idea in 1947 with Cukor, Kanin, and Gordon. In 1944 a ""B"" feature, THE BRIGHTON STRANGLER, starring John Loder, had used a similar plot about an actor who is playing an infamous ""Jack the Ripper"" type, and who starts committing those type of killings after an accident affects his mind. There was an earlier movie in the 1930s, in which an actor playing Othello gets jealous of his wife (I think the title was MEN ARE NOT GODS, but I'm not sure). But due to Colman's name and career, and Cukor's directing, it is A DOUBLE LIFE that people think of when they recall this plot idea. It even reached comedy (finally) on an episode of CHEERS, where Diane Chambers is helping an ex-convict who may have acting talent, and they put on OTHELLO at the bar, just after he sees her with Sam Malone kissing. Only Diane is aware of the personality problem of the ex-convict, and can't delay the production long enough (she tries to start a discussion into the history and symbolism of the play). <br /><br />The cast of A DOUBLE LIFE was first rate, and Cukor's direction was as sure as ever. So the film is definitely worth watching. But despite giving Colman an interestingly different role, it was not his best work on the screen."
tt0040613,"Great acting, great movie. If you are thinking of building see this movie first. The dollar amounts may have changed but everything else is the same. The humor is true to life and emotions are those that anyone who has built has felt."
tt0040862,"Last of the Johnny Weissmuller Tarzan films and a good thing too, as this is easily the worst of the 12 films he made over a period of 16 years. No mermaids are featured here either as a beautiful island woman tries to escape the clutches of her people, who worship a god and try to force her to be its bride. She finds Tarzan and Jane, who try to protect her. George Zucco is present as a potentially villainous High Priest but isn't used to his full advantage. Also on hand and worthy of mention is a hugely annoying guitar player/singer who goes into song every so often. Even the ""great"" Robert Florey can't aid this one.<br /><br />*1/2 (of four)"
tt0042824,"Forget that this is a ""B"" movie. Forget that it is in many ways outdated. Instead give writer-director Ida Lupino much deserved credit for addressing a subject which at the time (1950) was taboo in Hollywood. To my knowledge, this was the first film to address the subject of rape and the emotional and mental effects that that crime has upon its victims.<br /><br />Although much of the cast's acting is pedestrian at best, Mala Powers, who at the time was eighteen or nineteen, gives an excellent performance throughout as the traumatized young woman, Ann, who tries to run away from her ""shame."" Based on her work in this film, I'm surprised that she did not have a more successful acting career. Tod Andrews, too, has some fine moments as the minister who reaches out to help her.<br /><br />Ms Lupino, obviously working on a limited budget, was still able to create some memorable scenes such as the pursuit through the streets and alleys leading to the rape, and the police lineup following it. And, she created a bittersweet ending which left me wondering if Ann really could ever have a normal life again."
tt0042935,"When ever a film is produced or directed by Mel Ferrer, you can bet your life any of his pictures will be seen for generation after generation. Just having Claudette Colbert,(Ellen R. Ewing),""The Egg & I"",'47 appearing and starring in the film will make it even more of a great Classic Film. In this film, Ellen Ewing gets married and then she encounters all kinds of mental problems and even murder. The mystery gets very much involved and Robert Ryan,(David McLean),""Battle of the Bulge"",'65, comes to the aid of Ellen and sometimes you even wonder about David being on the up and up. As you view this picture you just about find yourself beginning to understand who is the real nutty person and all of a sudden, you begin to change your mind how the film will end. Great acting by Claudette Colbert and Robert Ryan who played an entirely different role than he usually portrays on the screen. I forgot to mention that Mel Ferrer, was married to a great film star, Audrey Hepburn. Great Classic film, with great Classic Actors !"
tt0044070,"This oddity in the new DORIS DAY COLLECTION doesn't really need to be included as she is only in the film for less than 30 minutes. What she does do however, is shine when she's on screen. The near plot less movie is just an excuse to showcase some Warner contract players of the day. JANCIE RULE shows promise and it's a shame she didn't become a big star. RUTH ROMAN handles the role of the ""go-getter"" with aplomb. Better if this was in color. The Travis Air force base locations with some rear projection work well. What's best about the movie are some wonderful musical interludes. If you enjoyed THANK YOUR LUCKY STARS and Hollywood CANTEEN you'll like this one."
tt0044091,"Superman and the Mole Men is quite possibly Superman's toughest adventures ever.<br /><br />Lois Lane and Clark Kent are sent to Silsby, home of the world's deepest oil well. While there, some radioactive mole men come up through the oil well and explore the town. Jeff Corey and many other townspeople try to dispose of the invading mole men. Can Superman change the people's ways in time to save the mole men? Can Superman warn the people in time about the radioactive danger the mole men bring?<br /><br />In my opinion, Superman and the Mole Men is a very intelligent, well-written and well-acted movie. Even though we only get to see Superman fly once briefly, It still makes a great Superman adventure. A must see for anyone.<br /><br />10/10 Stars"
tt0046149,"I sat through this movie this evening, forcing myself to stick with it even though I never cared about any of the characters or what happened to them, because the two leads, Gérard Philippe and Michèle Morgan, were major film stars of their era and I wanted to see them in ""something different,"" which this certainly was. They both gave fine performances, but of distasteful characters.<br /><br />Indeed, the whole movie is about a shabby little town in Mexico inhabited by almost uniformly distasteful characters (the doctor is, of course, the major exception). What Michèle Morgan ever sees in Philippe to fall in love with him is never explained.<br /><br />This is supposedly based on a work by Jean-Paul Sartre. All I could think was that, if Sartre's work is anything like this movie, it must be a very mediocre attempt at imitating Camus' masterful novel The Plague, which dealt with a plague in North Africa.<br /><br />A well-acted but uninteresting movie."
tt0049384,"I've always liked Johnny Concho and I wish this film were out on VHS and DVD. Frank Sinatra gives one of the most unusual performances in his career in this one.<br /><br />When we first meet Frank in the film's title role, he's the brother of a notorious gunfighter who's out of town at the moment. The brother strikes terror in the heart's of the town and Frank takes full advantage of that to bully the townspeople safe and secure in his shadow. Only Phyllis Kirk has any feeling for him. She's the daughter of storekeeper Wallace Ford and Dorothy Adams.<br /><br />Two other gunmen arrive William Conrad and Christopher Dark and it turns out Conrad has killed Sinatra's brother and he's coming to his town to take over. They humiliate Sinatra and run him out of town. Kirk follows him.<br /><br />Overnight Sinatra turns from punk into coward and becomes a man searching for some kind of backbone. It's a well acted performance, almost as good as his Oscar nominated role in The Man With a Golden Arm. Pity for some reason this has not been seen for years.<br /><br />Two other performances of note are Keenan Wynn as former gunfighter turned preacher who helps Sinatra find what he needs to stand up to Conrad and Dark. And then there is Conrad in what I believe was his career role on screen. He's a villain of incredible malevolence, pure evil incarnate walking and talking on the silver screen.<br /><br />However what I like about Johnny Concho is the climax an unforgettable one where Conrad and Dark are dealt with. Let's just say I believe Johnny Concho was MGM's answer to High Noon and a primer for what you do when evil causes a break down in all law and order."
tt0049432,"This is the most compelling and excellent performance that Robert Taylor ever gave. It even surpasses his wonderful performance as ""Johnny Eager"" coming a full 14 years after that film. His looks are still a wonder to see, but he has a maturity now that gives him the edge in this gritty, violent role. Charlie Gilson (Taylor) is the last of his breed, a buffalo hunter who kills not for the money but for the pleasure. His wild eyed killing of not only buffalo but human beings, is stunning to watch. He is basically a lonely man, needing the people around him, but they dislike him because of his sociopath behavior. His partner is Sandy McKenzie (Stewart Granger) who is sick of the hunt, and only goes along, because he is a failure at anything else. Along the way Charlie kills a family of Indians and captures the beautiful Debra Pagent. Charlie tries to seduce her to no avail, but sees that Sandy is interested in her also. Granger is kind of sad to watch, so fed up with the hunt, longing to go away with the girl and her baby. Lloyd Nolan as the drunken skinner is wonderful with his wise cracks and accordian playing. Russ Tamblyn plays the half breed trying to fit in a white world. The group is an odd mix of good and evil, young and old. In the end Taylor gets spooked by the buffalo, as many hunters before him had, and runs off leaving Sandy with the girl. Upon his return, that night Sandy leaves with the woman, setting Charlie off on a rampage of killing in a quest to get Sandy and have the girl for himself. The final confrontation comes in a snow storm and the last scene is so shocking that you will never forget it. It is Taylor's film all the way and he was truly a much underrated actor of the era."
tt0049904,"Esther Williams gets her first post MGM starring role and gets off<br /><br />to a good start. This film is a well acted entertaining suspense<br /><br />with a mature theme that would be repeated a million times more<br /><br />in the future - innocent girl stalked creepy woman hater. Esther<br /><br />looks great and if she wanted to, probably could have gone on to<br /><br />do more and better films but according to her autobiography, <br /><br />pretty much gave up working for marriage. Either way she is so<br /><br />likable and engaging that its fun to see her in a totally different role<br /><br />outside of the 'swimming musical'. Universal was fabulous for<br /><br />making films with former MGM stars after that studio began<br /><br />dropping its biggest names as it began to slide down hill. Stars<br /><br />like Lana Turner, June Allyson and others got to make quality first<br /><br />rate films at Universal as they obviously still had drawing power at<br /><br />the box office. I wish Esther had made more but since she didnt, it<br /><br />makes this one all the more special."
tt0051436,"<br /><br />If you're at all interested in pirates, pirate movies, New Orleans/early 19th century American history, or Yul Brynner, see this film for yourself and make up your own mind about it. Don't be put off by various lacklustre reviews. My reaction to it was that it is entertaining, well acted (for the most part), has some very witty dialogue, and that it does an excellent job of portraying the charm, appeal and legendary fascination of the privateer Jean Lafitte. While not all the events in the film are historically accurate (can you show me any historical film that succeeds in this?), I feel the film is accurate in its treatment of the role Lafitte played in New Orleans' history, and the love-hate relationship between the ""respectable"" citizens of New Orleans and this outlaw who was one of the city's favorite sons. Don't worry about what the film doesn't do, but watch it for what it does do, i.e., for its study of one of New Orleans', and America's, most intriguing historical figures."
tt0052169,"I am not a big fan of horror films, and have only seen a handful of them (and none of the ""Halloween""s or ""Friday the Thirteenth""s) - but I can appreciate a frightening horror film not because of gore. And I'm pretty sure this isn't scary.<br /><br /> What's so spooky about a little plastic skull that pops up everywhere? In all of its appearances there are faraway establishing shots, so there's no real surprise in any of this film. (Not that a skull in of itself is that scary anyway, but . . .)<br /><br /> The plot concerns Claus Von Bulow's third cousin (John Hudson), who marries a Donna-reed look-a-like (Peggey Webber, giving one of the worst performances ever) who begins seeing skulls and hearing the mysterious screams of a group of peacocks on her husband's mansion. Did I mention that her husband lost her first wife in a mysterious drowning incident? OOOOH!!!! Wonder who did it!!!!<br /><br /> This is the same old plot about a rich boy trying to kill and/or drive their wife insane. If you want to see a well-done version of this stuff, try ""Reversal of Fortune"". And BTW, Jeremy Irons is one hundred times more talented than John Hudson.<br /><br /> The MSTing was okay but nothing special; paired with the ""Gumby"" short, however, it makes for good viewing.<br /><br /> Two stars for ""The Screaming Skull""; eight stars for the MST3K version.<br /><br /> And now, to paraphrase Mr. Von Bulow himself: ""How bad is this film?"" ""You have no idea!"""
tt0052992,"<br /><br />I have seen this movie many times. At least a Dozen. But unfortunatly not recently. However, Etched in my memory never to leave me is a scene in which Mickey Rooney, -""Killer Mears"" knows that he is to be executed and it's getting close to the moment of truth, He dances, and cries, and laughs, he vacillates from hesteria to euphoria and runs the gambit of ever emotion. Never have I seen such a brilliant performance by any actor living or dead, past or present. It was then I know for sure that Mickey Rooney, yes, ""Andy Hardy"" was and is a actor of great genius. However I kept it, my opinion to myself for years thinking, surely I must be alone in this viewpoint. About 15 years or so after I saw this film for the last time on television, I chanced to read the old Q & A section of the Los Angeles Times. The question was posed to Lawrence Olivier, and the question was: ""Mr. Olivier You are considered one of the greatest actors of all time, whom then do YOU consider to be among the greatest actors?"" His answer was, ""Peter Finch and Mickey Rooney"" I was stunned, but not surprised. I immediatly flashed back to his ""Killer Mears"" And I felt very good for having seen this great ability in him, and now having my view supported by another whos work I admired.. Later of course there was ""Bill"" and many other great moments with Mikey Rooney. This film, ""The Last Mile"" should be seen by all acting students. I Frankly cannot remember a great deal about the film after all these years but Mr. Rooney in it, will never leave me. If anyone out there remembers this film the same as I do? I would be interested in hearing from you. For this picture etched in my heart alone I gave it a 10 just on the face of his performance."
tt0053142,"I don't think I'm too far off base saying that this is possibly the worst movie I've ever seen. I've been working on a list of my favorite war movies: ""The Longest Day,"" ""To Hell and Back,"" ""Bridge on the River Kwai,"" (all black and white) which all have good plots, rich characters and great acting. I've seen better dialog and acting in student-written high school one act plays. The plot, however isn't a bad premise - just poorly implemented. It's kind of like a traffic accident, though, I couldn't seem to turn it off! A movie doesn't need big money or great sets i.e. ""Twelve Angry Men"" and ""Lifeboat"" to be good... so budget is no excuse. What were they thinking?"
tt0061809,I saw this in the theater during it's initial release and it was disturbing then as I'm sure it would still be. It was the first part of '68 and this was still making the rounds in towns across America and there had recently been a mass-murder in my hometown where I saw this where a man went on a shooting rampage. The freshness of that close-to-home event combined with this dramatized true story made for a very disturbing theatrical experience. It really brought to life the excellent acting of Robert Blake and Scott Wilson. I was familiar with the novel based on the true event by Truman Capote and the screenplay and direction by Richard Brooks wove the event and Truman's interpretation into compelling gritty cinematic adaptation. Music from Quincy Jones effectively scores it's story. I've only seen this a couple times since. It was too real. Almost like being a witness to the crime itself and riding along with the killers. I would give this a 9.0 of a possible 10. Society is so desensitized to violence and crime today that this probably seems slow and tame and could be viewed with less effect but to anyone over 50 this will be a hallmark into the examination of the criminal psyche.
tt0062032,"I've come to realise from watching Euro horror, especially films made by cult luminary Jess Franco, that you can't expect a plot that makes much sense. However, Franco has gone overboard with this film; and despite a surreal atmosphere, and the film's reputation as one of the director's best - Succubus is unfortunately is a truly awful film. I've got to admit that I saw the American cut version, which runs at about 76 minutes; but unless it was just the logic that was cut, I'm sure the longer European version is just as boring. The plot has something to do with a woman marauding around; practicing S&M and talking rubbish, and it's all really boring. There's no gore and the sex is dull, and most of the runtime is taken up by boring dialogue and despite the fact that this is a short film; I had difficulty making it all the way to the end. I have to say that the locations look good and Franco has done a good job of using his surreal atmosphere; but the positive elements end there. Jess Franco is definitely a talented director that has made some classic trash films - but this looks like it was one he made for the money, and overall I recommend skipping it and seeing some of the director's more interesting works."
tt0063094,"""Hot Millions"" is a well-written, well-acted tale about an embezzler who steals (whoops! -- too low class a word for an embezzler, according to Peter Ustinov's lead character) a ""hot million"" from the London branch of a U.S. corporation by creating shell corporations on the continent and using the firm's ostensibly secure computer to transfer funds to them. (Remember, spoiler police, this is a comedy, not a mystery.) <br /><br />From 1968, this movie's depiction of computers may seem naive to today's more computer-literate populace; but as one who has worked with computers since before this film was released, I would assert that even then, this smacks of having been written by and for computer illiterates, probably on purpose to heighten the droll comedic aspects of this British flick. <br /><br />If one has little taste for this type of entertainment, the movie may seem to drag in spots. Fortunately, it has a nicely wrapped-up ending; unfortunately, the end credits give no indication of the classical music used therein -- the symphonic piece at the end and the piano-flute duet in the middle -- just the song sung by Lulu which I totally don't remember."
tt0063374,"Based on Neil Simons play of the same The Odd Couple tells the story of best friends Felix Unger(Jack Lemmon)and Oscar Madison(Walter Matthau)who end up sharing Oscars massive bachelor pad after Felix tries to kill himself.<br /><br />He had a big row with his wife over his obsessive compulsive cleaning sprees and weird phobias and sends her a suicide telegram.She calls Oscar and lets him know what happened.Felix turns up at Oscar's during his weekly poker game with their friends Vinnie(John Fielder)Murray the policeman(Herbert Edelman)Roy(David Sheiner)and Speed(Larry Haines).After some side splitting hysterics it's agreed Felix will stay with Oscar.<br /><br />The rest of the film centres on how these two are such completely different characters.As well as looking at if Oscar can stand Felix's truly weird and unique habits and cleanliness and if Felix can stand Oscar being such a slob and his laid back attitude to everything. Really a film about two complete opposites living together and the joys,highs,lows and necessity of the gift that is friendship.With great acting an intelligent and very funny script and the great Monica Evans and Carole Shelley as the British Pigeon sisters who Oscar invites over for a double date.<br /><br />This one is guaranteed to make you laugh every line is priceless and Jack and Walter are fantastic with a great chemistry.Also made into a successful and equally funny TV series with Jack Klugman as Oscar and Tony Randall as Felix."
tt0064400,"Williamson's accent is tough to wade through. He speaks incredibly quickly, like he is in a rush to get through the lines. During the soliloquies he acts as if he is talking to someone, when he is supposed to be talking to himself. All that and his bald spot just annoyed me. He was just too old for this role. In reading other accounts of Williamson, maybe he got this role because he was mad and the director decided to do a bit of life-imitates-art or forced method acting. When the actors declare Hamlet mad you believe it! Marianne Faithful is a stunning beauty and could botch the role of Ophelia and still get a pass. The set is dark and foreboding but it does look as if shot in a real castle especially the scenes in the tunnels/corridors where the dead king shines as a great light in the sky."
tt0065400,"I absolutely hate it when a film completely falls apart near the end, after you've already invested an hour into it. and that's what happened with this film. i was intrigued by its actors and the fact that malamud wrote its source story. I haven't gone to read that story but I cannot imagine that it ends like this film ends.Fortunately i didn't pay good money to see or rent it because my library had it. ohhhh such a waste of excellent acting (the wife in particular was so perfect).but milo o'shea as a Jew?!!!! now THAT was funny. I haven't researched into its making but it played like the director lost his marbles or died 3/4 of the way through the film. Before that point, a story and characters were developing,there were a number of neat plot points and there wasn't too much time wasted. but ooh that last 1/2 hour- if that wasn't the screwiest, most worthless denouement I've ever witnessed, I don't know what is. I just hate it when one's faith is so destroyed like that; it feels like an act of violence."
tt0065854,"(SPOILERS included) This film surely is the best Amicus production I've seen so far (even though I still have quite a few to check out). The House that Dripped Blood is a horror-omnibusan anthology that contains four uncanny stories involving the tenants of a vicious, hellish house in the British countryside. A common mistake in productions like this is wasting too much energy on the wraparound story that connects the separate talesPeter Duffel's film wisely doesn't pay too much attention to that. It simply handles about a Scotland Yard inspector who comes to the house to investigate the disappearance of the last tenant and like that, he learns about the bizarre events that took place there before. All four stories in this film are of high quality-level and together, they make a perfect wholesome. High expectations are allowed for this film, since it was entirely written by Robert Bloch! Yes, the same Bloch who wrote the novel that resulted in the brilliant horror milestone `Psycho' We're also marking Peter Duffel's solid and very professional debut as a director. <br /><br />The four stories  chapters if you will  in the House that Dripped Blood contain a good diversity in topics, but they're (almost) equally chilling and eerie. Number one handles about a horror-author who comes to the house, along with his wife, in order to find inspiration for his new book. This starts out real well, but after a short while, his haunted and stalked by the villain of his own imagination. The idea in this tale isn't exactly originalbut it's very suspenseful and the climax is rather surprising. The second story stars (Hammer) horror-legend Peter Cushing as a retired stockbroker. Still haunted by the image of an unreachable and long-lost love, he bumps into a wax statue that looks exactly like her. Cushing is a joy to observe as always and  even though the topic of Wax Museums isn't new  this story looks overall fresh and innovating. This chapter also contains a couple of delightful shock-moments and there's a constant tense atmosphere. It's a terrific warm-up for what is arguably the BEST story: number 3. Another legendary actor in this one, as Christopher Lee gives away a flawless portrayal of a terrified father. He's very severe and strict regarding his young daughter and he keeps her in isolation for the outside world. Not without reason, since the little girl shows a bizarre fascination for witchcraft and voodoo. Besides great acting by Lee and the remarkable performance of Chloe Franks as the spooky kid, this story also has a terrific gothic atmosphere! The devilish undertones in this story, along with the creepy sound effects of thunder, make this story a must for fans of authentic horror. The fourth and final story, in which a vain horror actor gets controlled by the vampire-cloak he wears, is slightly weaker then the others when it comes to tension and credibility, but that the overload of subtle humor more or less compensates that. There's even a little room for parody in this story as the protagonist refers to co-star Christopher Lee in the Dracula series! Most memorable element in this last chapter is the presence of the gorgeous Ingrid Pitt! The cult-queen from `The Vampire Lovers' certainly is one of the many highlights in the filmher cleavage in particular. <br /><br />No doubt about itThe House that Dripped Blood will be greatly appreciated by classic horror fans. I truly believe that, with a bit of mood-settling preparations, this could actually be one of the few movies that'll terrify you and leave a big impression. Intelligent and compelling horror like it should be! Highly recommended. One extra little remark, though: this film may notrepeat MAY NOT under any circumstances be confused with `The Dorm that Dripped Blood'. This latter one is a very irritating and lousy underground 80's slasher that has got nothing in common with this film, except for the title it stole."
tt0066384,"Skullduggery is a strange, strange film based on the novel ""Ye Shall Know Them"" by Vercors. To unleash criticism at the film feels really unkind, since it is a movie that deals with earnest themes like humanity, and pleas for upright moral standards and tolerance. But in spite of its honourable intentions and its well-meaning tone, Skullduggery simply isn't a very good film. For me, the main problem is the terribly disjointed narrative which can't make its mind up how best to convey its message. The first half of the movie is like watching a standard jungle expedition flick of the Tarzan ilk; later it teeters into sci-fi fable; by the end it slips into courtroom melodramatics. The differences in tone between each section of the movie are too great, too jarring, to overlook. They stick out like a sore thumb and remind you constantly that you're watching a muddled, disorganised movie.<br /><br />An archaeological expedition into the jungles of New Guinea is led by adventurer Douglas Temple (Burt Reynolds). One of the main archaeologists involved in the excursion is attractive lady scientist Dr Sybil Greame (Susan Clark). After an arduous trek they stumble upon a tribe of strange ape-like creatures. These primitive, long-lost people are covered in hair and have survived for centuries without being in any way touched or influenced by the developments of modern man. There is some evidence that they may the ancestors of early man  the ""missing link"" in the evolution of apes into humans. Or perhaps a race of humans who simply look and behave differently from usual? Or even a race of animals that have begun to develop human characteristics? The archaeologists call the tribe ""the Tropi"" and are initially thrilled by the implications of their discovery. But things take a devastating turn when nasty opportunist Vancruysen (Paul Hubschmid) declares his intention to exploit the tribe and their idyll on behalf of developers. He questions whether the Tropi are truly ""human"" and takes his argument to the courts, where he hopes to be granted legal backing so that his own greedy ambitions can be continued.<br /><br />This was a very early film in Reynolds' career, and he actually unbalances this movie by acting like he's in a comedy while the rest of the cast take it all very seriously. Not that Reynolds can be blamed  he has an impossible role, asked to play a charming adventurer who really belongs in a Tarzan flick. His character and the film are not relevant to each other. Clark fares much better as the earnest lady archaeologist, and there are nice supporting roles for British actors Edward Fox, Alexander Knox and Wilfrid Hyde-White. A major shortcoming in Skullduggery is the lame and ineffective make-up used to give the Tropi their strange hairy appearance. Rather than making the actors look like believable hominoids, the stuck-on hair merely makes them look unintentionally comical. and that's just not the right idea. We're meant to feel great sympathy for these creatures, but that's awfully hard when they look so unconvincing. Skullduggery is a failed attempt to tell a story that could have been poignant, philosophical and stimulating. The honourable intentions are there for all to see, but the end result doesn't do them justice. A worthy failure it might be but a failure nonetheless."
tt0066449,"Not sure why it doesn't play in Peoria, apparently, but this is a very funny, clever British comedy. It's set at the end of the ""swinging sixties"". Peter Sellars is fantastic as the rich, forty-something serial womaniser. The perfectly delectable Goldie Hawn, playing a 19 year American girl in London, is, initially, Sellars' ""catch of the day"". But the urbane TV food critic can't stop himself from falling for the dizzy American blond.<br /><br />Humour, pathos, great script, strong performances from the leads and supporting caste.<br /><br />It's a great film, and the best gag is the very last line.<br /><br />Try it, you'll like it."
tt0066924,"Sergio Martino is a great director, who has contributed a lot to Italian genre cinema and, as far as I am considered, his Gialli from the 1970s are the undisputed highlights in his impressive repertoire. ""La Coda Dello Scorpione"" aka. ""The Case Of The Scorpion's Tale"" of 1971 is one of these impressive films Martino has contributed to Italian Horror's most original sub-genre, and another proof that the man is a master of atmosphere, style and suspense. My personal favorite of the Martino films I've seen so far is still the insanely brilliant ""Your Vice Is A Locked Room And Only I Have The Key"" of 1972, followed by ""Torso"" (1973) and ""The Strange Vice Of Mrs Wardh"" (1971), all of which I personally like even more than this one. That's purely a matter of personal taste, however, as ""La Coda Dello Scorpione"" is an equally excellent film that is essential for every fan of Italian Horror cinema and suspense in general.<br /><br />The film, which delivers tantalizing suspense from the very beginning has a complex and gripping plot that begins with the mysterious demise of a millionaire who has died in a plane crash. Insurance investigator Peter Lynch (George Hilton) is assigned to verify the circumstances the insurance company which is due to pay a large sum to the deceased man's wife. Soon after Lynch begins to investigate, a person is brutally killed, which is just the beginning of a series of murders...<br /><br />""The Case of the Scorpion's Tail"" excellently delivers all the elements a great Giallo needs. The film is stunningly suspenseful from the beginning, the score by Bruno Nicolai is brilliant, the plot is wonderfully convoluted, and the killer's identity remains a mystery until the end. Regular Giallo leading-man George Hilton once again delivers an excellent performance in the lead. Sexy Anita Strindberg is absolutely ravishing in the female lead. The includes the great Luigi Pistilli, one of the most brilliant regulars of Italian genre-cinema of the 60s and 70s, and Alberto De Mendoza, another great actor who should be familiar to any lover of Italian cinema. Athens, where most of the film takes place, is actually a great setting for a Giallo. The atmosphere is constantly gripping, and the photography great, and Bruno Nicolai's ingenious score makes the suspense even more intense. Long story short: ""La Coda Dello Scorpione"" is another excellent Giallo from Sergio Martino and an absolute must-see for any lover of the sub-genre! Stylish, suspenseful, and great in all regards!"
tt0067328,"I gave this movie a very fair chance, and it betrayed me. This is very little more than a black and white excuse to bore the hell out of the audience even as the egotist Bogdanavich (who did way better with TARGETS) gets ""great performances"" out of a ton of hams in their debuts. Lots of teenage sex clichés come out of this movie, such as Doing the Teacher's Wife, Impotence, Doing the Ugly Prostitute(which is very awkwardly shot and grinds things to a complete halt, not that things were really going anywhere anyway) and skinny dipping.<br /><br />I suppose this movie is supposed to be funny because of all the sex nonsense, to me, it was just annoying. I was seriously much more entertained by cleaning my finger nails than watching this mess."
tt0068509,"I went to see this movie at our college theater thirty years ago because I liked Bruce Dern in Silent Running and Family Plot. To this day (sorry Jack Nicholson), it is still the dullest movie I've ever seen. It just went on and on with no discernible point and then - it just ended. The lights came up and I watched everyone looking around in confusion. Had the projectionist missed a reel? I've never had the urge to find out. All I remember about the movie is that it was a non-drama about some annoying college basketball players and their coach. The most enjoyable part of the movie was watching the totally mystified audience afterwords. Fortunately, this was just an exception for Jack, Bruce, and Karen Black."
tt0071003,"""Kolchak: the Night Stalker"" is a hugely entertaining TV series in which a pushy, sarcastic, forty-something reporter is repeatedly drawn into mortal combat with supernatural (and occasionally extraterrestrial) forces. Based on a very popular pair of TV movies featuring the Kolchak character, this series died a quick death in the mid-1970s due to low ratings, but it nevertheless maintains a strong cult following today. But will the average modern-day viewer be able to dig Kolchak and his weekly clashes with the undead? <br /><br />That's actually a tough question to answer fairly. Detractors of this series tend to argue that it's formulaic and hopelessly dated. On the other hand, fans argue that it's cleverly written, well-acted, and sometimes genuinely spooky. And me? I've got a foot in both camps. I thoroughly enjoyed watching all 20 episodes of Kolchak on DVD recently, though I can plainly see that the series has major flaws.<br /><br />I'll address the question of Kolchak being ""formula"" fiction first. Now, I think we can all agree that most TV shows have formulas - just about every episode of Columbo unfolds according to the same pattern, for example. Repetition is not necessarily a bad thing in itself; in fact, critics have long recognized that audiences often enjoy, and actively seek out, repetitive entertainment. However, the problem with Kolchak is that its formula is simply TOO rigid - it's too repetitive even by the most generous standards.<br /><br />In almost every episode, Kolchak investigates a murder, and figures out that it was committed by some form of monster. He tries to publish a story about said monster, but his editor Vincenzo blocks him, always on the grounds that Kolchak doesn't have sufficient evidence to support his claims that supernatural forces are at work. And, alas, Kolchak is also obstructed by the police. So, in the end, Kolchak does some independent research on the monster, figures out how to kill it... and then kills it. Without ceremony, or reward, or writing a big story about it.<br /><br />You can see where this ever-so-strict formula might get tiresome, right? I'm particularly mystified by Vincenzo - if Kolchak's always raving about monsters, and Vincenzo never believes it... well, then, why doesn't Vincenzo fire Kolchak, or have him committed? That's what any normal boss would do. But the series eschews such realism and prefers to keep Vincenzo and Kolchak as comical antagonists. As a result, many of their scenes together are profoundly unbelievable - though they are also quite funny.<br /><br />The very best episodes of Kolchak manage to vault over the limitations of this formula, however, usually because they contain some kind of unexpected twist. These select episodes are good enough that I think they're largely immune to typical criticisms of the series. Some of my favorites include: <br /><br />Horror in the Heights - an episode that's noteworthy for being grimy, inventive and socially aware. Kolchak's dialog has an unusually sharp and cynical edge. Though it adheres closely to the Kolchak formula, the script (written by Hammer Studios veteran Jimmy Sangster) is remarkably literate, and it delves deeply into the monster's backstory.<br /><br />The Devil's Platform - a possible inspiration for the ""Omen"" films, this episode stands out to me because the villain - a very young Tom Skerritt - tempts Kolchak with a satanic contract full of goodies (and, in so doing, reveals a lot about the reporter's character.) <br /><br />Firefall - this episode appears to have a bad reputation among fans, but I enjoyed it because it's got a great red herring and a really creepy, almost unstoppable-seeming monster.<br /><br />Though I've singled out these three episodes for praise, I'd say that most of the stories are entertaining at the very least. For my money, there are only two complete turkeys in the 20-episode run: Primal Scream, which is about monkey-men running rampant in Chicago, and the Sentry, which features the dumbest-looking creature makeup in the history of filmed entertainment (and this assessment is coming from a lifelong Doctor Who and Godzilla fan!) <br /><br />On balance, then, this is a good series. A little repetitive, a little cheesy perhaps, but it has elements of greatness. Even during the weaker episodes, Darren McGavin's wonderful performance as the caustic, world-weary, endlessly funny Kolchak truly shines. He carries the series effortlessly, in a way that, for example, Sarah Michelle Gellar never managed on ""Buffy."" McGavin was one great character actor, and this series is worth watching for him alone."
tt0071198,"The movie is just as fun as staring at the sun.Sheriff Pataki is a total retard that loves nothing better to do than sit on his fat rear making a smoke ring from his puffy cigars and drinking booze while the doctor acts like a zombie version of Nicholas Cage sucking up all that so called ""Blood"" which in reality seemed like Fruit Punch.<br /><br />Most of all the plotting seemed very horrid to even call this piece of crap a movie.The rest of the characters in this movie are total wastes of time, the ending was awful, the outlines were cheesy, and the scenes were terrible. What else more should I say to you viewers out there? My advice would be to get your Rabies shot if you've already watched the movie. This movie may give you the foam in the mouth if you didn't get your up-to-date shots."
tt0071845,"I first saw this movie back in the 1980's and now in 2006 this movie still is one of the best movies I have ever seen! I would recommend anyone to look at this movie. You will not be sorry. It is well acted out, so real and never a dull moment. The acting is superb and the location makes the movie seem like you are there. From the beginning right up to the end, this movie is the type that makes you lose your attention. The actress does an excellent job of portraying the girl who survived this horrific plane crash in the Amazon and it shows how she managed to survive in the Amazon all alone. It is unbelievable that anyone could survive under such conditions. This is why this movie is so appealing. The fact that this is a true story makes the movie even more interesting and to think that a young girl could survive from this ordeal is overwhelming. I find this movie one that I can watch over and over again and one that I never get tired of. This is indeed quite a compliment as I have hundreds of movies! I would say this is probably my favorite movie and the best I have ever seen!"
tt0072705,"Gritty, dusty western from director Richard Brooks, who seems thoroughly engrossed in the genre while keeping all the usual clichés intact. Early 1900s horse race attracts a low-keyed cowboy (Gene Hackman), a suave gambler (James Coburn), a cocky kid (Jan Michael Vincent), and even a FEMALE (a surprisingly game Candice Bergen). Once the preliminaries are out of the way (with the predictable arguments over whether or not a woman should take part), this becomes a fairly engrossing entry, though one which breaks no new ground (it instead resembles something from Gary Cooper's era). Good-looking, if overlong piece has macho verve and a fine cast, yet the mechanisms of the plot get tiresome rather quickly. ** from ****"
tt0072752,"this one is out there. Not much to say about it except that it deals with a rarely touched topic in films of beastiality. I can see why this film was banned for so long, the topics dealt within the film are still a little taboo for most of the world will say the eroticism in the film is well deserved and fits in with the mood of the film. It's a good film that is well acted and serves a purpose ...to shock the viewer and cross boundaries that we don't see to often in films. I came across this film on the net that I thought I might check out. I enjoyed the film as it is thought provoking and somewhat erotic at the same time. Something you don't rarely see in films today."
tt0073766,"Walter Matthau and George Burns just work so well together. The acidity of Willy with the perplexed amnesic Al is a mixture made in heaven. The scene when they meet again in Willy's flat is a gem and the final scene rounds up the film to perfection. Walter Matthau gives a superb performance as the irascible semi-retired comedian as only he can, the intonation in the voice and the exaggerated dramatics coupled with his general misunderstanding of what is going on form a great characterization. George Burns timing is legendary and nowhere was it better than in this film, his calm aplomb with desert dry replies are memorable. Watch for the scene near the end when Al and his daughter ask something of the Spanish caretaker, and Al's reaction - priceless."
tt0074589,"American icon Henry Fonda portrays ""Elegant"" John Howard, an aging trucker who has had his beloved big rig ""Eleanor"" repossessed after a lengthy hospital stay has forced him to miss his payments. Deciding that he would like to make just one more perfect run, he breaks out of the hospital, steals back Eleanor, and hooks up with old friend Penelope Pearson (Eileen Brennan), who is in need of relocating her troupe of prostitutes.<br /><br />Fondas' wonderful performance is a natural anchor for a film that tugs at the heartstrings as effectively as it tickles the funny bone in the more comedic scenes. A superb cast including Robert Englund, as a reluctant young sidekick, Susan Sarandon (who also gets co-producer credit), and Dub Taylor (a delightful ham, as always, in the most blatantly comedic portion of the picture) helps immeasurably.<br /><br />The ultimately life-affirming nature of the picture and the poignancy of the journey carry incredible weight; this is a picture, that provided you get into it, you can remember long after it's over.<br /><br />The promise of the open road is vividly displayed here; the countryside just looks beautiful. Set to Craig Safans' wonderful music score, it's a remarkable picture in terms of aesthetics.<br /><br />It loses a little something in its final act (the characters played by John Byner and Austin Pendleton are little more than intrusions), but it still maintains its good vibes thanks to the appeal of its central characters.<br /><br />Not at all the exploitation / drive-in schlock picture one might expect from the title (especially its alternate title, ""The Great Smokey Roadblock""), it's a rewarding movie experience that I can recommend without qualms.<br /><br />9/10"
tt0074802,"After seeing a heavily censored version of this movie on television years ago, I was curious to see the unedited version. I was surprised that it was more believable and well acted than I remembered, but one thing really stood out. I think other reviewers have mentioned this also, namely, what exactly is the nature and motivation of the Chris Sarandon character? Has he raped other victims before? Is he completely psychotic or an ""average"" sociopath? How did he expect to get away with his attack on the younger sister? Is this character at all credible, or is it just a matter of more background being necessary? He seems almost simultaneously to be an uncomfortably believable character, and too crazy to actually be able to hold on to a teaching job that puts him in contact with young, vulnerable girls. This seems to to be the biggest complaint of viewers in general. It has nothing to do with his performance, which is terrifyingly convincing.The movie occupies an uneasy position between sheer exploitation and a half way serious treatment of the subject, without quite settling into either mode. Not the worst movie ever made, but not all that good, either."
tt0074811,"Sure, he became rapidly uneven after this film, but from ""Knife In the Water"" up till ""The Tenant"", Roman Polanski could always be counted on to deliver something fascinating and unique. Despite many running themes (alienation, paranoia), no two of his films are really alike. The story of this is somewhat similar to his own ""Repulsion"" from ten years earlier, but the tone is completely different. ""The Tenant"" manages to balance darker than dark absurdity (I'm a bit hesitant on calling it humor, even though the protagonists bizarre behavior and dialog was occasionally funny) with some truly suspenseful paranoia. Polanski was always a master at building unease, and moments in this film are almost unbearably creepy. The overall weirdness of the film is also a plus.<br /><br />In addition to Polanski's exquisite as usual direction, the rest of the cast and crew offer great contributions. Polanski the actor is often overshadowed by Polanski the director, but his performance here truly captures his characters awkwardness and sense of being an outcast. The themes of social discrimination make this film more than just strangeness for the sake of being strange. The rest of the cast offers strong performances also, especially Isabelle Adjani's sympathetic turn, and Melyvn Douglas and Shelley Winters' appropriately annoying ones. ""The Tenant"" is often underrated because of how ready people are to heap praise on both ""Repulsion"" and ""Rosemary's Baby"", but its just as brilliant as either of those classics. (9/10)"
tt0075249,"This is not a good movie. It's disjointed, all the acting is bad, and has a lame story you've seen a thousand times done much better else where. Not to mention you can see every plot point coming from a mile away. Worst of all, no one bothered to tell Lonette Mckee she can't sing. But who cares, she's sooooo damn good looking. But I digress, nothing new here. Bottom-line, hot girl group gets taken advantage of, some one gets hooked on drugs, someone gets hooked on a guy, some one gets the hell out, and then the horrible stuff happens. Surprise, surprise. Welcome to the music business. I can't believe so many people out there think this is a good movie. So many of you seem to want to use a sliding scale when it comes to grading Black Movies. I don't play that! If you want to support these films by going to see them - great! If you enjoyed it - super! To each his own. But don't try to tell me it was good. Pleeeease! I wish colored folks would not fawn over these kind of movies just because they feature black actors. Wanna see a good African-American movie? See Love Jones. Ray. Or The Color Purple. Those would be great movies no matter what the color of the actors skin. Why? Because they told compelling stories with great acting, that made you feel something long after you left the theater. Just because it's our experience does not automatically make it a good film. It's only good -- when it's good. Period."
tt0075265,"Thirty years after its initial release, the third version of ""A Star Is Born"" finally comes to DVD in a package that should please the most devoted fans of Barbra Streisand. That would include me since I just saw her in concert singing among other numbers, the feminist anthem ""Woman in the Moon"" from this 1976 film. Easy to dismiss, the movie's career-polarizing story is such a sturdy pile of Hollywood-style clichés that variations of it exist in other films including Streisand's own ""Funny Girl"". This time reset to the then-contemporary music scene, the timeworn plot follows self-destructive rock star John Norman Howard on his deep-dive career descent just as he meets club singer Esther Hoffman who is awaiting her big break.<br /><br />Troubles dog their courtship from the outset, as John Norman (both names please) responds to grasping fans and bloodless DJs with random acts of violence (from which he inexplicably escapes prosecution). To John Norman, Esther represents his last shot at happiness, and in turn, she is drawn to the innately decent, creative musician underneath the façade. In the movie's most pivotal scene, he gives Esther her big break at a benefit concert, and her career takes off. Inevitably, he can't handle the failure of his career in light of her meteoric success, and if you are familiar with any version of this story, you know the rest. Directed by Frank Pierson (although Streisand's budding directorial talents are obviously on display), the film still manages to draw me in, even though I know it is shamelessly contrived and manipulative. It still has a certain emotional resonance despite its numerous flaws.<br /><br />Although Streisand in her prime seems like the ideal choice to play a rising singing star, her screen persona is simply too strong and predefined to play Esther credibly. The same can be said for her performing style since the script seems to make allowances for her softer Adult Contemporary-oriented material to be accepted within the otherwise hardened world of arena rock. From the moment she pops her head up as the middle of the Oreos, she can't help but come across as an established star. I can forgive the lapse simply because she is an unparalleled vocal talent, but what becomes less forgiving is how she makes Esther more strident than poignant when John Norman's woes become overwhelming. This creates an oddly discomfiting dynamic in the last part of the film when it becomes less about what caused the climactic event than Esther's response to it. This is capped off by an uninterrupted eight-minute close-up of her memorial performance - great except when she regrettably mimics John Norman's style toward the end.<br /><br />Kristofferson, on the other hand, gives a superb performance throughout, managing a level of honesty that grounds the film and makes palpable his concurrent feelings of love, pride and resentment toward Esther. He makes his vodka-soaked onstage growling work within this context. Otherwise, what always strikes me as strange about this version is how all the supporting characters are relegated to the background as if they didn't exist unless they were interacting with the two principals. The only ones who register are Paul Mazursky as John Norman's level-headed manager Brian and Gary Busey as his cynical band manager Bobbie. Veteran cameraman Robert Surtees provides a nice burnish to the cinematography though a level of graininess persists in the print. A big seller in its day, the soundtrack is a hodgepodge of different styles from the 1970's - some songs still quite good (""Everything"", ""Woman in the Moon"", ""Watch Closely Now""), some that have moved to kitsch (""Queen Bee"", Kenny Loggins' ""I Believe in Love"") and of course, the inescapable ""Evergreen"".<br /><br />The print transfer on the 2006 DVD is clean and the sound gratefully crisp thanks to digital remastering. Streisand's participation is the chief lure of the extras beginning with her feature-length commentary. She gives insightful information about the genesis of the film, the casting and the reportedly troubled production. She is also refreshingly candid about the megalomania of Jon Peters, her hairdresser boyfriend who became the movie's producer, and her dissatisfaction with Pierson as a director. I just wish she could have provided more scene-specific comments that directly relate to what is on screen. She also tends to repeat the same anecdotes when the mood strikes her, e.g., it gets tiring to hear for the third time how the person playing the chauffeur was a friend of Peters. I think having a second commentator could have drawn out other nuggets from her.<br /><br />There is a wardrobe test reel that shows some amusing 1970's clothes, especially Kristofferson's mixed-fabric poncho and orange polyester shirt. There are also twelve deleted scenes included with Streisand's optional commentary. One is a comic bread-baking scene which reminded me how much I like Streisand in farcical comedies. Another is an extended scene in which she plays ""Evergreen"" on the guitar in front of an awestruck Kristofferson who then falls asleep. The most interesting is an alternate take on the musical finale incorporating fast cuts, which I agree with Streisand should have been used. Fittingly, the theatrical trailers for all three versions of ""A Star Is Born"" are also included."
tt0076085,"I too was quite astonished to see how few people had voted on this film, and just HAD to write something about it, although my comments are quite similar to those written already.<br /><br />I like many things about the film. The superb acting between Mastroianni & Loren. The way the film is narrated: Humanity and love slowly developing between these two outsiders, and contrasted to the simultaneously & continuously ongoing inhumane marching pace of the fascist radio announcer (who happens to be a colleague of Mastroianni's part)and the adherents ""going to and coming from the show"". To me this is a very fine film about what it is to be human. Maybe some of you would argue that the anti-fascist ""message"" is too clearly delivered, but to me this didn't destroy the film in any way. My vote is 10/10."
tt0076191,"A truly unpleasant film. While Rick Baker's special effects are quite impressive (if stomach-turning), it has no other redeeming features. Like many 70s movies, it leaves you feeling as if you need to take a long shower, and scrub the slime off of yourself. The characters are uniformly unpleasant, and plot makes no sense."
tt0076683,"I have read the book and I must say that this movie stays true to form. I think this is the beginning of the psychological thrillers in the same genre of Psycho. Cristina Raines gives an excellent performance as the lead, and Burgess Meredith gives an excellent supporting actor as the next-door neighbor. I have seen this movie at least twice and I think that I am going to buy both the book and the movie for my collection. The suspense just keeps building up to the climatic end, the twist you will never see coming. If you like movies like Signs and The Village, the Sentinel will be a classic prelude. Also, what is interesting is the actors in the movie-you would not recognize them if you did not read the credits. The late Jerry Orbach is great as the commercial director and Jeff Goldblum is excellent as the photographer. Also there is Beverly D'Angelo, who is underrated but great."
tt0077372,"Mark Hamill should have felt mighty embarrassed with CORVETTE SUMMER! This time, he uses a new kind of ""force"" to regain the possession of his dream machine, a bright red 'Vette. It looks like another sour teen-age flick the first half-hour and does a U-turn in heading for the wrong direction. The writing and directing jobs are dreadfully done, with a few scenes you can't hardly take. You're expecting this to happen anyway, and you're also sniffing the smell of late-70s hodgepodge. Only a former newcomer like Annie Potts would easily steal the show and save this poor movie from the repo creeps! Her impractical but delightful personality holds on to your interest for good, and this is the finest chance to see her in a swimsuit. Hooray for Annie! Sorry, Mark! I guess the Force wasn't with you this time around."
tt0077429,"I remember Devil Dog playing on TBS almost 20 years ago, and my older sister and her friends watching it and laughing all the next day. It's not that bad for a made-for-TV horror movie, but it is derivative (mostly of The Exorcist) and businesslike, for lack of a better word. It won't blow you away with artful cinematography or great acting, but it's not a waste of time, either. It's the kind of movie you watch to kill a couple of hours when you aren't in the mood to think too hard.<br /><br />However, if you go into the movie looking for some laughs, you won't be disappointed. The early scenes, with Lucky the Devil Dog as a cute little puppy with Children of the Damned eyes are hilariously non-threatening, and the climactic blue-screen effects of a giant black dog (with horns!) are pretty side-splitting. And keep an eye out for the cloaked Satanist in Maverick shades toward the beginning.<br /><br />Not a great horror film by any stretch of the imagination, but I wish they still made stuff like this for TV."
tt0077651,"Perhaps one of the most overrated so-called horror classics ever made, Halloween does feature the memorable Michael Myers and some great acting by Jamie Lee Curtis.<br /><br />However, its rewatchability factor is very close to zero, as there is an unforgivable amount of time spent on dullness/culmination to the actual events.<br /><br />This is the sort of movie you can walk away from to microwave popcorn and not miss anything at all.<br /><br />How it spawned so many sequels, I will never comprehend.<br /><br />Thank God Rob Zombie is remaking this. And generally, I hate remakes.<br /><br />Surely he will more than compensate for all the random time-filling gaps with some quirky points of interest that the original severely lacks.<br /><br />This is a movie we feel we have to like, much like the way we're taught that we SHOULD enjoy Dickens.<br /><br />Don't assume this is a classic."
tt0078159,"Has to be one of the worst wastes of 35mm movie film ever unleashed on the public, the sequel to the at least entertaining pseudo-documentary original film ""The Legend of Boggy Creek"". Bad script, worse acting, etc., etc., Dawn Wells had to be hoping that Gilligan would come rescue her and take her back to the island just to escape from this piece of clap-trap."
tt0078865,"As a knowledgeable fan I recommend this film as faithful to the facts and well acted. As an 11 year old living in Istanbul I heard some friends talking about a new music sensation that caused girls to scream. I thought hmmmm, if girls like them, they must be crap. My only records until then were Haley Mills, The Everly Brothers & Ricky Nelson. Soon after while on vacation with the family at a military cafeteria in Ismir I heard a song (which I later learned was 'Love Me Do') and was floored by the difference between it and every song I had ever heard until then. When I heard the 'Meet The Beatles' album of my older brother I was hooked for life. Having read the definitive book of their beginnings (by Davis) I was surprised that this movie followed the facts very well with the exception of leaving out most of the sex and some of the drug use (it did touch on the use of methadrine/dexadrine). >"
tt0079103,"I remember watching this film a while ago and after seeing 3000 miles to Graceland, it all came flooding back. Why this hasn't had a Video or DVD release yet? It's sacrilegious that this majesty of movie making has never been released while other rubbish has been. In fact this is the one John Carpenter film that hasn't been released. In fact i haven't seen it on the TV either since the day i watched it. Kurt Russell was the perfect choice for the role of Elvis. This is definitely a role he was born to play. John carpenter's break from horror brought this gem that i'd love the TV to play again. It is well acted and well performed as far as the singing goes. Belting out most of Elvis's greatest hits with gusto. I think this also was the film that formed the partnership with Russell and Carpenter which made them go on to make a number of great movies (Escape from New York, The Thing, Big trouble in little china, and Escape from L.A. Someone has got to release this before someone does a remake or their own version of his life, which i feel would not only tarnish the king but also ruin the magic that this one has. If this doesn't get released then we are gonna be in Heartbreak Hotel."
tt0079672,"Yesterday, I went to the monthly Antique Flea Market that comes to town. I really have no interest in such things, but I went for the fellowship of friends who do have such an interest. Looking over the hundreds of vendor, passing many of them quickly, I spotted someone selling VHS tapes and DVDs. Most of the films he had on DVD were rather recent; the oldest one I noticed was the 1940 Cary Grant-Irene Dunne co-starrer MY FAVORITE WIFE. But the VHS tapes, by their nature, were mostly older films. I couldn't resist buying SOMETHING since they were being sold at 3 tapes for $10.00. What a bargain, as Eddie Murphy used to say. I came across one film that I had heard about for years but had never seen: John Cassavettes's OPENING NIGHT (1977). Well, I certainly wanted that being a fan of Gena Rowlands, and I had heard that this film contained one of her finest performances. He also had FACES (1968). I had seen this about 20 years ago, a time when I probably had not had enough life experience to appreciate it thoroughly. And I wanted to take advantage of the bargain, so I grabbed that one too. My other choice was CLAIRE'S KNEE (1970). <br /><br />When I got home, I decided to put aside the work I had planned to do so that I could watch OPENING NIGHT. I was totally enthralled by this film. It focuses on Myrtle Gordon (Gena Rowlands), a famous actress of stage and screen, who, during out-of-town previews, is having personal and professional problems coming to terms with both her character and the play's theme of facing aging. After one rehearsal, an avid fan and autograph hound accosts her with cries (and tears) of ""I love you! I love you!"" A few minutes later, this fan is hit by a car and killed. This begins Myrtle's descent into herself where she must face her own fears of aging, the future of her career as a mature actress, and the inadequacies she finds in the play itself (written by a much older female dramatist, played by Joan Blondell). Throughout the film, she sees the dead girl, an obvious symbol of her past; drinks almost constantly; and receives insincere support from her director (Ben Gazzara), the producer (Paul Stewart), her costar (John Cassavettes himself), and the dramatist. Actually, they're more concerned about how her behavior will affect them and their careers: flubbing lines on stage, improvising new lines, generally cracking up on stage, and arriving for the Broadway opening totally drunk. <br /><br />This story functions not only to address the issues of aging but also to promote Cassavettes's displeasure with mainstream movie-making. As I watched the film, I was at times surprised, confused, amused, disparaging, but ultimately involved, entertained, and satisfied. Cassavettes really had a great sense of humor, cared very much that his audience understood what he was implying, and wanted them to be emotionally involved in the story. He makes allusions to ALL ABOUT EVE with the use of the avid theater fan, even dressing the young girl in a slicker and hat similar to the one worn by Anne Baxter at the beginning of that film. This allusion functions most obviously to support his aging theme, the contrast of the older and younger woman. He also obviously uses the contrast as a symbol for Myrtle's confronting her own lost youth. At first, I felt the symbolism was TOO obvious, but then I realized that that was Cassavettes's intention. He doesn't want his audience misunderstanding what he's getting at; if they did, it would interfere with their emotional involvement. This spectre of youth haunts Myrtle, attacks her, and wants to destroy her. Myrtle eventually ""kills"" her, but before she can really come to terms with herself and the play, she must reach bottom (another figurative death?). So Cassavettes has her get so drunk that she can't walk and must crawl to her dressing room the night the play opens on Broadway. She resurrects herself (helping yourself out of such situations is also important to the film's theme) and makes the play a success by giving a great performance and changing the direction of play for the better by improvising so that it contains some ray of hope for the aging character she's playing. These scenes are funny and interesting. Cassavettes and Rowlands actually did the play in front of live audiences, who did and did not know they were going to be part of a movie. The play they're doing also acts as contrast: it's mainstream and self-serious about the issues it addresses, that is, until Myrtle changes its denouement. In doing so, she also improves the work of her co-stars. The natural evolution of interaction (achieved through improvisation)between and among human beings, subjective realism, and universal truth - these were Cassavettes's concerns in making films. <br /><br />Gena Rowlands is amazing throughout. Of course, she has that great face, and Cassavettes (notoriously in love with her throughout their marriage) treats us to numerous closeups of it so that we too can feel her emotions and that we know what's going on inside of her. She makes you care so much about this character that you want to see her work her way out of this crisis of the soul. And this is what holds your attention for the 2 hours and 30 minutes running time. The film is deliberately paced at times and requires constant attention, but anyone with interest in good film-making and great acting will be rewarded. Someone else said that this is a movie for people who love movies. All others be forewarned. <br /><br />Seek out OPENING NIGHT if you've never seen it. Everyone in it is excellent, and it's one of Cassavettes's best films."
tt0079813,"This film is a jolt of punk rock fun, from start to finish. The Ramones, reigning princes of late-70s Punk rock, appear as themselves. PJ Soles stars as Riff Randle, the rebellious high school girl who lives and breathes rock 'n roll. Riff is obsessed with writing songs for the Ramones, her favorite rock band. She keeps the school rockin', and encourages her fellow-students to join her in her jubilant antics.<br /><br />Meanwhile the school that Riff attends, has just hired a brand-new Principal, named Ms. Togar. She's a tall, intimidating Amazon of a woman. And she vows to make the students 'toe-the-line'. She even has a couple of the students act as monitors, who report back to her with dirt on their classmates. Ms. Togar is especially determined to nab Riff, and put a stop to Riff's anarchic shenanigans. But Riff has clever ways to foil Togar, at every turn.<br /><br />Kudos to the superb performance of Mary Woronov, in her role as Principal Togar. Mary is a legendary B movie actress. And in this film, she plays the fascist Ms. Togar, with sneering relish. PJ Soles as Riff, turns in an electrifying performance. Clint Howard as the duplicitous Eaglebauer, has lots of fun with his role.<br /><br />The Ramones perform many of their hit songs in this film. And so the viewer sees why the Ramones were so influential, in the 70s Punk rock scene. Certainly, this is a good film for Ramones fans. But even if you're not into the Ramones, or Punk rock, this movie is a terrific blast (literally) of energetic fun."
tt0080469,"One of my best films ever, maybe because i was well into the punk scene in the late 70s and went to many of hazels concerts, but the film was a good story line and very good acting by hazel and a up and coming Phil Daniels not sure about his latest project Eastenders !! excellent performance by lots of unknown actors who if you keep your eyes peeled will see them in many of the UK soaps today exp: Carver out of the Bill, the more i watch it the more of them i spot, well if you have not seen it yet have a night in with the video, don't forget to dig out the safety pin for your nose and heavy black eye makeup and shave your head Mochanian style....Enjoy"
tt0080596,"""the day time ended"" is an incredible picture. in some ways, it's better than ""close encounters of the third kind."" (i prefer cheesy independent flicks to big budget spectaculars.) the special effects ARE cheesy, but that's a big part of the fun. jim davis gives an excellent performance in this film. it's probably one of the best roles he ever had in a feature. the musical score is very good. the story DOESN'T make sense. BUT THAT ONLY MAKES IT ALL THE MORE INTRIGUING. like many of the best works of art, ""the day time ended"" isn't afraid to be subtle and ambiguous. ""the day time ended"" may be a low budget indie film, but it isn't too much of a stretch to compare it with the ""existential"" European films of the fifties and sixties. (many of which were low budget independent productions themselves.)"
tt0080731,"I actually saw this movie in the theater back in it's original release. It was painful to watch Peter Sellers embarrass himself so badly. The story was incredibly lame and difficult to follow, and the ending was ridiculous. It was just sad to see how the mighty had fallen. I won't say that I'm a huge Peter Sellers fan, but I did thoroughly enjoy the Pink Panther series and I felt that he gave a strong performance in Being There. But this film should never have been made. From what I've read, he pursued producing this film against the advice of the people around him. Fine, but that still doesn't excuse the studio actually releasing the film."
tt0081793,"I saw mommy...well, she wasn't exactly kissing Santa Clause; he has his hand on her thigh and wicked thoughts in mind.<br /><br />This was enough to emotionally scar a young boy who wanted to believe. He grew up to be a bitter man who was upset at the quality of the toys being made, and the lack of Christmas spirit.<br /><br />Expecting a real slasher flick, I was very disappointed that less than a handful of people dies, and there was no nudity at all. What a bummer.<br /><br />I wanted to like this flick, but it was just too slow and really didn't have a good script. I didn't expect great acting, but I sure wanted some action. There just wasn't any."
tt0082116,"Time travel is a fun concept, and this film gives it a different slant. I got a kick out of Captain Billingham, one of the more down-to-earth characters, who was just not having a good day. Ordinarily, I don't choose to watch horror films, but this is an exception. Good story, excellent acting."
tt0083146,"I am very surprised to see such a high rating for this film, and of the few reviews that there are to be positive. I saw the movie and was pretty dissapointed. I didn't find it very enjoyable at all. It was slow, and lacks the entertainment value. Even the murder scenes are lackluster, with real close-up shots of generic stabbings that don't look good at all. And the supposed great twist ending is really not much, I did see it coming, and then the ending just seemed cliche. This movie may not get much mention, but by the little that it does get, it is overrated. I would not recommend this movie."
tt0084021,"The tenuous connection between this film and the first Grease is established right at the beginning of the film when Didi Conn one of four cast members repeating their roles approaches young Maxwell Caulfield who is a British exchange student. Although in the previous film Olivia Newton St. John's foreign speech pattern is not explained, it's explained here Caulfield is her cousin. What's Conn still doing in school, I guess she just likes hanging around Rydell High even though now she's a beautician.<br /><br />Caulfield's a smart kid, so of course the hood types led by Adrian Zmed have him labeled as a nerd. And that's especially bad when Zmed's girl friend decides she likes Caulfield. But being a nerd just isn't going to cut it.<br /><br />That's when Caulfield decides to put on a modern day Zorro act. He gets a junked bicycle and puts it back together and teaches himself to ride. He gets himself a leather biker outfit with a set of goggles to hide his face. If getting Michelle Pheiffer is not in the cards, Caulfield won't have any trouble making friends at any gay male leather bar the way he's outfitted.<br /><br />Grease 2 introduced Michelle Pheiffer and Maxwell Caulfield and started them on the successful career paths both have enjoyed. If you saw the first Grease film, a much better film, than you definitely have an idea how this film will turn out.<br /><br />In addition to Conn, Eve Arden, Sid Caesar, and Dody Goodman, all faculty members from the original Grease return in their roles. The music score isn't remotely as good as the songs that come from the original.<br /><br />It's not that Grease 2 is bad, it's just not all that great."
tt0085037,"This has to be the best adaptation I have seen it's my favourite and I think it stays very close to the book.What really makes this a must see though is the casting of the two lead actors.The wonderful Timothy Dalton is the best Rochester I have seen on screen brooding and tragic,while Zelah Clarke is the perfect combination of strength,courage,shyness and gentleness as Jane. The story(as i'm sure most people know)is this,the young and plain Jane Eyre is a teacher at a charity school for girls in the 1800's who advertises her services as a governess in the newspapers.She is offered the post of governess at the big mansion Thornfield Hall to tutor Adele the young ward of the halls mysterious and respected owner Mr Rochester. As the months go on he falls in love with Jane and puts into effect a few situations to try and see if Jane is as madly in love with him as he is with her.However there is a secret still waiting to be discovered at Thornfield Hall and when it is it's effects are devastating.This is a moving and well acted drama with nice locations and gorgeous costumes plus as I said earlier excellent acting especially from Zelah and Timothy."
tt0085112,"A wonderful television mini-series completely ruined by a 45-year old woman trying desperately to pass herself off as a 16-year old ingenue! No exaggeration - that's the ACTUAL age of the character played by Ali MacGraw when the film opens just prior to the surprise attack at Pearl Harbor. This TV mini-series really is the most classic example of the title of this post and one I refer to whenever the topic comes up.<br /><br />That alone makes this completely unwatchable, despite the fact it's one of the best filmed WWII 'global' dramas TV has ever produced. If you have the stomach - or a decent fast-forward ability - you might be able to enjoy the late Robert Mitchum in a very strong performance. <br /><br />I'm stunned at some of the comments referring to the love story (pun intended). Did they watch the film with their eyes closed? Or are they aging boomers who never cease to amaze me with their ""selective memories"" and ""selective vision"". I'm a Boomer myself so don't think for a second I'm some hubristic young punk. 45 WILL ALWAYS LOOK 45. Get used to it. Deal with it. Age gracefully damnit.<br /><br />The Winds Of War could have been... so good. How much more would we be talking about this mini-series today, some 25 years later, had an ACTUAL ingenue been cast in such an important & critical role? Right now, with the constant haggard old biddy distraction, that alone cancels out most of the wonderful aspects of The Winds Of War."
tt0086762,"The only redeeming quality of this overlong miscast melodrama is the scenery of southern France and the voice of Nana Mascouri singing the theme song. Stephanie Powers is miscast and betrayed by a phony accent. As has been pointed out, she is too old to play an 18 year old and looks far too young as a grandmother with a college age granddaughter? Lee Remick is good although she also is ageless in her later years. The talented Joanna Lumley is under utilized and also manages to look forever young when her middle aged son (Robert Urich) finally marries Grandma Stephanie Powers. Stacey Keach's ceaseless arrogance makes you wonder what these women saw in him. Don't know how any viewer could relate to his excessive portrayal? The most credible performance is given by Ian Richardson, who makes the rest of the cast look like rank amateurs. It strains credulity that the handsome male suitors in this epic would remain ever single while they patiently await the subject of their affections to finally consent to accept them. Can anybody believe that handsome Robert Urich would remain single for decades waiting for Stephanie Powers to finally accept his endless marriage proposals? The WW2 engagement between the Wehrmacht and the Marquis is laughable. To begin with, the Germans did not occupy the Provence section of France until late in the war, it was controlled by the Vichy French puppet government. We see the French resistance staging a daylight raid on Mistral's villa to steal sheets after which they all lounge under a bridge waiting for a lumbering truckload of Nazi troops to surprise and annihilate them? If you want to see a well acted mini-series set in a foreign country, don't watch Mistral's Daughter. A far better alternative would be The Thorn Birds."
tt0086967,"I was always curious about this film because it is so tough to find, so when I stumbled upon it on Ebay I forked over the $10 and bought it, now I understand why its so rare! This film is SO bad, so terribly written and hopelessly low budget that the ending credits, which show all of the cut scenes where they fumbled their lines, are literally the movie's highlight. The film is about a psychic (Pettyjohn, cast for one obvious reason, her topless scene) whom uses her powers with an experimental machine to pull objects from another dimension into this reality. When she pulls in some kind of box like object the military nonchalantly throws it into the open back of a truck with one soldier to guard it, and gee, what do you know? SURPRISE! A kid in a foam-rubber monster costume pops out, instantly kills the soldier with a scratch across his face, then escapes to a nearby city. But rather than deploy half the armed forces of the county to find it and protect the public those in charge just leave it up to Pettyjohn and Ray to find it on their own, but no matter, this movie blows all its credibility LONG before then. This barely escapes being voted a 1 by me only because of unintentional laughs, somebody needs to alert the producers of ""Mystery Science Theater 3000"" if they don't know about it already! 2 out 10, really, REALLY bad!"
tt0087127,"I don't recall walking out of a movie theater except this once. Not only that, but I was with 7 friends, and we all wanted to go. An uninteresting plot, characters made of clay, violence with no point. I didn't care when the good guys died; I didn't care when the bad guys got it. The fantasy and magic was laid on thick as liver pudding and there was no coherency. In short, fine entertainment if you happen to be spending an eternity in Hell."
tt0087499,"You can never have seen either film and still know that The Jerk Too is a disaster. The question is not, ""How did it get made,"" because if you throw money at anyone and tell them to make a film, they will do so.<br /><br />No. The question is ""Why, oh why, did Steve Martin allow it to be made?"" I think he needed the money to fight a nuisance lawsuit and was determined it not cost him anything. He knew the sequel was going to be so frightful, that out of pride, he wouldn't even count it's royalties as income. <br /><br />The only way this sequel could not be an embarrassment is to have had Carl Gottlieb and Steve Martin revive the nation's favorite poor black family.<br /><br />And ""dcreasy2001"" (aka Mark Blankfield?): It's just transparently obvious that you worked on this film in some sad capacity, and the only way you can feel better about your involvement is to be the sequel's lone cheerleader as an IMDb user comment. I was praying for you to veer over into satire, but alas, you were really making an effort at spin. Why not 10 stars?"
tt0087507,"Just like wine, ""Johnny Dangerously"" gets better and better with every day. This clever, witty, well-acted film could very well stand on its own - but as a parody of the gangster genre, it's truly outstanding. In fact, it's quite obviously the best film of its kind... the funniest spoof of mob movies and even the respective period - although, admittedly, this position is probably easier to achieve when its main competitors are such primitive, vulgar and dull pseudocomedies as ""Jane Austen's Mafia""."
tt0087803,"I am a massive fan of the book and Orwell is certainly my favourite writer ever since studying Animal Farm at GCSE. I bought the DVD out of sheer curiosity, Burton is an actor I hold in high regard so when I heard that he played the role of O'Brien I was swung.<br /><br />I watched the trailer on the DVD first and some fears started to set in, mostly regarding the frankly terrible ""Theme song"", hearing the Eurythmics mechanically shouting ""1984!"" over and over again to an electronic beat is as bad as it sounds.<br /><br />The acting on a whole is pretty good, Burton and Hurt play their roles well and the tension that exists in the Ministry of Truth towards the end can be felt, especially in the harrowing Room 101 scene. However this is also where the movie is let down. The movie spends too much time focusing on the Love affair between Winston and Julia, which frankly isn't what Orwell was writing about. He was writing about a harrowing future, about how Ingsoc build up a mans beliefs and then shatter them all in the name of him being made to love Big Brother. The movie skips over what is essentially the most important part of the book, Winstons coming to terms with his position in life and the world, and his re-education via O'Brien.<br /><br />The comment on IMDb at the moment states that the movie sticks to the book is completely incorrect. Julia is not present when Winston visits O'Brien, they do not commit themselves to Goldstien's Brotherhood and confess their crimes. There is no obvious mention of the initial instances where Winston finds the article with the Unpersons but it does get mentioned near the end, if you have not read the book it is completely confusing.<br /><br />A terrible screenplay, which some excellent acting cannot rescue. Michael Radford seems to have completely missed the point Orwell was trying to make, and the electronica sound track is frankly terrible."
tt0089308,"to be honest, i didn't watch all of the original 'howling', but those scenes i saw made it obvious that the first howling was a great movie. so great, that seven horrible sequels had to be made. they started off with ""Howling II: Your Sister Is A Werewolf"". i got this movie on VHS from my uncle sometime ago when he was giving away a bunch of old movies he bought back when Atari was brand new. i just watched it last night, and it wasn't really BAD, it was just weird. i mean, the whole thing with Sybil Danning going three-way with two of her werewolf minions was just out of place and quite disturbing (but kinda hot), Christopher lee about to stab a dead karen as if she's a vampire, etc. actually, this movie was actually like some sort of mish-mash of Dracula and The Lost Boys...except with werewolves, because everything Christopher Lee (whom played Dracula himself) was saying about werewolves pretty much ripped off from every other vampire movie (stake in the heart, garlic, the creature of the night must die AT NIGHT, and the ruler of werewolves lives in TRANSYLVANIA). not much for the acting, but the worst of it came from Annie McEnroe. i swear, at some point in the film i found myself rooting for the werewolves to rip her throat out, because that damn throat always had to say SOMETHING. Anyway, the plot is pretty silly and clichéd, so there's no real point in telling you, you could just read about it on Wikipedia. By the way, the thing that really makes me nauseous about this movie is the fact that it's the ONLY film out of all the seven sequels thats related in any way to the original (not counting Howling IV (1988), which was a remake of the original, or in other words, a sequel based on the same novel). so don't see this movie. there's no real horror, hardly any werewolves, and just horrible special fx. 3/10"
tt0089880,"By rights, there should never have been a ""First Blood Part II"". The original script for ""First Blood"" had John Rambo committing suicide at the end of the film, but this was changed to allow him to live, not because the producers wanted to make a sequel but because test audiences found the original ending too depressing. Nevertheless, someone obviously thought that the character was too good to waste, because he ended up as the hero of two more films in the eighties, plus the recently released fourth instalment.<br /><br />The official title of this film was ""Rambo: First Blood Part II"", but it is more commonly known simply as ""Rambo"". It starts with the title character in jail, where he is presumably expiating the crimes he committed in ""First Blood"", although this is never made too explicit. He is removed from prison by his former commanding officer, Colonel Trautman, for a secret mission. Rambo is to return to Vietnam to investigate reports that American POWs are still being held captive by the Communist regime. He is under strict instructions not to attempt to rescue any prisoners or to engage the enemy; his is to be simply a fact-finding mission.<br /><br />What Rambo does not realise is that he is being set up, not by Trautman, who is portrayed as brave, honourable and incorruptible, but by the organiser of the mission, a military bureaucrat named Murdock. Murdock intends that the mission will prove that there are no American prisoners in Vietnam, partly because that will improve relationships between the American and Vietnamese governments, partly because it will make his own life easier. Unfortunately for Murdock, Rambo discovers that not only are Americans still being held prisoner, they are also being kept in hellish conditions. Of course, he is far too much of a hero to leave them to their fate, and tries to rescue them. The rest of the film is more or less one long battle between Rambo and a few allies (including a beautiful Vietnamese girl) and the evil commie soldiers and their Russian allies. Most of the evil commies, of course, end up dead, although I was surprised to learn from your ""trivia"" section that the total death toll was as low as 67. At times it seemed as though Rambo was trying to wipe out the entire Vietnamese army.<br /><br />The tone of this film is very different from the first. In ""First Blood"" Rambo was unquestionably a criminal, even though his responsibility for his crimes was lessened by severe provocation and by his mental instability. In ""Rambo"" he is a bona fide all-American hero. A few years earlier the director, George Pan Cosmatos, had made ""The Cassandra Crossing"", a biased piece of left-wing anti-American propaganda. Cosmatos, however, was nothing if not versatile, and ""Rambo"" proves that he could also turn his hand to biased right-wing pro-American propaganda. The one thing the two films have in common is that both are laughably bad.<br /><br />""First Blood"" had its faults, but it also had its virtues. Its stance, that the anti-war movement was partly to blame for the problems faced by Vietnam vets in readjusting to civilian life, was a controversial one, but at least the film was trying to make a statement about war, social attitudes to war, and the roots of violence in society. ""Rambo"", by contrast, has very few virtues, except that the action sequences are well enough done to please those who like that sort of thing. It is essentially a sort of jingoistic revenge fantasy for those Americans who were still sore about the Vietnam war. Rambo re-fights the war single-handed, and this time the right side wins. Take that, Charlie Cong! <br /><br />By this point, no doubt, the film's admirers (and there seem to be plenty- more than 2,000 voters have already given it ten stars) will have concluded that I am a liberal commie-loving pinko. Far from it- in fact, I have always despised Communism as a pernicious ideology. What I dislike about the film is not its politics but its lack of subtlety and its suggestion that the solution to all problems, including ideological disputes, is to go in with all guns blazing and to try and kill as many people as possible. It makes no attempt to understand the political complexities of South-East Asia or why not everyone in the region was pro-American. For all its anti-Communism, the film is the sort of moronic sledgehammer propaganda that the Communists were very good at churning out themselves- except that they attributed all the world's problems to Capitalism, or Imperialism, or Revisionism, or whatever other ism they had taken a dislike to. Compared to ""Rambo"", ""The Green Berets"" was a masterly piece of political analysis. 3/10"
tt0091024,"Farrah Fawcett is superb in this powerful 1986 drama, where she plays Marjorie, a woman who manages to escape the clutches of a would-be rapist. Well done to Farrah for being a Golden Globe 'Best Actress' nominee.<br /><br />When her rapist Joe (terrifically played by James Russo) comes into her home, which she shares with her two roommates (who are conveniently out!), Marjorie has to play along with Joe's frightening demands. It does make for some disturbing and shocking images!<br /><br />When her roommates come home, they are astounded (to say the least) by Marjorie's actions, and a great performance by Alfre Woodard who desperately tries to convince Marjorie to do the right thing and turn him into the police, makes the film even more nail-biting.<br /><br />I do find Diana Scarwid quite irritating, but when Joe finally admits that he came there to kill them all, it makes the film a very emotional piece of drama indeed.<br /><br />Overall, Extremities is a brilliantly thought-out and well-acted movie and I must have watched it hundreds of time by now! Well done to everybody involved."
tt0091065,"I only today, picked this up at the 99 cents only store today, and I still think I got ripped off. ""Dream to Believe"" is a pretty boring and unrealistic gymnastics drama and $1 is just too freakin' expensive for this. This film is probably only notable for 2 things: 1. It has a young Keanu Reeves. And 2. It's directed by Paul Lynch, the man who also did Promo Night. Now onto the movie. <br /><br />It's about a girl named Robin (Played by Olivia D'Abo) who is badly injured from a car accident that also cost her father's life. So the accident prevents her from competing in gymnastic tournaments, she is often picked on during her classes and eventually she meets some wild kid named Tommy (Played by Keanu.) Robin, when not in training, works part-time, along with her mother and stepsister, at a Laundromat owned by her abusive stepfather. Eventually she is chosen to compete. <br /><br />Overall, Keanu alone and some catchy 80s tunes are what prevent me from giving this 1 star, and it's also not one of the worst movies ever, but still far from good. The DVD itself is not getting any medals either as it appears to be sourced from an old VHS and towards the end, the sound goes out of sync and when the end credits are almost over, it fades to black, even though sound can still be heard. So this can probably be passed as a bootleg. The DVD artwork makes no sense either as it has what appears to be recent photos of Keanu and Olivia and the background has nothing to do with the movie, as it's also not in the movie itself, so the cover's obviously photoshopped. In any case, avoid at all costs, unless you're a Keanu fanatic. I probably won't be hanging to it any longer. I'm probably gonna give it to The Cinema Snob, who's a great YT critic btw. Hey, if any of you have any crappy movies that they no longer want in their sight, feel free to donate to him to keep his show running."
tt0091129,"I am guessing the reason this movie did so well at the box office is of course Eddie Murphy. I think this was his first movie since ""Beverly Hills Cop"" so at the time he was hot. Considering that one made over two hundred million and it was R and this one made about 80 million and it was pg does say it was not all that popular. I have never been a big Eddie Murphy fan, so that is probably another reason I didn't care for it much at all. This one has Eddie as some sort of finder of lost kids. He must find the golden child or the world is in terrible peril. The plot is very bad, but as bad as it is it does not compare to the special effects. I had seen better stuff done in the 70's than some of the stuff this one offers, Ray Harryhausen did better stuff. Still the main reason you see a movie like this is because of Eddie, unfortunately he is not very funny in this one at all and it just seems stupid to put him in the ""Raiders of the Lost Ark"" type scenes. I guess they were hoping for a fish out of water effect, but to me it just did not work."
tt0091631,"Nightmare Weekend is proof positive that some people are so desperate to be 'in the movies' they are prepared to do almost anything.<br /><br />I'm not referring to the countless women who seem quite happy to appear completely starkers in this dreadful piece of trash (after all, the naked female form is a beautiful thing and nothing to be ashamed of). No...I'm talking about those who are more than willing to co-star with a badly made hand-puppet called George. Now that is embarrassing!!!<br /><br />A bio-electronic being created by brilliant scientist Edward Brake (Wellington Meffert), George (who looks like a demented felt clown with green wool for hair) is the artificially intelligent interface for an advanced computer system that operates a revolutionary device (a silver sphere about the size of a golf ball) that, when ingested, can reverse character disorders.<br /><br />Edward's personality altering experiments have been successful on lab animals, but the cautious scientist is reluctant to carry out tests on human subjects, fearing that there may still be side effects. His evil assistant Julie (Debbie Laster), however, has no such qualms, and proceeds to use three beautiful young women as guinea pigs. Inevitably, they all turn into hideous killer mutants.<br /><br />With bargain basement special effects, a cast totally devoid of talent, and a plot that is almost impossible to follow (I took notes as I watched the film, and even then I am not entirely convinced that my synopsis is accurate), Nightmare Weekend is a complete and utter disaster that not even several soft-core sex scenes and a touch of gore can rescue.<br /><br />This film also features one of the most irritating characters I have ever seen in a horror movie: Tony (Bruce Morton), a Walkman wearing idiot who bops away to crap 80s music in a manner that makes me look like Justin Timberlake in comparison."
tt0091859,"I can just about understand why some people might wish to stress this film's link with the Eighties but I really wouldn't say it's an accurate depiction of most peoples' lives in that era - even on the poorest Bradford estates. It is however typical of the blunt agitprop rubbish the dear old Royal Court Theatre was churning out at that time. Plenty of 'right-on' artistry for small, small audiences but enough well-connected backslapping to ensure future commissions for turgid playrights. IThe simple fact is that if you want to reflect upon truer common experience you'll find millions more nodding in knowing agreement to love and live as depicted in 'Gregory's Girl'. <br /><br />I would be tempted to call this a 'kitchen sink' drama but that would be doing a great disservice to the plumbing industry. However, as far as having a decent script is concerned, this film is indeed all washed up. For some reason it has accrued an odd following amongst Guardian reading film-goers - I can only assume they get a visual frisson out of pretending to slum it. Steer clear my friends. It is a poor film with a poor script that likes to think it is breaking boundaries by adding humorous insights into grim life on the estates. it isn't..but it is grim. Do the washing up instead."
tt0091920,"I actually prefer Robin Williams in his more serious roles (e.g. Good Will Hunting, The Fisher King, The World According to Garp). These are my favorite Robin Williams movies. But Seize the Day, although well-acted, is one of the worst movies I've ever seen and certainly the worst Robin Williams movie (even worse than Death to Smoochy, Club Paradise, and Alladin on Ice).<br /><br />Every good story is going to have its ups and downs. This movie, however, is one giant down. I don't need a feel-good Hollywood cheese-fest, but I've got to have something other than 90 minutes of complete and utter hopelessness. This movie reminds me of ""Love Liza"" (which is actually worse) because it seems that the only point of the movie is to see how far one person can fall. The answer? Who cares."
tt0092656,"terribly underrated with matt dillon and tom skerritt, good backdrop for solid story and some memorable lines, well acted and well cast, tommy lee jones and bruce dern make you hate them with passion"
tt0093176,"Prom Night 2 is an OK horror movie but prom night is way better and this movies about how the prom Queen Mary Lou in 1957 gets killed by her boyfriend and comes back 30 years later for revenge.The best actor in this movie is Micheal Ironside and the movie stars other OK actors and actress like Justin Louis (I),Wendy Lyon,Lisa Schrage and Richard Monette(I).And there are some good gore scenes like when Mary Lou kills the girl that is trying to hide in her locker by crushing the lockers together and how one of the students are on the computer and Mary Lou electrocutes him to death.Over all this is an OK/good horror movie and my rating is 4 out of 10."
tt0093181,"Diego Armando Maradona had been sixteen years of age in 1978 when Argentina won the World Cup at home. He was already the biggest star, and the greatest player in a country obsessed with football. Everybody had begged Cesar Luis Menotti to play the boy genius, but the manager thought that he was not yet ready.<br /><br />History records that Argentina won the 1978 World Cup fairly convincingly - they hadn't really needed Maradona. The same was not true in 1982. Spain was a catalogue of disaster for Argentina. Menotti - still chain smoking - played Diego this time, but the occasion was too much for such a temperamental boy. Maradona had signed for Barcelona on June 4 1982 for around $7 million - nine days later he played his first game at the Camp Nou and Belgium beat Argentina one-nil. It was not an auspicious debut, and even though he scored twice against Hungary in the next match, Maradona will remember the mundial as the site of his nadir - a crude, petulant foul on Brazil's Batista in the Second Round that abruptly ended his tournament and Argentina's reign as world champions.<br /><br />But now that was all behind him. Maradona had muddled his way through some crazy times at Barca, and left in 1984 to join Napoli. It was as if he was finally home. The Neapolitan tifosi had done everything to entice Maradona to poor, underachieving Napoli. Gifts from old women and pocket money from young boys nestled uncomfortably with the Camorra's millions as part of the transfer fee, and the city was determined to make him feel at home. So, for the time being at least, Maradona was El Rey - he brought his Argentine side to Mexico as one of the favourites, and with a new manager - Carlos Bilardo replacing Menotti.<br /><br />Maradona is the hero of this story, a one-man World Cup winning machine. In 1982, hundreds of young men had died in a pointless battle for the Falkland Isles; now the British press yearned for a rematch (with the same result) in Mexico City. Maradona was still regarded with distinction in England, remembered more for a superb performance in Britain during a 1980 tour than for Spain. But he was still an Argie: the enemy.<br /><br />England actually started well, and Lineker could have scored after only twelve minutes. A key event happened on 8 minutes. Fenwick, the big and limited English defender, was booked - he was now terrified of making any challenges around the penalty area.<br /><br />After a tense first 45 minutes, the second half started with a bang. Maradona danced forward after 50 minutes, but could find no way through. Similarly Valdano's attempt hit only white shirts. Then the moment of infamy that serves as Diego's epitaph. Hodge bizarrely hooked the ball back into his own penalty area, Shilton hurriedly jumped to claim - but there was Maradona, somehow rising above the English goalkeeper to thrust the ball into the net. How had he done it? Simple: handball.<br /><br />The most famous foul in football history passed in near slow motion. Every spectator waited for Mr Al-Sharif of Syria to blow for the foul (he didn't). Shilton looked and appealed to the linesman - he ran back to the centre circle. Unless he assassinates the Pope, or becomes the first man to step foot on Mars, when the great man dies this moment will be shown first - in long, lingering, slow motion, followed by the look of glee on his face. The next image will be his next gift to the world - the World Cup's finest goal.<br /><br />Burruchaga stroked the ball to Maradona who was ambling around on the right hand side of his own half. He span, and accelerated away from Beardsley and Reid. This was the real Diego - he burst through Butcher and attacked Fenwick. Fenwick now had the opportunity to stop the attack. Normally, he would have aimed his boot somewhere near Maradona's thigh - sure he would have picked up a red card, but who cares? Then Fenwick had a brainwave - he hesitated, and decided to run at Maradona waving his arms - perhaps he was trying to put him off? Diego shot into the box as Fenwick fell over. Butcher had been running alongside the genius as if he was offering encouragement. Shilton charged out in panic, and Maradona twisted around him and prepared to score. Now Butcher remembered his role and tried to cripple the Argentinean - instead he gave extra impetus to the shot, which smashed into the goal. England were coming home.<br /><br />During this magical Mexican summer, the world had found a successor for Pele. In fact the greatest ever footballer had been surpassed - Pele had been superb in 1958 and 1970, but had had great players all around him. Maradona did not. 1986 was his World Cup."
tt0093565,"Ok, first the good: Cher's performance and the cinematography. Although I'm no Cher fan, she gives an excellent performance and her part was well written. The cinematography was well done and captures a sense of romance.<br /><br />The Rest: a thin plotline, Nicholas Cage's performance, and a totally unhumorous and weak attempt to portray an Italian-American family from New York. Firstly, everytime time Cage opened his mouth I cringed. I don't know what kind of accent he was trying use. I honestly don't, it sure wasnt any New York or Italian accent I've ever heard. It was quite surreal. And it wasn't because I'm some stickler for accuracy, his voice just cloyed in my ears. And I like Nicholas Cage in other performances. Secondly, and this is purely anecdotal, but I have many Italian relations, friends and acquaintances in New York City, and frankly I've gotten more laughs and felt more joy in the appreciation of the Italian ethnic family by far than this movie provided. And that would be on a boring night at the house. What a let down."
tt0093582,"An excellent performance by Alix Elias highlights an otherwise mis-directed and confused pile of dreck. I have seen this movie, perhaps 12 times, and with each run through, I find less and less pleasure. Why are Munchies so lustful? Is that ever explained? Are they a reflection of our wanton, boorish 'animal selves?' If they are, why not make it more obvious? Why not peal back just a touch of the subtlety that plagues this movie, and make that connection explicit? Another part of this movie that bothers me to no end - motorcycles. The jacket the little monster wears on the front cover seems to suggest 'street-wise' traveler. The sun glasses say 'pretty cool dude.' With all this I'm ready for Easy Rider meets the Muppets. All I get is Munchies (1987). What gives? Stick to the Gremlins series if you're a fan of diminutive, wise-cracking, reptile puppets - it'll give you the treatment you deserve."
tt0093629,"what kind of sh*t is this? Power rangers vs Freddy? It was watchable and as good as the first film in the beginning but from the part where the protagonists get super powers in theirs dreams, it started to become childish. This sh*t should have been rated PG or PG-13 rather than R. I expected to see some very mature stuff but it was only for the 1/3 of the film. The rest are for little kids. Plus it's focused too much on Christianity. I know Freddy's a demon but there are many religions that have different ways to fight demons. Why does it always have to be Christianity? This is total Orientalism and filled with white men/westerner's superiority. Don't' watch this, show it to little kids who loves power rangers."
tt0093894,"Why didn't Dynamo have any pants?! Where did they go?? It was never explained. That's why this movie was so awesome. Plus Starsky gave his kids the AIDS!!!! Great acting too. Richard Dawson deserved to win Best Supporting Actor! A I D S My favorite line from the movie was ""That hit the spot"" A I D S. This movie was for the ""birds"". I tried to give this movie the ""stinkeye"" but it continued playing. What am I doing wrong???!!!! I thought the ""HATEBOAT"" was funnnny lol ;) I would like that for a show. Why wasn't Dynamo wearing pants. I know his arm WAS skewered but... What's up with those crazy futur nets. Why didn't that family feud guy Ray Combs get a net?? He could have used one. AIDSSSSS"
tt0094868,"The film portrays France's unresolved problems with its colonial legacy in Western (Francophone) Africa through the befuddled and complex psychoanalytical prism of a young woman, France (herein symbolically representing her nation). It is an often engaging and challenging portrait of a young woman's desire to come to terms with a traumatic moment in her past, in particular, and a nation's desire to reach out to the 'other' it once 'owned' and moulded. This is reflected in the way in which it centres entirely around the notion of travelling (or being in transit) from the present to the past; remembered realities to undeniable contemporary political and economic actualities.<br /><br />The characters all play a symbolic, albeit a limited and unconvincing role. France, meant to be a visual as well as a totemic representation of contemporary French society, leaves one indifferent to her plight as she seems still to be imbued with the same naiveté she enjoyed as a child-in fact as a child she seems more in possession of her reality. The rest of the rag-tag ensemble is just forgettable. The black Africans are, to say the least, offencive impressionistic portraits of former colonised peoples now colonised by the director's poor handling of her material. They are no more than a dark and moribund backdrop against which the blythe-like France wonders seeking a world she never knew, and hoping for one that can never be found in Cameroon."
tt0096046,"Falls into the film category of ""Way too ridiculous in the dialogue and execution departments to be taken seriously"". Whereas Shriek If You Know What I Did Last Friday the Thirteenth or My Boyfriend's Back know they are bad, Scarecrows doesn't. Evil Dead set such a high standard for the comedic horror on a budget genre, that Scarecrows is simply out of place. <br /><br />Suspicions of inexperience are immediately at play as there are no hints of noise or vibration in the hull and cockpit of an airborne plane. The repeated display of a picture of 3 men just screams for a story arc, but nothing comes. Although the men are obviously the scarecrows, there is no explanation.<br /><br />Knowing this film is too serious for it's own good may produce some grins. I don't recall if Joe Bob Briggs ever previewed Scarecrows, but I believe that he wouldn't stoop this low. However, with an IMDb rating of over 6, there are many people that disagree."
tt0096073,"The movie confuses religious ethics and ideals so much that it fails to create coherent argument against the death penalty on any level. By presenting the lawful execution of a convicted murder as the catalyst for the apocalyptic end of mankind the movie elevates a parent killer to the status of martyr for Christ. Somehow, according to the plot, god is outraged that society has chosen to rid it's self of a fanatic who killed his own parents by starting them on fire while they slept defenselessly in their beds. Yet this same god has no indignation for the acts of the killer. The lead character, an nonreligious pregnant suicidal woman, ultimately gives her own life in a defiant but implausible attempt to unsuccessfully save this convicted killer. In other threads of the underdeveloped plot Jesus comes back as a powerless and frustrated vagabond to symbolically unleash the wrath of God. The modern lackluster incarnation of Christ not just dehumanizes him but mocks the messianic ideal of all religions as well. He is unable to affect humanity for good and unemotionally skates the edges of life waiting for mankind to destroy it's self. Meanwhile, with little help from Jesus the mentally unstable pregnant woman finds herself with the ability to reincarnate herself into her newly born soulless child which somehow saves all of mankind from the wrath of the almighty. I also interpreted that as a statement in support of abortion on some levels. This movie which attempts to weave many religious themes into a thriller fails to make any religious point that I could clearly interpret except to mock people's beliefs. It raises many questions that it never even attempts to answer. It disregards the religious values of its audience while attempting to portray an asinine version of their fulfillment. Silly"
tt0096453,"There are many different versions of this one floating around, so make sure you can locate one of the unrated copies, otherwise some gore and one scene of nudity might be missing. Some versions also omit most of the opening sequence and other bits here and there. The cut I saw has the on-screen title WITCHCRAFT: EVIL ENCOUNTERS and was released by Shriek Show, who maintain the original US release title WITCHERY for the DVD release. It's a nice-looking print and seems to have all of the footage, but has some cropping/aspect ratio issues. In Italy, it was released as LA CASA 4 (WITCHCRAFT). The first two LA CASA releases were actually the first two EVIL DEAD films (retitled) and the third LA CASA was another film by the same production company (Filmirage), which is best known here in America as GHOSTHOUSE. To make matters even more confusing, WITCHERY was also released elsewhere as GHOSTHOUSE 2. Except in Germany, where GHOSTHOUSE 2 is actually THE OGRE: DEMONS 3. OK, I better just shut up now. I'm starting to confuse myself!<br /><br />Regardless of the title, this is a very hit-or-miss horror effort. Some of it is good, some of it isn't. I actually was into this film for the first half or so, but toward the end it became a senseless mess. A large, vacant hotel located on an island about 50 miles from Boston is the setting, as various people get picked off one-by-one by a German- speaking witch (Hildegard Knef). Photographer Gary (David Hasselhoff), who wants to capture ""Witch Light,"" and his virginal writer girlfriend (Leslie Cumming), who is studying witchcraft, are shacking up at the hotel without permission. Along comes real estate agent Jerry (Rick Farnsworth), who's showing off the property to potential buyers Rose (Annie Ross) and Freddie (Robert Champagne) Brooks. Also tagging along are their children; pregnant grown daughter Jane (Linda Blair) and very young son Tommy (Michael Manchester), as well as oversexed architect Linda Sullivan (Catherine Hickland - Hasselhoff's wife at the time). Once everyone is inside, their boat driver is killed (hung) and the boat disappears, so they find themselves trapped and basically at the mercy of the ""Lady in Black.""<br /><br />So what can you expect to find here? Plenty of unpleasantries! One of the characters has their lips sewn shut and is then hung upside down in the fireplace and accidentally slow-roasted by the rest of the cast. There's also a crucifixion, witches eating a dead baby, a swordfish through the head, someone set on fire, a possession, a Sesame Street tape recorder, the virgin getting raped by some demon, a guys veins bulging and exploding thanks to voodoo doll pokes and some other stuff. From a technical standpoint, it's a nice-looking film with pretty good cinematography, a decent score and good gore effects. The hotel/island setting is also pretty nice. Blair (particularly at the end) and Ross both seem like they're having fun and Knef is great as the evil witch. Even though people like to ridicule Hasselhoff these days, he's not bad in his role, either.<br /><br />On the down side, despite all the gore, the film seems somewhat dull and it gets monotonous after about an hour. The supernatural themes are muddled and confusing, too. When characters are being swept into the witches lair to be tortured and killed, the filmmakers unwisely decided to superimpose the screaming actors over some silly looking red spiral vortex effect that looks supremely cheesy. And the witch lair itself is vacant and cheaply designed with unfinished lumber. And while most of the cast is at least decent, a few of the performances (particularly the ""actress"" who plays Hasselhoff's girlfriend and the kid) are so bad they're constantly distracting."
tt0096511,"Although the likeliness of someone focusing on THIS comment among the other 80+ for this movie is low, I feel that I have to say something about this one. I am not the kind of movie-watcher who pays attention to production value, thought-provoking dialog, or brilliant acting & directing. However, I claim that this movie sucks. I don't know why I don't like it... I mean it has almost everything i want out of a horror movie: blood, outrageousness, unintentional humor, etc. According to this evidence it should be my favorite. Still, Zombi 3 is a baaad movie.<br /><br />There are just too many things that compels you to yell at the screen. Like when the girl leaves the army guy when their car breaks down to find water (this spoils nothing so don't worry). She walks into what I see as an abandoned hotel or something. Did she not see that there was a friggin' lake in the middle of the building??? Yes she's looking for water and passes up a lake. Why? Cuz she wants to know why the people (who aren't there cuz the place is abandoned) won't answer her when she calls out: ""Is anybody there?"" Oh this is just a little, insignificant piece of the big picture I'm painting.<br /><br />There is a reason, though, why I gave this film more than 1 star. It's one of those movies where if you forget how bad it really is, like I have a few times, you'll want to watch it again because it's just so over-the-top in every aspect. I called it blood in the first paragraph, but this movie has no blood, it has an ocean of gore. Also, it has pretty weird creatures in it as well: a zombie-baby (with an adult-size hand???) and a magically flying head to name just two.<br /><br />You know when you try to think of the worst and cheesiest movies ever made and you come up with '50's sci-fi movies? I believe that Zombi 3 and movies like it should top those. It has all the elements: scientists arguing with the government, warnings of the apocalypse on the radio, armies battling monsters, and so on. This IS the Plan 9 of the '80's! While I won't say that this is a waste of money if you want to buy it, just expect the very worst. And when you find out that expecting the worst is underestimating Zombi 3, it won't be all that bad. You might actually like it, I'm not saying that's impossible.<br /><br />Don't think I hate this movie, I don't... really. Oh, P.S. Killing Birds (aka Zombie 5) rules! (did I just blow my credibility?)"
tt0096870,"...okay, maybe not all of it. Lured by the false promise of bikini-clad women on the movie's cover...but the HORROR...THE HORROR... ...whatever you do, do NOT watch this movie. Gouge out your eyes, repeatedly bash your skull in...do what it takes. Never again--never forget!<br /><br />"
tt0097029,"Wow! I remember so many awful films that loosely revolved around high school from the early 1980s. They usually had someincredibly strained plot and lots of 27 year old actors pretending to be students. As I watched this film I felt a little of the nostalgia of growing up in the 1980s. However, then I find out that this film was made in 1989? Say what! Well, the nostalgia factor ends right there, this is just bad. The plot has the city preparing to close a high school and threatening to bus all of the students to inner city high schools. Which is odd, in that the students at this school are both wealthy and abundant. In fact, the main character lives in a mansion. Makes you wonder how they cannot find money to keep this school alive, have they never heard of property taxes. Oh, but here is the kicker. The school board says that they will keep the school alive, if the students can raise $200,000. So the seniors go about doing this. Hmmm, you raise $200,000 but instead of saving that for college, you put it towards saving the high school that you are a Senior in? And why exactly would they close an overpopulated school before the year is out? And...ahh forget it, this film was stupid and made in 1989!?"
tt0097211,"Action. Comedy. Suspense. This movie has it all.<br /><br />The Plot goes that 4 would be professional thieves are invited to take part in a heist in a small town in Montana. every type of crime movie archetype character is here. Frank, the master mind. Carlos, the weapons expert. Max, the explosives expert. Nick, the safe cracker and Ray, the car man. Unfortunately for Frank, he is apprehended by 2 bumbling detectives ( portrayed very well by Ed O'Niel and Daniel Roebuck ) that have been chasing him from New Jersey write after he sends out the letters to the other 4.<br /><br />Our 4 characters meet up at the train station and from the beginning none of them like or trust one another. Added to the mix is the fact that Frank is gone and they are not sure why they have called together.<br /><br />Now Frank is being taken back to New Jersey by the 2 detectives but soon escapes on foot and tries to make his way back to the guys who are having all sorts of problems of their own.<br /><br />Truly a great film loaded with laughs and great acting. Just an overall good movie for anyone looking for a laugh or something a little different"
tt0097371,"In the first one it was mainly giant rats, but there were some wasps and a giant chicken too. This one, however, is just giant rats period, well giant rats and one really growing little boy. This one is about this growing boy and a scientist that is trying to help him so he accidentally creates giant killer rats...you know how it is. This movie has some kills and its moments, but I find it to be on par with the original, I just prefer some variety in my giant creature movies. Well, that is not true...I actually like ""Empire of the Ants"", maybe I just do not care for giant rodents. All in all a rather drab movie though it does have one rather odd turn of events in this one dream sequence that is truly bizarre. I just can't recommend this one."
tt0097937,"The most important thing about this movie is the brilliant performance by Daniel Day-Lewis and Hugh O'Conor as Christy Brown, guineas artist and fighter who despite of her physical condition overcame all the odds. As a person who did work with patients with cerebral palsy, I can assure you that their performance were shockingly convincing. The enormous support that Christy got form his family, low-income, working class Dubliners, encouraged him to do the impossible and this picture depicted this support brilliantly have not read the book, but the dialogs were written wisely to capture Christy Brown's witty arrogant personality. I do recommend this movie to everyone, especially to classic movie-lovers."
tt0098061,"Anna (Charlotte Burke) develops a strange fever that causes her to pass out and drift off into a world of her own creation. A bleak world she drew with a sad little boy as the inhabitant of an old dumpy house in the middle of a lonely field. Lacking in detail, much like any child drawing the house and it's inhabitant Marc (who can't walk because Anna didn't draw him any legs) are inhabitants of this purgatory/limbo world. Anna begins visiting the boy and the house more frequently trying to figure what's what and in the process tries to help save the boy, but her fever is making it harder for her to wake up each time and may not only kill her, but trap her and Marc there forever.<br /><br />Wow! Is a good word to sum up Bernard Rose's brilliantly haunting and poetic Paperhouse. A film that is so simple that it's damn near impossible to explain and impossible to forget. While you may find this puppy in your horror section it's anything but. It's more of a serious fantasy, expertly directed, and exceptionally well acted by it's cast, in particular Charlotte Burke and Elliot Speirs (Marc). And yet, it's not a children's movie either, but meant to make us remember those carefree days of old that are now just dark memories. Rose creates a rich tapestry of moody ambiance that creates a thrilling backdrop for the brilliant story and great actors to play with. Paperhouse stays away from trying to explain it's more dreamy qualities and leaves most things to the viewers imagination. There's much symbolism and ambiguity here to sink your teeth into. Paperhouse enjoys playing games with the viewers mind, engrossing you with it's very own sense of reasoning. As the story unfolded I was again and again impressed at just how powerful the film managed to be up to the finale which left me with a smile on my face and a tear in my eye.<br /><br />Bernard Rose's visuals are brilliant here. He's able to create an unnervingly bleak atmosphere that appears simple on the surface, but as a whole is much greater than the sum of it's parts. The acting is of young Charlotte Burke in this, her feature debut, is a truly impressing as well. Unfortunately she's not graced the screen since. A much deserved Burnout Central award only seems proper for that performance. Toward the end the movie lags a bit here and there, but I was easily able to overlook it. I wished they had took a darker turn creating a far more powerful finale that would have proved to be all the more unnerving and truly riveting in retrospect. The movie as is, is still one for the books and deserves to be seen by any serious film lover. It's a poetic ride told through the innocent eyes of a child, a powerful film in which much is left to be pondered and far more to be praised."
tt0098084,"""Pet Sematary"" succeeds on two major situations. First, it's a scary Horror movie. Those that just aren't produced in these days. Second, it's an emotional, clever movie overall. So if you are looking for chills, scares, creepiness and visually stunning settings, great acting, dialongs, and gruesome effects; this is the movie you are looking for. A classic now and truly a must see for any Horror fan. <br /><br />Probably, the best adaptation to any of King's novels. The events feel a little rushed compared with the novel, but that doesn't means that this underrated movie isn't a complete Horror/Drama accomplishment. <br /><br />Stephen King's novel is widely known for being very emotional and gruesome at the same time. The movie captures the same feeling mainly because there's a great character development and you can feel the loving relationship between it's members. Then, when everything seems to be happiness (technically happy, because the title ""Pet Sematary"" does not offers appiness!) a tragic event changes the movie's atmosphere, now it turns very dark. The movie has a sinister feeling since the opening credits, but after Gage is killed the movie becomes sad, gray, creepy. Dealing with the loss of a baby son is something that can ruin a family's entire life, and ""Pet Sematary"" proves it dramatically. <br /><br />The legend behind the pet sematary is more than a myth that no one wants to experience, but sadness and desperation lead an emotionally destroyed father to give it a shot. Sadly enough, the legend comes true and baby Gage returns from the dead. The previous encounter with the pet sematary legend turned out to be a tragedy but this time it's something much, much worse. What will happened with the lives of our All American family? Could Pascow prevent this tragedy? What is it with the surreal nightmares? <br /><br />Watch ""Pet Sematary"" to witness one of the most touching, emotional Horror movies of recent times. You won't regret. The acting is very good although I didn't dig the actor who portrayed the father. He didn't seem disturbed enough when the situations asked for his desperation. But that's just my opinion. Denise Crosby truly delivered a great performance and worked perfect as the noble, tender mother. Baby Gage was amazing even on his creepy parts. *Shivers*. Overall this is a great classic of all time and a disturbing movie that touches people's deepest fears... the loss of someone you love, the dead returning to life, and a feeling of desperation.<br /><br />Something is for sure... I don't wanna be buried, in a pet sematary!!"
tt0098525,"This movie is like the material S.E. Hinton was writing in the 1970s and Copola was adapting to the screen in the early 80s, and, had Trueblood actually been a product of either, the results might've been much better (especially in the acting department). Instead, we get a rather so-bad-its-funny piece of mediocrity.<br /><br />Jeff Fahey plays Ray Trueblood, a former street rumbler, I suppose is the accurate description. This was in the days of action movies that used guys in their 40s and mid30s and dressed them up in greaser threads or some kind of more effeminate selection of gang garb and they fought to lousy 80s music. Nonetheless, Ray is the lone caretaker of his younger brother, Donny (Chad Lowe in a part where he screams a lot), who he is forced to leave behind inexplicably in a train station when, on the run from the cops, he is nabbed and forced to serve time in the Marines. Flash forward to present day and Ray is back in town and looking for his brother who has also become part of the street gangs, although in a gang that was Ray's adversary and now old scores must be violently settled (and again, cops must be dodged and this time, a lady's honor defended in the action film sense) before Ray can carry on life at normal pace with his brother, Donny.<br /><br />For the most part, the film is quite ridiculous. For me, most of this has to do with far too much overacting, although not by Fahey or Sherlyn Fenn who plays the waitress he befriends. The guys in the gang and Lowe himself seem to do quite a bit of needless exaggerated as New York street toughs. Although, the bigger hang up is recycled plot lines and perhaps a kind of movie that was well past its prime as a product of 1989."
tt0098672,"Whilst I have loved haunted house movies such as Amityville and Poltergeist, this made for TV adaption of Susan Hills book packs a huge punch on the horrors of Hollywood.<br /><br />With a brilliant cast (many of which star in Heartbeat and other TV dramas), great acting, and fantastic setting (which portrays 1920's life convincingly), it has all the right ingredients to entice the viewer into what is a powerful ghost story.<br /><br />Herbert Wise did not need blood, violence, or gore to send chills down the spines of an audience. Using your own imagination, the Woman In Black is a figure of fear and dread, and whose presence is never absent once she first appears.<br /><br />The main character Arthur Kidd, a solicitor, learns about his unseen spectre on his mission to settle the estate. The widow dies and Arthur spends few nights inside her dreary home in which he notices many oddities, which may haunt him for some days. Some of the scenes are very unsettling and claustrophobic, particularly the locked room which opens itself, which turns the generator off and closes Arthur in darkness. The film becomes more harrowing the more you put yourself in Arthurs shoes, and his efforts to shake this ghost off. The writer puts many chilling additions into the story, an example being the tin soldier's re-appearance. One is eager to learn the meaning of it all. The fact we never really learn that much about the widow, leaves more to the imagination and makes it all the more unsettling.<br /><br />The widow for the most part, looks vicious and intimidating. The scene after winding the generator sent the chills down me, a woman who appears out of nowhere on isolated marshy land with a howling wind  having been on such properties myself I can appreciate how isolating this is. And the scene in the inn was perhaps the most horrible things I've seen, one I don't wish to watch in a hurry or show to elderly relatives. I have often woken up at night thinking she was behind me in my sleep.<br /><br />The Woman In Black is a great TV movie and a lost gem. I agree to some extent the Internet hype for this film has been totally overblown and can see why people were disappointed after spending the best of £50 on it, but I think the net has defeated hidden gems because it makes films like these over-exposed. I think it's still brilliant and fantastically acted and I consider it the greatest ghost story of the last century."
tt0099173,"I felt brain dead, I'll tell you. This is the worst film I have ever bought. (in my ignorance I thought this was the Peter Jackson film of the same name). The performances are so terrible they are laughable. The special effects have not stood the test of time and look dire. The script promotes that kind of TV movie, stare into the middle distance kind of acting. The cast look as if they have been taking lessons from Joey Tribbiani, they have one look each, and stick to it. Plus I have never been confused by a movie until I sat down to watch this. The is it a dream or no plot is so terrible that frustration sets in within a few minutes. Avoid like a plague."
tt0099422,"At the time I am writing this I see out of over 15,000 votes it has a 5.8 rating. Something is wrong with that picture. Personally I give it a 10. I can see a 7 at the lowest or a possible 8 if it was rated by people that see this movie for what it truly is. It is a movie based on a comic book hero. This movie won more than it's share of awards. Won 3 Oscars. Another 5 wins & 26 nominations .... right there tells me it's better than a 5.8. Some great acting from some very good actors, some great special effects and in my opinion will be if not already a classic for years to come. If you're looking for pure entertainment be sure to check out Dick Tracy. Definitely a movie you can watch more than a few times. Al Pacino is great as Big Boy Caprice."
tt0100201,"Not really a big box office draw, but I was pleasently surprised<br /><br />with this movie. James ""I did some things to Farrah Fawcett"" Orr <br /><br />co-wrote and directed this movie about an ordinary, average guy<br /><br />named Larry Burrows who thinks his life would have been<br /><br />incredibly different if he hit a homerun at a key baseball game<br /><br />when he was 15. But thanks to mysterious and magical bartender<br /><br />Mike, Larry gets his wish, yet soon realizes that his new life<br /><br />isn't exactly as he hoped it would be.<br /><br />I must say, this movie really impressed me. Critics have given<br /><br />it mixed, and I must say the concept is really interesting and<br /><br />pulled off well. Yes, it is a little standard, but packs enough<br /><br />funny moments, drama and excellent acting to make it really<br /><br />good. James Belushi (I think) was Oscar worthy for his role. Jon<br /><br />Lovitz is perfect, and Linda Hamilton plus Renee Russo shine in<br /><br />their roles. Michael Caine is perfect as the bartender. It's<br /><br />just a good movie with a good lesson. If you've never seen, I<br /><br />highly recommend you check"
tt0100666,"This movie is to Halloween what the hilarious ""Christmas Story"" is to Christmas: both are relatively low-budget, no-big-name-stars type films...and both are two of the absolute greatest and funniest movies available, both seasonal CLASSICS!!! ""Spaced Invaders"" comes galloping out right from the start with warmth and humor and a superb cast of characters...all five goofy Martians, Klembecker the Realtor, Russell the deputy, Vern at the ""fuel dispensing depot"" and so many more! You just have to see this movie to believe it, and, like ""Christmas Story"", it just keeps getting better and better with each viewing, and you pick up on fun little things each time!! MOST DEFINITELY A TEN!!!"
tt0101368,"A young scientist is trying to carry on his dead father's work on limb regeneration.His overbearing mother has convinced him that he murdered his own father and is monitoring his progress for her own evil purposes.A young doctor uses reptilian DNA he extracts from a large creature and when his arm is conveniently ripped off a few minutes later,he injects himself with his formula and grows a new murderous arm...Admittedly the special effects in ""Severed Ties"" are pretty good and grotesque,but the rest of the film is awful.The severed arm is behaving like a snake and kills few people.Big deal.The acting is mediocre and the climax is silly.3 out of 10."
tt0101625,"This movie has an all star cast, John Candy, Richard Lewis, Ornella Mutti, Cybill Shepard, and Jim Belushi to name a few, run amuck in Monte Carlo, as well as some other beautiful European locations, and is very funny. The trouble that everyone gets in when they lie to protect themselves is great, and I highly recommend that you see this movie, it is well worth it! John Candy is in top form in Once Upon A Crime, as is everyone else! If you and your family are looking for a great family film, this is your ticket. Everyone gives stellar performances, great acting, great comedy, and great timing, which is rare in movies these days. Great plot, great mystery, (which I love anyways) and overall, well worth the money you spend on it. So get the kids, grab some popcorn, juice, or tea, or sodas, and enjoy the show!!!!"
tt0102048,"David Mamet is a very interesting and a very un-equal director. His first movie 'House of Games' was the one I liked best, and it set a series of films with characters whose perspective of life changes as they get into complicated situations, and so does the perspective of the viewer.<br /><br />So is 'Homicide' which from the title tries to set the mind of the viewer to the usual crime drama. The principal characters are two cops, one Jewish and one Irish who deal with a racially charged area. The murder of an old Jewish shop owner who proves to be an ancient veteran of the Israeli Independence war triggers the Jewish identity in the mind and heart of the Jewish detective.<br /><br />This is were the flaws of the film are the more obvious. The process of awakening is theatrical and hard to believe, the group of Jewish militants is operatic, and the way the detective eventually walks to the final violent confrontation is pathetic. The end of the film itself is Mamet-like smart, but disappoints from a human emotional perspective.<br /><br />Joe Mantegna and William Macy give strong performances, but the flaws of the story are too evident to be easily compensated."
tt0102585,"If you are hoping for ANYTHING new, you have chosen the wrong movie. Who can think that a movie that is a virtual replay of it's predeccesors can be good. Maybe the producer and maybe the director but hopefully they were not serious when they made this THING. This whole movie is like making a greatest hits DVD of the 1st 3 films, but changing the actors. BHHAAAAD."
tt0102690,"The only reason to see this movie is for a brilliant performance by Thom-Adcox Hernandez who is underused in the movie within the movie. As usual Tom Villard is good, too. Otherwise it's c**p. The possesor doesn't even exist how does he magically change the letters on the theatre marquee to spell out ""The Possessor""? Lame."
tt0102800,"From the start I knew I would be in for the best movie watching experience of my life. The idea of two giant robots, manned by brilliant humans, fighting each other for control of the world was the most intense and well thought of plot I have ever experienced. I can't even begin to describe the brilliant acting and well written script. Let's just just say it compares to both Lord of Rings pictures , combined. The Academy had a grave oversight in not celebrating the joy that is.....ROBOT JOX."
tt0104808,"The supernatural, vengeful police officer is back for a third installment, this time acting as guardian angel for a wrongfully accused female cop. Standard stalk and slash picture, yet well acted and directed, thus making it oddly interesting and watchable, though the violence isn't for the squeamish (especially the director's cut which was originally given an ""NC-17"" rating).<br /><br />*1/2 out of ****"
tt0106669,"<br /><br />I am a big-time horror/sci-fi fan regardless of budget, but after watching countless horror movies late night on cable and video, this has to be the worst of all movies. With bloody special effects (what looked like a roast covered in fake blood or ketchup that kept being shown over and over again) and people running around screaming from left, then to right, then back again. It should have stayed with the beginning convenience store scene and stopped there and been 15 minutes. Instead, it is dragged out very long. It is very, very x5 low budget. Many scenes were way, way too long. Narrator sounded very amateurish like a random person out of junior high was talking. This is the only movie to rate lower in my opinion than Manos, Red Zone Cuba, Benji,and Godzilla vs. megalon despite their higher budgets. 10 snoozes, try to stay awake through whole movie in one setting or better yet, avoid it like you would an undead brain-eating mob. The Why-Did-I-Ever-See-This-Piece-Of-Zombie-Dung-Blues. Epitome of nauseatingly bad made movies etc..ad infinitum. -infinity/10"
tt0106753,"Always enjoy the great acting of Drew Barrymore and her great performance in this film, where she plays a very very complicated young gal,(Holly Gooding),""Skipped Parts"",2000, who leaves New York and travels to California and shares an apartment with a up and coming writer, George Newbern,(Patrick Highsmith),""Far Harbor"",'96. Many strange things start to happen to Holly and she seeks to find her brother in a mental institution after he killed her father. If you look close enough you will actually see the mother of Drew Barrymore in real life appear as her mother in this picture. If it was not for the good acting of Drew Barrymore and George Newbern, this film should be seen only on Halloween Night! However, it sure has it's surprises in the END!!!!"
tt0106983,"Imagine a woman alone in a house for forty five minutes in which absolutely nothing happens. Then this goes on twice more. The writing is flat and lifeless, and jokes unfunny, and the bad acting keeps you from caring about any of the characters, even when they battle wolf packs and get beaten up by fraternity goons. Anyone that ranked this movie higher than a two is not fully sane."
tt0114658,"From the What Was She Thinking? file: Whoopi Goldberg plays a cop in the future who is teamed with a talking dinosaur (!) for a crime case involving a madman who wants to start another ice-age. Straight-to-tape oddity is embarrassing and ridiculous, a high-concept in search of itself. Apparently this was a labor of love for its writer-director, Jonathan Betuel (who also served as one of the producers); sadly, the end results are anemic, to be charitable. Goldberg's mere presence on-screen can often spark good will and laughter no matter how poor the script, but here she's drowning and you can see the unfunny results. NO STARS from ****"
tt0114746,"Twelve Monkeys is an insane time-travelling, action packed movie that stars Bruce Willis who plays James Cole, a man who is sent back in time to collect information about the devastating plague that ensues in November of 1996. Unfortunately, he is sent back too far to the year 1990 where everyone believes that he is insane.<br /><br />This movie is thrilling and has great acting performances from Bruce Willis, Brad Pitt and Madeleine Stowe. Twelve monkeys is one of the greatest time travelling movies that I believe anybody can enjoy. Terry Gilliam has created a true masterpiece<br /><br />10/10"
tt0115994,"Proof that not everything Tarantino touches turns to gold. This is most definitely plastic, all the way. Its easy to see that without Quentin's involvement this would have probably sat on the shelf for years, that's assuming it would have ever got produced in the first place. It is about a woman with a fascination of death who gets a job cleaning up after crime scenes, Angela Jones is unconvincing in this role, William Baldwin is better as the Serial Killer who keeps Jones in employment!. All in all pretty poor."
tt0116756,"If you are a fan of really bad movies, and you think there funny, you will the great acting of Shaq. First off putting pro players in movies hardly ever works. Shaq had to of been the worst actor i have ever seen next to Dennis Rodman who also made a few bad movies. Well any way this movie is also bad due to the hideous kid. I would give this a zero but that is impossible."
tt0116885,"I usually steer clear of TV movies because of the many ways you know that it's TV movies five seconds into the picture. This one got my attention because of the unusual title and its gloomy, well-crafted mood that is established from the very start. While the ever present rain confirmed my suspicions of a misplaced story (even if claiming to be set in California the movie was largely shot around a stormy Vancouver, B.C.), the dark and oppressive outdoors beautifully complement Olmos' excellent acting."
tt0117283,The Pallbearer is a disappointment and at times extremely boring with a love story that just doesn't work partly with the casting of Gwyneth Paltrow (Julie). Gwyneth Paltrow walks through the entire film with a confused look on her face and its hard to tell what David Schwimmer even sees in her.<br /><br />However The Pallbearer at times is funny particularly the church scene and the group scenes with his friends are a laugh but that's basically it. Watch The Pallbearer for those scenes only and fast forward the rest. Trust me you aren't missing much.
tt0117382,"Three part ""horror"" film with some guy in a boarded up house imploring the viewer not to go ""out there"" and (unfortunately) gives us three tales to prove why.<br /><br />The first story involves a young couple in a car accident who meet up with two psychos. It leads up to two totally predictable twists. Still, it's quick (about 15 minutes), violent, well-acted and well-done. Predictable but enjoyable.<br /><br />The second involves a man on the run after stealing a large amount of money. His car breaks down, he's attacked by a dog and stumbles into a nearby clinic. VERY obvious, badly done and extremely slow. Even at 30 minutes this is too long. Good acting though.<br /><br />The third is just barely a horror story. It involves a beautiful, lonely woman looking for Mr. Right. It has beautiful set designs, a nice erotic feel and a nice sex scene. But (again) predictable and not even remotely scary.<br /><br />It ends very stupidly.<br /><br />All in all, the first one is worth watching, but that's it. Tune in for that one then turn it off."
tt0117894,"You'll notice that the chemist, who appears in two scenes and gets to speak, is played by Stephen King. ""Don't give up your day job"" is the standard thing to say, but that's not fair. King acquits himself reasonably well: he's no worse than any other member of the cast, and better than most. The story, on the other hand, is pure rubbish. Please, give up your day job.<br /><br />Never have I seen so many dreadful performances - of which the lead actor's (the LEAD ACTOR'S!) is probably the worst - gathered together in the one film. Everyone acts hammily, but not in any entertaining way; they all somehow manage to go over-the-top without expending, or manifesting, energy. I blame screenwriter/director Tom Holland. It can't be that ALL the actors are REALLY this bad. What are the odds against that? Admittedly, I've never heard of any of them before, but still, I don't think I could walk into a talent agency and walk out with this many bad performers if I tried: ONE actor, despite my best efforts, would turn out to have talent. So what's more likely - that Tom Holland rolled a dozen consecutive snake-eyes, or that he wrote a lousy script and then directed it poorly? That would also explain why actors are bad in direct proportion to their prominence in the script. The more direction an actor got, the worse he performed. (""You want me to bend over like a hunchback, talk from the back of my throat, show all my teeth, and look bored, all at the same time? Okay..."")<br /><br />This theory is confirmed by the fact that Holland undeniably managed to co-write a lousy script. Several writers here have commented on the fact that Billy Halleck is not a likeable character, but that's a misleading way of putting it. He's not a knowable character. All we find out about him before the supernatural stuff starts happening is that he's fat, and that all he can think about is food. (""All I can think about is food,"" he tells us, helpfully.) And in the end...<br /><br />(Sigh) I suppose I ought insert a spoiler warning here...<br /><br />In the end he becomes evil. Why? I can only shrug. Perhaps he's under some kind of enchantment. Yeah, that's probably it. By ""evil"" perhaps I mean ""inexplicable"" - it's not so much badness as a socially undesirable suspension of ordinary means-end psychology. Anyway, his actions at the end make no sense, nobody's actions make much sense, and this is despite the fact that the characters do little but explain their motivation for the benefit of the audience.<br /><br />By the way, here's my nominee for hammiest line/delivery: ""I don't think you'd like it. IN FACT..."" [big dramatic pause] ""...I don't think you'd like it at all."""
tt0118703,"Love it, love it, love it! This is another absolutely superb performance from the Divine Miss M. From the beginning to the end, this is one big treat! Don't rent it- buy it now!"
tt0119196,"I think I've seen all of the Grisham movies now and generally they're all very poor, except for The Rainmaker, but this one is so bad it's unbelievable<br /><br />WARNING SPOILERISH<br /><br />It's one of those movies where the character does the stupid irrational things that no one would ever do. He's a lawyer for Christ's sake. Why when his children go missing does he not call the Police. Oh yes it's because all the Police hate lawyers so they're just ignore him and let him be attacked.<br /><br />When he's arrested for murder they just let him go free, he would be locked up in a cell pending a bail hearing. <br /><br />Why would you drag your kids halfway across the country when you could easily protect them at home.<br /><br />The Police don't bother to try and find an escaped mental patient, they don't bother to interview his daughter.<br /><br />As for the ridiculous ending.<br /><br />In summary, silly, very unrealistic and a complete waste of time.<br /><br />0/10  One of the worst films ever made."
tt0119303,"Home Alone 3 is one of my least favourite movies. It's the cream of the crop, or s*** if you tend to be more cynical, as it ranks up (or down) there with stuff like Battlefield Earth and Flinstones: Viva Rock Vegas. In fact, it could even be worse than those two, since those two at least intermittently made me laugh at their stupidity. This just made me cringe in pain constantly and clap when the credits started rolling. No other movie has made me cringe in pain. Now I will point out exactly why this movie is so incredibly atrocious.<br /><br />First off, the plot is ridiculous. It revolves around a chip in a remote control car (?!) that is misplaced and how these terrorists want it. Dumb stuff.<br /><br />The action that ensues is similar to that of the other two Home Alones, with boobytraps and all, but watching these boobytraps being executed is, rather than being funny, incredibly unpleasant to watch. I didn't laugh (or even so much as smile) once, rather, I cringed constantly and hoped that the terrorists would nail the kid. The bird, rather than providing comic relief, was unfunny and annoying.<br /><br />The acting, as done by a bunch of no names, ranges from poor to atrocious. There is not a single good performance here. Alex D.Linz is absolutely unlikeable and unfunny as the kid, while the terrorists act (and judging by their movie credits, look) as they've been hastily picked off the street...and well, that's it.<br /><br />I can see some people saying: ""Man, it's for the kids. Don't dis it, man."" Well MAN, kids may like this, but they can get a hell of a lot better. See Monsters Inc. and Toy Story before even considering getting this out. Hell, even Scooby Doo and Garfield (which suck - see those reviews for more) are better than this! <br /><br />So in short, this is an irredeemably atrocious movie. This was clearly recycled for the money, as it almost completely rips off the first two; the only thing is, it completely insults the first two as well. No human, kid or otherwise, should find any reason to see Home Alone 3. Ever. It's THAT bad.<br /><br />0/5 stars"
tt0119380,"Here we are: two travelers from a distant futuristic world arrive on earth... one is on a desperate mission to preserve a life, another is an inhuman killing machine determined to eliminate the woman who will give birth to the saviour of an entire race.<br /><br />So what could we call this killing machine? It's almost like he's some kind of destroyer, or eradicator... sort of like an exterminator or something. What's the word I'm looking for... something that -terminates- things? Hmmmm....<br /><br />Anyway, the protector (who swiftly doffs the white tunic he stole from Luke Skywalker in favour of local clothing) finds the young woman first and impregnates her with a future-born hero-to-be. The evil uhhhh... ""exterminator"" kills some rednecks and steals their guns and clothes, then attempts to locate the woman by visiting her workplace and asking around by looking menacingly into people's eyes and repeating her name threateningly.<br /><br />Then begins a desperate race for survival as the seemingly deathless and unstoppable ""exterminator"" pursues the couple across the countryside. At some point he may acquire boots and a motorcycle, but I'm not sure.<br /><br />Perhaps, in an exciting finale, he will attempt to crush them under the wheels of an enormous tanker truck full of... acid. Then the truck will crash. They will be saved... but no! He will then re-emerge, as strong as ever. He will kill the protector and pursue the girl into a meat packing plant, where in a terrifying finish, he is pushed into a large piece of industrial chopping machinery, and destroyed once and for all.<br /><br />But maybe I'm extrapolating too much... after all, I did stop watching this movie after Mr. Protector magically impregnates Sean Young by kissing her at a bar, then tells her the child will be born in 3 days. <br /><br />The costumes and effects are great in this movie... I loved them the first time I saw them on Star Trek: Next Generation too! Sean Young does another great turn as an unemotive Replicant, and career sweat-hog Stephen Baldwin is also on board as Young's Fat Cop Boyfriend. Not sure where he fits into the plot though... maybe he's an import from a different James Cameron movie?"
tt0119700,"I watched this movie last night and already I am struggling to recollect very much about it. The story is about a group of criminals who escape from a space penal colony. They fly to the Moon in a space-age dustbin carrier; when there, they terrorise the dustbin men who work on the Moonbase.<br /><br />It strikes me that rubbish low-budget sci-fi films often involve either desert planets or, like this movie, criminals escaping from penal colonies. Why this is I have no idea. But I can say with some certainty that such films are always diabolical. This one is really no exception. It begins reasonably well with a decent credit sequence and a half-way alright dance music soundtrack. It then degenerates into a boring sci-fi thriller. So little of consequence actually happens in this movie that I am literally struggling to write a helpful review, so if you're reading this I apologise for not being able to enlighten you to the film's subtleties and nuances. For the record, I recall a tedious bunch of baddies, a tedious bunch of goodies, some nuclear warheads and a hologram of a naked woman. Other than that, I'm struggling.<br /><br />If you feel you could be interested in the activities of lunar dustbin men then I would not hesitate to recommend this film. I would also recommend it to those of you who wish to send their friends to sleep and steal their wallets."
tt0120041,"this film has it all; the deft camera work, reminiscent of martin scorcese, or oliver stone, the tight acting of 'heat', the explosive action of a jerry bruckheimer movie, the witty dialogue of a tarantino script and the epic feel of say, 'the godfather'<br /><br />the judge reinhold character displays a fiery temperememt, yet also shows real emotional depth and intensity. his performance reminds me of robert de niro's portrayal of jake la motta in raging bull.<br /><br />the action scenes are truly breathtaking, not since bullit has a movie depicted such high octane, yet stylish car scenes. The special effects push the boundries of technology and filmmaking to their limits. Independance day set the standard that this movie clearly has matched, and greatly surpassed.<br /><br />overall, great acting from its a list cast (like an oscars night party invitation list!), classy locations, gripping action, and a tight script."
tt0120742,"MAJOR LEAGUE: BACK TO THE MINORS (1998) ½* <br /><br />Starring: Scott Bakula, Eric Bruskotter, Corbin Bernsen, Dennis Haysbert, Jensen Daggett, Written and directed by John Warren 100 minutes Rated PG-13 (for language and some violence) <br /><br />By Blake French: <br /><br />	Believe it or not, in the new John Warren comedy ""MAJOR LEAGUE: BACK TO THE MINORS"" there is one funny scene. It consists of a sequence where an infuriated coach throws a baseball hard into the wall behind him only to have it hit the cement and bounce back and smash him in the face. It's not much, but with the exception of a few one-liners, it's all this film has to offer...enough said. <br /><br />This movie is not only structurally impaired, characteristically undeveloped, predictable and badly written, but also just plain bad. Even non-critical audience members will hate this movie with all that they got. It is so familiar it just isn't funny. <br /><br />How many times does the same movie about sports have to be made? Last years we saw this same material in ""Air Bud: Golden Receiver,"" and as bad as that film was, this is even worse. At least ""Air Bud"" was family oriented. ""Major League Back to the Minors"" is too vulgar for a wholesome family to view together on a Sunday afternoon. It is too childish for adults. So who is this film for? Teenagers? Elderly? People who are so desperate for entertainment they would rent something like this?<br /><br />	The film, like many others like this, has one basic point it tries to make: teamwork conquers all. Yes it does, and what a great moral to try to prove. Too bad we have already seen and excepted it so many times over and over have such little talent and intelligence that their cheerleaders are men in a ballerina costumes. Where the silly announcers form their own ""buddy comedy routine"" muttering one liners to themselves like ""They suck,"" ""This kids fast ball is timed with an hour glass,"" ""This guy dropped out of ball for a while to find something he lost--maybe it was his mind,"" ""Somebody needs a nap,"" and ""ever see a sunset as beautiful as that play."" Where the characters have such little significance to each other that we never know them by name. And where the only heartfelt lecture scene about teamwork is so unknowledgeable that it is almost funny.<br /><br />	""Major League Back to the minors"" is so bad; it stalls its trite ending right in the middle of a good closing sequence. The good baseball team is on a comeback, they are about to win and--the power goes out. I was thinking for a minute that this piece of trash had come to a conclusion, but in reality, its false final scene exists only to add minutes to the running time. The movie basically consists of a series of unrelated sketches that throw in so many putrid jokes it is are not funny. There is another kind-of-funny line of dialogue that has a coach and a player talking to each other about why a long time outfielder is not wanted in that position any longer. The coach's answer: ""You're too old, too slow, and too fat."" The player's reaction is to die for. But that scene certainly does not make this movie noteworthy of you time, and certainly is not worth a cent of your money. <br /><br />So here is another dreadful entrée into this genre of film, another that is doomed with its own script, which is failed before seen, and another which is so familiar it seems like deja vu all over again.<br /><br />"
tt0125366,"Wow. Something of a surprise. Though flawed, it is far better that I expected.<br /><br />The brand new space liner Arcturus with some 3,000 passengers is in the final days of its sixteen day trip to Jupiter. Without warning, the ship's Cerebral (central computer) sounds a disaster alarm and orders everyone to evacuate. <br /><br />Soon, there are only a handful of people remaining including one of the ship's astrogators (Penny), the captain (Cary), and the director of the shipping line (Kenyon).<br /><br />It turns out that the alarm was false and that the main Cerebral is acting<br /><br />erratically. The remaining passengers and crew must escape the ship and<br /><br />avoid personal conflicts in order to survive.<br /><br />The film starts out very well. The opening commercial is a very nice touch. There are obvious parallels to 2001: A Space Odyssey and to the historic<br /><br />sinking of the Titanic. The film does slow down at times and has pacing<br /><br />problems, but is generally well made and well acted."
tt0132347,"Director Kinka Usher stays true to his own credo, ""Play it straight and they will laugh,"" and with the help of a superb cast has crafted what should become the #1 cult film of all time, `Mystery Men.' When an evil villain, Casanova Frankenstein (Geoffrey Rush) is released from a mental institution, captures the local superhero, Captain Amazing (Greg Kinnear), and threatens to take over Champion City, three wanna-be superheroes, Mr. Furious (Ben Stiller), The Shoveler (William H. Macy) and The Blue Raja (Hank Azaria) come to the rescue. Frankenstein has been joined by a myriad assortment of underworld scum, however, and has become a formidable opponent. The trio realize that help is needed, and decide to recruit; what they end up with is nothing less than the most unforgettable team of `superheroes' ever assembled in the history of the cinema. Mr. Furious has his rage; The Shoveler, his shovel; The Blue Raja flings silverware (mainly forks, and the occasional spoon, but never a knife); the Invisible Boy (Kel Mitchell) can turn invisible as long as no one is watching; the Sphinx (Wes Studi), a heavy hitter from down south, is very mysterious and can break guns in half with his mind. Maybe; the Bowler (Janeane Garofalo) can fling a ball with deadly accuracy; and The Spleen (Paul Reubens) wields flatulence that can incapacitate an entire room. This is a brilliant ensemble piece that delivers the laughs without ever becoming condescending or patronizing the audience, while playing it straight at all times. The dialogue is witty, and the performances given by Stiller, Macy, Azaria and Garofalo are exemplary. There is a number of memorable, hilarious scenes, especially the one in which they throw a pool party and barbecue to recruit, and conduct interviews with a stupefying assemblage of applicants; and another, in a bar, when the Bowler has a conversation with her long-dead father, whose skull has been implanted in her bowling ball. The funniest of all, however, has to be when the team actually attempts to rescue Captain Amazing. But these are only examples, for the entire movie is composed of one hilarious scene after another, laced with subtle humor that will keep you laughing and thinking about it for a long time. The real secret of it's success, though, is that Usher keeps it all real; the relationships between the characters are true, and the whole concept of being a `Superhero' is played as being entirely reasonable, which somehow gives a sense of credibility to the entire proceedings. In this world, the aspirations of Mr. Furious and the rest are tenable, and Usher keeps the laughs coming without ever resorting to slapstick or mere sight gags. The solid supporting cast includes Lena Olin (Dr. Annabel Leek), Eddie Izzard (Tony P.), Tom Waits (Doc Heller), Claire Forlani (Monica), Louise Lasser (The Blue Raja's mother), Jenifer Lewis (Lucille) and Pras (Tony C.). `Mystery Men' is a truly inspired movie that can be seen over and over again, with a new chuckle to be had with every viewing, guaranteed. In the immortal words of the Sphinx, `We are number one! All others are number two, or lower.' Is it an Oscar-worthy movie? Hardly; but for a good time and a lot of laughs, treat yourself to this masterwork of comedy; it's the real deal, and you won't regret it. I rate this one 10/10."
tt0138322,"From the first time I saw the box cover of the movie and the stretched out photography I thought this guy, this friend of the 'Scwarz' must be like 6 foot or 6ft 2in. <br /><br />Not 5 feet tall. Not that, it's his fault. <br /><br />At any rating, I turned on the movie one cool night in Tucson, out on the second story-deck with a good cigar and let it roll. At that time my wife was having an affair and things were going down hill for me, so I needed a good diversion. But, as bad as the movie was...I totally enjoyed it, with a bottle of Merlot too, I might admit. <br /><br />Truly, I have watched this movie many times. It always makes me feel good!! It's not that it 'tries too hard' to be cool or that 'It's so close' to hitting the mark for an action film....It's frantic. And then truly clueless. Then frantic again. It's the best of the best when it comes to a slow speed chase scene. Wow!! I never felt safer in my life. Warm and happy too. I was thankful that they conserved on the gasoline during the chase, due to less production in the summer months...anywho <br /><br />The direction was 'uninspired' the action and fight sequences needed to be choreographed, or re-choreographed and tightened up, the sound was off the delivery didn't hit you, it just kept on going, the other way. The 'locals' of that village that they were in, the town rather, were 'Off cue' they also did not seem to follow what was happening very well, the would look and even 'stare' into the camera lens. Like a deer in the head lights kind of thing only some of them with a smile, a smiling deer. <br /><br />I feel bad because 'Columbu' I just bet has a good heart and a caring spirit for people in America as well as for his own countrymen. <br /><br />However ""Baretta's Island"" is very lethargic and unbelievable. Even still I like it a lot. My now x-wife hates it, but I love it! <br /><br />The funny thing is, I am pretty discriminating when it comes to movies I like or even 'love'. All in all, I like Franco. So there it is. <br /><br />As a movie adding addendum to this if you like killing a few hours with truly fun to watch, straight to video-B movies or 'bad' movies for your little library collection then, if you can find it, check out 'The Big Sweat' (1991) with Robert Z' Dar..you know the big guy from 'TANGO & CASH'. 'The Big Sweat', a bomb of a cop story with no real plot discovery and acting that is so lame, it might as well be 'on crutches' and at the end of 'The Big Sweat' I think they ran out of money, because they had a picture of the cast and just set it on fire and let it burn during the credits. -Good fun. <br /><br />But all in all, not as good as Baretta's Island', I gave it a '1' and an overall rating of 'awful' for awful-good B' movie. I'm waiting for the sequel, maybe like 'Baretta's revenge on Montazuma' (Franco takes a Mexican vacation and gets sick on the water then, declares war on the water co.) or 'Baretta's powder war' where as he would stake out a large drug lord in his country and chemically gene-splice and create a hybrid super bug (insect) that would be bred and dropped into the cocaine fields and eat the coke and upon passing it through the bug, it forms a chemical reaction that turns the coke to pure powdered sugar. Then another sequel he would have to get the young people rescued from excessive sugar addiction and so on. He could get a major tooth paste company to endorse and partially fund the project with careful product placement in the feature. Right?(*)"
tt0141369,"I was a huge fan of the original cartoon series, and was looking forward to finally seeing Gadget on the big screen -- but I never in my wildest dreams expected something so extremely extremely terrible. The pace was WAY too fast, there was no plot, and 'wowser!' - what the hell is that?? It was 'WOWSERS!!'."
tt0143096,"Who was George C. Scott? George C. Scott was a renowned actor. Practically any movie that he's been in is the better off for it. Now ol' George had absolutely NOTHING to do with this movie..., but he once said something that describes said movie to a T.<br /><br />I don't recall his exact words, but he basically said that Great Writing can Save Bad Acting, But Great Acting CanNOT save Bad Writing. Never has this little observation been truer than in ""The All New Adventures of Laurel & Hardy: For Love or Mummy"".<br /><br />The casting of the two leads was absolutely perfect. Bronson Pinchot (Laurel) and Gailard Sartain (Hardy) not only look the parts, but they do an exceptionally good job at mimicking the real deal (mannerisms and all). This movie should stand as a lasting testament to their talents. That said, this movie falls flat on its face when it comes to (you guessed it) WRITING.<br /><br />Aside from the opening dialogue between Pinchot and Sartain (which was very ""in character"") and a brief gag involving a taxi, this movie is an absolute chore to sit through.<br /><br />PROBLEM # 1: Too much time and effort went into the plot.<br /><br />I don't want to know why the mummy wants to kidnap the pretty British lady. What I WANT is to see Stan and Ollie (or at least, their stand-ins). Way too much screen time was devoted to explaining the plot or to the not-very-funny secondary characters that said plot revolved around.<br /><br />However, even if this movie had been all jokes, that would still leave us with...<br /><br />...PROBLEM # 2: Most of the jokes are what I would call ""watered-down"" slapstick. <br /><br />What do I mean by ""watered down""?<br /><br />In slapstick, a character gets hurt in an exaggerated way for comedic effect (ala Looney Tunes, 3 Stooges...,or how about Laurel & Hardy?).<br /><br />In ""watered-down"" slapstick (as I define it), a character gets mildly hurt or inconvenienced, and the filmmakers play that up for comedic effect.<br /><br />Maybe an illustration would help:<br /><br />In Looney Tunes, Daffy Duck gets shot by Elmer Fudd. His bill falls off and he puts it back on. That is classic slapstick.<br /><br />In this ""gem"", Ollie accidentally bumps into some people. They turn around, tell him to be careful, and continue on their merry way. That's not slapstick. That's not even funny. That's just...boring...and this movie is full of these kinds of jokes. It's as though they're this movie's bread and butter. The writers and directors just take these dull moments and act like they're supposed to be funny. Granted, the example I just gave is the most extreme case, but I can only cut it so much slack.<br /><br />Long story short: The film just doesn't work because the script fails to capitalize on Pinchot's and Sartain's abilities to impersonate Stan and Ollie. Instead, the script capitalizes on plot exposition and lame jokes. Watching this movie is basically watching two excellent impersonators who were given no real material to work with.<br /><br />Not a good movie, but an incredible sleeping aid.<br /><br />I say give this one a miss and stick with the real deal (just so long as you steer clear of ""Atoll K"" and ""Be Big"")."
tt0144191,"From the awful death scenes to guns that fire without making sounds to a character called the Fiend. It's all tiresome, slow moving, unimaginative drivel. It was OK seeing the guy with the cape and the hunchback lurking around. Visually it was creepy and probably occupied the moviegoer of the time, but even in 1936 one would think that there would have been a little more imagination and verisimilitude to even a film like this. I just kept waiting for something to happen of any importance as people stood around making speeches and acting like they were posing at an office picnic. And then there are those bullets as a previous commentator mentioned. Perhaps the best clue would have been to search for a water spot on someone's pants pocket."
tt0145531,"I find it hard to believe that anyone would put this movie in the same context as the Exorcist. Where the Exorcist was subtle and creepy, Stigmata was blunt, clumsy, and way too formulaic.<br /><br />This is one of the most visually beautiful films I've seen in a while, but the imagery does not make up for the downward spiral of patronizing exposition that makes it unbearable. <br /><br />My interest in this movie was peaked when it was compared to The Exorcist, and my visit to the official web site increased that interest. The web site had many tales of ""actual"" stigmata throughout history. However, scene by scene, the movie is so obsessed by its quest for ""genuineness"" that it becomes comical at first, then outright hard to watch toward the end. I began getting suspicious when the priest charged with investigating potential miracles walks into the beauty parlor where our would-be heroine cuts hair and, evidently, flirts with priests.<br /><br />The plot: A woman without faith in God begins receiving the wounds of Christ (the Stigmata) and is baffled and upset about the ordeal. A priest is sent straight from the Vatican to investigate the case. Is Frankie possessed by Satan, or a vessel for Jesus Christ?<br /><br />The only miracle in this film is that it finally ends."
tt0146315,"I notice that the previous reviewer (who appears to be still at school) gave this movie a very good review and I can only assume that this is because the reviewer hasn't seen the far superior 1989 BBC adaptation of this classic novel. The major problem I had with this (1999) version was the casting of Anthony Way as Tom Long. Anthony Way was a talented boy treble who shot to fame after appearing in the TV mini-series ""The Choir"". I can only assume that he was cast for the role of Tom Long on the strength of his excellent acting in ""The Choir"". Unfortunately the small boy who appeared in ""The Choir"" had grown into a tall and gangly youth by the time ""Tom's Midnight Garden"" was filmed and as such Anthony fails to convince as schoolboy Tom. It is too far a stretch of the imagination to believe that Tom (as played by Anthony) would befriend the far younger Hatty. In the 1989 BBC version Tom and Hatty are much closer in age and the development of their friendship is so much more believable. For a 1999 movie even the special effects fail to convince and are not any noticeable improvement on the 1989 TV effects. The casting and acting of this version are inferior to the earlier adaptation and all in all the movie was a lack lustre version of a true classic. As a final observation I would point out that the VHS of the 1989 BBC version fetches well over £20.00 second hand whereas a new DVD of this version can be bought for under £5.00, need I say more?"
tt0156524,"Having seen ""Triumph of the Will,"" I can only say this movie is ghastly, even measured against the historically low ""standards"" of the time. Naturally it's all totally fabricated and prejudicial. This is what one would expect of 1930's German propaganda. Unfortunately, the quality of the presentation, itself, is hackneyed and cheap. It's also so blatantly ridiculous that even contemporary Germans must've left the theater holding their noses. In a genre renowned for its base appeal, lack of originality and unapologetic wrong-headedness, this film doesn't even qualify as ""bad."" It would have to improve significantly to attain that status!"
tt0162889,"in fact,it's basically the same movie.and they couldn't even get the time line of events correct.maybe that was intentional due to laziness or not caring.either way,this thing is a real woofer.it doesn't even deserved to be called a movie.i viewed this as a so called second feature on the disc containing the original The Boogeyman.i thought my head would explode,and i urge you to run as far in the opposite direction of this thing,if you should be cursed with the misfortune of combing across it's path.it should come with a warning label like:Warning-may cause your i.q to drop several points if you are within it's vicinity.for me,there's no doubt this thing is a 0/10"
tt0164052,"This picture started out with good intentions, Bacon the scientist out to test the theory of invisibility, and Shue is cute as usual in her role. It all falls apart after that, it's your typical Hollywood thriller now, filmed on a soundstage with special effects galore, minus any kind of humour, wit or soul. In other words, don't waste your time watching this. Get the audiocassette tape with John DeLancie as the Invisible Man instead, also starring Leonard Nimoy. Now that was good, and HG Wells is well served, unlike with this mess."
tt0167456,"The original Thunderbirds earned a place in TV history. It was, and still is, much beloved - indeed, the entire first 10 minutes of the Wallace and Gromit movie (the Wererabbit) is a direct lift of Thunderbirds, down to a direct replay of the original Thunderbird 2 launching sequence (if you don't believe me, get the movie, and then get a copy of the original episode where Thunderbird 2 is launched).<br /><br />This movie was a crass attempt at making a kids' movie - when the original was loved and enjoyed by kids and adults alike! In the original, the Thunderbirds spent all of their time rescuing people who were often trapped when Mother Nature or Technology went horrible wrong (yes, there was also the occasional criminal act). The Thunderbirds put their own lives and resources at risk for no reward - the very essence of heroism and selflessness. There was little physical violence. The Thunderbirds challenged the imagination to a degree - how many of us would dream of someday building a Thunderbird 2? And don't underestimate the power of entertainment to do this - many Japanese attribute their fascination with humanoid robots to the old Astroboy cartoon.<br /><br />But this movie was a poor re-image of the original. This movie came across as a meld between Thunderbirds and Loony Tunes - I mean, we have Anthony Edwards as Brain imitating Porky Pig's stuttering????? Much of the action consists of Kung Fu/Power Rangers type fighting. Indeed, there were funny sound effects when someone got nailed on the head with a frying pan. The tech that fired our imagination was absent - instead we have these kids running around, using a plot device that was NEVER in the original series (having the entire team take off at once, leaving the base occupied by the kids and Brain). Then there was a dose of ""Use the Force Luke"" mysticism thrown in when TinTin would levitate something or another, coupled with the The Hood using aerodynamics that looked like they were lifted from ""Crouching Tiger, Hidden Dragon"". About the only thing missing was for The Hood to go ""TinTin, I am your Uncle"" with a breath mask voice. The heart that made Thunderbirds unique was GONE.<br /><br />The only bright point was Ron Cook's portrayal of Parker - he caught it perfectly. But the actress playing Lady Penelope came across as a child - HUH???? <br /><br />And this is why we hate this movie. When someone puts out something that was popular to a fan base, and expects the fans to shell out money to watch, and then delivers something than wasn't even close to what the fans expect - well, I am sorry, that is just plain WRONG! OK, so if they were making a kids' movie - fine - next time distribute it straight to video, where many of these belong. But don't package something up in a familiar wrapper and change the innards."
tt0171363,"Effect(s) without cause is generally not possible in the real world but in the world of Hollywood remakes, not only is it possible, it's required. The Haunting has been given the computer treatment courtesy of a 1st-class cinematographer-turner-director who once showed promise (Jan de Bont- Speed) but has since produced a string of big budget garbage (Twister, Speed 2).<br /><br />Actor are superfluous in a movie of this type and they seem to realize it. Liam Neeson and Cathrine Zeta-Jones act like they wish they were anywhere but in this film. Lili Taylor makes an attempt to add something to the proceedings but whatever that something might be is unknown since the script feels like half of it is missing. Events just happen, good and bad ghosts show up with no rhyme or reason and then the story just ends with a most unsatisfying non-event meant to wrap up the previous 90 minutes of inanity.<br /><br />There really isn't even reason to see this for the effects since we all know that anything can be put on screen now. Why not watch effects in the service of a good story instead of just for their own sake?"
tt0176700,"On a distant planet a psychopath is saved from execution by a space monk. He releases a few fellow inmates and breaks out of the prison in a spaceship. They dock onto a ludicrously enormous spacecraft that is orbiting a supernova star. This massive craft is populated by only three people, presumably because the budget of the film did not extend to hiring many actors. Anyway, to cut a long story short, the three goodies end up in a game of cat and mouse with the baddies.<br /><br />The psychopath in this movie is curious in that he is annoying. 'Annoying' is generally not a term one would use to describe a lunatic - unhinged, frightening, dangerous maybe but not 'annoying' but he is. The three people manning the giant ship are seriously unconvincing as warranting such important roles - this ship is practically the size of a city! Considering that the film is set approximately 50 years in the future, it is somewhat optimistic that such a huge man-made craft could exist, never mind the fact that it is used for such a relatively mundane task. Despite the vast size of the spaceship, the crew all have appallingly kitted out, tiny rooms and the dining room consists of what appears to be a plastic table and chairs. But there are a lot of corridors.<br /><br />The film is fairly well acted and it works as an averagey sci-fi thriller. But nothing great."
tt0180274,"I bought this movie for $5 at a used CD store, and I kinda regret it. I'll start by saying I'm a huge fan of cheesy horror flicks. They provide a horribly tacky cheap entertainment. This movie entertained for the first half hour, because it was so bad it could be made fun of in an MST3K style manner quite easily. Then it got boring.<br /><br />The acting is the scariest part of the movie. While great acting is not to be expected, this was laughably bad and, honestly, provided all of the entertainment that was to be had. This is the plus side to the movie. Where the movie really falters in entertaining is the writing, lighting, and the editing.<br /><br />This movie provides way too many ""What the %$@# is going on?"" moments. There are many moments, such as the mother having strange fits at dinner, and then that having absolutely no consequence in the movie. Along the lines of dinner, someone in charge decided it was fun to watch people eat refined food for five minutes straight without dialogue every time a meal was served. During the meals and other inappropriate moments, the scene cuts away to pure darkness outside. Then cuts back in. And speaking of darkness outside, one of the funniest parts of the movie is the climate, where apparently it isn't nighttime unless it's raining. And speaking of darkness, a big problem with the movie is that it's so poorly lit you can't see what's going on half the time, which is more of a frustration than anything. In one of the climactic scenes, you can't even tell what you're supposed to be seeing that's so shocking.<br /><br />And when it comes to climactic scenes, Unhinged contains one of the worst. I've seen people say ""Wow, that surprised me, and that's good."" I can say that the big reveal did surprise me, because I didn't see it coming. The reason I didn't see it coming is because it made absolutely no sense. I won't ruin it for you, but I will tell you that my friend and I spent a good twenty minutes rewinding to various parts of the movie to find anything that would have validated that at all, and all we found were more things saying that it wasn't possible.<br /><br />All in all, this movie is actually better when you watch it with the commentary tracks that make fun of it. I love crap horror movies, but this was too much."
tt0180303,"This horrendously bad piece of trash manages to be racist, sexist and homophobic all at once, while pretending to be terribly chic and sophisticated. Atrocious performances, a cliche ridden screenplay, and boring direction make this movie one to steer clear of. Two scenes were especially offensive - the one in which Schaech scrubs his tongue after being kissed by another man (could it really have been that gross), and the scene where Eastwood is kissed by Schaech's best friend, who is pretending to be Russian. After he leaves the room she exclaims ""f**king foreigners""! So much for her being a cultured artist who dreams of living in Paris!?!<br /><br />Jonathon Schaech can be a likeable actor on screen, and is astonishingly good-looking. It's a shame he didn't learn more from working with cutting edge gay director Gregg Araki on an earlier film, and try to salvage this film from descending into a string of gay stereotypes and a mire of homophobia."
tt0184135,"I can't believe it's been ten years since this show first aired on TV and delighted viewers with its unique mixture of comedy and horror. This is the show that gave birth to a good part of modern British humor: Dr. Terrible's House of Horrible; Garth Marenghi's Darkplace; The Mighty Boosh; Snuff Box. Many have imitated this show's style, and I don't deny some have surpassed its quality. But Jermy Dyson deserves being remembered for having started the trend, with actors Mark Gatiss, Steve Pemberton, and Reece Shearsmith.<br /><br />Together they created Royston Vasey, a sinister small town in England's idyllic countryside, where unsuspecting tourists and passers-by come across an obsessive couple that wants to keep the town local and free of strangers; where the unemployed are abused and insulted at the job center; where a farmer uses real people as scarecrows; where a vet kills all the animals he tries to cure; where a gypsy circus kidnaps people; and where the butcher adds something secret but irresistible to the food to hook people on.<br /><br />This is just a whiff of what the viewer can find in The League of Gentlemen. By themselves, the three actors give birth to dozens and dozens of unique characters. The make up and prosthetics are so good I actually thought I watching a lot more actors on the show than there were. But it's also great acting: the way they change their voices and their body movement, the really become other people.<br /><br />Most of the jokes start with something ordinary, from real life, and then blows up into something unsettling, sometimes gut-wrenching. Sometimes it's pure horror without a set up, like in Papa Lazarou's character. Just imagine a creepy circus owner on make-up barging into someone's house and kidnapping women to be his wives. No explanation given. It's that creepy. Then there are the numerous references to horror movies: Se7en, The Silence of the Lambs, Nosferatu, The Exorcist, etc.<br /><br />Fans of horror will love it, fans of comedy will love it. As any traveler entering knows, there's a sign there that says 'Welcome to Royston Vasey: You'll Never Leave.' Any viewer who gives this show a chance will agree. Once you discover The League of Gentlemen, you'll never want anything else, you'll never forget it."
tt0184463,"Twenty years ago, the five years old boy Michael Hawthorne witnessed his father killing his mother with an axe in an empty road and committing suicide later. On the present days, Michael (Gordon Currie) invites his girlfriend Peg (Stacy Grant) and his best friends Chris (Myc Agnew), Jennifer (Emmanuelle Vaugier), Lisa Ann (Kelly Benson), Ned (Brendon Beiser), Mitch Maldive (Phillip Rhys) and Trish (Rachel Hayward) to spend the Halloween in the country with his grandparents in their farm. He asks his friends to wear costumes that would represent their greatest innermost fear, and together with his Indian friend Crow (Byron Chief Moon), they would perform an ancient Indian celebration using the carved wooden dummy Morty (Jon Fedele) that would eliminate their fears forever. The greatest fear of Michael is to become a serial killer like his father, but something goes wrong and Morty turns into his father, killing his friends.<br /><br />""The Fear: Resurrection"" is a disappointing and pointless slash movie that uses the interesting concept of eliminating the greatest innermost fear of each friend before it grows, but in a messy screenplay full of clichés. There are some exaggerated performances, like for example Ms. Betsy Palmer; others very weak, but in general the acting is good. Unfortunately there is no explanation why the dummy is brought to live; further, in spite of being surrounded by close friends, the group does not feel pain or sorrow when each one of them dies. The low-pace along more than fifty minutes could have been used to built a better dramatic situation. In the very end, Michael shows a charm that his father was interested that I have not noticed along the story. I do not know whether the previous reference was edited in the DVD released in Brazil with 87 minutes running time. The special effects are very reasonable for a B-movie. My vote is four.<br /><br />Title (Brazil): ""Fear 2: Uma Noite de Halloween"" (""Fear 2: One Night of Halloween"")"
tt0187078,"This review may contain some spoilers.<br /><br />The remake of the classic 1974 car chase movie Gone in 60 Seconds begins well. Actually it is well acted and the plot moves quite well. But even a big Hollywood budget doesn't change the fact that the original plot was more believable. For those who don't know, the original plot had the thieves working as insurance inspectors. Who would suspect them. But even with a change to nearly every aspect of H.B. Halicki's original, the remake is a very good movie, until we get to the final chase scene, the part of the 74 version that made it great. The one in this version is watered down, only 10 minutes, and it culminates in a monster special effect that takes all believability out of the chase. Where the original chase was very believable, the star was a stunt driver who did all his own stunt, the remake falls flat in the last 15 minutes. My advice, if you want to watch a classic car chase film, fine the original in the bargain bin at your local rental joint and stay clear of the new remake."
tt0190897,"POPEYE AND BIG FOOT **; POPEYE'S ENGINE COMPANY **; GETTING POPEYE'S GOAT **1/2<br /><br />I used to lap these up as a kid but, catching an episode of the series comprising three cartoons back-to-back now i.e. several years later (they preceded the theatrical screening of the pirate yarn RAIDERS OF THE SEVEN SEAS [1953]), I can see how they don't hold up all that well! The character of Popeye isn't exactly sympathetic to begin with, Olive Oyl distinctly overbearing and Bluto's antics failed to elicit much interest either  in short, the scripts were alarmingly thin, fairly awful and generally unfunny to boot. They're strictly juvenile fare, yet I doubt today's kids would even have the patience to stick with them!; furthermore, the animation style is unattractive.<br /><br />Taking each short per se, I guess they improved from one to the other: after the initial shock, one adapted to its mediocre quality as it were, so that the third cartoon easily results in being the most enjoyable of the lot  Popeye is entrusted with a mascot army goat whose immense appetite causes him no end of mischief (hardly original, I know, but always an amusing ploy). One interesting element here was that the shorts were bookended with Popeye delivering moralistic bits of wisdom to the kids in the audience."
tt0192766,"While some performances were good-Victoria Rowell, Adrienne Barbeau, and the two Italian girlfriends come to mind-the story was lame and derivative, the emphasis on the girlfriend's racial background was handled clumsily at best, and the relatives were mostly portrayed as stereotypes, not as real people. I found myself wincing uncomfortably at many moments that were supposed to be funny. I can hardly comprehend why the local paper here in SF said this was a good movie, and wonder WHO posted the glowing review here on IMDb. Very disappointed in this movie, and mad I actually went to a theatre to see it, based on the faulty connection to Garden State, which is a far funnier, more inventive, and touching movie than this one. I must especially mention the emotional climax in the church, which was so wooden and by-the-numbers that I nearly left, and some in the audience actually DID. THAT was followed by a silly climax at the graveyard, which I saw coming 10 minutes before it happened. I really don't like being misled to spend my money so uselessly."
tt0202458,"It is a pity that you cannot vote zero stars on IMDb, because I would not have hesitated! In fact I would go so far as to say that this film was in the negative stars. <br /><br />I, like many others, bought this film thinking that because it has Michael Madsen in it, it could be good... No chance! This film was shocking! Imagine a movie length 'The Bold and the Beautiful', well, Primal Instinct did not even come close to that good, and I had previously thought that there would be nothing worse than a movie length 'The Bold and the Beautiful'. <br /><br />Michael Madsen, how could you do this to us? The worst part is, I didn't fast forward a bit, I was hoping that at the end they would reveal that it was all some sort of sick joke, that they thought it would be funny to make us watch such a horribly bad film.<br /><br />Where do I start...? Directing - Zero Stars, Screenplay - Zero Stars, Acting - Zero Stars, Cinematography - Zero Stars, Digital Effects - Zero Stars, Production Design - Zero Stars, Make-up - Zero Stars, Casting - Zero Stars, Editing - Zero Stars, Trailer - Half a Star, Graphic Design - Half a Star, DVD Menu - Half a Star.<br /><br />However I think that it is very important to have seen bad films just so that you know what a really bad film is, so for that reason I am happy that I saw this film, just so that I have a bad film to put at the bottom of my list."
tt0211938,"...that Jamie Foxx would ever deliver such a wonderful, Oscar-winning performance. One of the reasons why I was so impressed with Foxx's performance in ""Ray"" was because from watching his hammy, obnoxious acting in movies like ""Bait"" and ""Booty Call,"" I would never imagine he would ever hold the Oscar. If people told me five years ago that Jamie Foxx was one day going to win an Oscar, I would laugh right in their faces. Who knows? Maybe he's better off sticking to drama, because if you watch ""Bait,"" it's clearly evident that comedy is not his forte. I swear, Jamie mugs so much in this movie that I'm surprised his face didn't fall off. And why does he have to do those stupid voices at every chance he gets? Anyone familiar with comedians like Bob Newhart and Steven Wright knows that doing comedy doesn't require being loud and obnoxious. If a joke is funny, it's funny. If it's not funny, then doing some crazy accent is not going to make it any funnier. The problem I have with some comedians who decide to try acting is that they favor getting laughs over being in character. In real life, normal people don't always have witty comebacks and quips. Like Albert Brooks said in an interview discussing his character in ""Taxi Driver,"" it's important to be funny as your character, rather than be funny as a comedian. A prime example of Jamie violating that rule is the nauseatingly awful scene where his mug shots are being taken, and he starts posing for the photographs like a model. If a regular person were being thrown in jail, would he really be acting goofy while having his mug shots taken? And wouldn't the police try to scold him if he was? There are many scenes like that throughout the film. Another awful sequence is one where Jamie is on the unwittingly on the phone with the villain, and he starts doing a phony Caribbean accent. Not funny! Not to mention Jamie never seems to acknowledge the timing of a joke. Giving a comedic performance requires patience, whereas he goes straight to the punchline, whether it's the right time for it or not. I'm not even a big Mike Epps fan, but even his performance is good in comparison to Jamie's. As a matter of fact, this is the first time I felt somewhat relieved whenever he would appear on screen. Epps has the same flaws when it comes to comedy, but at least he chooses a more low-key approach. One of the few bright spots in this clunker of a comedy is David Morse, a highly underrated actor mostly known for his supporting roles as villains. He seems to be the only actor in the film concerned with grounding it in reality. However, fellow ""Green Mile"" star Doug Hutchison is disgustingly over-the-top as the villain. A big surprise, considering he gave a superb performance in ""The Green Mile,"" also playing a heavy. Antoine Fuqua has proved his directing chops in movies like ""The Replacement Killers"" and ""Training Day."" Even in ""Bait,"" he shows he can direct a hell of an action sequence. His only problem seemed to be in disciplining Jamie Foxx, who probably improvised half the script with one bad joke after another. Unless you're a die-hard fan of Foxx, please don't take the bait."
tt0218619,"Inept, boring, and incoherent supernatural ""thriller"" in which college student Cassie (Melissa Sagemiller) is the constant victim of hallucinations and nightmares after a car accident claims the life of her boyfriend Sean (Casey Affleck).<br /><br />I can't begin to tell you how bad this is...nothing of any importance ever happens nor is there ever any sort of actual entertainment value. I did not like this cast in this particular film - they are all sadly unconvincing (then again, their roles are no good). To promote this as a horror film is a joke. Where are the scares? There's no sense or suspense - there are a few good songs but that's about it.<br /><br />How on Earth did this project get the green light? Writer-director Steve Carpenter has no discernible vision or talent that I can sense. Worst of all, the conclusion really makes the whole movie pointless.<br /><br />The alleged ""killer cut"" that I watched is 86 minutes of pure tedium.<br /><br />1/10"
tt0219400,"I've seen some crappy movies in my life, but this one must be among the very worst. Definately bottom 100 material (imo, that is).<br /><br />We follow two couples, the Dodds (Billy Bob Thornton as Lonnie Earl and Natasha Richardson as Darlene) and the Kirkendalls (Patrick Swayze as Roy and Charlize Theron as Candy) in one car on a roadtrip to Reno.<br /><br />Apparently, Lonnie isn't too happy with his sex-life, so he cheats on his wife with Candy, who's despirately trying to have a baby. Roy, meanwhile, isn't too sure if his sperm is OK so he's getting it checked by a doctor.<br /><br />Now, I had read the back of the DVD, but my girlfriend didn't, and she blurted out after about 20 minutes: 'oh yeah, she's gonna end up pregnant but her husband can't have any baby's'. Spot on, as this movie is soooo predictable. As well as boring. And annoying. Meaningless. Offensive. Terrible.<br /><br />An example of how much this movie stinks. The two couples set out in their big car towards Nevada, when they are stopped by 2 police-officers, as they didn't stop at a stop-sign. The guys know each other and finally bribe the two officers with a case of beer. Not only is this scene pointless and not important (or even relevant) for the movie, it takes about 5 minutes! It's just talk and talk and talk, without ever going somewhere.<br /><br />I still have to puke thinking about the ending though. Apparently, Roy ISN'T having problems down there so he IS the father of the child. How many times does that happen in the movies... try something new! The cheated wife ultimately forgives her husband and best friend for having the affair and they all live happily ever after. Yuck.<br /><br />Best scene of the movie is right at the end, with a couple of shots of the Grand Canyon. Why couldn't they just keep the camera on that for 90 minutes?<br /><br />One would expect more from this cast (although Thornton really tries), but you can't really blame them. Writers, shame on you!<br /><br />1/10."
tt0235406,"This movie had what sounded like a good premise: 9 people facing their fears to win one million dollars. Unfortunately, it did not turn out to be a good movie. There are several scenes that are way too long and really pointless like the dancing scene. A few scenes are just an excuse to point the camera at female body parts. The acting is bad, but some of the lines are amusing in their awfulness. What's really strange is that towards the end of the movie it turns into like a 5 minute western, and at the end, the twists, of which their were several, don't make sense with the rest of the movie. It seemed as though the director just added stuff on because he thought it would look cool, while conveniently ignoring the plot of the movie up to that point. It just didn't make a lot of sense. The only creepy thing was the old people dancing down the hall, but that doesn't even come close to making up for the rest of this mess."
tt0240684,"Disney goes to the well one too many times as anybody who has seen the original LITTLE MERMAID will feel blatantly ripped off. Celebrating the birth of their daughter Melody, Ariel and Eric plan on introducing her to King Triton. The celebration is quickly crashed by Ursula 's sister, Morgana who plans to use Melody as a defense tool to get the King 's trident. Stopping the attack, Ariel and Eric build a wall around the ocean while Melody grows up wondering why she cannot go in there.<br /><br />Awful and terrible is what describes this direct to video sequel. LITTLE MERMAID 2 gives you that feeling everything you watch seemed to have come straight other Disney movies. I guess Disney can only plagiarize itself! Do not tell me that the penguin and walrus does not remind you of another duo from the LION KING!<br /><br />Other disappointing moments include the rematch between Sebastien and Louie, the royal chef. They terribly under played it! The climax between Morgana and EVERYONE seemed to be another disappointment.<br /><br />I will not give anything away, but in 75 minutes, everything seemed incredibly cramped and too much to handle. An embarrassment to Disney, LITTLE MERMAID 2 is better left to rent and laugh at. Then you can prepare for the rest of the other sequels Disney is going to drown you in later on."
tt0240736,"IT IS So Sad. Even though this was shot with film i think it stinks a little bit more than flicks like Blood Lake, There's Nothing Out There & . The music they play in this is the funniest stuff i've ever heard. i like the brother and sister in this movie. They both don't try very hard to sound sarcastic when they're saying stuff like ""My friends are going to be so jealous!"" Hey, whats with the killer only wearing his mask in the beginning? Thats retarded! I practically ignored the second half of this. My favorite part about this movie is the sound effect they use when the killer is using the axe. The same exact sound for every chop!"
tt0242798,"That is the only thing I can positive to say about this movie. Cleveland is the star, I've been there and never saw the city look this good. Beautiful river and cityscapes.<br /><br />This movie moves ahead at such a pace they hope you won't notice the lack of real world relevance. People running around and shooting guns without any consequence. For example, there is a shoot out at Rob Lowe's character's house- two cars are stolen, and yet the cops don't show up there till much later in the movie. Murder for hire never looked so implausible.<br /><br />Whoever wrote this movie should be on the receiving end of one the movies countless stray bullets. Many of the actors in this movie are so much better than this. I check the date of the movie just to make sure it wasn't written during the writers strike but alas this was not the case. This movie is currently in rotation on Universal's HD channel- unless you want to drool of over Lowe there is no reason to watch it."
tt0242998,"What an awesome movie! It was very scary, great acting, well-written, nice plot twists, interesting characters, very good direction, and a surprise ending that will leave you with a smile on your face. This is one popcorn horror flick that may not be appealing to non-horror fans, but is still (nonetheless) one of the best thrillers out there today! I highly recommend it to ONLY fans of:<br /><br />1) The horror genre<br /><br />OR<br /><br />2) An actor or actress featured in it.<br /><br />*** out of **** stars!<br /><br />PS- I am sick and tired of people comparing this, and other modern horror movies, with SCREAM. Ya know what, they didn't WANT to be like SCREAM. Everyone's like ""Oh, they copied SCREAM!"". Well, if I am not mistaking, SCREAM also copied other movies too! In fact, just about EVERY horror movie copied an earlier one. SCREAM, however, was a good film. But, still... stop comparing and enjoy it for what it is!<br /><br />GO AND RENT THIS ONE!<br /><br />"
tt0252028,"May contain spoilers.<br /><br />I say that, but anyone savvy enough to be reading this can probably figure out every plot turn right from the start.<br /><br />This is not a movie that I liked. I didn't hate it in the way of some movies that insult your intelligence, but it all felt too predictable on its trudge to the requisite happy ending. There were funny bits along the way to be sure, but few were original. At least it didn't go for the gutter.<br /><br />Christina Applegate looks fresh, and Ben Affleck works hard. Their scenes together are actually the only redeeming feature. Everyone else is a cardboard cutout, including, surprisingly, James Gandolfini, who must have made this as a favor to someone.<br /><br />All in all, it's a harmless, but not inspiring, 90 minutes."
tt0253840,"Let me be clear. I've used IMDb for years. But only today I went through the trouble of registering on the site, just so I could give this movie the lowest possible rating. I've seen hundreds of films, some of them bad, a few awful. Never, though, have i seen such a contrast of pretense and incompetence, of high intentions and failure.<br /><br />Mira Sorvino is horribly cast as the princess, but entirely unbelievable as Phocion, a young boy. Fiona Shaw is always an entertaining character, but the dialogue in the film is much worse, even, than in the insipid French play that is the source (Marivaux never reached Hollywood until now, and we should keep it that way).<br /><br />To illustrate, for example, that Leontine is a brilliant, passionate philosopher and scientist, she is shown frantically pouring chemicals from beaker to beaker, shouting out names of famous scientists. And the romance between Agis and the princess is played even sillier. For this, the pair should receive a joint 'Clair Danes' award, which in a just world would be awarded for gratuitously anachronistic and uninspired re-interpretation of interesting teens from literature as brats of the 1990's (see Miss Danes in Les Miserables).<br /><br />Aside from the atrocious plot and dialogue, there are some attempts to introduce artistic tropes into the filming. For example, there are moments when a handful of spectators are faded in and out of view of the action, sitting in chairs, watching the principal characters. The Director wants us to realize she's adapted a play. I get it. But it doesn't happen at all until far into the film. At that point, seeing a crowd of people sitting in chairs for a moment, then disappearing, is creepy and distracting. They're like some sort of un-scary zombie crowd, appearing through the mists, filling us with dread. When you see the horrible frolic and song that ends this movie, you'll want to rouse your own crowd of zombies and kill them all for the grave injustise of poisoning your mind for 112 minutes.<br /><br />-Matthew McGuire"
tt0259711,"After reading some quite negative views for this movie, I was not sure whether I should fork out some money to rent it. However, it was a pleasant surprise. I haven't seen the original movie, but if its better than this, I'd be in heaven.<br /><br />Tom Cruise gives a strong performance as the seemingly unstable David, convincing me that he is more than a smile on legs (for only the third time in his career- the other examples were Magnolia and Born on the Fourth of July). Penelope Cruz is slightly lightweight but fills the demands for her role, as does Diaz. The only disappointment is the slightly bland Kurt Russell. In the movie, however, it is not the acting that really impresses- its the filmmaking.<br /><br />Cameron Crowe excels in the director's role, providing himself with a welcome change of pace from his usual schtick. The increasing insanity of the movie is perfectly executed by Crowe (the brief sequence where Cruise walks through an empty Time Square is incredibly effective). The soundtrack (a distinguishing feature of a Crowe movie) is also sublime.<br /><br />You will be shocked and challenged as a viewer. The plot does seem a little contrived but the issues explored behind it are endlessly discussable. The movie isn't perfect, but its a welcome change of pace for Cruise and Crowe and for those raised on a diet of Hollywood gloss, should be a revelation."
tt0260054,"As incredible as it may seem, Gojoe is an anime- and Hong Kong-inspired samurai action flick with a pacifistic message. This ankle of the film is effectively portrayed through the protagonist (a great acting job done by Daisuke Ryu), a killer-turned-to-boddhist-monk Benkei. Benkei has sworn never to kill again, but he still takes up the sword to fight what he thinks is a demon invasion...<br /><br />Gojoe is a film difficult to rate. It's visual imagery is stunningly crafted and beautiful, but it uses too much trickery (circling camera and high speed drives, expressionistic shots, leeched colors, digital effects etc.), so the end result is somewhat tiring. That said, the beginning and the ending of the film are nevertheless both elegant and powerful. If only the director Sogo Ishii would have been wise enough not to overuse his bag of tricks.<br /><br />Other problem with Gojoe is the amount of violence. For a film with such an anti-violent message Gojoe wastes way too much energy and screen time to depict the endless battle scenes. Also, the way the violence is shown is always on the edge of being self-indulgent; in fact, a blood shower against the night sky seems to be one of the films signature images. Luckily, Ishii is wise enough to show the ugly, tragic side of violence as well. Still, it seems that Ishii is not sure whether he's making a traditional action film or a deeply moral allegory. The audience can't be sure of this, either, until the very end of the film. The powerful (albeit cynical) ending is what saves Gojoe; it clearly emphasizes that this film is something more than a mere gore-fest."
tt0269266,"The reviews I read for this movie were pretty decent so I decided to check it out. BAD IDEA! This is another movie about a ghost out for revenge against a group friends. The story is stupid, mix two parts Ringu with one part Prom Night, a sprinkle of I Know what you did Last Summer, and add a tiny dash of Single White Female - now blend until completely nonsensical. There is nothing new to this plot, and revisiting the clichés I've grown so fond of wasn't even entertaining this time. This movie jumps to and from the past too much, and once I made sense of it all I realized it still didn't make much sense. Characters go from sane to psycho killer in the blink of an eye. Speaking of characters, they are all your stereotypical favorites - the greedy selfish lawyer, the egocentric actress, the has-been baseball star, the video voyeur, the bitter girl, the spooky quiet chick, the 'nicer-than-nice' nice girl, a freakin' black cat... and I didn't care about any of them. Perhaps a better writer could have made the movie work, there were some decent scenes in it, but overall this movie was a mess. I should also mention a certain 'video tape' that would have been IMPOSSIBLE to shoot. <br /><br />This movie isn't the worst Asian horror has to offer by far, but it is still pretty bad. If you just want to see some creepy images in the dark, or just want to laugh out loud at some over the top acting, or just want to yell ""you're stupid!"" at a movie screen, or just want to have another Asian horror flick up your sleeve when someone asks you how many you've seen - this movie is for you. <br /><br />Those seeking a decent plot look elsewhere."
tt0272147,"Ugh, what can I say other than, ugh. I rented this film because it was labeled as a sequel to the original Vampires. This movie could not have been any lamer. Lacking not only in plot, but the acting is atrocious. Combined with some obvious plot holes makes this movie a very hard one to watch. Many times I questioned my own sanity at continuing to watch the film long after the plot had jumped the shark. Here's a sampling of the lamer aspects...<br /><br />***SPOILERS***<br /><br />Professional ""Slayer"" insists on sleeping outdoors by himself at night. He wakes up to a woman crying, sitting no more than 3 feet from him in the middle of nowhere. He immediately goes to comfort her without questioning her sudden appearance. She goes from crying to seducing him, and he lets it happen with obvious results...<br /><br />One of the main characters is Zoe, was bitten by a Vampire, but as long as she takes these ""experimental pills"" she got in Mexico City, she's fine, although her body temperature is below room temperature...<br /><br />Guard outside of monastery where hero is staying the night is killed by vampires, hero leaves the next day. He then returns a day later only to be surprised that the vampires attacked the monastery the night after he left...<br /><br />...avoid this movie."
tt0274518,"I was recently online looking at a site that featured public domain movies. In their long list of films was this film and I thought I must be hallucinating at such an offensive title and premise. But, no, that's really what it was. And since the film was only about 27 minutes long, I decided to give it a try. If it had turned out to be some porno movie, I would have stopped watching. Instead, it turned out to be the most bizarre film I have ever seen. The Danish production crew tried, with a budget of about $49, to make a Star Trek-style film about a crew of very gay men traveling about the galaxy wiping out female oppression by killing all the women--like they proceeded to do on the Earth! And in every case, they were met with cheers and thanks from the now gay men of the planet.<br /><br />Subtle, this ain't. With some of the most obscene and juvenile names of characters I've ever heard, I don't even think I can write them on IMDb without having my review removed! However, despite the utter crappiness of it all, it was strangely watchable and worth a peek. But, as I mentioned already, due to the crude names and odd subject matter (though no nudity), it's a film for adults only. <br /><br />By the way, this movie left me with 1001 questions as to WHO would make this, WHY make it and WHO was the intended audience?! It may not be the absolute worst thing I have ever seen, but it probably is the weirdest and possibly the most offensive!"
tt0275067,"The opening scene of this film sets the pace for the entirety of its ninety minutes. The shots are generic, conventional, and of television movie quality. The snow drenched scenery is gorgeous, yet the characters held with in it have a similar quality to that of looking at a photograph of such scenery, the overwhelming feeling being that of distance. Some of the editing is fairly high quality and the work of an veteran professional, the dialogue however is clunky and artificial, having little bearing on 'real' conversations at all seemingly. Any emotional insight is displaced in favour of swearing, which is of course the way in which everyone shows their true feelings. The action is slow and underwhelming, the overall feeling being one of someone trickling cold water over your head, but so slowly that you barely notice, yet eventually you feel pathetic and slightly sorry for yourself for being caught in such a incomprehensible situation.<br /><br />The mixture of genres that the Fessenden has seemingly tried to use; psychological thriller, horror and family drama, although commendable suffers from a serious lack of tension and interesting dialogue. The way in which the husband, wife and child trio interact is particularly unrealistic. The themes of family relationships being played out in haunting setting have been covered countless times before by far superior films, an instant example being that of The Shining (1980). The family unit here are torn by innocuous troubles which are hard to understand or sympathise with considering the relative ambiguity of the script.<br /><br />The family unit is hardly stalked throughout the film, Fessenden playing down the thriller possibilities of the narrative in favour of a slow family drama for the majority of the running time. The 'stalker' figure Otis has few apparent motives for his behaviour and despite being perhaps the most interesting and well acted character is still very underdeveloped. The main characters are empty husks of people who it was extremely hard to relate to, their relationships with each other being particularly void of any sentiment or feeling. Although the ignorance of the Erik per Sullivan's young character by his parents is presumably part of the story, surely any reasonable person would question their son if he allegedly spoke to someone who seemingly doesn't exist? People can accept this film as intelligent because of its relative lack of conventional aspects regarding creature based horror movies but this film fails in respect of whichever genre you wished to pigeonhole it in. You can read deep psychological meanings into every single minute detail of anything if you should so wish to but I think people would be better off over analysing their carpet for some deep emotional meaning, rather than these vacuous sub-human creations."
tt0285351,"I love the episode where Jim becomes the Greenman. It is great! When Jim tosses that little person through the window, the look on his face is priceless. Then when he starts to address the Priest in his wife's behalf only to find out that she has become the Pee-Woman? Great writing and great casting along with great acting makes this a must see. I am attempting to find a certain photo from that episode. I'd like to use it as my avatar on a message board because I think the Greenman is hilarious. Does anyone know where I can download a photo of Jim as the Greenman? Can anyone point me in the right direction to find such a photo?"
tt0288040,"""Hatred of a Minute"" is a hauntingly beautiful film. A psychological thriller that takes you on a journey through the nightmare that is the life of a serial killer, Eric Seaver. Strong performances and excellent cinematography make this film a ""must see"" for any film student or horror fan. The realness of the story and the human side of Eric separate this film from other psycho killer movies. Some shout outs to the film's producer, Bruce Campbell as well as to the film ""The Evil Dead"" add some humor for anyone that knows the genre."
tt0293563,"I'm afraid this one is pretty dreadful, despite several good performances and generally competent acting-for-the-camera direction. It's a first and last attempt by writer-director Soo Lyu. ""Rub and Tug"" (2002) is one of the unfortunate by-products of Canada's program to promote home-grown film-making. While the program encourages worthwhile efforts like ""New Waterford Girl"" it opens the door for untalented novices like Lyu who did not have to aggressively pitch this project but was green-lighted without an adequate examination of her script or her credentials. <br /><br />You don't mind the low budget because the shabby production design, bad lighting, poor audio, and dreary docu-style shot selection is consistent with the subject matter; the workers in Canadian massage parlors. But the dialogue and the plotting doesn't give the actors anything to work with, the editor much to assemble, or a viewer any mental challenge other than suspension of disbelief. When your story is this simplistic the last thing you need is a muddled storytelling technique; even though nothing happens, the movie is hard to follow and point-of-view impossible to pin down. <br /><br />Don McKellar's performance as Conrad is several notches below his similar characterization in ""Exotica"". Lindy Booth's Lea is her standard quirky airhead; as always she is likable but here she is little else. Kira Clavell's Cindy is a pleasant surprise, a kind of Asian Shelley Duval. The only other role of any consequence, Tara Spencer-Nairn's street-wise Betty, more than cancels out her excellent performance in ""New Waterford Girl"". Her shallow performance in ""Rub and Tug"" should curtail any tendency to seek out other films in which she has appeared; unless you need further confirmation of ""Waterford"" director Alan Moyle's skill in working with young actors. <br /><br />You quickly conclude that Lyu's reptilian brain cannot grasp concepts like plot complexity, so the need to insert a lazy and lame ""deus ex machina"" device toward the end is hardly a surprise. Still it could be worse, the listless story has so little internal logic anyway that the unlikely ending is not as painful as would normally be the case. <br /><br />Then again, what do I know? I'm only a child."
tt0303021,"Spanish horrors are not bad at all, some are smart with interesting stories, but is not the case of ""Second Name"". It is badly directed, badly acted and boring...boring...boring, a missed chance for an interesting story."
tt0305396,"The movie has several story lines that follow several different characters. The different story lines don't feel like one whole complete piece which makes this comedy a very incoherent one and gets even annoying to watch at times.<br /><br />It may sound weak and cliché but it's true; You're way better of watching the Crocodile Hunter series on the Discovery channel with Steve and Terri Irwin. It's more fun and even more hilarious than this movie is. I'm sure both cast and crew had lots of fun making this movie but the movie doesn't give us the viewers much pleasure. For a comedy it simply isn't funny enough and Steve and Terri Irwin just aren't good actors, not even when they play themselves! Their antics are simply not good enough to make an entire movie around and their scene's feel long, distracting and unnecessary and even annoying at times.<br /><br />The movie had quite some potential, I mean Steve Irwin is one character that in a strange way is both intriguing and hilarious to watch, so when I first heard that they were making a movie about 'the crocodile hunter' my first reaction was; brilliant! The movie however heavily suffers from its weak story and the incoherent story lines with uninteresting and unfunny characters. The movie does has a certain entertainment value, at least enough to make this movie watchable for at least once but still, I must certainly wouldn't recommend this movie.<br /><br />Watching this movie felt like a waste of time. Still this movie might be watchable just once, when it gets on TV, on a rainy afternoon. It does has some good moments but the story lines really completely ruin the movie and its potential.<br /><br />4/10"
tt0306063,"0.5/10. This movie has absolutely nothing good about it. The acting is among the worst I have ever seen, what is really amazing is that EVERYONE is awful, not just a few here and there, everyone. The direction is a joke, the low budget is hopelessly evident, the score is awful, I wouldn't say the movie was edited, brutally chopped would be a more appropriate phrase. It combines serial killings, voodoo and tarot cards. Dumb. Dumb. Dumb. It is not scary at all, the special effects are hopelessly lame. laughably bad throughout. The writing was appallingly bad. The cinematography is real cheap looking, and very grainy sometimes, and the camera-work is dreadful. Again, what really does the movie in is how badly all the actors are. Cheesy."
tt0308131,"This is a quite slow paced movie, slowly building the story of an ex stripper who begins a new family life with a complete stranger. The viewer slowly feels that there's something wrong here ...<br /><br />I really loved this movie even though it leaves a slight bitter taste in the end. It is clever, well paced and very well acted. Both Philippe Toretton and Emmannuelle Seigner are deeply into their characters. <br /><br />The little son ""pierrot"" is also very touching.<br /><br />A thriller which does not seem like one. A very unconventional movie, very particular atmosphere throughout the whole movie though you might feel awkward a few times with a couple of scenes.<br /><br />i'll give it a 8/10 !!"
tt0308132,"The original exploitation classic-though far from enjoyable on almost any level concerning some guys who turn cats into human flesh eating monsters because the cat food they make is made with people is remade with scifi elements added. The cats can't get enough and when the flesh tainted food runs out the cats turn on their owners. Poorly put together on almost every level this is an example of the absolute bottom of the barrel material that used to actually play movie theaters in the early 1970's updated with alien cat and dog races battling for supremacy. Director Ted Mikel is a hack, but is so lovable a person (I generally like the guy thanks to his smile inducing interviews and commentary tracks) that you can pretty much excuse the garbage he mostly turned out. Mikels wanted to make films and he didn't care how they turned out so long as he was producing something. More power to him, but I wish he wouldn't subject us to his home movies"
tt0314204,"The monster from Enemy Mine somehow made his way into a small mountain community, where he has taken up residence. He's being hunted by a female doctor-turned-vigilante who is out to exterminate him. This female assassin, who looks like a refugee from a Motley Crue video, rides around on a motorcycle and tries to save a bunch of kids who have chosen to have a Big Chill weekend right smack dab in the middle of the monster's turf. Decapitations and lots of blood are primarily in place to draw attention away from the story which limps along like a bad version of the Island of Dr. Moreau (and yes, it's worse than the one with Val Kilmer)."
tt0319147,"(Spoilers)<br /><br />I was very curious to see this film, after having heard that it was clever and witty. I had to stop halfway because of the unbearable boredom I felt.<br /><br />The idea behind the film would have been acceptable: depicting the way the relationship between a man and a woman evolves, through all the problems and difficulties that two people living in a big city can experience. What made me dislike the whole film were two things.<br /><br />First of all, the film was so down-to-earth that it looked as if, by describing the problems that a couple must solve on a day-to-day basis, it became itself ordinary and dull.<br /><br />Secondly, the overall sloppiness of the production, with dialogues that were barely understandable.<br /><br />Too bad."
tt0327940,"Mind, my friends and I saw the movie based off it's title alone. It's cute, though obvious in it's plot and direction-- you know where the movie is going within the first five minutes. My main contention with the plot is that while it remains tolerably consistent, they never explain a lot of the things behind the characters. An alcoholic father, overworked mother, stressed-out sister... that's a bad family, but aside from the occasional mention from the sister, there's not any resolution. I was also confused as to the scene with the bottles... it seemed pretty random.<br /><br />The writing is a secondary concern... the kids weren't bad actors, but their script left a lot to be desired. Unfortunately, what could have been a cute niche movie was pushed aside for a single, blah special effect, lame scripting, and a glaringly obvious plot."
tt0331509,"I bought this movie from Gamestop's discount used movie bin and the cover caused me to laugh uncontrollably so I bought it for 99cents. The movie itself is retarded and they use like ten different monkeys throughout the whole film that hardly look alike. Not to mention they use a stunt double who is just a short guy in costume making a desperate attempt to impersonate a monkey.<br /><br />The director more than likely committed a murder-suicide with the chimpanzees after the movie debuted in a preview for some other low rent Warner Bros. film and he ended up owing money to the studio. It also doesn't help that he wasn't even infamous for the terrible job he did, he wasn't even known for producing a poop-chute film.<br /><br />Why was this movie ever made?"
tt0334541,"Well...tremors I, the original started off in 1990 and i found the movie quite enjoyable to watch. however, they proceeded to make tremors II and III. Trust me, those movies started going downhill right after they finished the first one, i mean, ass blasters??? Now, only God himself is capable of answering the question ""why in Gods name would they create another one of these dumpster dives of a movie?"" Tremors IV cannot be considered a bad movie, in fact it cannot be even considered an epitome of a bad movie, for it lives up to more than that. As i attempted to sit though it, i noticed that my eyes started to bleed, and i hoped profusely that the little girl from the ring would crawl through the TV and kill me. did they really think that dressing the people who had stared in the other movies up as though they we're from the wild west would make the movie (with the exact same occurrences) any better? honestly, i would never suggest buying this movie, i mean, there are cheaper ways to find things that burn well."
tt0337640,"Ouch! This one was a bit painful to sit through. It has a cute and amusing premise, but it all goes to hell from there. Matthew Modine is almost always pedestrian and annoying, and he does not disappoint in this one. Deborah Kara Unger and John Neville turned in surprisingly decent performances. Alan Bates and Jennifer Tilly, among others, played it way over the top. I know that's the way the parts were written, and it's hard to blame actors, when the script and director have them do such schlock. If you're going to have outrageous characters, that's OK, but you gotta have good material to make it work. It didn't here. Run away screaming from this movie if at all possible."
tt0339531,"This is the biggest piece of lamo I've ever watched. It is excruciatingly boring I would have rather sat through a seminar on creationism than have watched this if i had known it was going to be as boring as it was. Not even the 40 seconds of the hot chick in the bikini with the big ta tas redeems this of anything lower than a 1.<br /><br />The reviews of this movie claiming that this movie is ""unintentionally funny"" are absurd and just plain WRONG. Not one thing is funny about this movie. they spend the first 50 or so minutes walking through the woods talking about stuff you wouldn't understand nor care about and it is just as lame when the people start dying because you don't even know who the people are because they are so UNINTERESTING. Honestly though, I didn't watch it to the ending, but that should say something about how horrible it is. WORST MOVIE EVER.<br /><br />Immediately after ejecting this filth from my DVD player I started scraping it against the cement in front of my house, not wanting other blockbuster customers to have to fall upon the same mistake i had made as to rent this movie. Then Zach peed his pants. Thankyou for your time."
tt0340883,"The premise is amazing and the some of the acting, notably Sally Kellerman and Anthony Rapp, is charming... but this film is near unwatchable. The music sounds as if it comes from some sort of the royalty free online site and the lyrics as if they were written with a rhyming dictionary open on the lap. Most of the singing is off-key. I think they may have filmed with the singing accapella and put in the music under it... The dialogue is really stupid and trite. The movie works best when it is actually talking about the real estate but unfortunately it strays to often into stupid farcical sub-plots. I found myself checking my watch after ther first twenty minutes and after 40 wondering 'when is it ever going to end.'"
tt0346156,"Sky Captain is possibly the best awful movie I've seen in a long while. Rife with amazing CG and special effects, studded with an A-list cast (Jude Law, Gwyneth Paltrow, Angelina Jolie and the infinitely likable Giovanni Ribisi) and racing along with an overused but Indiana Jones-esquire storyline, this should have been a great movie to watch.<br /><br />'Should have' being the key term here, of course.<br /><br />Jude Law plays Joe the Sky Captain with a dashing accent and plenty of over-the-shoulder, heart-melting smirks, but you can't make something out of nothing, and even his flippant deliveries and boyish good looks can't save the movie's stone dialogue. (If he had slapped Giovanni Ribisi on the back and said, ""Good boy, Dex,"" just ONE more time, I might have barfed all over the guy in front of me.) Gwyneth Paltrow, as Polly Perkins, is nothing less than nerve grating. Her nasal whining and not-quite-sarcastic comments get old in the first ten minutes of the movie. Perhaps she put too much effort into playing the stereotypical 30's comic book heroine- who knows? I expected more from her. An example of how a similar character was played (and played well) is in the late 90's flick ""The Phantom,"" starring Kristy Swanson and Billy Zane. Rent the movie and you'll know what I mean.<br /><br />Giovanni Ribisi and Angelina Jolie were the saving graces in the film. (Angelina Jolie was incredibly hot in that eyepatch. I'll admit it.) In just a few short scenes, both actors somehow managed to rise above the tired material and deliver a more riveting performance than their dry, two-dimensional castmates.<br /><br />The plot and steady story progression were old, boring, and basically just a monotonous combination of every good scene from an action movie in the past thirty years. The pace is rapid-fire in the first half of the movie, and a snail's pace in the second, giving the audience enough time not only to guess the eventual conclusion of the film, but to figure out who the key villain is as well. The pairing is rather clichéd, also- Polly Perkins and Sky Captain apparently reunite after several years of separation from a bitterly-ended romance, and their story isn't so much charming and eclectic as it is annoying and mismatched. When they finally come to terms with their mutual feelings towards the end of the film, nobody's surprised, and nobody really cares either.<br /><br />Props to the director for appreciating Bai Ling enough to dress her in skintight vinyl for the entirety of the film, and also for the intriguing sepia tones that served as coloration throughout. But Sky Captain, despite having all the essential elements of being a great movie, falls flat on its face. Not even worth the $2.75 I paid to get into the theater."
tt0348150,"I saw the movie last night and I really wanted to like it. My expectations for the movie had been going up and down ever since I heard it was being made. Some days I'd see something spectacular and some days I'd be disappointed.<br /><br />Yet being the kind of fan I am, I had high hopes for this movie but in the end I was sorely disappointed.<br /><br />While I love the Richard Donner movies I didn't like their sometimes campy nature or the changes they made to Superman's character and his powers.<br /><br />Singer however chose to take the worst elements of the Donner movies and put them in his version.<br /><br />While his Lex Luthor is slightly darker he's still nothing more than a shyster, a conman and a common criminal. He's no more intelligent than when Gene Hackman played him. Kevin Spacey does his best to play Luthor well but ultimately he falls victim to shoddy writing and unremarkable dialog.<br /><br />His henchmen are more two dimensional than even comic book henchmen. Most of them literally have no dialog in the movie.<br /><br />****SPOILERS AHEAD**** Kitty Kowalski is almost exactly the same character as Ms. Tesmacher. She seems to be as evil and cold as Lex Luthor but she proves to be just an underling who melts after seeing Superman in trouble and quite predictably betrays Luthor.<br /><br />The biggest disappointment in the movie was Frank Langella as Perry White. I wasn't a huge fan of the over the top Perry White in the Donner movies but at least he had a soul. He was after all said and done, a veteran reporter who cared about the truth and a good story. Langella's Perry White is nothing but a corporate stooge. He wants everyone to concentrate on the Superman related stories because they sell papers even though every other paper is doing the same thing. He doesn't care about the real stories, the real mysteries like the black out and what Lex Luthor is up to now that he's out of prison.<br /><br />The worst thing about Langella is that he's DULL! Some actors can be quiet and sober and yet have an undercurrent that lets you know that still waters run deep. Frank Langella is puddle.<br /><br />Brandon Routh is not a bad actor. He's OK but again there is not a single memorable line in the whole movie. Not the actor's fault. His movements are clearly meant to look graceful, like even the slightest movement of his fingers effects the way he flies. But it still looks choreographed and artificial.<br /><br />Lois Lane while badly written was surprisingly well acted by Kate Bosworth. Unfortunately, again, for a Pulitzer Prize winning journalist and writer, she is about as eloquent as any teenage on Dawson's Creek.<br /><br />James Marsden was my favorite actor in the whole movie, mostly because he looks more like Superman than even Routh. Without any superpowers he manages to figure out Lois Lane's message, flies a plane to the location, gets on board Luthor's yacht and rescues Lois and her son.<br /><br />The only moving moment in the movie is when they are all trapped pantry as it is flooding with water and the ship is sinking. You see them slowly going being immersed in the water. You know Superman's going to come by at the last moment to rescue them but still you can't help but feel sorry for them.<br /><br />As I said before the plot is very haphazard. Unlike Singer has said, this is not a movie about a superhero returning and trying to find his place in the world. As soon as he returns the world welcomes him back with open arms. Lois is the only one who's not happy to see him back. Even Luthor is happy to have Superman back because it gives him a chance to settle the score with the man of steel.<br /><br />Superman is shown to be probably one of the dumbest heroes in the universe. A big green piece of meteorite is stolen from a museum, Lex Luthor is out of prison, he now has knowledge about Superman's powers and weaknesses, and yet he's still not able to connect the dots enough to know Luthor would be using kryptonite against him.<br /><br />According to the movie the only thing Superman is good for is lifting really, really heavy things. The action sequences are all incredibly predictable."
tt0352394,"Because others have gone to the trouble of summarizing the plot, I'd like to mention a few points about this film. There may be spoilers here; I don't care enough to filter them out.<br /><br />- Given the film's low budget, the creature design was quite good. It's actually nice to see a direct-to-video horror film that's not slathered with awful CGI. Unfortunately the digital film quality's quite grainy in places, and it's most noticeable in the well-lit white halls of the asylum.<br /><br />- Ridiculous lighting design plagues parts of this film, to say nothing of the variations in the passage of time. I understand the director might have been trying to simulate dementia, but in order for this to be effective consistent time flow needed to be established. As-is, it merely seems amateurish.<br /><br />- Plot twists were numerous but consistently predictable. I neither had a doubt in my mind of the identity of the robed cultists, nor of the fact that some kind of lame evil-trumps-good development would surface at the end.<br /><br />- This may seem like quibbling, but characters in this film reliably fail to employ any kind of common sense. First of all, regulatory commissions would be all over a mental health center that unilaterally declared all patient and employee deaths cardiac arrest-induced. Why would the head psychiatrist also be capable of performing autopsies? Why wasn't a plot point made of these impressive qualifications, or of his introduction to his odd choice of religion? What's the background? What's supposed to make us care about anyone in this? And just as importantly, who in their right mind would go through the introduction to the place, see everything that was so frighteningly wrong with it, and then conclude that it was still a fine place to pursue a residency? This film didn't even respect its characters enough to give their intelligence the benefit of the doubt.<br /><br />Bottom line: See The Wicker Man instead."
tt0366292,"Acclaimed Japanese director Takashi Miike can't seem to get the wheels moving with this torpid thriller, an adaptation of Yasushi Akimoto's book concerning an evil old woman (and child abuser!) who is part of a new urban legend: if your cell-phone rings with a strange tone--and you see the message 'One Missed Call'--you will replay the message only to hear your own final words before your death. Most successful part of the film is the trenchant satire of Reality TV cameras intruding on the future victims, but the not-so-elaborate deaths (which include a hidden piece of red candy!) are disappointing and dispiriting. The frequent shots of ravaged dead bodies are actually displayed rather discreetly, and this overall politeness may be the reason why the film is ultimately so staid. Hollywood predictably jumped on the far-fetched plot in 2008, yet the U.S. version fared no better. NO STARS from ****"
tt0366555,"This was truly dreadful! It had a terrible storyline, was poorly acted, and was like an amateur remake of evil dead but not nearly as good.<br /><br />It took all my tenacity to make it through this one, it's a good job I didn't have to visit the toilet else I doubt I would have come back! This one makes Hammer House of Horror look like a big screen Hollywood epic. <br /><br />The only value to this movie was the never ending supply of beautiful women. Not a bad one among them! <br /><br />If you want to letch with your friends after a night on the beer then this one's for you ... else avoid it like the plague!"
tt0367817,"Worst movie on earth. I don't even know where to begin but I hope I can save another person from punishing themselves with this movie. When it comes to acting and lighting, this movie is similar to a bad porno without the sex. The actors are some of the worst I've ever seen, and couldn't have been worse even if they were trying to make a complete mockery of this movie. The movie must have had a record breaking low budget which I'm sure was wasted almost solely on the movie's cover. This movie has now become a running joke with friends of mine and has become the standard for comparing other garbage movies. I would like to point of that no other movie even begins to compare. I feel personally responsible for suggesting a friend and me watch this movie and am surprised she still considers me a friend after the torment I put us through. Don't see this movie!"
tt0383678,"This is an early film ""Pilot"" for the hit Canadian tv show Trailer Park Boys. It was played to executives at a few networks before Showcase decided to sign them up for a tv series. Great acting and a very funny cast make this one of the best cult comedy films. The movie plot is that these two small time criminals go around ""exterminating"" peoples pets for money. If you have a dog next door whos barking all night these are the guys you go to! But they get into trouble when they come across a job too big for them to deal with and end up in a shootout. Watch this movie if you want to understand the beginning of the tv series. I highly recommend it!<br /><br />Rated R for swearing, violence, and drug use.<br /><br />Its not too offensive either (they dont actually show killing animals)"
tt0397501,"This is a sprawling (4 hours) remake of the Rider Haggard story, with the usual added female and an extraneous subplot with Russian soldiers seeking a ""Stone of Power"" buried along with the treasure of King Solomon. It's very well shot, giving a vivid sense of the wide open spaces of Africa, and very well acted. Patrick Swayze is an excellent Alan Quatermain, and Allison Doody is attractive as Elizabeth Maitland, who hires Quatermain to help rescue her father. Sidede Onyulo as Umbopa, Gavin Hood as McNabb and the leader of the Russian soldiers (not named in IMDb's listing) are also memorable. For all that Hollywood can't leave a good story alone when they adapt it, this one is well told and, except that it's too long, I enjoyed it. 6/10."
tt0408154,"ROLL is a wonderful little film. Toby Malone plays an 18 year old kid (very well acted, by the way) who is into soccer. Malone's cousin takes him out the night before his big game on an adventure with many twists and turns involving two gym bags, a drug lord, some tough bikers, some cops, and some prostitutes ... and the movie keeps us guessing as to which characters are on which side of the law, what the contents of either gym bag is, and even what gender a key biker is. Parts of it reminded me of LOCK STOCK AND TWO SMOKING Barrels.<br /><br />For me, ROLL reinforced three opinions that I already held before seeing ROLL. Those opinions are: 1. I really want to visit Australia one day. The country and cities are beautiful and it looks like such a cool place for a vacation.<br /><br />2. Some of the best filmmakers in the are Australian. The cinematography in ROLL was especially impressive. I loved the stylized colors and lighting in many of the scenes.<br /><br />3. Australian women are HOT!"
tt0417148,"I chose to see this movie because it got a good score here on IMDb. But a lot of people either have really poor taste or someone's been fixing the score.<br /><br />Either way it was a real disappointment. The movie is exactly as stupid and far fetched as the title would suggest. There really is no reason to give a summary of the plot - but here goes: it felt like someone had been thinking: ""Wouldn't it be cool to make a movie where there were snakes on a plane? And then the snakes for some reason would go crazy and start biting and stuff?!?"" And that's about it! The plot is thin and unoriginal. The snakes are bad CGI (but it makes sense to cut corners on a movie that no one in their right mind will recommend to anyone!). The acting is poor, and all people are unbelievable stereo types.<br /><br />To sum it up: It's one of the worst movies I've ever seen - stay away!"
tt0421239,"-A very pretty red headed woman waiting for her plane meets a charming young man that she connects with. As the two get on their flight and sit next to each other the young man Jack becomes deadly as he threatens Lisa to either change the room that a politician and his wife will be staying in, or else have her father die. See now that's what you happens when you fly coach, stuff like that never happens in first class.<br /><br />-Other than having a conflict that takes place on a flight, the other thing that this movie shares with ""Flightplan"" is the sheer unbelievability *if that's a word* of the story. The point of the whole is to get the main character to change a politician's room so he can be assassinated which is a pretty plausible plan, but won't it have being easier for Jack to just find someone that was computer savvy and have them hack into the hotel's system? Teenagers today can damn near do anything with computers, so I'm pretty sure it would have been easier for him to simply get someone to change it using a computer instead of going through the trouble of spying on Lisa and getting her into the predicament that she lands on in the movie.<br /><br />-Plus one thing that struck me as odd was how no one on the plan heard a single thing they were talking about. This is a very small plane were talking about here and since their voices were raised occasionally it seems to me like the other passengers should have heard something. But I'm 100% sure that I'm reading way too much into it. The movie is meant to be as realistic as an episode of ""24"" so one can't be perplexed by such complexities. For all my complaints though, this is still a very fun movie that gets the job done. It's not exactly the type that requires to shut of your brain, but at the same time it doesn't require great intelligence to fully enjoy.<br /><br />-I'd love to sit here in my comfy chair and rave about the brilliant acting in the movie but really I can't. I love Rachel McAdams, I love Cillian Murphy, and I like Brian Cox, but they don't really stretch their acting muscles here. It's not really much of a problem since this isn't the movie that studios hope to win multiple awards and the acting isn't the least bit horrible, just not great. Wes Craven isn't exactly the first that comes to mind when you think of a movie like this, but he does a very nice job considering the time they had to film the movie and the lack of depth to the script. It was definitely a huge improvement over the disappointing ""Cursed"" and as much as I liked him doing something different with this movie, I still would love for him to go back to doing what he did in the past which is great horror movies that is talked about decades after it's release.<br /><br />-One nice thing about the movie which I really appreciated was just how short the movie was. It is great to sit and watch a nice three hour or so movie once in a while, but nowadays it's like every movie that comes out feels too long, where as this movie just felt like the right length. Not too long, and too short. They don't waste time by trying to develop the characters too much because they know this isn't the movie for that and by doing so they made a very nice short movie. Being a huge film music geek, I have to say that the best part of the movie is the ultra cool score by Marco Beltrami. It's really nice to see Beltrami go from writing the predictable stuff to the great music he's doing now. I really the cool techno/orchestral stuff he does for the main titles. Too bad that I can't find the soundtrack anywhere, would have really loved to listen to the titles anytime I wanted instead of having to pop in the DVD when I want to hear it.<br /><br />-Overall It's nice for what it is and whiles it's far from great cinema, should still provide for some small entertaining hour and a half"
tt0424095,"Don't understand how these animated movies keep coming out, and no matter how good (or bad) it is people love it.<br /><br />I saw this movie with my two kids (5,7). They like pretty much anything animated (like most people who rated this film). The theater was almost full, and I looked forward to seeing the movie with its superb cast. To tell the truth I was bored silly. It was unbelievably predictable and just plain unfunny. There were a couple chuckles throughout the film and that was it. Of course they tried time and time again to get the cheap laugh, but just didn't work. My son almost always says to me that he wants the DVD after we see an animated movie, but not on this one. My daughter fell asleep half way through. Also, the kids thought the character animation looked weird. I haven't heard that from them since seeing The Polar Express, which gave my daughter nightmares.<br /><br />Trust me, I'm not the type who looks for the negative in everything. But quality is quality, and like so many animated movies they throw out there, it has very little."
tt0425661,"Also known as the Big Spook War. The Great Yokai War is Miike's attempt at a family film and damn fine job he does as well. The problem is that I can't imagine many parents wanting to subject their children to this movie. The best kids movies are the ones that are scary or have mildly disturbing imagery, Neverending Story and Return to Oz spring to mind, but in the case of the Great Yokai War Miike probably takes things a little too far. In fact at the screening I was at the person introducing the movie reiterated to the two families there that it was probably not very suitable.<br /><br />The film kicks off with the young hero of the piece introducing himself and explaining about his current family problems. This brief moment of mundanity is sharply broken as a cow gives birth to a calf with the face of a human whom screams that something horrendous is coming before falling dead like the abomination it is (it is quite possible that the sheer hideousness of the creature is some bizarre Quato homage).<br /><br />Following an incredible introduction for main baddie Kato, and his henchwoman Agi (a surprisingly attractive Chiaki Kuriyami), by way of an apocalyptic army raising. The story reverts to normal for a while, but it doesn't take long before any and all logic goes down the drain and the young boy teams up with a group of Miyazaki rejects to take out the evil sorcerer.<br /><br />The plot of the movie is fairly basic and surprisingly hackneyed at times, the entire chosen one just seems completely out of place in a movie which so regularly breaks clichés, but is aided by a simple awe inspiring vision of a magical world. This really is a Miyazaki movie made into a live action movie, albeit a much seedier and more vicious than usual Miyazaki movie.<br /><br />The film is simply a joy to look at the designs of the Yokai is colourful, and largely practical, while the evil robotic monstrosities while not displaying the best CGI in the world have a practicality and menace to them which gives them far more of a palpable threat than you would imagine.<br /><br />The cast is uniformly excellent, they just make their characters seem perfectly natural which is commendable when you consider that most of them are in full body makeup or latex suits. Even Agi lumbered with a ridiculous beehive comes across as sultry and deadly thanks to surprisingly excellent acting from Kuriyami.<br /><br />While the film does have many elements which put it firmly into family movie territory; cute creatures, junior heroes, a thoroughly evil villain, a sense of mischief and adventure, and a telling lack of violence. There are elements which make you question whether Miike should have directed such a movie.<br /><br />The robot army is a genuinely terrifying menace everyday items warped into monstrous beasts that look like T-101 sans skin and with added chainsaws. These beasts rip characters to pieces; suck creatures into their blood stained mouths, and abduct children from their homes by swiping them right from under their parent's nose before indulging in a little patricide.<br /><br />The creation of the creature is equally arduous for young minds. The Yokai, essentially the heroes, are feed into a giant furnace full of a liquidised form of hate which corrodes the Yokai's flesh and forces their angry souls to possess lumps of metal. If kids thought smouldering Anakin was bad wait til they see a man sized hedgehog burning to death in a vat of molten hatred for a minute before being turned into an abomination of a motorcycle. There is also limb severing, in one case a severed hand twitches in front of the camera dripping with blood, a fair amount of sexual energy (Agi wears one dress designed specifically for fan service and seems to only have sleeping with Kato as motivation, while the Princess of the Rivers wears next to nothing and gets her thighs groped by the young hero in several scenes), and general humour which will go right over the heads of those that this technicolour wonder was seemingly designed for.<br /><br />Spoilers An Example of this being that the Yokai only become interested in the final battle when they think it is a big party. The subsequent battle more of a festival than anything, complete with beer, crowd surfing and moshing. Also a scene where Agi beats the tar out of a cute furry creature seems designed to appeal to the masses jaded by pokemon overkill.<br /><br />End Spoilers At the end of the day The Great Yokai War is easily on of Miike's stronger recent films. While it lacks some of the perverse charm of say Gozu or Ichi it is just continually pushing the audience down a road of general insanity. In fact this is easily Miike's most deranged movie in that he embraces the sheer magic of the subject so wholeheartedly.<br /><br />Well worth a watch just for the occasional flash of Gogo arse."
tt0433360,"Okay. Look- I've seen LOTS and I do mean LOTS of these types of films. You know, the ones where the DVD cover just look SO good and scaarrryyy that you just cant WAIT to see it? Well, I got GOT again. And I'm getting' pretty tired of it. But I digress. It's pretty simple. It sucked(I know, rather juvenile) but it did. AndI SO agree with the other poster that if we had to sit through the boring thing, why oh WHY did the lead actress have to be so unnattractive?Distractingly so if I may add. And the scowl she used convey unresolved pain/grief over the death of her daughter did little help. I mean, Jesus.. Oh, but the crawling-on-her-back-demon thingee was pretty neat..."
tt0439932,"Here's why the Jane Show won't work. Once again Canadian bonehead producers and writers can't create a sitcom without putting some kind of different spin on it. I guess these people don't watch a lot of T.V. from the U.S. which has the sitcom model down pat. No, here we have to do something different, we have to make the A story absolutely absurd and then have a meaningful B story to try to make up for it. The characters are two dimensional and the story lines are way over the top: Forklift races??? give me freaking break. Here's a little advice for the writers of the show, Don't write funny situations, find the funny in situations. And remember, you have to be born with a sense of humor to write truly funny stuff, not just be an improv monkey."
tt0443632,"There is good. There is bad. And then their is The Sentinel, a bottom-barrel political ""thriller"" that ranks among the worst movies I have ever seen. The plot of a mole in the Secret Service is a good one, but never has a movie with so much potential been so utterly butchered. Directed with ham-handed ""edginess"" by Clark Johnson, every actor in this film seems to be working on autopilot. Even the great Michael Douglas looks bored here. I can honestly say I have NEVER, in all my life, viewed another film with so many glaring plot holes. The twist is predictable from square one, and the character's motives are so utterly ridiculous that they inspired laughter from the audience. Avoid this at all costs. This is a catastrophe of a movie with no redeeming value."
tt0444628,"It's hard to believe that this is a sequel to Henry Fool. Hard to believe that the same director and actors were involved in both movies. While Henry Fool is refreshing, witty, comical, Fay Grim is slow, boring, and doesn't go anywhere. Where has the wit gone? I am baffled.<br /><br />It is 10 years since I saw Henry Fool and many of its dialogs and scenes are still vivid in my memory. Fay Grim is painful to watch. This is no fault of the actors, who are good (Parker Posey) or great (Jeff Goldblum) -- the blame lies entirely with the plot, the dialog, and even some of the filming (low budget is no excuse). A huge disappointment. <br /><br />Sorry I couldn't pay attention to the plot, I was so bored, so disappointed... if you enjoyed this one you might not enjoy Henry Fool so much... the two movies have absolutely nothing to do with each other... there is no continuity in the characters' personalities... it's all a fraud to entice fans of Henry Fool to watch the sequel.<br /><br />I'm switching this off now -- Henry in some sort of jail with a Taliban?!?!"
tt0444736,"A very bad attempt at a young spinal tap. At least the music in spinal tap was good.<br /><br />This is really a very sad case of Hollywood nepotism at it's worst. A bunch of Hollywood execs, bad musicians and producers create some ""poopie"" show so their kids can be in the spotlight. Oh please!!! The potty humor was even bad. I hate this stuff when there is really incredibly talented kids (musicians, actors and artists) out there busting their butts to have success and this crap comes along.<br /><br />Help u all!!!! Why wasn't Gene Simmons in it??? Ameriac's taste in entertainment is going down the toilet."
tt0446685,"I can appreciate what Barney is trying to achieve, but after sitting through this last night at a college movie house, I couldn't help but think...when is this gonna end? A very long and ponderous two hours and fifteen minutes. I had only seen a part of Cremaster 3 on DVD and thought I knew what to expect. That said, experimental films such as this are better digested in small increments. There are a couple of beautiful/horrible images...including the title sequence (no kidding), but if you go into this expecting any kind of plot or meaning, then you are in for a long, snooze-inducing ride. I managed to stay awake for the whole thing (if that's a compliment) but more often than not, I was waiting for some kind of meaning or narrative...big mistake. Among the collection of images are a very ornate gift-wrapping ceremony, the creation of a disgusting dish of what appears to be petroleum jelly slabs formed with a cookie cutter and sprinkled with shrimp (this is served to the crew of the ship which is shown throughout the film), a large blubber cheesecake with a large tentacle turd placed in the center of it, and the mutual evisceration of Bjork and director Matthew Barney which eventually culminates in some bizarre kind of communion, followed by their transformation into whale-like creatures. The soundtrack is at times beautiful and annoying...sometimes even maddening. At one time, there is a song being sung by Bjork to go along with the ephemeral rituals being played before us, and at other times there is just a constant droning of a high-pitched instrument, which we see a mysterious woman playing at the beginning and end of the movie. If this sounds like it doesn't make sense, that is because is DOESN'T! If this sounds like your cup of tea, then you will absolutely LOVE it! If this sounds like something that you probably won't like, then stay far away from it, because you will most likely walk out of the theater during the halfway mark like several people at the screening I attended. This is the very definition of an art film. You get from it what you take from it. But otherwise, there really isn't much there, other than a few oddities and constant construction and deconstruction rituals. I'm glad that there is a place for films such as this, but I can't say I would want to sit through it again. However, I can't say I wouldn't want to see one of Barney Cremaster films from start to finish and compare it with this. I think, perhaps now that I know what to expect I might enjoy something like this more. To give you an idea of what kind of comprehension factor this film has, I probably would've liked it better if I had gotten stoned. Then again, it could've felt twice as long as it was, and then it would've REALLY gotten ponderous. Definitely not for everyone."
tt0449599,"I don't know why people except a lot from low budget indie films but I enjoyed this one as I'm a fan of urban horror. There's not too many urban horror movies out there so when I saw this one on the shelf, just the title alone peaked my curiosity. So I decided to check it out and I was surprised...it's not too often you run into a low budget indie horror film with GREAT acting and a good story. Is it low budget? yes. Can you tell that it's low budget? Yes...but once you start watching the movie you become so wrapped up in the story that it doesn't matter. I like hip hop music too and the soundtrack is nice! I don't know what's up with all these bad reviews for this film. All I hear is ""worst movie ever"". Have these idiots seen EVERY movie out there? There's thousands of movies out there, how can you categorize one as the ""worst"" ever? A video not ""movie"" like ""zombiez"" may be the worst film I ever SEEN but I can't say that it's the worst movie EVER since I haven't seen every movie out there. Bottom line these people who gave this movie bad reviews are probably from the suburbs. Listen, if you don't like minority based, urban films, the ghetto films, hip hop,etc then WHY WATCH THESE TYPES OF MOVIES???!!! knowing that you don't like this type of stuff? Sure, this is a horror film but it's not just a horror film but it's an URBAN horror film with a multi-cultural based cast. I don't like TV shows like Dawson's Creek or the O.C., THEY SUCK to me. Films like ""Garden State"", ""Wedding Crashers"" and ""I heart huckabees"" SUCK to me. I'm a guy from New Jersey and these shows and movies suck to me. Why? Because I can't relate to them. They don't peak my interest. Just common sense. Believe me, I will never watch GARDEN STATE 2: GARDEN SALAD, WEDDING CRASHERS 2: Here's a sequel to torture you again since the first sucked so bad and I HEART HUCKABORING. Now back to this movie, in regards to saint405's comment above, I don't know if this guy was smoking crack or got knocked ""stupid"" by his drunken dad before he watched the movie but to me, everyone did a great job. The actor who played Ricky (I forgot his name) did a VERY good job. I'm an aspiring actor myself taking theater at my school and I had to do a play where I had to cry and it's not easy to be emotional in a scene so I give props to actors who have to do an emotional scene and can pull it off. Anywho, I liked this movie and never heard of these actors and directors before but you bet I'll be looking out for their stuff for now on and if they are reading this, BRING ON THE SEQUEL!!! I'm out. Jerzee Representin'!"
tt0453671,"I never understood why some people dislike Bollywood films: they've got charismatic actors, great dance numbers, and heightened emotion--what's not to like? What I didn't realize was that I had only seen the upper-crust of Bollywood. Then I watched ""Garam Masala"". I could tell from the first scene that this was not a movie I was going to like (the film opens with a montage of the two leads driving around a city and apparently happening serendipitously on a series of photo setups populated with gyrating models), but I kept hoping things would improve. Sadly, they didn't. The main problem is that the two protagonists, Mac & Sam, are completely unsympathetic. They spend the entire movie lying to women--and lying brutally- -in order to get them into bed, and the audience is supposed to find this funny, and be charmed. The boys are unscrupulous and inept, and not in a lovable way. Mac even goes so far as to have one of the women drugged in order to keep her from discovering his cheating. The script is extremely poor, with repetitive scenes, setups that never lead to anything, and illogical actions and statements by the characters. In fact, the characters are never really developed at all. The males are boorish, greedy jerks, and the women merely interchangeably beautiful. If you go by this movie, you would think that ""air hostesses"" are pretty easy to pass from man to man. In reality, betrayal is not so humorous. <br /><br />The only bright spots I found in the movie were one dance number that had brilliant sets, and a few slapsticky moments involving the French-farce, door-slamming aspects of the story. But Bollywood dancing is better enjoyed in movies choreographed by Farah Khan, and for slapstick you might as well just go straight to the silent comedies of Buster Keaton and Harold Lloyd, who seem to have influenced writer/director Priyadarshan not a little. Priyadarshan also takes false credit for inventing the story: the basic premise of the plot is stolen from the 1960 play ""Boeing Boeing."" The original author of that work, Marc Camoletti, is credited nowhere. At least Priyadarshan changed the title for this remake, rather than brazenly using the original without giving credit, as he did in his 1985 version of this same tale. (According to IMDb's credits list.)"
tt0455115,"(Only minor spoilers except as noted).<br /><br />I've enjoyed a lot of Spanish cinema recently; both the actual Spanish cinema of people like Almodovar, and the Latin American cinema of directors like del Toro, whose superb ""Devil's Backbone"", set in Civil War Spain, was the finest horror film of the last decade. It's no surprise, then, that this film is both well-made, well-acted, and manages to sustain that distinctively different Spanish atmosphere. But it's also as nasty and pointless a film as one could hope not to have to see.<br /><br />What actually is the purpose of all this? We have no real idea what caused the creepy central character to embark on his killing spree, despite the fact that large amounts of narrative voice-over are drawn directly from his own narcissistic journal. In a routinely unpleasant opening sequence, set more than a decade earlier, we see the central character killing his girlfriend in a rage of jealousy and control-freakery (""if I can't have you nobody can.""). Oddly enough, that is perhaps one of the best sequences in the film, but it has no discernible relation to his subsequent killing spree, which appears completely different in both motivation and execution. What happened to him in jail to cause this change? We have no idea, though we do later discover, as an absurd sort of afterthought, that he obtained a law degree while imprisoned.<br /><br />In Britain, in several of our notorious ""serial killer"" or ""sex killer"" cases, the terrible question arises; what about the wife? Did she know, or suspect what was going on? This is a question that this film could have asked, and indeed the wife does begin to emerge as one of the more intriguing characters. But banally, the answer to the question is quite clearly: ""No, she didn't"". Even when a dramatic opportunity like this is presented on a plate, the film still manages to bungle it. All we actually get, sketched perfunctorily out at the end, is her slightly amoral preparedness to cash in on the proceeds after the event. Compare this to the awful revelatory moment in Ten Rillington Place, where Christie's wife says ""you know what I mean."" thereby sealing her own fate and allowing us an appalled glimpse into unimaginable chasms of suppressed knowledge and horror.<br /><br />(Major spoiler in this paragraph). In the meantime, we are supposed to believe that the killer himself is a criminal mastermind who comprehensively outwits the police, thereby securing the briefest of incarcerations in a mental hospital before being released so that he can kill again. How exactly did he achieve this? The plot gets extremely sketchy at this point; something to do with deliberately leaving certain clues for the police; but how this all works or why, or how the subsequent court case actually proceeds, remains a mystery.<br /><br />I actually don't believe serial killers are like this. The Silence of the Lambs may be comic book stuff, but  Lecter aside  it gets its serial killers right. They are deeply disturbed, deeply dysfunctional, deeply inadequate people; not the creepily charming mastermind presented here (closely related to the equally implausible suave killer of The Last Horror Movie, or indeed even Man Bites Dog, though it appears not to have been noticed that that was a satire).<br /><br />This film has little suspense, and bungles what little intrigue the plot might have generated. It has nothing useful to say about the motivations of serial killers, either generally, or in the specific cultural milieu of Spain. This is nothing more than a poorly plotted excuse to show some pretty misogynistic violence to women. And oddly, what makes that violence even more repulsive is a certain prissy failure of nerve even in how it is presented. The soft core character of what is actually shown just makes it seem even more repellently titillatory. Just one explicit shot, properly timed, would have been infinitely more shocking, and would have rendered all the rest completely unnecessary, freeing up more film time to flesh out the gaping holes in plot and characterisation. Instead we just get endless shots of young women vulnerably spreadeagled on a table in their pretty but slightly revealing underwear. Very, very creepy. I'm sorry to be rude; I love horror films, and can tolerate even the most extreme, to the extent even of worrying my partner. But I think anyone who finds this film good, or interesting, even I'd find myself edging away from. The purpose of a horror film is to scare you; this is just lascivious.<br /><br />It leaves a very bad taste in the mouth indeed. I have to give this film more than one star just because it's competently executed, but morally it deserves none at all and should never have been made."
tt0459392,"If you read my review of SyFy's ""Dinoshark"", you know that I can appreciate the low-budget schlock that these made-for-television movies can provide. They're stupid...they're silly...but they're still pretty fun in a ""so bad, it's good"" kind of way. So, still smacking with guilt for liking (and recommending) the undeniably hokey ""Dinoshark"", I sat down to watch ""Hammerhead: Shark Frenzy"", a SyFy Original Movie about a half-man, half-hammerhead monster terrorizing people on an island. With the SyFy Channel's sure-fire recipe for creating B-movie creature features and a cast that includes William Forsythe and Hunter Tylo, how could it possibly go wrong? Well, to my surprise, it actually misses the mark...not by much, but enough to make me not recommend it. Why? Well, first of all, its titular monster, the dreaded hammerhead-human hybrid, takes a backseat to a bunch of faux-military thugs who really become the movie's primary villain. Though the hammerhead does rack up the body count, he (or it or whatever you call the thing) only arrives just before someone is going to be munched upon and leaves directly after. The rest of the movie is filler, pitting our heroes against the aforementioned soldiers. That, to me, is just not as compelling as watching a walking hammerhead eat people! <br /><br />Please Read The Full Review On My Blog: www.horrormoviejournal.blogspot.com"
tt0461642,"Despite what a lot of other people thought about the first movie, I really liked it. This one however. How to sum it up in one word?: This movie is (and here comes the word): CRAP!<br /><br />But let's look at it part by part: Here is the plot: Finally the old queen has been removed from her castle, but her successor: Snow white has problems of another sort: The Court-Jester, Father of her son, has gone astray, as the super, Spliss, goes to the extreme, to battle his gray hair and sells the royal offspring for some blond and full hair. In her desperation Snow white seeks the help of Bubi (Otto Walkees),who must first find his other six dwarf companions and then try to find the royal offspring or at least try to find the name of Rumpelstiltskin.<br /><br />The whole plot seems to have been written on a weekend, where the writers were very drunk but were just under pressure from the studio to write the screenplay. <br /><br />Yes, there are some good jokes. Even for fans of the first part, or for fans of any of the other actors, it's really not worth buying the the DVD. Believe me. <br /><br />The only thing, that at least kind of saves the movie from complete oblivion, are the performances of some of the actors. That's why I gave the move 3/10. Sadly, the script is so bad that none of the actors or all of them combined can make up for the bad story.<br /><br />For example, at one point, they even cross over in our reality, and sadly.. they don't do anything funny while being here. <br /><br />Still, a lot of great actors in this movie: Otto Waalkes, Ralf Schmitz, Martin Schneider, Nina Hagen, Cosma Shiva Hagen, (Especially funny): Rüdiger Hoffmann as the mirror, Helge Schneider and many more but sadly all these comedians aren't able to bring this really bad script to life. <br /><br />Maybe it is a treat for some hardcore fans but for regular movie goers or by now DVD Renters or buyers it's not worth the money. <br /><br />I even regret renting the movie."
tt0463392,"This film has to be the worst I have ever seen. The title of the film deceives the audience into thinking there maybe hope. The story line of the film is laughable at best, with the acting so poor you just have to cringe. The title 'Zombie Nation' implies a hoard of zombies when in fact there are six in total. This cannot be categorised as a horror film due to the introduction of cheesy 80's music when the zombies 'attack'. The zombies actually talk and act like human beings in the film with the only difference being the make up which looks like something out a La Roux video. If you ever get the chance to buy this film then do so, then burn the copy."
tt0468482,"This was just horrible the plot was just OK, but the rest of the was was bad . I mean come on puppet and then they even tried to make the movie digital and that made it even worse! Normally I would like low-budget movie but this was just a waste of time and almost made me want to return the set that it came on. I have about ten low-budget movie set with like 6-8 movies on them and I would have to say this is the worse movie out of all of them. Also the wording is off and they use a fake plastic machetes that doesn't even look like a real one, they could of used one that looked even a little close to a real one so save your time and money and don't watch this horrorible movie."
tt0473553,"When I saw this movie cover, the first thing I thought was that it was made for video. The second thing that came to mind was how similar this looked to another terrible movie ""Darkness Falls"", the tale of this dumb witch who killed people in the dark. Unfortunately, Darkness Falls was quite the masterpiece compared to this pile of garbage, and this movie should not have been made.<br /><br />The film starts off with a small back story for the witch, or, more like a pointless introduction of two little kids who are going to go meet the tooth fairy in hopes of her giving them a shiny new bicycle for their tooth. The opening is filmed poorly, and like the rest of the movie, it's certainly not scary. In present time, the movie is about Peter (Lochlyn Munroe). Peter's renting out his house, and his ex-girlfriend Darcy (Chandra West), and her daughter Cole come to stay there. Cole meets a neighborhood child, and they talk of the Tooth Fairy, and how you shouldn't lose your tooth, or she'll come for you. Unfortunately seconds later, it looks like the Tooth Fairy steals her bike and knocks her tooth out (How ironic). Will Cole survive the wrath of the Tooth Fairy, and will her mother and Peter be able to save her, and rekindle their romance...this is a bad movie, you could probably figure it out.<br /><br />One of the main problems with this idiotic film is how undefined the Tooth Fairy is. They say she kills you if you lose your tooth, but nope. She's more like a serial killer who kills at random, and if you lose your tooth, you're definitely going to go. She steals a bike, so apparently she's a thief too. I said earlier that the idea for this movie was based on Darkness Falls, but where did they get the inspiration for the Tooth Fairy's appearance? Let's see. She looks like a burn victim, and she previously went around the neighborhood slaughtering children. Hmmm...it's almost as though she's an exact rip-off of Freddy Krueger from the ""Nightmare on Elm Street"" films. And this is not the worst part of this awful mess, the climax is. This movie might have the most laughable climax (Not literally laughable because I found it more sickening than funny) I've ever seen. Don't see this.<br /><br />Just a little trivia. Lochlyn Munroe was in Scary Movie, and Jianna Ballard was in Scary Movie 3, and they both were in this, so apparently Scary Movie stars are forced to end out their career with bad scary movies.<br /><br />My rating: 1/2 out of ****. 80 mins. R for violence."
tt0475937,"This movie is simply not worth the time or money spent. Full of clichés and a plot that makes absolutely no sense ! I cant believe that so many people have given this awful movie a 10. My guess is they are stooges of the movie maker. <br /><br />If I could give this movie a zero, I would. Too bad IMDb doesn't allow that. <br /><br />The only reason I watched it because I went with a friend who really wanted to see it. Whats sad is that I never had great expectations from this movie to begin with and yet I felt short changed. Take my word, don't waste your $8 on this piece of trash. The only entertainment I got out of the movie was making fun of the directors name. In all, highly NOT RECOMMENDED !"
tt0477337,"(SPOILERS AHEAD) Russian fantasy ""actioner"" (and I use the term loosely) that I've been trying to watch for over a year. I've finally gotten to the end and now I wish I didn't put in the repeated effort.<br /><br />In an effort to save two hours of your life I'm going to tell you he plot- a guy who has the ability to project a long blade out of his arm returns home to see his mom. Things turn ugly after he is beaten up by the mafia boyfriend of an old girl friend. He takes revenge on the guy when he brings the girl home. The guys mafia mom sends her men out to get revenge while the cops begin looking for him as well.<br /><br />Very little is said. no explanation is really given for anything (like why they lock id girlfriend in an asylum) and the action, for the most part is all off screen. The film essentially consists of a guy who looks like Adrian Brody looking intense and not saying anything, killing people (off screen-most of the action happens off screen). It looks good, is well acted and had there been some form of reason for what is going on it might have been a good film. Hell, I would have liked some sense of real character development or back story (all we know is that the guy was picked on as a kid). The movie runs the better part of two hours and it feels like its six. If they weren't going to tell us anything they could have at least picked up the pace so it seemed like it was moving too fast. No instead we get the hero on a boat. The hero in a bus, the hero walking, the hero looking disturbed.Hero with his girl. It really annoyed me since I think this could have been a good film if they had simply done something or had someone actually say something meaningful other than give instructions to ""get this guy"".<br /><br />4 out of 10. Its about four hours (all my attempts to see this) I'll never get back. Only for those who want to see a brooding Russian action film with very little action"
tt0478197,"Hey,<br /><br />If your going to make a documentary about Leonard Cohen try making it about Leonard Cohen! This is filled with only enough Leonard to anger the viewer who will be left wondering why they are listening to all these other singers (some of them questionable) talk about themselves. Puleeze....sounds like them reliving their diary entries in junior high - who cares about you, what about Leonard? Guess what people, if you ""do something"" worthy maybe someone will make a documentary about you. I found particularly insulting the parading of U2's members as if that would add credibility to this movie - NOT. Leonard doesn't need Bono or the Edge talking about his spirituality. What would have been nice would have been for the filmmakers to embody some piece of his spirituality through the film. Gee, what a concept! I will give props to Rufus Wainwright and Jarvis Cocker for their covers of Cohen tunes - the rest of the performances were a bore and some were unbearable.<br /><br />Cohen fans, don't say I didn't warn you!"
tt0480035,I got this as a turkey movie and was I not disappointed.<br /><br />Acting - overall even though many have been in other movies it is clear that they had to work hard to act this bad so constantly over this entire movie with out accidentally letting slip some degree of acting.<br /><br />Plot - being generous I could say that the scriptwriter did originally start with a plot but but did his best to ignore it. the plot broke down faster then a Chinese knock off computer <br /><br />Scrip - now that was an abomination of nature. it failed to flow with any rhyme or reason. the majority of the lines by the characters were at best pathetic to imbecilic. the script worked hard to make sure that no character managed to get to be considered memorable. I have watched other movies where the extras were more interesting and memorable.<br /><br />Special effects - ROTFLMAO!!!!! They were short bus special <br /><br />Directing - until you can come up with your own directing ability copy the style of your favorite directer otherwise you will only make failures like this.<br /><br />It is good to know that your friends/family have been giving you 10 stars for this movie
tt0481280,"First I'd like to excuse my bad English.<br /><br />I'm not a HOSTEL-hardcore-fan, but I liked that movie nevertheless. Live Feed, however, SUCKED BIG TIME! I have never seen a gore-movie with superb acting, but hey, who's surprised? The acting in Live Feed was... well, not there! I've seen some commented this as it must have been a school project or something. Okey, but not by students in media or acting school. This was NO class at all! And what about the story? A really sad rip-off on Hostel. And what about the gore? What about the psychopathic torture scenes that supposed to make your guts twist and leave you cold-sweating? That was the most disappointing about the hole movie! Short, quick and NO edge. More like an execution rather than a torture. Okey, there where buckets of blood, but it didn't even look real. The slaughtering and the violence reminded more of Braindead than Hostel or any of the Saw-movies. And Braindead was fun! Okey, I laughed at Live Feed a couple of times, but that was more out of disappointment than out of sheer fun!<br /><br />So instead of wasting 80 minutes by watching Live Feed, watch ANYTHING else!"
tt0486655,"Why are the previews so blah for a movie that is so awesome!! Everyone should know what an excellent movie this is. It is engaging and funny from moment one, original, and well-acted. I wish the movie was doing itself as good press as it deserves!<br /><br />For anyone that loved The Princess Bride, Labyrinth, and other truly funny and original fantasy adventure, this is one of the great ones. Robert DeNiro is hysterical. Relative newcomer Charlie Cox is an incredible leading man. Claire Danes is fantastic as always. Michelle Pfiefer is making quite a splash with her recent returns to the screen. There are also a lot of wonderful moments from minor characters...even down to facial expressions."
tt0493424,"What was Steven Seagal thinking? I mean firstly I love Seagal. I love all his movies up to the mid 2000s. His early stuff is some of the best in the genre. This however does not live up to its excellent name. Attack Force (with protagonist Marshall Lawson {Seagal}) would be expected to be a mindless action movie with Seagal in typical one-liner ass kicking form. However, what we get is a crime mystery, bordering on a political thriller with little or no action. Seagal is always in shadows because of his weight. I could not follow this story. There's people who mutate to superhumans when they take a drug. What happened in this movie. The dubbing of Seagal is a disgrace, a shambles and a shame. Why dub the man? The story is terrible. This got a 2/10 from me because of the scene where Seagal asks for backup despite having an army with him, and an hilarious fight scene where seagal swings his hands like a girl facing the camera! ""Revenge is a two way street"" seagal says in this movie...well forget revenge Steven, you need redemption!"
tt0497116,"Let's be honest shall we? Al Gore no more TRULY cares about the environment than most folks care about contacting foot fungus. It's a hook! Make no mistake, Al Gore is a POLITICIAN! Three years ago he was busted/ticketed in his home state doing 70 mph in a 55 mph zone driving NOT a hybrid, a Yugo, or even a GM Metro but a LINCOLN (go google it if you like)! Or how about the fact that Mr. Gore & his Hollywood buddies continue to use a private fuel-guzzling jets to attend the premiers of ""An Inconvenient Truth."" So much for conservation huh, Al? Anyway, it takes a mere minute to subjectively look at ""An Inconvenient Truth"" & discover the main fundamental flaw. While the film parades out many seemingly impressive scientists to tell the audience the EFFECTS of supposed ""global Warming"" there is not one scientist to tell us the supposed CAUSE of it. For example: I can take a hundred folks out to a parking lot & they can point out an automobile which is not running right. BUT can they tell you with any degree of certainty WHY? Generally not! A second flaw, just how accurate were the weather instruments 100 years ago (the toilet wasn't even invented yet)? What did they have, a June bug in a match box? Hell, even 50-60 years ago? Therefore, how do we know with ANY degree of certainty that the planet is ""getting warmer"" when the records of yesteryear are highly questionable at best? Or that man is THE sole cause of it? The answer is we don't & Science is NEVER a consensus. Thirty years ago, Time Magazine did a cover proclaiming a ""New Ice Age"". The truth is that any 6th grade science teacher well versed in Earth Science will tell you that Volcanic Erruptions, Solar Activity & El Ninos have more to do with our eradicate changes in climate conditions than supposed ""Global Warming."" Finally, what Al Gore fails to adequately address is; even IF America decides to follow the global gospel according to Al & implement everything he recommends, how are we going to get the rest of the world to follow suit when we can't even get them to agree on something so obvious as terrorism? Answer: It's wishful thinking, Mr. Gore & you being a former VP of the USA know it! If the folks who produced ""An Inconvenient Truth"" were really honest, they would have titled their film ""Al Gore Wants Attention."" But what I'd really like is for someone to ask the former VP this; why were two of the planet's biggest polluters (AKA China & India) EXEMPT from abiding by the Kyoto Accords? Anyway, I hear the producers of A.I.T are working on their next film entitled ""Gnomes, Fairies & Elves: Our Endangered Friends."""
tt0770745,"Those of the ""Instant Gratification"" era of horror films will no doubt complain about this film's pace and lack of gratuitous effects and body count. The fact is, ""The Empty Acre"" is a good a example of how independent horror films should be done.<br /><br />If you avoid the indie racks because you are tired of annoying teens or twenty somethings getting killed by some baddie whose back-story could have come off the back of a Count Chocula box, ""The Empty Acre"" is the movie for you.<br /><br />Set in the decaying remnants of the rural American dream, ""The Empty Acre"" is the tale of a young couple struggling with the disappearance of their six-month-old baby. As the couple's weak relationship falls apart, a larger story plays out in the background. At night, a shapeless dark mass seethes from a sun baked barren acre on their farm and seemingly devours anything in its path, leaving no sign that it was ever there.<br /><br />The film is loaded with enigmatic characters and visual clues as to what is happening, and ends with a well executed ending that resonates with just enough left over questions to validate the writer/director's faith in an intellectual audience.<br /><br />There seems to be a sub-text concerning the death of the American dream, but I would hardly call the film an allegory. Riveting, well acted, and technically astute, ""The Empty Acre"" is a fantastic little indie that thinking horror fans should love."
tt0780595,Okay so I went into this movie not really expecting much I figured an action flick similar to The Fast and the Furious. Some nice cars some nice girls somewhat of a decent plot. Unfortunately I would have to say that this was probably the worst movie I have seen this year. Don't get me wrong the cars were nice and the girls were OK but the way they put the movie together was just plain crappy to put it nicely. The story just never made you care about the cast and the movie seemed just pieced together. So overall this movie was not the worst thing ever by far but if your looking for a movie to go to this weekend I would pass on this one for now.
tt0783518,"Unless you are mentally ill or the most die hard segal fan you will tire of this horrendous excuse for a film in under 5 minutes.<br /><br />The Plot - Even for a Seagal film, the plot is just stupid. I mean its not just bad, its barely coherent.<br /><br />The Acting - Unbelievably wooden. Literally seen better acting in porno's. Ironically this film tries to cash in on this audience which a 'lesbian love scene' which is utterly cringe-worthy.<br /><br />Special Effects - wouldn't look out of place in a 60's sword and sorcery flick.<br /><br />Unless you suffer from insomnia and have exhausted all other cures, don't make the same mistake as i did and buy this DVD, as you will be asking for that hour and a half of your life back."
tt0785016,"...was so that I could, in good conscience, tell everyone how horrible this movie is. I barely made it through twenty minutes before I started thinking to myself,""Wow, this is pretty bad."". And, to be honest, I would've given this movie 1 star if it wasn't for Esai Morales (though he had very little screen time). He's the movie's only well-acted role, which is a shame because I really like Gil Bellows...or at least I thought I did.<br /><br />While watching this I started thinking back to his part in ""Shawshank Redemption"" and realized it wasn't as good as I thought it was. Problem: his jail-house/tough guy act seems like it's just that, an act; his dialogue sounded like he was doing a very poor impression. Has he ever met someone who speaks like his character was SUPPOSED to? I doubt it, but maybe he should have.<br /><br />And, to make matters worse, they've managed to inject a little jail-house philosophy and make it seem nothing short of contrived, especially when you consider that the rhetoric was being spouted by a ""rasta"" who's accent was so strong that it seemed unnatural.<br /><br />I wouldn't normally slam a movie like this, but when I saw the movie it had a fairly favorable review. I felt like I was cheated and lied to, and I thought I should try to save someone the misery of having to watch this movie.<br /><br />I say BOOOOOOOO."
tt0787475,"Quite possibly the worst movie I've ever seen; I was ready to walk out after the first ten minutes. The only people laughing in the theater were the tweeners. Don't get me wrong, I love silly, stupid movies just as much as the next gal, but the whole premise, writing and humor stunk. It seemed to me that they were going for a ""Napoleon Dynamite"" feel - strange and random scenes which would lead to a cult audience. Instead, it ended up being forced, awkward and weird.<br /><br />The only bright light was Isla Fisher and I just felt utterly awful that she (and Sissy Spacek) had signed up for this horrible thing.<br /><br />Thank gosh I didn't pay for it."
tt0800069,"I appreciate the need to hire unknowns for these kind of 'horror' movies, but they should at least hire some proper actors. The sergeant especially is guilty of using his monotone to bulldozer every single line he has. But let's face it, the lines aren't really important. There isn't really a recognisable plot, so most of the writing involves the words f**k, s**t, m*****f****r and other assorted bad language in place of proper dialogue.<br /><br />The 'story' as it is, is mostly made up of seemingly random gore and death, with a couple of cringe-worthy 'surprises', which happen around 10 minutes after you see exactly what's going to happen. Not only this, but there are several glaring plot holes and continuity errors (Why are they going in there? Didn't he have a weapon? Wasn't he dead?), so it makes the whole film seem as if it has been cut down by the several hours it would take to fix them.<br /><br />Another film which simply relies on blood and gore instead of any real cinematic experience."
tt0805570,"OK, so I just saw the movie, although it appeared last year... I thought that it was generally a decent movie, except for the storyline, which was stupid and horrible... First of all, we never get to know anything about the creatures, why they appeared, wtf are they doing in our world, and really, have they been on Earth before we were or did they just come from space? Secondly, the role of the butcher to maintain order is just so obviously created... Really, how large could the underground for a sub station could have been? There were only so many of those creatures, so I think instead of killing innocent people in vain, they could have just planted some tactical bombs, or maybe clear the are and a Nuke would have done the job. I know it sounds funny and it is, but I do not see the killing of people as being NECESSARY... Thirdly, Leon acts like Superman jumping on the train and fighting Vinnie Jones, who was way taller and bigger in stature. Then again, when he faces the conductor he does nothing and acts as a wimp, watching all the abominations. I mean OK, the conductor had creepy help(lol), but if Leon was so brave he would have gone all the way... I mean he risks his life first, then does nothing exactly when he should have. He could have died as a hero but lives as a coward... this might be the case, but not after showing so much braveness earlier on... Then, the cop thing... come on! This was a city having a subway, I bet there must have been other cops except that lady, other police stations,this was really kind of silly... All in all, great acting by Vinnie Jones, interesting idea up to the reason behind it which is not really built at all... By the way, what did the signs on the chest mean? Vinnie Jones cannot make up for the rest..."
tt0811094,"I love all types of films, especially horror. That being said, Survival does not live up to ANY of the hype surrounding it.<br /><br />I can't give it any points on originality. There is nothing wrong with exploring the same themes, or remaking what others have done. It has just become a cop out for indie films to take us on a slasher journey through the woods, a crazed killer, and as of lately, throw in some crazy family. On those lines I have to compare it with the likes of Texas Chainsaw, Wrong Turn (though the twist in that one is obvious), and others. Survival falls up way short against comparable films. The plot was just not original in ANY way. Some films can get by with a weak (and way over-done) plot with superb acting, special fx, or a slew of other factors. Survivial doesn't have any of that to bank on. If you will, note the following: The acting in the movie never took off. I don't knock or blame the actors for that, nor the director. The dialogue was at best mediocre, and the actors involved never showed (not saying didn't HAVE) the talent to pull it off. I mention 2 standouts. The leading man in this film certainly has the look, but I seriously thinks he needs to consider more training before he is ready to carry a film. The actor who portrayed Greg also had potential, but we never got to see any of it (watch the movie to see why, you won't believe it..).<br /><br />The grainy film look. Ah yes, that little tid-bit of film making magic designed to take us to the glory days of ""Grindhouse"" films. In today's film making, that has become a gimmick. It either works or it doesn't. In this case it just does not work. There are too many other flaws going on, so it winds up distracting from the film, not adding to it. That being said, I think they did a good job of adding that grain. That is some good, quality grain. I think with a different script, better direction, and possibly actors, they should try another ""Grindhouse"" attempt. They will probably pull it off.<br /><br />As far as the tech aspects, in my opinion, they never quite gelled for me either. Better care could have been taken with audio (sounds like it was fed directly into the camera, but there is nothing wrong with that) and for being shot on DV, it was too soft for my taste.<br /><br />That is all I have to say about that....."
tt0815241,"Some funny bits, but come Bill! A film? Quoting Zeitgeist? Keep the TV Show and the interviews, but a film? I'm probably overreacting but what a unnecessary provoking film... I don't know. I laughed, disagreed, agreed... this film is very confusing and inconsistent.<br /><br />Bill's a funny guy... but also very cocky... Bill's rhetoric is similar to Bill Hicks, a brilliant comedian. But like many comedians, the borderline between comedy and preaching can be annoying. I think that the major problem in this film is his lack of sensibility. This might be just a personal taste, but comedy that constantly demeans somebody cannot be taken as truth. Bill is obviously emotionally reactive to religious fundamentalism. I agree with Bill that religious fanaticism is not sensible, but the response to it cannot be sensible. It will create unnecessary turmoil. We can do better than just react to fundamentalism. His conclusion is that ""we don't know"" and he fervently tries to convince the spectator that nobody knows anything, to the point that the agnostic community has been concerned with his lack of serious research in comparative religion. His humility that he only knows that he doesn't, is a contradiction as he tries to insist that all religious thought is non-sense.<br /><br />I had great trouble seeing bits of Zeitgeist, the movie in Bill's film. All the astrotheology-influenced non-sense that simplifies all religions as the same is simply disappointing. Zeitgeist has provoked a lot of controversy and has messed up the validity of so much of the valuable Religion Studies scholarship. It is very sad how wrong facts have been tossed around with no reliable scholarly sources. Astro-mystic sources that reduce everything to ""the stars say it all"" seem to be from the Middle Ages. This film is a confusing statement from a confused ""agnostic"". Agnosticism is far more complex and philosophically academic than defending every single issue as ""we don't know"".<br /><br />This film is an obvious proof of how postmodernism has been able to oversimplify and generalize major issues in human history.<br /><br />Watch the film (it has hilarious interviews and bits) but PLEASE do not behave like Bill. You cannot expect anybody to have a mature conversation if you are making sardonic comments in every other line. His arguing techniques are demeaning and insulting, provoking emotional reactions rather than rational and logical argumentation.. There needs to be a more mature way of dealing with these issues."
tt0871197,"A man and his wife get in a horrible car accident. When the wife is left in a persistent vegetative state, the man must choose between pulling the plug and letting her live. The decision is made even harder when he realizes her ghost wants to extract revenge on him and those around him.<br /><br />This comes to us from director Rob Schmidt, who made ""Wrong Turn"" (a film I have not seen). With only one horror film under his belt, and not a particularly notorious one at that, I was a bit reluctant to watch this episode, expecting Schmidt to be a ""Master of Horror"" in only the most liberal sense. My apologies to him for my underestimation. As of episode 10 in a 13 episode season, this was actually the best one yet.<br /><br />The issue of the ""right to die"" is dealt with and covered in enough detail to be a solid plot device. However, this is only the foundation on which the story revolves. Once the horror elements show up, the film goes from ""decent"" to ""spectacular"". Great acting, great plot, great dialogue, great suspense. I was a little creeped out at times (which is good) and most of all: the gore is in extreme abundance! I read a review of this episode prior to watching it, where the reviewer said there is a strong hint of ""Hellraiser"" in this. Through the first part of the show, I had no idea what they were talking about. Then there is a bit later where some images do remind me of ""Hellraiser 2"". However, I in no way wish to say that this takes away from the film. I can see no other way to create the effect that was created, and in my opinion this looks remarkably better than ""Hellraiser 2"".<br /><br />Some plot twists show up later on, and might invite the viewer to give the film a second look. I didn't watch it a second time, but I think the beginning would make more sense if I had (not that it's confusing). The subplot with the dental hygienist is also nice, and I found myself going back and forth about whether I disliked the main character for his relationship with her or if I felt bad for him. He's somewhat of an anti-hero to the whole story, if you will. I feel inclined to cheer for him as the protagonist, but he's completely unlovable.<br /><br />While the Stuart Gordon episode may be better and I'm excited about the ""Washingtonians"" episode, I think I could safely bet that this is the key episode of the season and by far the saving grace of what was otherwise lackluster and routine. When legends like John Carpenter let me down (again) I get a bit worried about the genre's future, but then a fresh face like Rob Schmidt comes along and gives me hope. This one is a keeper, and please bring Schmidt back for season 3!"
tt0926129,"...let me count the ways.<br /><br />1. A title-only 'remake' that pulls out every cliché in the slasher handbook.<br /><br />2. A plot so predictable that it becomes quite pathetic.<br /><br />3. A completely weak execution of all attempts at suspense or thrills.<br /><br />4. A PG-13 rating that insures no gore, violence, or sex.<br /><br />5. A villain that is not frightening or even mysterious.<br /><br />6. A cast of characters that are so thinly written and stereotyped that we couldn't possibly care about them.<br /><br />7. A lack of any effectively creepy atmosphere (much unlike the original Prom Night).<br /><br />8. A script of dialog that's beyond poor - it's mind numbing. <br /><br />9. A series of cardboard performances (not sure whether to blame the actors or the lousy aforementioned script for that).<br /><br />10. A completely inept teen-targeted slasher remake that's not brave enough to attempt to have an imagination - or even to show a puddle of blood.<br /><br />It's a no-brainer horror fans, save your money.<br /><br />BOMB out of ****"
tt0974959,"First off to get my own personal feelings out of the way let me start by saying that I hate so called comedies where every single character is written and played as being so stupid that you wounder if they're all the result of inbreeding.<br /><br />Now I will say this I did see the first three American Pie movies and while they weren't the most amazing movies that I'd ever seen they were all right (and outright masterpieces compared to the three ""American Pie Presents"" films), I still feel compelled to ask what the hell were they thinking when they made this movie?<br /><br />I also have a few other questions too.<br /><br />Who thought that this was an acceptable use of studio funds and production resources? <br /><br />who approved the final script (and what was that person smoking when they approved it)? <br /><br />And lastly why did anyone think that it deserved to be released into theaters where the average cost of admission is between 10 and 15 dollars depending on where you live when it should have gone straight to the discount bin at Blockbuster or Wal Mart?<br /><br />There is so much wrong with this movie that I can't write a really comprehensive review of it because it would exceed the maximum allowed words on this forum so I'll just touch on the biggest things wrong with it.<br /><br />The plot is generic uninspired and stupid and characters are all about as interesting as watching paint dry for eighty minutes but the biggest thing that I can see wrong with this movie is the acting.<br /><br />While most of the cast are talentless no namers who will probably be forgotten in a few years,<br /><br />the one and only big name in this movie is Eugene Levy who spends almost all of the time he is on screen with this knowing smirk on his face that says to the viewer ""I know this isn't funny and I'm wasting my talents but hey I'm getting payed for it so who cares"" he doesn't even try to make any of his jokes funny (he really deserves better than this garbage). <br /><br />As I mentioned above most of the rest of the cast are horrible even though some of them have been in some really great TV shows, Tyrone Savage (from the classic Canadian series Wind At My Back) plays a character who is so unbearable unlikeable and irritating (there are things that he could teach to tropical skin diseases)that you almost wish he'd die a slow and painful death on screen, Christopher McDonald (NCIS, Law & Order) just hangs around on screen and wastes what talent he does have by being in this film.<br /><br />Maybe the next film in this series will just be a soft core porn with a story line so they can get around the MPAA and get an R rating this movie goes all out with pointless nudity vulgarity and pointlessly offencive sexual content that it should have gotten the X rating (the ratings board must have been drunk or on drugs when they reviewed this film for its rating). <br /><br />It's interesting that twenty five years ago when Wes Craven submitted A Nightmare On Elm Street to the MPAA for a rating review they forced him to cut twenty five seconds of footage (I believe that it was part of a death scene that had a silicone casting of a breast in it) to avoid getting an X rating and he had no other choice but to do it or the film wouldn't have been released, <br /><br />but this kind of needlessly offensive trash can get the R rating today because it's all done in the name of comedy, if this movie was a drama or horror film with this kind of content there would have been a huge stink over the content and it would havegotten the dreaded X rating.<br /><br />The last thing that really annoys me is the writing, this movie is written to play out like the wet dream of some twelve year old kid with an extremely overactive sexual imagination its quite juvenile and extraordinarily crass, nearly every expository situation that is supposed to move the corpse that this movie calls a plot along is so telegraphed that any intelligent viewer can see it coming a mile away and and the so called characters are just stereotypes of stereotypes of stereotypes, never mind the often repulsive sexual references and constant unnecessary scenes of deviant sexual behavior it feels like this film was written by some incompetent first year hack in a low rent film school script writing class.<br /><br />the long and short of it is its time to kill this series before it gets any stupider more crass and offensive, this pie is filled with road apples."
