tconst,review
tt0011588,"I like silent films, but this was a little too moronic. As much as I wish I could say that it was worth the hour I stood up I can't. I don't think any version of the movie even comes close to the book. And don't try it out on kids, they might freak. And the lady who played Pollyanna, how old was she? 38? I know the labor laws were different back then... BUT COME ON PEOPLE."
tt0020643,"The best Laurel and Hardy shorts are filled to the brim with mishaps, accidents and destruction, mostly caused by Stan, but with Ollie receiving the bulk (!) of the punishment-- see the great 'The Music Box' (1933) or 'Towed in a Hole' (1932) as some some classic examples.<br /><br />Here, however, for some reason (is it because it was based on a sketch by Stan's father?) the boys play it 'straight' in a 'comedy' built around jokes and supposedly funny situations. It doesn't come off. It's merely another third-rate tedious 30s comedy, heightened only by the personalities of Stan and Ollie who never really display any of their trademarked gestures (Ollie's finger wiggling, Stan's blank stares, etc.) or comic abilities.<br /><br />The film begins with them running from the police. Since we never see or know why, it's hard to believe or accept their fear of being caught, and thus hiding in Colonel Buckshot's mansion. The premise for the 'humor', Ollie passing himself off as the Colonel and Stan passing himself off as both the butler and the maid are never very engaging. They are not playing 'Stan and Ollie' in this film. Their parts could have been played by any of the pedestrian studio actors and it would be just as poor.<br /><br />Stan could mime and make whatever he would do funny, but he doesn't get the chance to do any of that here. He's constrained by uttering too much dialog to 'move' the plot, but none of it rises much above the silly. We are treated to endless third rate comedy chestnuts such as the running gag of not correctly pronouncing Lord Plumtree's name, the ""Call me a cab! Okay you're a cab!"" joke, cops losing their clothes and being seen in long johns, and a non-sequiter ending of Stan and Ollie as the two parts in a painfully obvious horse costume as they make their escape on a bicycle for two, and James Finlayson is still doing his silent-era full body takes and Keystone Kop jumping jacks.<br /><br />Stan and Ollie do much better in a situation comedy in 'Sons of the Desert'(1933) where we get to see them do what we love about them -- be themselves. In fact, 1932-34 seem to be their best years.<br /><br />Since this film does not play to any of their strengths, why bother with it? I have to give it a 3."
tt0021487,"This Hal Roach comedy short, A Tough Winter, is the ninety-ninth in the ""Our Gang/Little Rascals"" series and the eleventh talkie. Bascally a showcase for black comic Stepin Fetchit who gets special billing here, we see him going to his shack where the gang hangs out. Farina retrieves a love letter from the mail for him and is told by Stepin to read it since he can't read it during the day as he goes to NIGHT school. It happens to be from his sweetheart in Tennesse so now Farina has to have his ears stuffed with cotton since it's too hot for him to hear! In another room, Weezer relays instructions to Mary Ann of making taffy from the radio but because he keeps running back and forth to the kitchen, he misses the lady announcer's segue to rice pudding and Spanish tamale confusing Mary Ann with additions of Tabasco and Lux! After the concoction is completed, Jackie and the rest of the gang help themselves with the awful tasting but very sticky substance as everyone gets stuck on the walls as a result. As they all try to clean the mess, Stepin works in the basement on various pipes and electrical outlets that mixes variable appliances' functions such a telephone that vacuums, a vacuum that rings, and a refrigerator that plays music! The End. What I've just described portends the meandering nature of this ""Our Gang"" short that served as the pilot for a potential Stepin Fetchit movie short series. It's just as well that it never took place as Fetchit's characterization of the lazy Negro was amusing only in small doses and would be considered highly offensive today. Many of the scenes I've just described are good for some laughs though the final sequence was so confusing that the results were just too blah for me. So in summary, A Tough Winter is a curio worth seeing at least once. By the way, Stepin's real name was Lincoln Theodore Perry."
tt0023669,"[I saw this movie once late on a public tv station, so I don't know if it's on video or not.]<br /><br />This is one of the ""Baby Burlesks"" (sic) that Shirley Temple did in the early 1930s. It is hard to believe that anyone would let their daughter be in this racy little film which today might just be considered this side of ""kiddie porn"".<br /><br />Shirley Temple stars in a cast which probably has an average age of 5. They are all in diapers, and are in a saloon which serves milk instead of alcohol. The ""cash"" is in the form of lollipops.<br /><br />Shirley playing a ""femme fatale"" sashays up to the bar and talks to soldiers who make suggestive comments about her (!). But Shirley doesn't need really their lollipops/cash because her purse is full of ones from other ""men"".<br /><br />Meanwhile a little black boy does a suggestive dance on a nearby table (!).<br /><br />What a strange film . . . infants using racy dialogue playing adult roles in a saloon. Who thought up this stuff any way?"
tt0023753,"This is one of those films that I could only sit through once. Charlotte Henry is fine -- in fact, all the actors were fine. The problem was in the script, the dialog, the direction, the editing, the sets and the special effects. Granted, this was 1933, but it really creaked. Part of the problem is that actors like Richard Arlen, Gary Cooper, W.C. Fields and Cary Grant are not recognizable (there faces cried for a recognition that was not forthcoming). The movie just clumped along with no cohesion. Much of Lewis Carrols spirit, humor and continuity are missing. What a pity! It's such a great book. I would recommend Disney's 1951 version."
tt0024032,"An OUR GANG Comedy Short.<br /><br />The Gang coerces Spanky into watching their younger siblings. Caring for these FORGOTTEN BABIES turns out to be quite a chore, leaving the little nipper with no choice but to come up with some ingenious solutions to the baby-sitting problem...<br /><br />Spanky is in his glory in this hilarious little film, arguably his best. Highlight: Spanky's retelling the plot of the TARZAN movie he's recently seen to the audience of infants. Movie mavens will recognize Billy Gilbert's voice in the radio drama."
tt0024509,"This must have been an embarrassment to every member of the entirely African-American cast. Every derogatory, disparaging stereotype of the black American community is featured prominently. I won't reinforce the insults by listing them here, except to mention chickens, watermelons, and dice.<br /><br />One good song by Ethel Waters (and a couple of bad ones), and the fantastic singing and dancing talents of 8-year-old Sammy Davis bring the total up to something below 1 on the IMDb scale."
tt0024831,"In ""Anne of Green Gables"" (1934), Marilla Cuthbert (Helen Westley) and Matthew Cuthbert (O.P. Heggie), middle-aged siblings who live together at Green Gables, a farm in Avonlea, on Prince Edward Island, decide to adopt a boy from distant orphanage to help on their farm. But the orphan sent to them is a precocious girl of 14 named Anne Shirley (Dawn Evelyn Paris-a veteran of Disney's series of ""Alice"" shorts who later would adopt her character's name). <br /><br />Anne was only 11 in Lucy Maude Montgomery's source novel but the same actress could not credibly go from 11 to college age during the course of the story. The movie suffers somewhat from this concession, as many of Anne's reactions and much of what she says are more entertaining coming from an eleven-year-old that from a teenager. As in the book, Anne is bright and quick, eager to please but dissatisfied with her name, her build, her freckles, and her long red hair. Being a child of imagination, however, Anne takes much joy in life, and adapts quickly to her new family and the environment of Prince Edward Island.<br /><br />In fact Anne is the original ""Teenage Drama Queen"" and the film's screenwriter elected to focus on this aspect of her character. Which transformed the basic genre from mildly amusing family drama to comedy. A change that delighted audiences and that continues to frustrate reader purists. <br /><br />Since the comedy is very much in the spirit of the Montgomery's story I can see no reason to take issue with the changes, but let this serve as fair warning to anyone expecting a totally faithful adaptation. The comedy element is the strength of the film as it is one of the earliest self-reflexive parodies of Hollywood conventions. The actress Anne Shirley was one of Hollywood's all- time beauties and the film is in black and white. So much of the amusement is in seeing the title character's endless laments about her appearance and hair color contradicted by what is appearing on the screen. Anne regularly regales her no nonsense rural companions with melodramatic lines like: ""If you refuse it will be a lifelong sorrow to me"". Perhaps the funniest moment is when she corrects the spelling of her name on the classroom blackboard. <br /><br />Tom Brown does a nice job as Anne's love interest Gilbert Blythe and Sara Haden steals all the scenes in which she appears as the Cuthbert's pompous neighbor. <br /><br />Then again, what do I know? I'm only a child."
tt0026110,"The silent one-panel cartoon Henry comes to Fleischer Studios, billed as ""The world's funniest human"" in this dull little cartoon. Betty, long past her prime, thanks to the Production Code, is running a pet shop and leaves Henry in charge for far too long -- five minutes. A bore."
tt0027687,"George Brent is a reporter sent to interview an heiress. She is supposedly the heir to a face cream fortune. He interviews her on her yacht. They fall for each other in bathing costumes.<br /><br />It turns out (quite early) that she is not an heiress. She part of an advertising campaign for the cold cream.<br /><br />The movie follows the ups and downs of their romance.<br /><br />The supporting cast does little to buoy it up. Davis and Brent carry the picture. Though it's fairly predictable, it is also fairly entertaining. It's far from her best. But, especially considering its obscurity in her oeuvre, it's not one of her worst, either."
tt0027969,"I am a big 1930's movie fan and will watch most anything that I see on Turner Classic Movies thats new for me. So I gave this a shot, after all it's the great Harold Lloyd who rivaled Chaplin as a great silent film comedian. I have watched much less of Lloyd's silent films then of Chaplins but I have to say I'm a much bigger Chaplin fan. Anyway this film fell so flat for me that I didn't finish it. I can understand why his sound career was so limited, he didn't get very good material to work with. After you've seen Chaplin, Abbott and Costello, The Three Stooges, Martin and Lewis, The Marx Brothers, and Laurel and Hardy do boxing spoofs (or violence in general), this one is very forgettable. I was also interested in watching Adolphe Menjou as I really enjoyed him in Paths Of Glory but his role here also did nothing special for me. Maybe they should have gotten into the boxing sooner because at least half the film (at least it seemed that way) is before he gets in a ring. I can tell there are a lot of Lloyd fans here and this wont be a popular review but I must rate this as compared to what else was out there at the time, 4 out of 10. Don't watch this with anyone your trying to get to like old movies as they may not watch another one with you again, very flat. For an alternative to anyone who really liked this or is looking for more little known comedies in general I recommend ""Kelly The Second"" made a few years earlier, another nobody becomes a boxer comedy with Patsy Kelly and in a supporting role Charles Chase. These have both been shown on the Turner Classic Movies channel."
tt0028345,"Using tons of stock footage, not only from Trader Horn but also the first two films in the series (for example the alligator fight was used last time out) this is one of the weakest films in the MGM series. Its a huge let down after the classic Tarzan and His Mate which is possibly the best film in the series.<br /><br />The plot has Jane's cousins coming into the jungle to tell her that she has inherited a fortune if she'll come back to claim it. They are kind of in the bind since the relative that left her the money cut them out of the will.Hiring a great white hunter, who secretly wishes to capture Tarzan and sell him, the pair heads into the jungle where they run into the usual jungle troubles (more so because of the stock footage). After lots of talk Jane decides to go back to civilization and we get long sequences of Tarzan and Jame making kissy face. Finally into the last half hour the plot to capture Tarzan is put in motion and things at last become interesting as plans go awry and things look very grim for all concerned..<br /><br />Painfully dull film is clear evidence of a troubled production. the film seems to have been assembled from several different films with the first half hour playing as an almost exact repeats of the previous film. The middle third shows signs of having to stretch things out and having plot lines that ultimately went nowhere. The last third where Tarzan is captured and the party is put into peril is the point that the film finally comes to life (it also shows signs of the graphic violence that caused much of the need to re-shoot the film). To me its a great wonder how the series managed to continue on from here since this film isn't very good (except at the end).I would be hard pressed to explain it except I would have to say that it was the relationship between Weissmuller and O'Sullivan as Tarzan and Jane which kept people coming back. Its a beautifully acted pairing and really is one of the screens great couples.<br /><br />(I should probably also mention that this is the point that the film became less real and more fantastical with the appearance of the Tarzan tree house.) I really dislike the first hour or so of this film a great deal and find it a great waste of time and energy. If you can come in towards the end I would recommend giving the film a try. Otherwise I would just skip the whole film and move on to the next film in the series."
tt0032206,"I always thought people were a little too cynical about these old Andy Hardy films. A couple of them weren't bad. Modern film critics are not ones who usually prefer nice to nasty, so goody-two shoes movies like these rarely get praise<br /><br />Nonetheless, I can't defend this movie either. You can still have an dated dialog but still laugh and cry over the story. Watching this, you just shake your head ask yourself, ""how stupid can you get?"" This is cornier than corny, if you know what I mean. It is so corny I cannot fathom too many people actually sitting through the entire hour-and-a-half.<br /><br />The story basically is ""Andy"" (Mickey Rooney) trying to get out of jam because he makes up some story about involved with some débutante from New York City as if that was the ultimate. People were a lot more social-conscious in the old days. You'd hear the term ""social-climber"" as if knowing rich or beautiful people was the highest achievement you could make it life. It's all utter nonsense, of course, and looks even more so today.<br /><br />However, it's about as innocent and clean a story and series (there were a half dozen of these Andy Hardy films made) as you could find. Also, if you like to hear Judy Garland sing, then this is your ticket, as she sings a couple of songs in here and she croons her way into Andy's heart. Oh man, I almost throw up even writing about this!"
tt0032474,"Effort aside (This isn't a review about good intentions, its about the final product), this film is poorly written, overacted, and poorly directed. The story obviously had potential, but that story is nowhere present in this film.<br /><br />Clara Barton was a human being. She had passions, desires, love, pain, embarrassment, weakness, and self doubt just like the rest of us. You would never know that from this film of the lead actress's performance. In fact apply that to every character in the film, but in Barton's case: Every sentence is a speech. An epic over the top speech as though from an inhuman robot. In fact the only scene that plays well in one in the board meeting, and I realized thats because she's making a speech! Every idea she has is unbelievable in its context and she comes up with ideas that sound like they take a lifetime of soul searching right on the spot. For example, when she sees a wounded man, she'll start pontificating about the needs of the battlefield and to protect soldiers and putting up white flags, etc. As played in the film, there's no WAY she could come up with such a detailed well thought out idea in seconds.<br /><br />IN conclusion, this film robs Clara Barton of her struggles. It robs her of her humanity, and it inherently cheapens all she did because the script is written in clichés. The writer doesn't know Clara Barton, and seems to have based his script on an encyclopedia Britannica article. (yes they had those back then) But hey, nice Technicolor! (who cares)"
tt0032881,"This is the version that even the author hated, because it's so schmaltzy. They gave it a 'happy ending' and changed a lot of the dialogue, and it's just a big pile of saccharine. The 'stage manager' is quite good, I believe he originated the role, but everyone else falls into that acting style of the 40's that is really just posing. The one great feature- the music. This has one of the best scores ever recorded, and it's worth seeking out in a record shop. Overall I think the 1989 Spalding Grey/ Eric Stoltz/ Penelope Miller version is far superior."
tt0032933,"Bob Clampett's 'Porky's Poor Fish' is a so-so cartoon populated by appalling puns and one or two nice moments. Set in Porky's Fish Shoppe, 'Porky's Poor Fish' occupies an uncomfortable area between a standard black 'n' white Porky cartoon and one of the books-come-to-life Merrie Melodies that were popular at that time. Typically of many of the early Porky cartoons, Porky is far from the star, appearing only in a rather stilted opening musical number and the climax of the film. For the rest of the time the star is a scraggly cat who sees the fish shop as an opportunity for a free meal but gets more than he bargained for. Unfortunately, the audience gets far less than they bargained for. As was sometimes the case in the books-come-to-life series, the spotlight is thrown on punning signs which could have worked just as well in a non-animated medium. Laughs are scarce and, while the cartoon is just about saved by Clampett's energetic direction, there is very little at all to recommend 'Porky's Poor Fish' over any of the other below-par early Porky cartoons."
tt0033152,"I saw this movie when I was a child. It blew me away. This was before the days of television, so a movie of this magnitude, could send a young kid into orbit. It so impressed me, that I went to see this movie for twelve consecutive days. The special effects used at this time were far ahead of its' time. Sabu was a real delight, as was Rex Ingram as the Genie. I found myself singing ""I want to be a sailor"" for months after the film left town. I would recommend this movie to any and everyone. I forgot to mention Conrad Veidt, who was as villainous a character as you'd ever want to meet. Also, June Duprez was never lovelier than she was in this picture. The color was outstanding. Give this movie an AAA!"
tt0033575,"This is a very, very early Bugs Bunny cartoon. As a result, the character is still in a transition period--he is not drawn as elongated as he later was and his voice isn't quite right. In addition, the chemistry between Elmer and Bugs is a little unusual. Elmer is some poor sap who buys Bugs from a pet shop--there is no gun or desire on his part to blast the bunny to smithereens! However, despite this, this is still a very enjoyable film. The early Bugs was definitely more sassy and cruel than his later incarnations. In later films, he messed with Elmer, Yosimite Sam and others because they started it--they messed with the rabbit. But, in this film, he is much more like Daffy Duck of the late 30s and early 40s--a jerk who just loves irritating others!! A true ""anarchist"" instead of the hero of the later cartoons. While this isn't among the best Bug Bunny cartoons, it sure is fun to watch and it's interesting to see just how much he's changed over the years."
tt0034753,"SPOILERS<br /><br />Tom and Jerry is a classic cartoon, with a flawless idea, and almost every single short is a gem. While I must say that this is definitely an inferior short compared such other classic Tom and Jerry shorts, there is not way you can hate this cartoon. Sure, it is understandable to say that this is one of the worst of the first Tom and Jerry episodes, and I can say that I agree, but the fact of the matter is that all Tom and Jerry episodes are great, but some are just better than others. Well, this would fit into ""others."" <br /><br />Here is the plot of Fraidy Cat. Tom is listening to an old scary radio broadcast, and becomes easily frightened. Jerry observes how scared he is, and tries to scare him even more than he already is. He creates scary dilemmas for Tom, and Tom becomes scared out of his wits, and his lives. Jerry then puts a sheet over a vacuum cleaner and controls it, thus making it look like the vacuum is a ghost. Tom finds out that Jerry did all of this, and chases him. Tom then accidentally bites the house maid. However, at the end Jerry ends up the one becoming scared after he sees his reflection in a flour cup.<br /><br />Overall, this is far from the best Tom and Jerry short out there, but this is still a fun and entertaining piece of time. It makes me wish that there was more cartoons like this. The slapstick and gags in this that make Tom and Jerry famous are as good as ever in this short, but it felt like something was missing in this. It felt slower than most Tom and Jerry shorts. Anyway, this is a good short that does not quite live up to some other Tom and Jerry cartoons, but it is still nice.<br /><br />7/10"
tt0036050,"Elmer Fudd is laughing while lounging in his easy chair and reading his comic book, his dog comfortably nearby sleeping in front of the fireplace. All is peaceful until a flea comes bouncing by. (The flea is dressed in a farmer's-type outfit with a big sombrero and is carrying a satchel with the name ""A. Flea"" on it.) He gets out his telescope and spots the dog. (We see a big shot of the dog's butt and the flea whistles in excitement, screaming ""T- Bone!"" He then sings, ""There's food around the corner; there's food around the corner!"")<br /><br />That sets up the storyline of this cute-but-obnoxious flea tormenting the poor dog. The mutt is hilarious as he reacts to the flea. <br /><br />The drawings of his huge teeth chomping right next to the fleeing flea are clever and the dog's dialog made me laugh out loud a few times. This might be the funniest canine I have ever seen in a cartoon! The poor pooch, under a threat of having to take a bath, as to NOT react when the stupid flea causes him pain. It's almost painful to watch as the flea uses pickaxes, jackhammers and the like on the dog. He puts firecrackers in the dog's behind. It's brutal!"
tt0036182,"Extremely dull drama starring a very young Roddy McDowall, who trains a wild horse, the Flicka of the title, and is the only reason for watching the movie in the first place. Coated in blaring, overbearing music and weighed down by schmaltzy dialogue, this is one of those interminable films that bores you to the point of a gnawing headache. The naffly-titled sequel, 'Thunderhead, Son of Flicka', in which McDowall trains the next generation of nag, is marginally better than the original but the pace remains slow and the score continues to pummel you into submission, although there are at least one or two scenes that don't induce a coma."
tt0037929,"There's a lot of good that can be said for this cartoon; the backgrounds are rich, lushly colored and full of nicely done art deco details. The animation is up to the usual studio standards of the time, which are unquestionably higher than those of the present day. However, I find it tedious for a number of reasons.<br /><br />The Music: It's definitely not up to Scott Bradley's usual standards. Although it's probably supposed to be evocative of a ""Great Gatsby"" setting, it ends up being dreary, sleepy, repetitious AND monotonous (repetitious and monotonous are not the same, as Beethoven's 5th Symphony attests). Since most people (including me) tend to close their eyes when they yawn, there's a lot of the visual part of the cartoon that will be missed by the average viewer.<br /><br />The Storyline: I'm not giving away any secrets that aren't already in the plot summary - country good, city bad. This is a common theme in films, both animated and live, from this era. It's a misplaced nostalgia for a nonexistent rural idyll, which, in the present day, is reflected in a similar nostalgia for ""values"" that never were."
tt0038033,"Not even the most ardent stooge fan could possibly like the movie, (I one of them) the stooges just aren't given any material to work with. It is really a shame too because this is the only feature length movie the stooges did with Curly, and this one effort by them is painfully unfunny, when it could have had great potential. Awful musical numbers don't help any either. The short they did with the same title has more laughs."
tt0039497,"After the usual chase scene, Jerry accidentally winds up inside a bottle of invisible ink, which was part of a chemistry set. He quickly discovers he's invisible...so the predictable results occur, meaning he uses his new hidden condition to torment Tom. Jerry often is just defending himself, but often he has sadistic streak in him that torments the cat whenever possible, even when unprovoked.<br /><br />Here, he makes Tom think his eyes are deceiving him when cheese from a mousetrap disappears before his eyes, or milk from a dish. Tom can't take anymore so he tries to sleep this nightmare off, but Jerry sets fire to his paw! Man, I hope little kids didn't ideas watching these cartoons back in the '40s and '50s! I always found Jerry, the little mouse, more evil than cute.<br /><br />Thankfully, in cartoons, generally, whatever damage a character suffers is gone within seconds and he's back to normal. <br /><br />The best part of this cartoon is about two-thirds of the way through when Tom figures out what the story is with Jerry, and tries different methods to detect where the mouse is located (such as putting flour on the floor to see his footprints)."
tt0039637,"""A Mouse in the House"" is a very classic cartoon by Tom & Jerry, faithful to their tradition but with jokes of its own. It is hysterical, hilarious, very entertaining and quite amusing. Artwork is of good quality either.<br /><br />This short isn't just about Tom trying to catch Jerry. Butch lives in the same house and he's trying to catch the mouse too, because «there's only going to be one cat in this house in the morning -- and that's the cat that catches the mouse».<br /><br />If you ask me, there are lots of funny gags in this cartoon. The funniest for me are, for example, when Mammy Two Shoes sees the two lazy cats sleeping and says sarcastically «I'm glad you're enjoying the siesta» and that she hopes they're satisfied because she ain't, making the two cats gasp. Another funny gag is when Tom disguises himself as Mammy Two Shoes and slams Butch with a frying pan and then Butch does the same trick to Tom. Of course that, even funnier than this, is when the real Mammy Two Shoes appears and both (dumb!) cats think they are seeing each other disguised as Mammy and then they both attack her on the ""rear"" - lol. Naturally that she gets mad and once she gets mad, she isn't someone to mess with. But even Jerry doesn't win this time, because he is expelled by her too."
tt0040871,I remember I saw this cartoon when I was 6 or 7. My grandfather picked up the video of it for free at the mall. I remember that it really sucked. The plot had no sense. I hated the fox that became Casper's friend. He was so stupid! Casper cried his head off if he couldn't find a friend. So what? Get over it! The only good part and I don't want to sound mean-spirited was when the fox got shot and died at the end. I laughed my head off in payback because this cartoon sucked so much. The bad news is the fox resurrects and becomes a ghost. I wish he had stayed dead. I think I even gave the video of this to somebody because I hated it. No wonder they were offering it for free at the mall. If you have a child don't let them watch this. They will probably agree with me that it sucks.
tt0040907,"This film seems to be well remembered as the time Tom & Jerry signed a peace treaty. Things are idyllic for a time but, predictably, it goes sour. Probably the most memorable moment was the endless fight involving a pipe, a frying pan, and a baseball bat that the two plus Butch the dog engage in at the beginning and end of the short. I enjoyed one a bunch and you should try to catch it on Cartoon Network."
tt0041238,"Back (again) in Scotland, Lassie is (again) on trial for her life. Because the faithful dog sleeps on her master's grave, she must be put to death, according to law. Oddly, it is also explained that Lassie had no ""legal"" owner, which is, apparently, also against an old Scottish law. If, after three days, no owner is located, dogs must be destroyed. Edmund Gwenn (as John Traill) pleads Lassie's case, which leads to an extended flashback, showing Lassie's adoption by Donald Crisp (as John ""Jock"" Gray).<br /><br />Although it's based on an interesting, original story (""Greyfriars Bobby""), ""Challenge to Lassie"" revisits several earlier Lassie situations; and, it does not improve upon them. Comparatively speaking, this one is sloppy and unexciting; and, it's a disappointing follow-up to ""The Sun Comes Up"" (1949) *******. Geraldine Brooks (as Susan Brown) and several of the other performers may be charming, but can't elevate this one. Little Jimmy Hawkins (from ""It's a Wonderful life"") is among the notable children supporting Lassie; much later, he will grow up to marry ""Dark Shadows""' bewitching ""Angelique"" (Lara Parker)."
tt0041259,"Although I have enjoyed Bing Crosby in other movies, I find this movie to be particularly grating. Maybe because I'm from a different era and a different country, but I found Crosby's continual references to the Good Old USA pleasant at first, trite after a while and then finally annoying. Don't get me wrong - I'm not anti-American whatsoever - but it seemed that the English could do no right and/or needed this brave, oh so smart American visitor to show them the way. It's a ""fish out of water"" story, but unlike most movies of this sort, this time it's the ""fish"" who has the upper hand. To be fair to both myself and the movie, I have watched it a few times spaced over a few years and get the same impression each time.<br /><br />(I watched another Crosby movie last night - The Emperor's Waltz - and that, too, produced the same reaction in me. And to my surprise even my wife - who for what's it's worth is American - found the ""in your face"" attitude of American Crosby to be irritating. One too many references to Teddy Roosevelt, as she put it.) <br /><br />As for the premise of the movie, it's unique enough for its day and the supporting cast is of course very good. The scenery and the music is also good, as are the great costumes - although I agree with a previous reviewer that the wig on William Bendix looks horrid (picture Moe of The Three Stooges).<br /><br />All in all for me this would be a much more enjoyable picture without the attitude of Bing Crosby but because he is in virtually every shot it's pretty hard to sit through this movie."
tt0042189,"It's a hideous little production, apt to give one nightmares as well as headaches. It's an unsightly blend of live action and ugly stop-motion animation. It's weird, but it's not the kind of fun, weird trip anyone optimistic might expect. It's the cold, inhuman, unfriendly, sickening, even creepy kind of weird. There is absolutely no reason to watch this movie. After all, Disney did a fantastic job with the same source material. And Cosgrove-Hall did far more attractive things with stop-motion.<br /><br />Interestingly, this is a French production. As such, it re-enforces the stereotype that the French have no concept of scary."
tt0042332,"Walt Disney & his 9 Old Men put their own 1950 spin on the classic fairy tale of Cinderella, which I guess you could say helps form an unofficial ""fairy tale princess trilogy"" from the classic Disney years.<br /><br />THE PLOT: Cinderella is a nice girl who can't catch a break. She is the daughter of a nice, wealthy widower who loved her dearly, but her mother passed away when Cinderella was very young, and Cindy's father felt she needed a mother figure, so he eventually married the woman who would become known as Lady Tremaine, herself a widow with two daughters about the same age as Cinderella, Anastasia and Drizella. At first they all seemed to get along, but then Cinderella's father died, and Lady Tremaine's true nature was revealed - she was a cold, cruel, callous, heartless, mean spirited woman, and she passed those traits on to her daughters, who were spoiled, bratty, and equally mean spirited. Anastasia & Drizella hate Cinderella because they know deep down that she's better looking and an overall nicer, more attractive lady than themselves (i.e., more appealing to men), and their mother, Lady Tremaine, hates Cindy for pretty much the same reasons. As the years passed Lady Tremaine began to squander the family fortunes in a stubborn but futile quest to improve/refine her awkward, unattractive daughters (to call them ""homely"" would be an insult to homely people everywhere) while all three relegated Cinderella to being the multi-tasking servant of the house, abusing her, mistreating her and humiliating her every chance they get (they are particularly fond of increasing her already absurd workload). That brings us to Cinderella in the present, where she has blossomed into a good looking young lady who somehow manages to remain kind hearted and nice despite her abusive step family and holds on to the hope that one day the tables will turn in her favor. <br /><br />Cinderella gets her shot at freedom & happiness when a royal ball is held to introduce the local prince to an eligible young maiden so that he can take her as a wife, settle down, start a family, etc. Naturally, her step family tries to keep her from attending, even going so far as to physically assault her and rip up the dress she had procured for herself (with a little help from her mice friends - the dress belonged to her biological mother). Finally pushed beyond her breaking point, Cinderella runs out into the courtyard and cries in despair. It is at that point that her Fairy Godmother, a short, plump, jolly woman, arrives and provides Cinderella with transportation and a transformed dress (after all, Cinderella wouldn't make a very good impression at the ball if she entered the scene looking like she had just gotten gang raped). Cindy arrives at the ball, the Prince falls hard for her, but that pesky midnight rule gets in the way, forcing her to flee, but leaving behind a glass slipper. Make a long story short - after a long harrowing quest to find the mystery girl via trying on the glass slipper, Cinderella is found and she and the prince get married, giving her the happy ending she deserves.<br /><br />Overall, an enjoyable Disney classic. Not without its flaws, the most glaring of which is that the Prince is little more than a MacGuffin to help push the plot along - he has very little screen time and even less dialogue, so we never get to know him very well or get a good look at his relationship with Cinderella (which is unfortunate since, according to the making of documentary, the Prince was originally meant to play a bigger role), and a few additional scenes to help flesh out Cinderella herself might have been helpful (there was a song that showed her fantasizing of turning into an army of maids to clean up the house as well as eavesdropping on her step-family post ball to show her amusement at their jealousy, which was cut because Walt himself thought it made her look spiteful). Still, Cinderella herself is a likable enough heroine, even if she is upstaged by her mice friends, and there's a sweetness to the film that is becoming harder to find these days. Of course, if this were being made now, Cinderella would probably put up more of a struggle against her family during the dress ripping scene and would probably free herself in the climax (either by picking the lock herself or making an impractical yet exciting jump down from her window) but this is beside the point.<br /><br />And for all those who say Cinderella sets a bad example for young girls, well, consider this - at least Cinderella didn't go around getting publicly drunk and indecently exposed, unlike some modern day ""princesses"" (you know who I mean)."
tt0043376,"(NOTE: I thought I'd be the only one writing what I did below, but I see the others here agree. I guess it was pretty obvious - this was overdoing the bait-the-cat bit. Anyway, here is what I had written:)<br /><br />The owners have left on vacation for two weeks - a trip to California - leaving the cat (Sylvester) all alone and locked in the house. That means no milk, but the cat, to his relief, does find a bunch of canned tuna. However, to his dismay, he can't find the opener.<br /><br />It turns out the little mouse in the house has it...and baits the cat with it. This is a mean rodent who keeps teasing Sylvester with the opener and then yanking it away at the last second. Sylvester tries everything possible to open the can of tuna but can't do it. <br /><br />This is a frustrating story, and why they make the sadistic mouse the ""good guy"" is beyond me. It's like some of the Tom & Jerry cartoons where poor Tom always gets the worst of it even though many times the little mouse starts the conflict!"
tt0043455,"Watching David&Bathsheba is a much better way of getting your bible lesson that going to Sunday school. Despite a script that at times is unintentionally funny the film is highly entertaining. The studio system had its faults but it spared no expense when a lavish production was called for. Peck portrays King David as a lusty but tormented poet who commits what is tantamount to murder to bed a sexy Bathsheba, Susan Hayward. Raymond Massey as the prophet Nathan delivers his usual saturnine and ferocious performance. Look for the silent screen star Francis X. Bushman as King Saul and a young Gwen Verdon as a dancer. Hooray for the Old Testament and Hollywood."
tt0044692,"This is one of quite a few cartoons with Bugs Bunny and Marvin the Martian - and a space dog called K-9 is included as well. This Looney Tunes episode is very funny, has reasonably good cartoon animation (Marvin's animation is very well done) and the plot is well done. The end is rather weird, so be prepared for it, it is slightly boring. <br /><br />In this episode, Marvin the Martian has been sent to earth to capture an earth creature and bring it back to Mars. With his trusty dog K-9, Marvin sets out and soon finds the tracks of no other rabbit but Bugs Bunny! He greets them with treats, thinking they are trick or treaters in their costumes. Little does he realise they are preparing themselves to take this rabbit to Mars...<br /><br />I recommend this episode to anyone who likes Bugs Bunny, Marvin the Martian and Looney Tunes in general. As far as the beginning and the middle of the episode are concerned, you are likely to like this. Enjoy ""Hasty Hare""! :-)"
tt0046183,"This movie makes Peter an elf in Robin Hood costume instead of a human boy in probably-not-Robin-Hood-costume and ignores all the persona features in him that really matter. This movie makes Wendy a babbling idiot. And poor Captain Hook a TOTAL clown. And of course as every Disney cartoon must have a character which has had too many hits in the head, they made one of the Lost Boys that one. The only character that has not been disgraced in this film is Tink. The only star is for her.<br /><br />The story itself then? The Darling parents don't even get the time to notice their kids are gone!!! Probably one of the most significant point in the original story and they ruined it! Also the famous nursery scene between Peter Pan and Wendy is a stunning piece of- There are no thimbles and no acorns - one of the little things that makes the original story such a unique one. It's a wonder he even had lost his shadow and she helped him stick it. (Even though to his shoes and it makes no sense to me.)<br /><br />Ruining a great story like this just to amuse children should be illegal. So know now if you haven't known it before - this Disney version does not have anything significant in common with the original story - which is not really a children's story but just a great, great story.<br /><br />This just annoys me to no end."
tt0048649,"Friz Freleng's 'Speedy Gonzalez' was the second cartoon to feature the title character after Robert McKimson's 'Cat-tails for Two'. In that cartoon, Speedy has been an ugly little creature with a big gold tooth but by his second appearance the famous design had already been adopted. Despite looking significantly more handsome, Speedy never developed into much of a character. A big hat, tremendous speed and a bad Mexican accent do not a classic character make and that's pretty much all Speedy ever had going for him. Nevertheless, the cocky little mouse proved enormously popular and went on to star in many shorts including some truly abysmal films from the studio's latter days. While these early Speedy shorts are better than those later atrocities in which he was frequently (rather oddly) paired up with Daffy Duck, they still leave much to be desired, relying on predictable gags usually based around a similar chase formula. In this self-titled episode, Speedy is recruited by some other mice to steal cheese for them from the local factory which happens to be guarded by Sylvester the cat. Although he brings the extra weight of a star turn to the cartoon, Sylvester's role here could just as easily been filled by any other generic cartoon cat. His personality is sapped by his being forced into the predictable. undemanding role of pursuer. This was always a problem in the Tweety cartoons too but Speedy makes an even duller adversary thanks to his detestable cockiness and the blatant impossibility of his capture. Poor old Sylvester would be forced to appear alongside Speedy for many years to come. Despite it following a pretty basic formula and featuring minimal laughs, 'Speedy Gonzalez' won an Oscar and a thoroughly undeserving star was born."
tt0052880,"Three Stooges - Have Rocket, Will Travel - 1959 This was the first feature length film to star the Stooges and it is pretty bad. It makes THE THREE STOOGES GO AROUND THE WORLD IN A DAZE (from 1963) look like a masterpiece.<br /><br />The Stooges are janitors at a rocket place. They climb into a rocket and it goes to Venus. They meet some stuff there including a talking unicorn they call ""Uni"" which they bring back to Earth with them. ""Uni"" speaks like an average, pleasant person - 'Oh, hello. How are you? Lovely planet here. Hope you like it.' Hilarious.<br /><br />Very few gags and so many of the scenes just go on and on and on.<br /><br />The Stooges arrive back from space and the film is over as far as the story goes, but no one told that to the film makers for the picture continues for another 10 minutes or so at a party where nothing much happens. The Stooges leave the party and then the film is almost over.<br /><br />High point of the film - the end where the Stooges sing a dapper little song about their journey. The Larry and Curly Joe hit Moe in the face with two pies. Brutal.<br /><br />Another writer mentioned the fine musical score. Huh? The only music I even noticed were two classic tunes - I'LL TAKE ROMANCE and THERE GOES THAT SONG AGAIN, both of which are played at the party. And *that* really is the high point of the picture - music from old Columbia films.<br /><br />The tall sexy blonde was nice.<br /><br />Awful - a brand new VHS video from the 99 Cents Only store."
tt0053241,"Why such a generic title? Santa Claus??? So bland and unpredictable. Movies before that tried to cash in on the holiday spirit, most notably 'Santa Claus Conquers the Martians', at least was entertaining to watch because of the campiness to it, and all the stock footage being used... for some reason, that seemed happy to me. But this movie just screws Christmas in the butt, and screws the joy of all the kids. Santa lives in space? His enemy is a devil named Pitch? Santa gets help from Merlin the Magician? How random is this!? Well, since it was made in Mexico then some of you might understand the way of how the film was made. I had to admit some of the effects were just wacky for the time. It was a all-out cluster of madness! Though, despite all the troubles with the movie, it still feels like a Christmas movie. Good conquers evil, and Christmas still plays a part of our hearts of every good girl or boy in the world, or possibly universe, thanks to Santa Claus Conquers the Martians.. apparently. So, I think you should give it a try, even if it is one of the worst holiday movies of all time... though it should put a smile on your face any day."
tt0061868,"Sadly, the print of the film we were going to watch burned in the fire at Universal Studios last week, so we were stuck with video. That could even be a metaphor for this second-rate King Kong movie from Toho studios' stalwart director Ishiro Honda. Essentially it's a warm up for ""King Kong versus Godzilla"". It even uses the idea of a Mecha-Kong, like Mecha-Godzilla. Of course the movie climaxes with King Kong fighting Mecha-Kong on top of the expo tower in Tokyo, but if you didn't know that already then maybe you're in the age group that this movie was intended for.<br /><br />The cast is headed by a guy named Rhodes Reason who we had never heard of... glancing over his list I see mostly a lot of scattered American TV credits, so it's interesting that they dragged him all the way to Japan so that they could have a nominal American hero. The real hero of the movie is the more sensitive Japanese commander played by Akira Takarada, who I recognized from Hiroshi Inagaki's iconic version of ""Chushingura"" (47 Ronin) and also from the original Godzilla films by Honda. I'm sorry Rhodes Reason whoever you are, but this guy has way more screen presence and you can bet that everyone wants him to end up with the cute little blonde, played by Linda Miller. We laughed at the way Reason would always find a way to interject himself between Miller and Takarada, who it seemed like she kind of preferred. Of course like all Kong leading ladies her primary relationship is with the King himself. She discovers a nice trick: if you talk to a giant ape really..... really.... slowly..... he'll understand what you're saying. And if you're a blonde gal, that means that he'll do whatever you tell him to do. That fact is not lost on Dr. Who (Eisei Amamoto) and Madame Piranha (Mie Hama) -- representing a ""nation which shall not be named"" -- who plan on using her as bait to get Kong to dig up mineral deposits that are trapped at the North Pole.<br /><br />Yes, this is truly the plot of the whole movie -- apparently only a giant ape is going to be capable of digging out these minerals which can be used to make super powerful weapons. Dr. Who builds Mecha-Kong to get it but the circuitry gets in the way, so they decide to go for the real Kong. Kong himself seems momentarily infatuated with Mecha-Kong, a story element that might have made the film more interesting but wasn't followed up on.<br /><br />By the end of the movie, the cute blonde has shouted ""Kong"" or ""King Kong"" in her chirpy voice so many times that when the two heroes tell her to let him go at the end they're speaking for all of us. Basically this movie squanders whatever majesty was possible in the Kong character by making him a heroic and friendly figure much too early, just like the newest version of the story. Kong is just a guy in a suit in this movie, and they show quite a lot of him to the point where the goofy face becomes impossible to take seriously. It's a nice looking movie, I'm sure it satisfies the demands or desires of fans of this type of thing, which is really more of a wrestling film than a monster film in a lot of ways. The monsters don't ever really scare in these films, they just jump around and push each other around a lot. It's not a worthless movie, but it's extremely predictable and formulaic so for anyone under the age of 10 or so it probably will only be entertaining as comedy."
tt0061904,My favorite movie. What a great story this really was. I'd just like to be able to buy a copy of it but this does not seem possible.
tt0062190,"This movie is all ultra-lightweight fluff, predictable from beginning to end. As a Don Knotts vehicle, ""The Incredible Mr. Limpet"" was much better, with Knott's character there not nearly as incompetent or ignorant. His performance there was toned down, with none of his trademark goggle-eyed stare, although that may have something to do with him being replaced for most of the movie by a cartoon fish. Knotts made a living of playing the likable imbecile, much as Bob Denver did. Neither really seemed to be able to break out to other types of roles, assuming they were simply typecast. It was probably because of the slouch, the wild stare and the high-pitched voice. John Ritter, whom Knotts worked with in ""Three's Company,"" was able to transcend his genre, branching out successfully into dramatic roles like ""The Dreamer of Oz,"" but the closest Knotts ever got was a small role in ""Pleasantville."" Even Leslie Nielsen was a bad fit here, uncomfortably neither straight dramatic actor as he was at the time nor deadpan comedic actor as he later became in ""Airplane!"" and ""Police Squad.""<br /><br />There's also no way the then-43 year-old Knotts could pass for a 35 year-old, as his character insisted he was. It was as ludicrously unbelievable as Tom Hanks at 38 playing the college-age Forrest Gump.<br /><br />The film was clearly made on a shoestring budget, very much looking like a hastily-filmed TV episode. It's especially evident in the ""exterior"" scenes of the ""town"" where Roy goes after he's fired. It's unlikely even a pre-schooler would be fooled by the Mayberry-like soundstage artificiality.<br /><br />Even viewing this strictly as a children's movie, it's very disappointing. It's not because it lacks action or special effects, although it does. The pace is much too slow, the situations repetitive. How many times can you watch Roy getting onto a bus? A comedy for kids should at least sometimes be madcap, with breakneck gags, otherwise you risk boring them (and any adults in the theater as well). Movies, even kid's movies, have improved quite a bit in the intervening decades. Even many contemporary comedies were better filmed and written. Disney's ""The Love Bug,"" for instance, at least had some interesting race action."
tt0062562,"As far as I know, this show was never repeated on UK television after its original run in the late '60s / early '70s, and most episodes are now sadly ""missing presumed wiped"".<br /><br />Series 6 from 1971 however still exists in its entirety, and I recently got the chance to watch it all, the best part of 4 decades on.<br /><br />After rushing home from school, Freewheelers was essential viewing for me and many of my contemporaries back in those halcyon days of flared trousers, Slade and Chicory Tip. And watching it again brought a nostalgic lump to the throat.<br /><br />Never mind the bad / hammy acting, the unintentionally amusing fight scenes, plot holes wide enough to pilot a large ocean-going yacht through and the ""frightfully, frightfully"" RADA accents of the lead players.<br /><br />No - forget all that. Because Freewheelers harks back to a bygone (dare I say ""golden"") age of kids' TV drama, when the shows were simply about rip-roaring fun and didn't take themselves so seriously. Before they became obsessed with all the angst-laden ""ishoos"" that today's screenwriters have their young protagonists fret over, such as relationships, pregnancy, drugs, STIs etc.<br /><br />No doubt if it were ""remade for a modern audience"" in these days of all-pervasive political correctness, the boss figure would be a black female, one of the young male heroes would be a Muslim, the other would be a white lad confused about his sexuality and the girl would be an all-action go-getter with an IQ off the scale, who'd be forever getting the lads out of scrapes and making them look foolish - in other words a million miles removed from Wendy Padbury's deferential, ankle-spraining washer-upper.<br /><br />It's a show that's very much ""of its time"". But is that a bad thing? I for one don't think so."
tt0066256,"I grew up with H.R. Pufnstuff and the dashingly talented Jack Wild and now my daughters are adoring fans of Jack Wild too. This movie is exactly what movies should be: fun and entertaining. This movie is not limited to children either. A lot of the dialogue is directed to adults and Witchiepoo's performance is something you do not want to miss. The music in this movie suited Jack Wild and Mama Cass beautifully. And as a Jack Wild fan, I would never miss the chance to watch him dance or hear him sing. Knowing the hard life that Jack had now makes this movie even more wonderful especially when he sings the opening song ""If I Could"". It makes me pause in loving adoration for him for giving me wonderful childhood memories that I am now passing on to my children. Let's all go to Living Island where there is friendship and fun! And keep Jack Wild's memory alive by passing Pufnstuff on to others."
tt0066344,"I couldn't not recommend a Christmas movie more than this worthless piece of drivel (trust me, double negatives are required here -- it's that bad). This film was in trouble from the opening credits when it was revealed that the screenwriter was the same person as the songwriter. The musical numbers are all far too long and none of them any good (""Thank You Very Much"" has a decent melody, but the lyrics are stupid beyond words). I would gladly bear the chains worn by Scrooge in the film's bizarre hell sequence than sit through this insult to movie musicals again.<br /><br />The only entertaining part of this movie (completely unintentional by the way) involves Alec Guinness as Jacob Marley. Dressed in a silly powder white costume, Guinness foppishly prances through his scenes in what was either an attempt to make it appear as though he was floating like a ghost, or to show his utter disdain with having to be in this dreadful movie. Albert Finney, meanwhile, blends the best of Alistar Sim and Charles Laughton to create his hopelessly loathsome character of Quasimodo/Scrooge. Finney's Scrooge is so hideous a person, it's impossible to believe his transformation.<br /><br />Steer clear of this abomination of filmmaking at all costs."
tt0066811,"Kurt Russell (as Steven Post) works as a mail-boy for struggling TV station UBC (that's United Broadcasting Corporation); he is going nowhere at work, offering ridiculous projects like ""Abraham Lincoln's Doctor's Dog"" to studio executives - because Lincoln, doctors, and dogs are popular. Programming director Joe Flynn (as Francis X. Wilbanks) wisely rejects Mr. Russell's proposals, but has no idea how to pick a hit TV show. His secretary Heather North (as Jennifer Scott), who does double duty as Russell's girlfriend, has a chimpanzee who bugs the heck out of Russell when he wants to watch TV. Turns out, the monkey watches all the popular shows, and can easily pick the hits. Russell discovers the chimp's talent, and uses him to advance his own career. Understandably, things gets HAIRY for Russell and the cast!<br /><br />Raffles the chimp (handled by Frank Lamping) performs well; Raffles does look bored and/or distracted during a few scenes, when the chimp is supposed to look interested; these could have been corrected with re-takes or editing. A mild satirical edge is present - imagine a monkey picking hit TV shows! AND, it's a monkey who gets a BEER during the commercials (drinking in a Disney film)! A look through the cast will reveal s bunch of fun TV actors to recognize and try to place. You could make a drinking game, in honor of Raffles' beer-guzzling, by guessing actors, and where you've seen them before. Here's a start - Hey, isn't that ""Dr. Bellows"" from ""I Dream of Jeannie""? Down the hatch! <br /><br />**** The Barefoot Executive (1971) Robert Butler ~ Kurt Russell, Joe Flynn, John Ritter"
tt0072573,"Irwin Allen was great. All of his TV shows had a great pilot, or first episode. the rest were basically rip offs of his other shows. A few episodes of Swiss Family Robinson were rip offs of his older TV shows. One episode of Swiss Family is identical to an episode of Land Of The Giants when a member of the party needs an appendix operation. The show was high budget and too expensive to continue. Irwin lost his touch with TV shows after the 60s. The acting is strong with Martin Milner. Child stars got there starts with this show like Willie Ames and Helen Hunt. one bright spot is when Irwin Allen incorporates his disaster scenes like a typhoon and a volcanic eruption dubbing him the "" Master of Disaster """
tt0077890,"When THE MAGIC OF LASSIE opened at Radio City Music Hall, I was foolish enough to believe it would be as heart-warming as some of the first Lassie films were. Not.<br /><br />The story was abysmal, the songs by the Sherman brothers were way below their usual level, the characters were uninspired and JAMES STEWART and MICKEY ROONEY had both seen much better days.<br /><br />Then too, I was interested in seeing what ALICE FAYE's contribution would be like, since she'd been absent from the screen for so many years and was always so fetching in her earlier roles at Fox. Alice too, was letdown by the foolish script and the unflattering photography. Another disappointment.<br /><br />Nothing original here, nothing even remotely interesting for an adult to enjoy--and clearly, no magic present for anyone. You can skip this one without missing a thing."
tt0078159,"Has to be one of the worst wastes of 35mm movie film ever unleashed on the public, the sequel to the at least entertaining pseudo-documentary original film ""The Legend of Boggy Creek"". Bad script, worse acting, etc., etc., Dawn Wells had to be hoping that Gilligan would come rescue her and take her back to the island just to escape from this piece of clap-trap."
tt0082778,"Following the success of the (awful) Gilligan's Island TV movie reruns, a number of TV movies were made in the 1980's reuniting casts from classic shows. Most of these movies completely missed the boat as far as recapturing the humor that made the shows so special. THE MUNSTERS REVENGE is among the most disappointing because it goes for a Laurel and Hardy-type comedy style that really wasn't in the original series. Yvonne De Carlo, a wonderful comedienne and essential to the series, is completely wasted - she has less time here in this 90 minute movie than she did in any single 30 minute episode. And since the roles of ""Eddie"" and ""Marilyn"" in this movie are nothing more than cameos, what was the point of making them younger and recasting them? With very little rewriting, they could have used Butch Patrick and Pat Priest. Although seeing some of the Munsters spooky relatives was a nice touch, I didn't enjoy Sid Caesar as the hammy mad scientist mainly because there's too much of him and not enough of the underused Munsters (ironically that very year, 1981, Caesar's old partner in comedy, Imogene Coca, was also inappropriately cast in a major part in a TV movie reunion RETURN OF THE BEVERLY HILLBILLIES). Another strange inexplicable bit at the beginning of the film has the Munster family represented as wax figures at a local horror wax museum. Why would they be in there when they are supposed to be a ""typical"" (if strange) American family, not famous monsters? This was the last Munsters project featuring the original cast in their roles, there was an awful revival of the series in the late 1980's with a completely new cast and a 1990's TV movie which featured DeCarlo, Lewis, Priest, and Patrick in cameo roles as a family dining."
tt0084429,"I'm sure this was one of those ""WOAH!"" attractions in 1982 when Epcot opened, but now it's just silly. The film's message is cliché. The Circle-Vision is disorienting. And that awful song at the end is grating. And I really wish they'd install seats. After so much walking, all you want to do is sit down for a few minutes. And when you hear there's a film to see it sounds pretty glamorous! You get entertained while sitting down, right? WRONG! You're standing there for 18+ minutes leaning against a short little railing. Disney should make a newer Maelstrom like attraction to liven things up and replace this dull, lackluster film. NOT FUN. Skip it. In fact, skip Canada altogether unless you're eating there. Move directly to the United Kingdom."
tt0085497,"Except for the Brady Variety Hour, this was some of the hokiest television I've seen in a while. The video production qualities weren't too bad, but the overall look and feel were unmistakeably early 80's. And Marie Osmond looks like she did battle with the Avon Lady.. and lost big time. WAY too much eyeliner.<br /><br />It was kind of embarrassing to watch veterans Danny Kaye and Eric Severeid take part in this. Even more interesting was watching Alex Haley talk about the African Pavillion in World Showcase that would be opening 'in about a year.'<br /><br />As of this writing it is 17 years later and it hasn't opened yet (Unless you count Disney's Animal Kingdom.) All in all though, for all the shortcomings, this still an interesting visual piece of Disney history."
tt0087056,"This is simply one of the finest renditions of Dicken's classic tale. The script very accurately follows the story originally penned by Dickens, and captures a perfect balance between a film atmosphere and a play atmosphere. Viewers fond of either format will find enough of the story rooted in their presentation style of choice.<br /><br />George C. Scott brings a delightfully realistic approach to the character of Scrooge, and is very convincing in the character development instigated by the visits of the ghosts. I found that he was able to win me over to the point where I sympathized with the old miser, something rarely done in other versions. The superb job done by the supporting actors add greatly to this production, which is simply the most enjoyable of all the Christmas Carol versions I have seen."
tt0087373,"What can i say about this movie? I have seen it quite a few times since the first time when i was around 6. I have seen the english version and it is done very well. It is a great movie for all ages, but it is directed more for children. I love the childlike humor and appreciate it. If you have not seen it, you should try to rent a copy, you will not be disappointed!"
tt0088760,"For those who are too young to know this or for those who have forgotten, the Disney company went almost down the tubes by the end of the 1980s. People were NOT seeing their movies anymore and the company was not producing the usual wholesome material....at least no what people expected. A major problem: profanity.<br /><br />Yes, the idiots running the Disney movies during that decade would produce films with swear words - including the Lord's name in vain, if you can believe that - interspersed in these ""family films."" In fact that happens twice here in the first 20 minutes! <br /><br />This movie, in addition to the language problems, has a nasty tone to it, too, which made it unlikeable almost right from the beginning. Thankfully, Disney woke up and has produced a lot of great material since these decadent '80s movies. (""Touchstone"" is Disney, just under another name.)"
tt0089731,"My spouse & I found this movie to be very schlocky. It started out good, but quickly got unbelievable & ridiculous. Most of the acting was poor, with the exception of the little girl, Abbie, who really was terrific. In addition, the dialog was predictable & lame - especially Gideon, the Angel's. Also, without giving away anything, when one of the characters has a tragedy, she almost appears nonchalant. At first we thought it was 'shock', but then we realized that it was just a terrible script. We love almost all of the Hallmark movies & their heart-warming stories, but this movie doesn't rise to the occasion of being one. There are so many great ones - don't waste your time with this horrible movie."
tt0090333,"If somebody wants to make a really, REALLY bad movie, ""Wizards of the Lost Kingdom"" really sets a yardstick by which to measure the depth of badness.<br /><br />Start with the pseudo-Chewbacca that follows around the main character ... Some poor schmuck in a baggy white ""furry"" costume that looks as if it was stitched together from discarded pieces of carpeting. Work your way slowly, painfully, through more not-so-special effects that thoroughly deny the viewer from suspension of disbelief. Add a garden gnome (just for the heck of it).<br /><br />On second thought, skip this movie entirely and find something else to do for an hour and a half."
tt0090840,"Wow You guys are way too nice!!!Corny,Corny,Corny That is how I feel about that film.It started well with a good idea , A guy (Edward Asner) escape from Jail dressed as Santa,a bunch of kids find him and believes his the real Santa so the Fake Santa enlist the children to help him find a bag of stolen money.the film is like a Christmas version of ""Whistle down the wind"". The movie start well but gradually it becomes Cheesier and Cheesier to the point that at the end it becomes ridiculous and you just cant take this film seriously. For example you get the Scrooge type character called Sumner (Rene Auberjonois) who's a total Douchebag who treat his young son like a pile a rubbish ,he treat his son so bad that he don't even buy him decent clothes,the poor kid wears Jeans with Holes in it! but a 45 second scene with Fake Santa visiting Sumner and by the end of the film you get the guy all happy singing Christmas Carol and giving his neglected son a hug...yep that is how Corny it is... I'm all for feel good movie especially during Christmas and I am a big fan of seasonal TV movie but this one is way too over the top for me,it is a shame because it started well but the second half of the movie is trowing a supernatural element to the film that just don't match with the rest of it. It's not totally bad,there are some solid acting , especially from the children but there are plenty of better Christmas film around."
tt0091149,"I waited almost 25 years to see this movie, thinking it might be an underrated work, from a period animation was no longer of the quality it had once been. It starred one of the best film villains of all time, was based on a beloved series of children's books, and was a Disney Studios production. What could possibly be wrong with it? As it turns outs, almost everything.<br /><br />Well, not everything. Vincent Price as Rattigan and Henry Mancini's swanky score are the movie's two saving graces. Price is wickedly enjoyable, and Mancini more professional than the material deserves. They bring class to a project that otherwise belongs in obscurity. <br /><br />Meanwhile the rest of the movie, while filled with inappropriately adult situations, still suffers from a completely dull script, blandly generic voice work, terrible songs, and lazy animation that wouldn't have been out of place on any of Disney's mid-1980s Saturday morning TV shows.<br /><br />This was a complete disappointment to me. It's amazing that this movie was nearly contemporary with The Secret of NIMH. Costing a fraction of this, an independent studio produced something with more creativity in its trailer than GMD has in its endless running time.<br /><br />The extra star that keeps this from being ""awful"" goes to Price and Mancini."
tt0091993,"Space Camp, which had the unfortunate luck to be planned around the time of the Challenger accident, deserves such luck. The ""stars"" make a mockery of acting, Lea Thomson actually being turned sideways, when asked for more than her usual wide-eyed innocent smile, presumably to mask her risible attempts. The movie is at times hilarious, when it begins to ask far too much of you. A small boy keeps a multi-million dollar robot in his closet which breaks when given too many commands by the hordes of cliched dorm-mates. This hackneyed and unlovable machine, ""Jinx"", is a major player in the ridiculous premise of the movie, which seems part Short Circuit, part 2001 by the Airplane team. I shan't bore you with this, suffice it to say you can only laugh when faced with it. Having said all of this, it is enjoyable to watch, in a SeaQuest, Saved by the Bell kind of way. The romance and technology, beware, are as unbelievable as each other. Also, if you're an eighties freak, its unmissable for the amusing performances of Kate Capshaw (Willie from Temple of Doom) and, obviously, Lea Thompson. Also, Joaquin Phoenix puts in a dodgy turn as a sort of wannabe Goonie who befriends Jinx. Do not go near this movie if you are not a fan of trash."
tt0092571,"Why do movie makers always go against the author's work? I mean, yes, things have to be condensed for the sake of viewer interest, but look at Anne of Green Gables. They did a wonderful job of combining important events into a cohesive whole that was simply delightful. I can't believe that they chose to combine three novels together for Anne of Avonlea into such a dreadful mess. Look at all they missed out on by doing that . . . Paul Irving, little Elizabeth, the widows, Windy Poplars . . . and Anne's college years, for heaven's sake!!! Wouldn't it have been delightful to meet Priscilla and all the rest of the Redmond gang? Kevin Sullivan should have taken things one movie at a time, instead of jumbling them all together and combining characters and events the way he did. This movie was good, if you leave the novels out of it!! But L.M. Montgomery's beautiful work is something that should not be denied. This movie was a let down after seeing the successful way he brough Anne of Green Gables to life."
tt0094500,"I'm a fan of the series and have read all 7 books. I wanted to see this just to see how it was done. All i can say, is that the only people who should watch this are ones who have already read the series and are curious about it. Its pretty bad, and will turn you off reading them. Not to be mean, but Lucy is so ugly it detracts from the movie. Was she the directors daughter? Seriously, I'm sure the beavers in the movie were jealous of her teeth. She had an overbite that would put any beaver to shame. The movie just loses so much in translation. CS books don't translate as easily as the Tolkein LOTR books, or even Harry Potter.<br /><br />One thing they did right! Aslan! very well done. Although the other human actors with painted faces ( beavers, wolf) look silly, Aslan was really well done since it was not just a human actor walking around. ( i guess its like that old horse custume? 2 people inside? ) Also, i would be curious what kids think of this movie. Maybe they would enjoy it? But as for adults, safe bet they wont, even if a CS fan."
tt0098741,This was a rip-off of the same garbage we had to watch Bob Saget host during the half-hour before this. Dave Coulier only thought he was funny and it was pretty much the same show as America's Funniest Home Videos except with a hosts who have a combined IQ of three. Tawny Kitaen must've really needed the money and Coulier had to go to the recycle bin for his jokes. It was torture enough having to see him imitate Popeye and other washed up cartoon starts on Full House. That one dude who played all of the practical jokes on everyone deserves to be on the receiving end of a Grade A wedgie. Coulier must've needed to money to please Alannis Morisette while they were dating.
tt0099878,"I was so eager to see this one of my favorite TV shows.I saw Universal trademark followed with a newly acquainted title and theme song which still impress me.Computer animation on some scenery like a solid title name""The Jetsons"" or a dimension view of a spaceship approaching an amusement park and more made this version splendid and fantastic.Shortly after that till the end...I couldn't believe my eyes!!!!How lucky I was that I could forget all I had seen.Just songs by Tiffany and its theme song in new arrangement were in my head.Anyway,I wish to see this space-aged family (also The Flintstones and Yogi Bear) in all graphic computer design as Toy story or Bug's life.The best style for Hanna-Barbera's in my opinion."
tt0100419,"I remember watching this movie several times as a very young kid, and there were parts of it (many in fact) that I did not understand. I think I have seen it once as an adult, and I then understood those parts. The only problem with viewing it as an adult was that it was not entertaining to me at all. So what kind of movie is this? Is it a ""kids movie""? Not hardly. It contains language and subject matter not suitable for kids. Is it a hyperbole of what every parent feels like they are going through with their own children? Maybe, but then why wouldn't it focus more on John Ritter's character instead of Junior? When a film has a 7-year-old as its main character, in order to do well with it's audience, it should be a movie for the seven and under crowd, otherwise people older than that will have no way to relate (even 8-year-olds wouldn't want to see a movie about a kid who is whole year younger than them). I'm pretty sure this film did not do well in the box office, and the reason has to be because it was unable to find a niche in the market."
tt0101635,"It's hard to believe people actually LIKE this dreck! I do think kids can enjoy it, but to me it's the kind of kid film parents can't bear to sit through. Predictable plot, boring Belushi, and possibly the worst kid actor of all time. I will give the director some of the responsibility for the kid, but she was truly painful to watch. I feel embarrassed for her now, having people know it was her. When she sang the Star Spangled Banner I had to turn the sound off--then I came here and discovered they did that because she won Star Search. I've always felt Jim Belushi should be ashamed to trade on the name of his wonderful, sadly missed brother, and this crap shows why. Zero stars."
tt0103596,"I remember when this came out a lot of kids were nuts about it. I guess I was a bit too old to get all excited and I was a fan of real martial arts films and always found this a bit cheesy.<br /><br />In the early 90's we were swamped with programs such as this making kids feel like they could fight and be a power ranger or an equal to these kids on 3 Ninjas. I think eventually parents and film makers alike got sick of it because all we had in reality was abunch of kids going around punching and hitting everyone.<br /><br />Many kids movies have some big point they're trying to make and its nice for your kids to watch and get the message, this one doesn't have any message at all...it just exploits a million difference things in less than 90 minutes.<br /><br />The movie has no great visual qualities but would one expect it to? The acting is pretty bad. Victor Wong is a cool actor but it was embarrassing to see him here.. The short, fat, gimped eyed old fart as a powerful ninja that was just hilarious. The kids over acted way too much and the youngest ninja Tum Tum was maybe the worst kid actor I have ever seen.<br /><br />The movie has a plot that anyone knows before they even read the review. 3 ninjas...yea you know they're gonna fight a bunch of bad guys and win obviously... Need I say more. Sorry if I spoiled it for anyone.<br /><br />With all that said KIDS WILL LOVE IT. This movie is aimed at kids and only children could enjoy it. If you don't mind your kid seeing movies about kids fighting this is a good movie to let them see. If you don't mind allowing your children to see complete garbage that has nothing to do with real martial arts, real acting or reality period then you have found a movie for your kids... I say kids because I think even the girls will like it... I recall all the girls having a crush on Rocky.<br /><br />2 out of 10 stars because I think you can make a movie for kids and still make it enjoyable for adults..this movie failed big time at that.. It is beyond cheesy and nothing original or unique and I would not allow a child of mine to watch it... Kung Fu the TV series is on DVD and there's tons of great Shaw Brothers films out there...Why not show your children things that will really entertain them and not make them dumb along the way, perhaps even teach them some moves and not just how to kick a man between the legs as grandpa did on 3 Ninjas...no no no...never kick a man between the legs ...never .. thats so unninja like."
tt0104534,"This does give away some of the plot, by the way. A Charlie Brown Christmas is one of those timeless classics that teach you the value Christmas and just enjoying the holiday. This, however, does not. It tries to capture the emotion of A Charlie Brown Christmas, there even is another Christmas play, but fails with lackluster and easy jokes. Charlie Brown is no longer wondering about the spirit of Christmas but is instead wants to buy a present for Peggy Jean ($25 gloves...what?). His sister Sally is the most annoying character in the movie. Here is one of her jokes: Sally wants to write a letter to Santa, but doesn't know how to spell Charlie (for some reason he needs to be in her letter) so instead decides to name him Sam, because she knows how to spell Sam. Also, Sally plays an angel in the play with one word to day: ""Hark!"" She instead says hockey stick (har har). If Sally saying hark 12 times (all oddly sounding exactly the same) doesn't kill you, nothing will. Peppermint Patty and Marcy are a large focal point, but that hardly makes it better. Marcy is funny with her responses to Patty, but Patty is another story. She sounds like a boy (which doesn't dispel the rumors) and gets mad when she has to be the sheep in the play (terrible baas and all). Apparently she is the sheep every year, and is worried she will forget her lines (lines she doesn't have). She is so worried she mentions it twice, one right after the other, and gets the same response. I'm assuming she must have short term memory loss, or something. Lucy and Linus are more welcome (although Linus still has annoying advice), but hardly amount to much air time. I'm sure Schroeder isn't even in this one. All in all, it tries to be a parasite to the original, but compromised the message for a few quick laughs."
tt0106064,"The power rangers is definitely the worst television show and completely ridiculous plastic toy line in the history of the United States.<br /><br />There is absolutely nothing even remotely entertaining about this completely awful television show.<br /><br />This is simply the worst show ever made, with awful actors, dressing up in multi colored spandex outfits that look completely ridiculous.<br /><br />The owners of this show should be ashamed of themselves, since there is no redeeming value to this nonsense.<br /><br />Kids of today should try watching better shows like the Toy Story movies instead of this garbage."
tt0107719,"I have seen many, many productions of The Nutcracker. Now perhaps I viewed this movie from the tainted point of view of a theatrical director, but I was disappointed. I'm sure people in the specific business of ballet choreography find this production impressive but from a purely theatrical perspective I found everything from design to choreography to be lackluster and unbefitting of a ""motion picture"". None of the traditionally ""weird"" and impressive costumes looked like what they were supposed to be (i.e. the candies didn't look like candies, the rats didn't look like rats but rather like chocolate kisses,) the acting was weak, perhaps toned down too much for the screen, and the choreography just didn't do anything for me. This makes the entire show very satisfactory (at best), as if it were intended to not set itself apart from any other production. But remember, again, this is from the artistic perspective of a theatrical director, not a dancer or a choreographer, but a straight male theatrical director."
tt0109067,"I don't know why, but when I am asked about bad movies I have seen, I often think of ""The Air Up There"". I know that technically, lots of movies are horrible compared to it, and I have seen worse acting. it's just that it's so bland, so predictable. In a word: mediocre."
tt0109127,"The movie seems disjointed and overall, poorly written. The screenplay moves along as if 10 different people wrote it, and none of them were communicating with each other. Apparently they wanted to take a page from a Miracle on 34th Street (the original) type film, but it is done in such a poor way that the movie falls apart. This film is for only the very young, and even THEY will see the fact that whoever scripted it knows little to nothing about baseball. Such as: <br /><br /> When the Angels are in dead last place, the owner doesn't seem to care, nor is he bothered by the fact his manager just got into a fight with his pitcher  ON THE MOUND  or that he PUNCHED the team's play by play announcer on live TV. However, when the team is one game from winning the Division, he gets bent out of shape over a story (sourced by a 6 year old) that the manager is getting help from a kid who claims to see real angels. What sounds worse? A losing violent out of control manager whose team has lost 15 in a row? Or a winning coach on the verge of the playoffs that is acting a bit eccentric and is helping foster kids? The owner's reaction makes no sense. And he's moved to change his mind by Maggie and her 'straight out of cliché land' speech during a news conference.<br /><br /> The Angels are supposed to be playing for the Division in the final weekend series against the White Sox, however at the end of the game the announcer's keep saying the Angels 'won the pennant"". The pennant is not decided until someone wins the LEAGUE championship, not the regular season division title.<br /><br /> Whitt Bass, the goofball pitcher is the starting pitcher and wins the game that breaks the Angels losing streak  then is the starting pitcher  THE VERY NEXT DAY.<br /><br /> Mel Clark (Tony Danza) is said in the ninth inning to have thrown 156 pitches, in a low-scoring ballgame. Typically in low scoring games, the pitch count is MUCH lower than this, usually around 80-90 pitches.<br /><br /> ""AL"" the angel says at the end ""Championships have to be won on their own"", even though he and his angels have been manipulating and fixing games throughout the whole second half of the season.<br /><br />I could go on and on, as there are MANY other examples where the story is poorly written.<br /><br />For younger kids (under 10), this movie may be entertaining. It's too bad  done right this could have been a classic. Done wrong like this and it's a forgettable mess that will forever live as a UHF/cable Saturday Morning washout."
tt0109287,"Blank Check is a movie that I saw on TV one day and like most movies they air on TV Blank Check wasn't that good. First of all no one I have ever met has seen Blank Check and that includes people that grew up in the 90s. Also Blank Check won't be remembered in the 00s either simply due to the fact that it will be overshadowed by pixar's films. I wouldn't call Blank Check a bad film but its not really entertaining either. (Or at least it isn't to anyone over the age of 6) Blank Check isn't a entertaining film because nothing about it is original. Everything just makes you go ""what haven't I seen this before?"" Blank Check rips off and tries to cash in on everything from Richie Rich to Home Alone (Which strangely enough both have Macaulay Culkin in it) Blank Check isn't a bad movie, but it deserves to fade into obscurity."
tt0110168,"This movie was not very entertaining, certainly NO WHERE as original or as good as A Christmas Story. The characters (except the youngest) try to emulate the preceding actors, and they fail. The hillbilly neighbors come out of nowhere as they weren't a part of the first movie. This really sucked, might have been good with the original cast, then again maybe not because the story is so weak. Skip it."
tt0110443,"If this is someone's ""favorite"" movie, they need some serious help. There is nothing funny or clever about this crapfest. I haven't seen the original movie this is the remake of (some 1950s film), but it simply has to be better than this newer bastardization.<br /><br />A major gets kicked out of the military for being a fringe element, and winds up teaching children at an ROTC school. Unfortunately, the major is Daman Wayans... so the children are in for a world of annoying, humorless asininity. Can Wayans whip these losers into shape? Can they get him to become a little more human? The film bombs as most Wayans films do, with only a few sparkling moments. William Hickey gets about one minute of screen time, fair too little. This charming old man (known best to me as a ""Tales from the Crypt"" actor, known best to you as Uncle Louis from ""Christmas Vacation"") shines every moment he's on screen, which isn't much here.<br /><br />Bam Bam Bigelow also makes an appearance as a biker, which fits him perfectly. I wouldn't mind slightly more Bam Bam, but I think he carried the role of ""biker"" about as far as it could be carried for a military film.<br /><br />And then there's the attractive teacher, who someone falls for Major Payne even though he treats the kids poorly, has no social skills and is simply impossible to convert into someone you would want to spend time with. She must either be incredibly stupid or incredibly desperate. I'm not sure which (though it would seem ""stupid"" since the movie makes it clear she gets out of the house often enough).<br /><br />Wayans had one shining moment: a dance sequence where he performs a series of moves (including a very nice ""robot""), and with the help of music from 2 Live Crew. This scene was enjoyable but hardly made up for anything else that made this film dog spittle.<br /><br />Seriously, avoid this film. If you want to see a film a bout a loser who helps loser kids become heroes, rent or buy ""Ernest Goes to Camp"". At least he's a lovable loser, and actually funny. Maybe if Major Payne had fought a badger I'd feel better, but he didn't. Forget Payne, forget Wayans... you can do so much better."
tt0110593,"Terrible story, poor acting and no humour at all (apart from the final joke at the end)<br /><br />Some sort of ugly angel is sent to earth to save a boy and his mum from being thrown out of their home. Supposed to be a kiddies movie, but even they will not be amused by this terrible film"
tt0110613,"I think that it was just pointless to produce a second part of a movie like ""My Girl"". ""My Girl"" was a very good movie but it is ridiculous making a second part of a movie in which one of the main characters (Macaulay Culkin as Thomas J.) dies. The story was over after the first movie. I wonder why someone tried to find a way to make the story going on. That was senseless!"
tt0112374,"Not even worth watching this tacky spoiler ruins everything about 'Annie'. The characters seem almost cheapened by the poorly written storyline and they low quality feeling to the production. It was very clearly made for TV, yet if I found it on my television, I would flick it straight over. The children in the film do an alright job, yet the adults acting is unbelievable and so the movie fails to really draw you in. This film lacked the music/dance numbers thats made the original brilliant and truly does take the shine of the Annie we all love. Johnson, as Annie is at times annoying and over acted..you cannot convince yourself that she truly is Annie. The differences in character appearance continued to irritate me throughout the duration of the film. Sad to say this sequel was a total flop."
tt0114268,"Russ and Valerie are having discussions about starting a family. The couple live in a posh apartment and run an auction business that deals with valuable collectibles. At the same time, a dedicated adoption agency owner takes a mini vacation and leaves the orphanage in the charge of his father (Leslie Nielsen). Father Harry is in the rental business and he gets the brilliant idea to ""rent"" some of the children of the orphanage to couples like Russ and Valerie. Harry, who becomes aware of the couple'e dilemma, offers a family of siblings for a 10 day rental period! Brandon, Kyle, and Molly move into the apartment with their temporary parents, with amusing consequences, as the new caretakers are inexperienced with kids. But, where is the possibility of a happy ending? This is a darling family film. The actors, including Nielsen as the wheeler-dealer and Christopher Lloyd as the kind apartment doorman, are all wonderful. The script is snappy and fun and the overall production values quite high. Yes, if only life could be this way! Orphaned children everywhere deserve a chance to prove that they are lovable and can give so much joy to the parents who are considering adoption. If you want to show a film to your family that is rooted in good values but is also highly entertaining, find this movie. It is guaranteed to have everyone laughing, even as their hearts are melting."
tt0114658,"I watched this movie when Joe Bob Briggs hosted Monstervision on TNT. Even he couldn't make this movie enjoyable. The only reason I watched it until the end is because I teach video production and I wanted to make sure my students never made anything this bad ... but it took all my intestinal fortitude to sit through it though. It's like watching your great grandmother flirting with a 15 year old boy ... excruciatingly painful.<br /><br />If you took the actual film, dipped it in paint thinner, then watched it, it would be more entertaining. Seriously.<br /><br />If you see this movie in the bargin bin at S-Mart, back away from it as if it were a rattlesnake."
tt0114929,"Why a good actress like Elizabeth Berkley stars in this commonplace movie???!!! The cast gives some good performance (Elizabeth Berkley as a Barbie girl, Ele Keats as a girl without mother and Justin Whalin, a guy eternally lessened by his bother), but the direction is extremely boring and the story is NOT so interesting and original. I can NOT believe that a movie like this was produced for the big screen! Julie Corman (the producer): are you CRAZY???!!!"
tt0115341,"When Sabrina first came onto our screens i was about 12, and therefore spent my teenage years watching the teenage witch get into all kinds of weird predicaments.<br /><br />It was always one of my favourite programmes, the witchy feeling of sixties sitcom 'Bewitched' but this time the character was cooler. I always liked Sabrina because she was smart. She was also friendly and easy going which made her enjoyable to watch. The characters at the beginning were great; Harvey, Jenny, Libby, the quizmaster, Salem and Mr. Poole (my personal fave, shame he left so early on) Hilda and Zelda her aunts started off OK, but then became irritating.<br /><br />I liked Mr. Kraft too as he was always that little bit closer to discovering Sabrina's secret. What i loved about the first three series was the original ideas, the discovering of the family secret and learning new spells but as it went on it became more predictable. Too many characters came and left, such as Valerie, Dreama and Brad and then they decided to do Sabrina at college which ruined it for me.<br /><br />Sabrina became self-absorbed at college, there was less magic, no spell book, no aunts living with her and Roxie, Miles and Morgan were annoying.<br /><br />The last series was boring, and i only watched to see what happened in the end. Not having Hilda and Zelda seemed wrong somehow and Miles was gone just like that. The last episode made me feel a lot better though (SPOILER)having Sabrina end up with Harvey on her wedding day to dullard Aaron was great! Overall a great programme if you forget the poor last two or three series which reminded me of so many teen shows. Magical."
tt0116756,"This movie is so, so, so horrible, that it makes angels lose their wings. Shaq had tried to make other crossover efforts, like his work in Shaq-Fu for the NES and his plethora of unbearable rap albums, and later, the epic serving of horrible film-making that is Steel.<br /><br />There's not a single good thing to be said about this movie. I saw it a bunch of times when I was very young, but I must've been an idiot then, because this movie takes all that is enjoyable about films and tears it apart. It's fun to mock. I saw it on the Disney Channel a while back and spent a few minutes doing that. Although, once the thrill of mocking it is done, you still become overwhelmed by its terribleness.<br /><br />If you see it on TV, try this: consider, as your watching the film, removing from it all the scenes in which Shaq uses his magical genie powers. If you do that, it becomes like a film about a pedophile chasing a kid and rapping to seduce him. That's kinda funny, and disturbing.<br /><br />A horrible example of film. Do not, unless looking to mock it, see this movie."
tt0117179,"For some strange reason the film world is driven by fashion . Someone makes a film about a killer shark then all of a sudden the film world`s oceans are awash with giant Squids , killer octopusses and sea monsters of every ilk . A man is stalked by an erstwhile lover from hell then every film character is stalked by a cop from hell or a flatmate from hell or a babysitter from hell . Then when a major Hollywood company produces a big budget FX laden blockbuster about tornados then other film producers jump upon the bandwagon , the fact that they don`t have the budget to pull it off doesn`t stop them. NIGHT OF THE TWISTERS is a case in point . What struck me about this made for television film is the fact that it tries to hide its lack of budget by cutting to the ad breaks . Everytime a tornado appears the camara locks onto the horrified expression of the actors as they scream things like "" Oh my gawd it`s heading this way "" and "" Run for your lives "" then the screen fades to black saving the producers the need to up the special effects budget . Unfortunately NIGHT OF THE TWISTERS budget should have been upped to include better actors . The cast are by no means bad but they are unimpressive and lack the skill to carry a film which is character driven . Where`s Josh Hartnett and Elijah Wood when you need them ?<br /><br />And the last word on this being a TWISTER clone ..... Yes NOTT was released a couple of months before TWISTER but TWISTER had been hyped for several months as being the Summer blockbuster of 1996 and NOTT has a rushed feeling to it which leads me to believe that it was made and released to tie in with the hype surrounding TWISTER"
tt0118998,"...And that's why hard to rate. <br /><br />From the adult point of view (hmm, student point of view:)). i must say i fell nearly asleep here. Sure, there is some laughing scene (all the credit takes here Eddie), but that can't save the disney type of script and whole movie, that's why<br /><br />2 out of 10"
tt0120764,"This movie tries hard, but completely lacks the fun of the 1960s TV series, that I am sure people do remember with fondness. Although I am 17, I watched some of the series on YouTube a long time ago and it was enjoyable and fun. Sadly, this movie does little justice to the series.<br /><br />The special effects are rather substandard, and this wasn't helped by the flat camera-work. The script also was dull and lacked any sense of wonder and humour. Other films with under-par scripting are Home Alone 4, Cat in the Hat, Thomas and the Magic Railroad and Addams Family Reunion.<br /><br />Now I will say I liked the idea of the story, but unfortunately it was badly executed and ran out of steam far too early, and I am honestly not sure for this reason this is something for the family to enjoy. And I was annoyed by the talking suit, despite spirited voice work from Wayne Knight.<br /><br />But the thing that angered me most about this movie was that it wasted the talents of Christopher Lloyd, Jeff Daniels and Daryl Hannah, all very talented actors. Jeff Daniels has pulled off some good performances before, but he didn't seem to have a clue what he was supposed to be doing, and Elizabeth Hurley's character sadly came across as useless. Daryl Hannah is a lovely actress and generally ignored, and I liked the idea of her being the love interest, but sadly you see very little of her,(not to mention the Monster attack is likely to scare children than enthrall them) likewise with Wallace Shawn as some kind of government operative. Christopher Lloyd acquits himself better, and as an actor I like Lloyd a lot(he was in two of my favourite films Clue and Who Framed Roger Rabbit, and I am fond of Back To The Future) but he was given little to work with, and had a tendency to overact quite wildly.<br /><br />Overall, as much I wanted to like this movie, I was left unimpressed. Instead of being fun, it came across as pointless, and that is a shame because it had a lot of potential, with some talented actors and a good idea, but wasted with poor execution. 1/10 Bethany Cox"
tt0124265,"They made me watch this in school and it was terrible. The movie is outdated. The episodes become confusing because fact is combined with fiction to make the story more interesting.The teachers talked about it as a treat but really it was a painfully boring experience.I have read that very few people who appear in this are actors, but most of them them do what they do in the movie in real life.This accounts for cheesy acting very often. Also, very often the story becomes mildly outrageous and far-fetched. I don't like the way some of the lines were written and wish they had more meaning to them. Though, it was written to be educational, funny, suspenseful, and hip, It ended up being boring, dry, far-fetched, and old. I hope no one takes time to watch this movie because you would be just fine not seeing it."
tt0132477,"1.) This movie was amazing! I watched it while I was in the town next to the one where he grew up! I went and saw the buildings that the story took place in. Overall, I loved this movie, One of Jake Gyllenhaal's best!! Also- my favorite parts were the science fair, and all the times with his father. They were so sad, it seemed. Homer wanted to follow his dream and his dad didn't seem to care one way or another. That tag line is true. ""Sometimes One Dream is bright enough to light up the sky."" 2.) The way this movie was shot was impeccable, it was all so believable that it could have been recorded during the 1950's. Dress was accurate and they had their slang down too. Definitely recommend this movie!"
tt0142260,"This Cannon Movie Tale is the worst of the lot, and is positive proof that a five minute fable does not a full-length film make. Poor Sid Caesar as the vain emperor, is made to look so stupid, it's hard to watch him. As the sly tailor, Robert Morse hasn't an ounce of charm. Neither does his hapless nephew (Jason Carter) The ""songs"" are dreadful and only slow what there is of the plot down. The direction is practically nonexistent, and the supporting characters add very little. Lysette Anthony is pretty as the emperor's daughter, but her voice has obviously been dubbed for some reason, a fate shared by many of the minor players. And the film crawls at a snails pace. Hans Christian Andersen must have been turning somersaults in his grave when this appeared. It can honestly be said, at least of this movie tale, it's no surprise that it went straight to video oblivion."
tt0146315,I have absolutely no knowledge of author Phillipa Pearce or any of her novels and if TOM`S MIDNIGHT GARDEN is typical of her work I probably would have had little interest in her books as a child . When I was a child I wasn`t really interested in litreture unless it had soldiers fighting monsters complete with a high body count <br /><br />Judging by this film version of TOM`S MIDNIGHT GARDEN I guess Pearce writes for lower middle class kids since much of the story of revolves around protagonist Tom Long moving to a house with no garden then suddenly finding a metaphysical one . Having a garden of your own was no doubt something that working class people didn`t have in the 1950s so I guess there`s some political class ridden subtext there somewhere . There`s also a romance involving a young girl called Hattie but again are cynical kids amoured by love stories ? Perhaps the worst criticism is that very little in the way of excitement or adventure happens within the narrative <br /><br />This is a childrens film that seems dated by its source . It`s inoffensive but I`m surprised by its high rating by the IMDB voters . I wonder how many of them would have given it so many high marks if they were 10 year olds who`d just seen the LORD OF THE RINGS trilogy ?
tt0150255,"This relic of a short film starts with a teen going through the process of attempting to get a driver's license. It quickly becomes sidetracked with just about every imaginable topic relating to cars.<br /><br />Such things as dune buggies, drag racing, custom paint jobs and car shows are discussed. It often attempts to be humorous but instead the film is dull, drawn out and even sexist at times. None of the people in the film are actually heard. Instead, everything is done in narration and voiceovers. Sorry, but I can't stand that.<br /><br />There is nothing educational or interesting about ""Dad, Can I Borrow The Car?"". It's just another piece of mindless filler to take up time on their ""Wonderful World Of Disney"" TV show. 1/10"
tt0156602,"So many educational films are nothing more than mind-numbing drudgery, saved only by the fact that ""MST3K"" mocks them (""Why Study Industrial Arts?"" comes to mind). ""Hemo the Magnificent"" is actually quite well done. It's all about blood, the heart, and the circulatory system. I admit that I don't remember everything from it, but it does a good job explaining everything, keeping it serious but entertaining. I guess that you can always count on June Foray (most famously the voice of Rocky the Squirrel, she plays a deer here).<br /><br />Since ""Hemo the Magnificent"" itself may be hard to find, probably the best place to see it is in ""Gremlins"": a class is watching it while a gremlin is forming."
tt0160216,"I rented this film thinking it was the sobbingly sad 1959 version I saw as a kid. It was not. I was therefore very disappointed with what I felt was marginal acting, poor character development, and most of all, failure to highlight the relationship between the boy and his dog. In this version... the ""Dog of Flanders"" is just a cute ""aside"" to the movie. Get the 1959 version!"
tt0160986,"Anyone who loved the two classic novels by Edward Ormondroyd will be disappointed in this film. All the magic and romance have been modernized out of his original story of a girl who does a good deed for a mysterious old lady, and given ""three"" in return. Three what? Not three wishes, but three rides into the 1800's on a rickety elevator...<br /><br />The first novel is Time at the Top. The second is All in Good Time."
tt0164912,"At least the under ten year old set will stay interested. Eleanor(Geena Davis)and Fred(Hugh Laurie)Little, a nice well-to-do couple set out to bring home from the orphanage a new little brother for their son George(Johnathan Lipnicki). They come home with quite the odd new sibling...a sharp dressed little mouse named Stuart(voiced by Michael J. Fox). Yes, mouse. Stuart is happy to have found the sense of belonging even if it is in a super sized world that contains his new family's pet cat Snowbell(voiced by Nathan Lane). Stuart embarks on the experience of family loyalty and overall friendship. George will finally accept his tiny new brother when the dapper dressed Stuart saves embarrassment at a model boat race.<br /><br />Also in the cast: Julia Sweeney, Harold Gould, Estelle Getty and Jeffery Jones. And the voices of: Chaz Palminteri, Bruno Kirby and Jennifer Tilly."
tt0167038,"Disney has now made straight-to-video sequels to a good bunch of their many animated features. Two of these were made for their 1991 classic, ""Beauty and the Beast"". Well, these ones aren't really sequels, as they are both set in between the events of the first film. The first of these two straight-to-video films was ""Beauty and the Beast: The Enchanted Christmas"", which seems to be disliked by quite a few fans of its theatrical predecessor, but I think that can usually be expected with sequels. However, this second one, ""Belle's Magical World"", is definitely inferior.<br /><br />The film features three short stories, all of which take place while Belle is in the castle, and the place is under the spell of the enchantress. The first is ""The Perfect Word"", where a misunderstanding at the table between Belle and the Beast leads to trouble, and neither wants to be the first to apologize. The next story is ""Fifi's Folly"", where Fifi and Lumiere's fifth anniversary is coming up, and Lumiere is unprepared, so Belle helps him. However, Fifi sees Lumiere practicing romance with Belle, and thinks they're actually in love. The film ends with ""The Broken Wing"". In this story, Belle takes care of a bird with a broken wing, but a bird in the castle will probably mean trouble if the Beast finds out, as he hates birds! <br /><br />The plot description I gave is for the original VHS version of Disney's third ""Beauty and the Beast"" movie. Apparently, in the DVD version, there is another story added called ""Mrs. Potts's Party"", but I've only seen the original version. However, since I highly doubt that one story would stand out as a classic over the rest, I see no point in watching the special edition. Anyway, the first thing I will say about ""Belle's Magical World"" is that the animation is very 2-dimensional compared to what we're used to from Disney, which would obviously disappoint many people. I didn't like ""Beauty and the Beast: The Enchanted Christmas"" that much, but you certainly can't say the same about its animation. I'm sure the stories in ""Belle's Magical World"" could entertain many kids (mostly younger ones, I think), and each story has a moral, so they could also teach them some valuable lessons. However, for adults, the film really doesn't have a lot. I personally didn't find any good humour in it, found that the constant conflict between Belle and the Beast got tiring, and the stories did not impress me too much at all in any way (they're not very well written). In ""The Perfect Word"", the way Belle says to the Beast, ""You're acting rude... and foolish!"" is a bit cheesy, and I think there are quite a few other cheesy moments in these stories.<br /><br />By the time this straight-to-video movie first came out, I was around eleven or twelve years old. I don't know what I would have thought of it at the time, as I had lost interest in Disney by then, and it would be years before I would gain any of that interest back. Even when this movie was first released, I think I was a bit past the age group it was aimed at. I never saw ""Beauty and the Beast: The Enchanted Christmas"" until a couple months ago, but unlike that film, I never even heard of this one until recently, I think just after seeing the first sequel to Disney's 1991 hit. Well, as much as I like the theatrical original, I wouldn't have been missing much if I never became aware of this film's existence. For little kids, I'm sure ""Belle's Magical World"" can be highly entertaining, and probably somewhat educational with its morals, but I do not recommend it for adult Disney fans."
tt0170016,"How the Grinch Stole Christmas was a wonderful little Christmas cartoon that anyone could easily enjoy, I never did see the reason for a remake. Not to mention a remake that was made with humans, the cartoon was just perfect enough, what's the purpose of this film? But it also seemed a little odd for Jim Carrey to be the Grinch. I mean he's a great comedic actor, but him as the Grinch? It just didn't make any sense to me. His performance was a little over the top and unintentionally laughable at moments. Not to mention some of the added dialog was a bit childish and not enjoyable. The whole story of the Grinch and Cindy Lou-Who was over done and wasn't needed. They actually just destroyed the story, period.<br /><br />All the who's in Whoville are getting ready for their best Christmas season yet where everything is intended to go perfectly. But Cindy Lou-Who is curious and worried about the Grinch that lives above them and that he's not going to get as good of a Christmas as the other who's. He kicks her out and decides that he doesn't want Christmas this year and that in fact he should just steal Christmas all together to show the who's what his version of Christmas is all about. But soon he realizes that the who's may know that it's a little bit more than what is the materialized version of Christmas.<br /><br />How the Grinch Stole Christmas wasn't needed and was a bit over the top. I really recommend that you stick with the cartoon just for the simple fact that this is a pretty disturbing version, at least in my opinion. The make up and presentation of the whole film was just a bit over done, not to mention that How the Grinch Stole Christmas! was more meant to be as a cartoon rather than a version starring Jim Carry. But at least this version makes you grateful for the Boris Karloff version that is played every Christmas.<br /><br />1/10"
tt0173915,"You have to respect this movie. It may be ""just a dumb kid's movie"" but it's the #1 most frequently requested film title in online movie forums, requested by people who remember the story but can't remember the title. Therefore what follows is a much-needed, detailed plot description, since I haven't been able to find such a description anywhere else on the Internet.<br /><br />A typical 2-story house is shown in suburbia. 7-year-old Bridget narrates about suspecting something is going on since she and her 11-year-old brother Andrew are getting presents from their parents for no apparent reason. Bridget's present is a stuffed penguin that she immediately names Sweet William. Bridget describes her relatives: Aunt Ruth, a bossy nurse taking care of grandmother, Grams the hugging grandmother who makes dolls out of socks, and her brother Andrew, who's into electronics and is grumpy. Grams accidentally hangs up on the lieutenant-governor, which indicates she's getting in the way while living with the family. The two children eat breakfast while the adults discuss moving Grams to a retirement home. Bridget makes an awful-looking pancake sandwich containing cereal, eggs, bacon, strawberries, and syrup, as Andrew looks on incredulously. The two kids then discuss Grams, and Andrew says bluntly that Grams is being ""put out to pasture."" Bridget talks with Grams in the attic, has a play tea party with Sweet William in her bedroom, then a living doll unexpectedly pops out of her bedroom closet mirror.<br /><br />Bridget and the living doll become acquainted. The curly-haired living female doll is named Huggins and lives in Huggaland. Bridget gives Huggins a baseball cap from Andrew's room. Huggins hides under some laundry when Bridget's mother comes by, then the mother throws the laundry into the washing machine with Huggins in it. Bridget rescues Huggins and dries her off with a hair drier. They discuss the problem with Grams getting old and having to move away, Huggins says Bridget could talk to the bookworm in Huggaland about it, since he knows everything. They step through the mirror to visit Huggaland, but one of Bridget's tennis shoes becomes lodged in the mirror.<br /><br />Rather than walk around with one shoe, Bridget goes without shoes in Huggaland. They immediately meet Hugsy, a curly-haired living boy doll in Huggaland. Huggins gives Hugsy the baseball cap. They also meet Tickles, Bubbles, Impkins, and Tweaker, and all the dolls sing a song while sitting on a bridge. Hugsy takes Bridget and Huggins in his hugwagon to see the bookworm, who lives atop a stack of giant books. The bookworm consults ""the old encyclopedia"" and finds that old age can be cured by eating the fruit of the ""youngberry tree."" However, only one such tree exists, and it's in the country of Shrugs, ruled by the mad queen of quartz. The only way to travel to Shrugs is to jump down a deep hole that is located inside a nearby giant book.<br /><br />Bridget and the two dolls gulp three times, jump down the hole, and tumble out. Soon they walk down a sideways sidewalk, hear the sea of glass breaking, and fall off the sidewalk when the sideways gravity ends. They encounter ""the hairy behemoth,"" which looks like a mastodon, has four tusks, and breathes fire out its trunk. But Hugsy boldly goes over and hugs the behemoth, who thereby turns into a baby elephant whose name is Hodgepodge. Hodgepodge had been under a spell by the queen, and owes Hugsy a favor, so they all ride on Hodgepodge's back to the castle. They enter the castle, are surrounded by troll-like beings, the queen (Queen Admira) comes, and Bridget asks for a few youngberries. The queen refuses, then eats one for herself, and brags about her own youthful good looks while looking in a hand mirror. Hodgepodge faints when the queen says he should be ""digested."" The queen is upset when Bridget mentions that wicked witches should have warts, so the queen freezes Bridget and orders the three others to be taken to the dungeon. But the queen carelessly leaves the key to the youngberry tree's dome by the lock to the dome-lifting apparatus.<br /><br />Hodgepodge wakes up in the dungeon and uses his ""noodle"" (trunk) to pull the jail's door down, thereby freeing himself and the two dolls with him. They find Bridget standing petrified, the dolls hug her, which causes Bridget to be revived. Before they flee, Bridget finds the left-behind key to the youngberry tree dome, lifts the dome off, and they pick some glowing youngberries and put them in a jar. The queen catches them, but the queen's arm is trapped under the descending dome while reaching for the key that Bridget left on the ground. The queen suddenly turns very old since she is deprived of the youth-giving berries, and appears to die. Soon Bridget steps back through the mirror into her bedroom but trips on the bottom of the mirror, spilling the berries onto her floor, and the berries quickly vanish into smoke, one by one. Her mother calls for her and Andrew to say goodbye to Grams, who is leaving for a retirement home. Andrew drops his usual grumpy, standoffish facade and hugs Grams, telling her he loves her and that he doesn't want her to go away. Their father is moved, and decides to keep Grams there after all, and everybody hugs and cries, including Aunt Ruthie, who had been the main person pressuring Grams to move out.<br /><br />Andrew asks Bridget for his St. Louis Cardinals cap, Bridget starts to explain how she gave it to Huggins of Huggaland, but Andrew doesn't want to listen to what he believes are her fantasy stories, so he turns around to look for it in her bedroom. One of the dolls secretly hands the cap back through the mirror to Bridget, Bridget puts the cap on Andrew's head, Andrew is mystified, and leaves her bedroom without saying anything. Bridget cheerfully waves at the mirror."
tt0175680,"I have been familiar with the fantastic book of 'Goodnight Mister Tom' for absolutely ages and it was only recently when I got the chance to watch this adaption of it. I have heard lots of positive remarks about this, so I had high hopes. Once this film had finished, I was horrified.<br /><br />This film is not a good film at all. 'Goodnight Mister Tom' was an extremely poor adaption and practically 4.5/10 of the book was missed out. Particularly, I found that a lot of the characters and some great scenes in the book were not in this. There was not much dialogue, It was rushed and far too fast-moving, but I was mostly upset by the fact that you never got to see the bonding and love between William Beech and Tom in this film which was a true let down. The casting was not all that good,either. I thought this could have been really good, but it was so different to the book! Anextremely poor adaption, one of the worst I've seen. This deserves a decent remake that'd better be 1000 times better than this pile of garbage."
tt0177606,"When I was a kid I watched this many times over, and I remember whistling the ""Happy Cat"" song quite often. All the songs are great, and actually memorable, unlike many children's musicals, where the songs are just stuck in for no real reason. The scenes and costumes are lavish, and the acting is very well-done, which isn't surprising, considering the cast. Christopher Walken is very catlike, and doesn't need stupid make-up, or a cat costume for the viewer to believe he's a cat transformed to a human. And Jason Connery's so cute, as the shy and awkward miller's son, Corin, who falls in love with beautiful and the bold Princess Vera. This is a really fun, enjoyable, feature-length movie, where unlike most fairytales, the characters are given personalities. Some of my favourite parts are when Puss makes Corin pretend he's drowning; at the ball when everybody starts dancing a country dance, as it's ""all the rage abroad""; when Walken is in the kitchen, dancing on the table (he's a pretty good dancer, too!); and when Vera tells Corin all the things she used to do when she was young, like pretending she was a miller's daughter. I'd recommend this film to children and parents alike, who love magic and fairytales. And it actually IS a movie you can watch together, as it won't drive adults up the wall."
tt0179029,"I absolutely loved this show. I watched it from the time it first aired in the late 90's to the very last episode. In my honest opinion it was a wonderful family drama that is so rare these days. Definitely a show you could watch with a friend or your children. Yes things have changed a bit with Jo since we last saw her in the books, but it's still compelling with great stories and good lessons. The actress that portrays Jo Bhaer (Michelle Burke) does a wonderful job as does as the actor who plays Nick Riley (Spencer Rochfort) Throughout the series we get to see the developing romance between Jo and Nick as well as the daily stories and lessons the kids and students learn. I recommend this show to anyone."
tt0190806,"Here is one of those educational short films made to learn the unknown people out there about facts of life. This time the target audience is preteen girls, the fact of life is menstruation. This animated film, created by Walt Disney Pictures, apparently with some sponsoring from Kotex.<br /><br />It starts with explaining how hormones make you grow and develop. With the help of animation and a female narrator it shows us how the body, especially the ovaries, uterus and vagina, work and why this all leads to menstruation. It is almost amazing, becoming the comic note here, how the subject of sex is avoided. Even the word is never mentioned although ""furtilized"" will pass once. I don't really know why I saw this, but since it is one of those rare short films that could give an impression of an innocent time, you might want to give it a try."
tt0190897,"POPEYE AND BIG FOOT **; POPEYE'S ENGINE COMPANY **; GETTING POPEYE'S GOAT **1/2<br /><br />I used to lap these up as a kid but, catching an episode of the series comprising three cartoons back-to-back now i.e. several years later (they preceded the theatrical screening of the pirate yarn RAIDERS OF THE SEVEN SEAS [1953]), I can see how they don't hold up all that well! The character of Popeye isn't exactly sympathetic to begin with, Olive Oyl distinctly overbearing and Bluto's antics failed to elicit much interest either  in short, the scripts were alarmingly thin, fairly awful and generally unfunny to boot. They're strictly juvenile fare, yet I doubt today's kids would even have the patience to stick with them!; furthermore, the animation style is unattractive.<br /><br />Taking each short per se, I guess they improved from one to the other: after the initial shock, one adapted to its mediocre quality as it were, so that the third cartoon easily results in being the most enjoyable of the lot  Popeye is entrusted with a mascot army goat whose immense appetite causes him no end of mischief (hardly original, I know, but always an amusing ploy). One interesting element here was that the shorts were bookended with Popeye delivering moralistic bits of wisdom to the kids in the audience."
tt0194989,"I was reviewing some old VHS tapes I have and came across The TV show John Denver & The Muppets A Christmas Together.This made me go to my computer and look it up to see if I could find a DVD version of this show to buy. I was disappointed not to be able to find it yet on DVD. The show aired in 1979 and was a delightful show. I have the record and the CD but I would love to buy a DVD version of this show. The tape is old and picture quality is pretty good but fading, the sound is not as good as the CD. There is also a few other songs not put on the CD. As a Fan of John Denver and of the Muppets, a DVD of this show would really be a good seller. If you don't have the CD it is a wonderful Chritmas collection of songs taken from that show. The album is also good if you can find it and still have a record player to play it on."
tt0207823,"This was a good film with a powerful message of love and redemption. I loved the transformation of the brother and the repercussions of the horrible disease on the family. Well-acted and well-directed. If there were any flaws, I'd have to say that the story showed the typical suburban family and their difficulties again. What about all people of all cultural backgrounds? I would love to see a movie where all of these cultures are shown - like in real life. Nevertheless, the film soared in terms of its values and its understanding of the how a disease can bring someone closer to his or her maker. Loved the film and it brought tears to my eyes"
tt0211181,"Conventional wisdom is that a sequel is seldom as good as the original movie. There are occasional exceptions, but this is NOT one of them. Disney should have quit while they were ahead. This was a real disappointment after a reasonably entertaining 101 Dalmatians."
tt0211846,"I can't believe it, IMDb really does have every TV show known to man! I have not seen this show in over 20 years. I only remember two episodes, and I barely remember those. I remember that Tony may not been on from the start, because one of the episodes I remember is the one in which everybody trying to get Tony to join, but he rejects them, but typically at the end of the show he becomes a member of Power House, with everybody cheering.<br /><br />The other one I remember is the one where Lolo for some reason pretends to be dead,(complete with funeral and mourners). I don't remember why he plays dead, or how the show ends.<br /><br />This is one of those shows that I convinced myself that I must have dreamed up since no one else had ever heard of it."
tt0217074,"Yes, you guessed it. Another movie where identical twins switch places. I think now that the Olsen twins are getting older they should try and make the plot less predictable and less like re-runs of 'Full House'. If you plan on seeing this film, don't. Watch 'The Parent Trap' instead. It's more entertaining."
tt0239625,"this movie has a great message,a impressive cast, ellen burstyn, samantha mathis, jodelle ferland( was 4 years old when she made this movie) ellen burstyn and jodelle ferland have both been nominated for best actress in a tv drama at the up-coming emmy awards in new york, peter masterson-director- has been nominated best director tv drama at the emmy awards also. april 1, 2001, jodelle ferland 'Won', best actress in a tv drama, at the young artist awards, in studio city, ca. i can see why they have 3 nominations. mermaid is a true story, during the cridits they have the real family on the set, something you don't see often. you can find mermaid at all blockbuster video stores. do watch it,you'll be glad you did."
tt0243435,"In April of 1965, CBS broadcast the first of Barbra Streisand's monumental television specials. The show was not only a runaway ratings success, but garnered 5 Emmy awards as well. This is one of the most memorable moments of 1960's television and (unfortunately) the kind of television special they don't produce anymore. Filled with wonderful songs and a spectacular performance by Barbra, this special is a must view for any Streisand fan and anyone interested in early television."
tt0244437,"SPOILER WARNING: There are some minor spoilers in this review. Don't read it beyond the first paragraph if you plan on seeing the film.<br /><br />The Disney Channel currently has a policy to make loads of movies and show one a month on the cable channel. Most of these are mediocre and drab, having a few good elements but still being a disappointment (`Phantom of the Megaplex,' `Stepsister From Planet Weird,' `Zenon: Girl of the 21st Century'). Every once in a great while, they make something really, really great (`Genius,' `The Other Me'). But once in a while The Disney Channel makes a huge mistake, and gives us a real stinker. This month (December 2000) The Disney Channel featured `The Ultimate Christmas Present,' which I thought was terrible due to poor writing and worse acting. Apparently, `The Brainiacs.com' was rushed out a few days before Christmas to get a jump on the holiday, because the plot has to do with toys. They even paid for a feature in the TV Guide, so I thought it must be better than the norm. I was in for a complete shock. Only Disney's `Model Behaviour' has been worse than this.<br /><br />The plot was more far-fetched than normal. I usually let that slide, but here it just goes too far. Matthew Tyler gets very sick of his widowed father spending most of his time at work. His father owns a small toy factory that has taken out large loans at a scrupulous bank to stay afloat. Time and time again, his father has to skip out on the plans he makes with his son and daughter. Matthew decides that the only way he can spend time with his dad is if he becomes the boss and orders him to stay home. He gets a hair-brained idea to create a website where kids all around the world can find and send him a dollar to invest in a computer chip that his sister is inventing. That whole concept is full of fallacies. When kids send in millions of dollars, Matthew opens his own company's bank account and buys up most of his dad's business's stock. He is the secret boss, but he doesn't reveal this to his dad, but instead presents himself at board meetings as a cartoon image through a computer. That image itself is so complex (and ridiculous) that it isn't possible for someone to create it at home, much less someone who comes across as stupid as Matthew. To make a long plot short, Matthew orders his dad to spend more time having fun and doing stuff with his kids, but a federal agent shows up inquiring about Matthew's company, as it is fraudulent.<br /><br />There's so much wrong here. As mentioned, the stuff they do here is impossible even for true geniuses, which these kids are not. The website, the cartoon image, the computer chip, even the stuff they are being taught in school, are far too advanced for these kids. The acting by most of the cast, especially Kevin Kilner, is terrible. Some familiar faces are wasted. Dom DeLuise plays the evil bank owner, but his part is a throwaway. He has one good scene with Alexandra Paul (who shows she has the ability to act) in which he explains his motives, but nothing more. And Rich Little is wasted in a small role as a judge. There's even some offensive and uncalled for anti-Russian jokes. But the greatest atrocities are the hard-hammered themes. These themes show up in many of The Disney Channel's films, but never before have these ultra-conservative messages been pounded so strongly. The typical `overworking parent' idea is really pushed hard, and after delivering it inappropriately in `The Ultimate Christmas Present,' seeing it again sours my mood. Family relations are important, but Disney must stop this endless preaching, because working is important to maintaining a workable family, too. Except for cancelling activities thanks to work, the father didn't come across as that bad, but I found it offensive when the grandmother told him `I don't like what I see.' Just as bad is the preaching of the idea that all single parents MUST marry if they want to raise their kids right. Enter Alexandra Paul, whose character, while important to the plot, is there solely to be the love interest for the father. This offensiveness only proves that the Disney brain trust lacks the brains to avoid scraping from the bottom of the Disney script barrel. Instead of letting this movie teach your kids how to commit serious fraud, wait for the next Disney Channel movie. It has to be better than this. Zantara's score: 1 out of 10."
tt0247993,"Wow! A Danish movie with this kind of content? I mean, the actors, the story, the pictures, the efx - everything was where it should be. <br /><br />And a Danish EFX house producing those VFX - Wow! This is like the 2nd or 3rd time a Danish FX has produces visual effects in that quality.<br /><br />*SPOILER AHEAD* The twist with the ghostly children in the submarine was quite good, but generally I did not feel the big chill which I would expect from a ghost-movie. *END OF SPOILER*<br /><br />But anyway, this is a Danish movie which I as a Dane can be proud of.<br /><br />The only ""bad"" about this, is that it wasn't a Danish director, but a Swedish..."
tt0260654,"I saw this by accident one lazy summer afternoon. It was playing on the family programming channel of HBO. At first I was drawn in, by what I thought was a Disney animation. But then, after a few minutes, I found myself searching for the remote, so I could find the 'INFO BUTTON', to find out what in the world was on my TV. I have nothing against Harvey F., I enjoy him in many of his films, but one thing he is not, is a voice-over artist. Sure he has one of the more unique voices in Hollywood, but it works only as a part of a bigger visual package. Attaching his voice to a cute duck made watching somewhat difficult. As for the rest of the cast, uninspired. I suppose working on this film didn't appeal to the really good voice over talent out there.<br /><br />So, weak voice talent, strong animation...who was this film targeting? Gay adolescent ducks? I don't get it. Is there really such a dearth of role-models for young up and coming homosexuals, that we must resort to animated ducks? Cute story, and like the title, this movie I found hard to love, just like an ugly duckling."
tt0266205,"This show made me feel physically sick, and totally detached from British society as a whole. It was programmes such as this and Blue Peter that pretended that there were/are no class divisions in Britain. They'd always say things like; ""Go into your loft and you may find this.."" or ""Go into your back garden tonight and..."" - what about us 'scummy' working class kids who never never had a ""loft"", and a ""back garden"" which was nothing more than a 1 meter square of balcony on the 14th floor of a council block? Public service broadcasting - yeah right! And on top of that, it was awfully depressing to see those stupid, middle class, up-their-own-backside kids mess about with bits of old plastic having 'fun'... do me a favour, and ""why don't you"" go and slit your wrists or do a coke overdose on ""Mama and Papa's"" money... you make me sick"
tt0268288,"I just saw this movie, and I have to say that it was a big waste of time. The girl who played Eva (Ellen Fjaestad) can't act at all. She read her lines very un-naturally, and she had a very un-natural facial expression through the entire movie. Rosanna Munter who played Petra on the other hand, is a natural. She played her part with great perfection.<br /><br />SPOILERS! The story was simple - we've seen it many, many times before. She breaks up, he finds another, she get jealous, he breaks up with the other girl and they end up back together in the end. There were no surprises at all, one knew that Eva would break up, and that Adam would ""hook up"" with Petra. The only thing that nobody saw coming was that Petra told Adam to go after Eva at the party. She became all serious, which is a side of Petra the viewers hadn't seen earlier in the movie, and told him to win Eva's heart back, which was really cute.<br /><br />Besides Rosanna Munter, there isn't a single actor who gives a memorable performance.<br /><br />This is a mediocre movie with mediocre actors, so I don't recommend it!"
tt0272046,"THIS REVIEW IS MOSTLY ALL SPOILERS. IF YOU PLAN ON ENJOYING THIS FILM, DON'T READ THIS REVIEW.<br /><br /> That's the problem with kids TV nowadays. It's all so patronizing and condescending. `Wow, that was fun, wasn't it?' No it wasn't. And unfortunately it seems to have permeated into children films as well. And that is what 'Flight of the Reindeer' is all about. Admittedly I haven't seen 'Flight of the Reindeer' in a few years so I might be hazy on some points, but I remember being thoroughly unimpressed with it at the time.<br /><br /> Essentially, the story follows a lecturer who is given a book for Christmas. Now, the lecturer is an esteemed scientist on the flying habits of some animal. I think it was bullfrogs. Anyway, through this book, Mr Lecturer / family man learns that reindeer can fly in exactly the same way as bullfrogs. Apparently this book was written by a scientist many hundreds of years ago who disappeared in the North Pole. Now, if it were me I would have thrown the book out the nearest window. Flying bullfrogs are a naturally occurring phenomenon, but flying reindeer is a fantastic and wholly unrealistic concept. But, Mr lecturer ISN'T me, so I guess that explains why he decides to fly to the north pole leaving his wife and kid at home with no idea where he's gone. Of course, things go awry and before he knows it, a flying reindeer has crashed into his private plane and he's stranded at the North Pole.<br /><br /> Are you still following this? Good.<br /><br /> His family, of course, are devastated. I would be too, I mean, what a suck-tacular Christmas. Elsewhere, Mr lecturer finds himself in a hidden town at the North Pole inhabited by midgets and one tyrannical figure who dresses only in red and white. Rather than try to escape immediately, as I would have done, he greets everyone there with open arms. This hidden civilization of midget monsters, and he greets them with open arms. Oooo-kayyyy. They feed him this story that they are the elves of Santa Claus and they spend all year round making toys for kids they have no idea exist. And Mr lecturer accepts all this. He even accepts that Santa Claus is in fact the scientist who disappeared two hundred years ago or whatever. There's just one problem - they don't want him to leave. The world can't know of their secret existence. After all, before they'd know it there'd be a McDonalds and a Starbucks on every street corner.<br /><br /> Still with me?<br /><br />Now, Mr nice guy's family find the book and assume he's gone to the North Pole. Boy, wouldn't they be embarrassed if they found out he'd just gone for a brisk walk? Before the audience knows it, they're jetting off to spend a Christmas in the most authentic winter wonderland on the planet. Meanwhile, Mr lecturer gets sick of all the uppity midgets and decides to leave. I can't remember exactly, but I do recall him holding Santa Claus to gunpoint. A fire fight ensues when the midgets attack and he manages to escape via Santa's sleigh. With Santa hot on his heels and with bloodlust in his eyes, Mr Whatever, through some marvellous co-incidence, finds himself flying alongside his family's plane that is looking for him. So he jumps on to their plane, the planes flies back and everyone lives happily ever after.<br /><br /> The fact is, there have been some shocking films made in the name of Christmas over the years but because they feature that festive charm they get away with it. And it's that charm that is utterly devoid from 'Flight of the Reindeer' There isn't much wrong with it; nothing which insults the intelligence (well, obviously there IS, but it's a kids film and thus can get away with such things) or anything particularly offensive, but the problem is there is nothing much right about it either. It just doesn't FEEL Christmassy. And for a film that is all about Christmas, that it a pretty major flaw. But hey, I don't think 'Flight of the Reindeer's target audience mind about that? Why should they? They're all so doped up on sedatives they probably couldn't spell `Christmas'<br /><br /> I give it three out of ten. If it was a TV-Movie then I'd add another two stars onto it. We all know how bad they can get."
tt0273842,"Motocrossed was fun, but it wasn't that great. I guess I just didn't understand a lot of the Motocross racing ""lingo"" (and there was A LOT of that in the film)! The plot wasn't what I expected from the Disney Channel previews, so that could account for some of my disappointment."
tt0291082,"I've always thought that Cinderella II was the worst movie I've ever seen, (followed by Peter Pan 2, and some other sequels like The Lion King 2 and the Hunchback of Notre Dame 2). All these movies are made with the same idea; because the movie has no plot, they try to make up for that by filling it with jokes. I'm not saying the jokes are bad, but they make up most of the movie. The first time I saw the movie, I would have given it a 1/10. But now I think about it, most kids don't care how good the original movie was, they just care that the movie is entertaining. I still think the movie was a bad sequel, but that doesn't mean it's horrible. Now I think it deserves a 3/10."
tt0293849,"This could be a cute movie for kids My grandson watched it once. he was watching it a second time I was watching some of it with him.<br /><br />When the little bear gets lost on the ice burg and he is in the water he is trying to get to a piece of ice it says ""Come back stupid ass fool"".<br /><br />I don't want my 3 year old grandson watching movies with words like this in it.<br /><br />That is why its rated for children. Should be child friendly. That is what I would expect. put out by warner brothers and G rated I would expect this to not have cuss words in it. The words don't even fit the movie in most places as it seems added later. And the movie drags out in many parts."
tt0302882,"Reviews for this film were lukewarm at best while expectations were sky high: a big budget, tons of popular faces, a rather funny idea and a main actress everyone loves. The end result is a disaster. Alice Tremblay's supposedly humorous journey in fantasy world fails in every way to entertain it's audience (I didn't hear a single laugh throughout the entire presentation), going through it's page-thin story line and one-dimensional characters without a single spark, not a sign of the magic it wished it had. The 90 minutes of film here are sterile with clumsy direction and some good actors doing their best to come of as professionals in a feature that certainly couldn't seem that great an idea on the set, let alone on paper. 'L'Odyssée d'Alice Tremblay' is a collage of comic sketches, linked together with a (very) thin layer of good ideas. Avoid or boredom will haunt you."
tt0306646,"*** Spoilers*<br /><br />My dad had taped this movie for me when I was 3. By age 5, I had watched it over 400 times. I just watched it and watched it. And I still do today! It has a grim storyline, a lamb's mother is killed by a wolf--a very emotional scene--and wants to become a wolf, like him. After years of training, the lamb is made into a really REALLY evil looking thing. He and the wolf travel to his old barn, but he cannot kill the lambs, no matter how much he wishes to. He ends up killing the wolf, but is no longer seen as a lamb by his former friends, and can't return to his previous way of life.<br /><br />The art is beautiful, the songs are..well, okay, and the voice acting is better than some things today.<br /><br />All in all, you just *have* to see this movie, it is a great masterpiece. Although, it's very hard to find today.<br /><br />"
tt0312528,"Most movies I can sit through easily, even if I do not particularly like the movie. I am the type of person who recognizes great films even if I do not like the genre. This is the first movie I could not stand to watch. Cat in the Hat is the worst movie I have ever seen--and I've seen a lot of movies. The acting is okay (Myers is good as the cat, it's just that he is REALLY annoying). The silly songs the cat sings were boring and monotonous, even for the children in the audience. The plot drags on and on, and viewers must suffer through poor dialogue. The ""witty"" parental remarks are disgusting, not funny (I remember some awful comment about a garden hoe being compared to, well, a type of person people call a ""ho""). Even though the movie is really short, it seemed to last FOREVER. Do not waste your time. I know small kids who hated this movie. If children can't stand it, I do not know how any adults can. I would like to fume more about this film but I do not even feel like wasting anymore time writing this review about it. I HATED IT! So, in summary, do not spend 90 minutes of your life watching this! See a GOOD movie!<br /><br />1/10 stars--the lowest review I have ever given a movie."
tt0318850,"I understand that this movie is made for kids and as a parent I have sat through many movies that don't particularly hold my interest, but I can appreciate from a constructive point of view in how it is being received by my children. Parents are supposed to be encouraged after all to take part in their children's activities and to monitor the quality of the entertainment that they view so there should be something that appeals to an adult audience on some level even in children's movies. Disney has always understood this which is why it is so hard to fathom how it could allow such a complete piece of drek to bear their name.<br /><br />Technically, the sound editing is horrible and all dialog sounds over-dubbed and unnatural. Personally I hate that, but it was doubly awful considering the dialog itself seemed as though it was written by a 12 year old for a school project. The ""acting"" reminded me of a school play and none of the child actors had any range of emotion in their voices. Thankfully it was a very short movie.<br /><br />Now, before I come off like a video-geek measuring a kids movie with an adult yard stick, the one thing that can save even the worst children's movie is a positive message. Far be it from me to determine how a message has to be delivered so long as the right one is. Let us take a walk through this film to see what messages are given: <br /><br />If you are lost, don't worry, you will inevitably find your way home.<br /><br />Approach wild animals without any fear.<br /><br />You can win any competition just because you ""know"" you can.<br /><br />and my favorite, the final message left in the film: <br /><br />It's okay to disobey authority figures and do what you think is right."
tt0322389,"Let me start out by saying this movie has 1 funny point at the very beginning with the exchange between the narrator and George: Narrator:Huh? Wait a minute! Who the heck are you? George: Me new George. Studio too cheap to pay Brendan Fraser. Narrator: How did you get the part? George: New George just lucky, I guess. <br /><br />Sadly, that's the only funny part in the entire movie.<br /><br />It was still entertaining...But then again, i'm easily entertained...<br /><br />I wouldn't say this is the worst movie i've ever seen (that title goes to the terribly un-funny Disaster Movie...), This movie falls #7 on my bottom 15 list...<br /><br />If your a small child who is easily entertained, you'll enjoy this movie. If you're a movie-watcher who wants a good, funny movie, You'll end up shooting yourself halfway through this one.."
tt0324532,"I do agree with everything Calamine has said! And I don't always agree with people, but what Calamine has said is very true, it is time for the girls to move on to better roles. I would like to see them succeed very much as they were a very inspirational pair growing up and I would like to see them grow as people, actresses and in their career as well as their personal life. So producers, please give the girls a chance to develop something that goes off the tangent a bit, move them into a new direction that recognises them individually and their talents in many facets. This movie that is being commented is not too bad, but as I have seen further on in their movies, their movies stay the same of typical plot and typography. When In Rome is good for audiences of younger generation but the adults who were kids when the twins were babies want to follow the twins in their successes and so hence I think we adults would like to see them make movies of different kinds, maybe some that are like the sixth sense, the hour, chocolat, that sort of movie - not saying to have just serious movies for them, humour ones too yes, but rather see them in different roles to what they have been playing in their more recent movies like this one and New York Minute. (Note: I am from Australia so excuse my weird spelling like reognise with the s instead of z)"
tt0329374,"Might contain possible spoilers (Not that anything in this film is new or will even mildly surprise you for that matter)<br /><br />Why does Disney feel the need to recycle everything they ever made into oblivion? Sure it's cheaper for them, but after a while, wouldn't you think there overall quality and the way people think of them would drop off. House Of Villains is a despicable display of cartoon crossovers that make absolutely no sense at all. Some signs of the total disregard for previous films in this are: The voices don't even remotely match up and Iago is evil again (Since when?!) I know that these films are directly towards children but there was a time when all could enjoy Disney films. Even the movie's musical number (which had been Disney's specialty for years) stunk. I wouldn't recommend this film to anyone even the very young. All I can is that if more of these movies of the same caliber are released, it's only a matter of time before some small animation studio surpasses Disney in overall quality."
tt0331509,"I bought this movie from Gamestop's discount used movie bin and the cover caused me to laugh uncontrollably so I bought it for 99cents. The movie itself is retarded and they use like ten different monkeys throughout the whole film that hardly look alike. Not to mention they use a stunt double who is just a short guy in costume making a desperate attempt to impersonate a monkey.<br /><br />The director more than likely committed a murder-suicide with the chimpanzees after the movie debuted in a preview for some other low rent Warner Bros. film and he ended up owing money to the studio. It also doesn't help that he wasn't even infamous for the terrible job he did, he wasn't even known for producing a poop-chute film.<br /><br />Why was this movie ever made?"
tt0342882,"I really wanted to like this movie, but it was just imposable. The acting was ultra hammy, the plot was annoying, and the pace was SLOW, sooo slowwwwww. The whole time sitting in the theater i wanted the movie to end. Twenty minuets into a films and I'm praying for an ending. Sure some of the visuals were nice, but c'mon guys, I mean really! And for a movie about a guy tuning magical instruments there really wasn't much music to speak of. The music there was was annoying, and boring. There were sound loud shrill sounds at times too, those were also annoying. Mainly this film managed to bore me, and creep me out at the same time.<br /><br />I'm glad its over. I need to go see ""Tideland"" and wash this bad taste out of my mouth."
tt0365390,"From a poorly contrived plot line that makes almost no sense to bad dialogue and disjointed scenes to the ultimate downer, bad acting (even Peter Falk can't find his way) ""Finding John Christmas"" is better left lost. Ms. Bertinelli's performance is without depth or emotion as are her co-stars, William Russ as brother Hank and David Cubitt as love interest Noah. Jennifer Pisana as Soccoro, the daughter of single dad Noah is almost unbearable to watch let alone listen to singing. But who can blame them with material like this. Michael J. Murray's script is juvenile at best. <br /><br />Each year at this time I search the TV guides and wait anxiously for some of the really classic Christmas and inspirational holiday films to appear on the small screen. Films like ""Miracle on 34th Street"", Ernst Lubitsch's delightful ""The shop around the corner"" and, of course the 1951 version of ""Scrooge"". There's Frank Capra's classics ""It's a wonderful life"" and ""Meet John Doe"". Hey, forget the classics. What about ""Home Alone"" or "" Home for the Holidays"" with Holly Hunter and a great performance by Robert Downey Jr.? <br /><br />My present to you is by way of advice. Your time would be better spent searching out these films than finding ""Finding John Christmas"". Merry Christmas!"
tt0382958,"This movie should be called ""plan 9 from joseph smith."" i think its weirdness is underappreciated. the playwright seems to have read paul ehrlich's ""the population bomb (1968),"" and crafted a musical response made especially for mormons. the whole point of the play is that having as many children as you can is part of ""heavenly father's"" (god's) plan. and anything that stands in the way of having more babies is very bad. get it?<br /><br />This version was filmed in 1989, which is confusing. it's utah, so it looks and feels like 1983, the play was actually written in 1973, and of course, the theology is part 1840's, part battlestar galactica. some of the action takes place on earth and some in the ""pre-existence, an aimless romper-room where annoying kids wait to get their bodies so they can come down try not to slam the door on the missionaries, losing their shot at celestial glory.<br /><br />it is as stagey as they come, but don't let the poor theatrics spoil your appreciation for this demented mormon universe where the 'cool kids' are all into population control, (presumably) counseling their parents not to have any more children!! having big families was, at the time the play was written, the cultural norm in the lds community, and more importantly, considered part of God's plan. the church has since done a 180, and have made family planning a choice of the parents, and large families are much less the cultural norm now. making the entire doctrinal premise of the movie for a modern-day mormon moot!<br /><br />ahhh but it's really only as good as the music. there are some catchy tunes here that just won't let this movie die the 1970's death it was pre-destined for. the brother and sister sing some love songs to each other that make you wonder if maybe something else was going on there --wink. and the tough, cool kids make new kids on the block look like metallica. so cheers to all that! gather the family around, make some jell-o shooters and enjoy the show!<br /><br />"
tt0385880,"I honestly can't believe what passes for entertainment now. Death (and making fun of death), violence, sexual innuendo, adults threatening children, crudeness, alcohol abuse by minors, drug theft, dysfunctional parents, babysitter from hell, stereotypical jokes about African Americans, police and fat people, and kids sneaking out of the house in the middle of the night - yup, sure sounds like a kids movie to me - NOT!!! Add to that the dark and scary elements - a dead woman possessing and turning into a house and keeping her loving husband a prisoner inside for over 20 years, and also terrorizing an entire neighborhood - how sweet for kids. PARENTS - is this really what you want your kids to be watching - is this what you want to teach them about life?!<br /><br />This movie is too scary for young kids, and i'm afraid that teens today may be living some of this movie scenario - so why rub it in their faces? As for an adult audience - you won't find it scary or amusing - just boring, contrived and predictable. And the characters are just wrong - clueless parents, ignorant police, stupid and annoying friends, nasty and manipulative babysitters, and beer drinking/womanizing boyfriends. What great material for kids - does this really sound like a children's movie to anyone? Even the computer animation and good voice work aren't enough to redeem this terrible flick. Save your money, save your time, and save your children's minds - go rent Ice Age, Monsters Inc., the Incredibles, Shrek, A Bug's Life - ANY of them are way better than this horrid film. Spielberg and Zemeckis - shame on both of you for making such a disaster and then billing it as a children's/family movie!!"
tt0385988,"Creepy & lascivious wolf. The young ""Red"" is wearing full make-up, and extremely short shorts & robe. Got about 20 minutes through and realized it could be a pedophile's dream come true. The ""up-beat"" music sounds a lot like something I'd hear at a strip club. I actually think this movie is a sick joke - it's not a family movie. Gross, glad I was watching this with my daughter, I don't want her to think it's normal for families to view quasi kiddie porn together. Very bad, Very sad it's sold as a family film, Joey Fatone will probably be embarrassed he was in it. And what's with advertising it as a ""special effects spectacular""??? The effects do look low budget, gawd awful."
tt0388595,"""Extreme Makeover: Home Edition"" is yet another 'feel-goody', so-called 'heart warming', and out-for-ratings show that ABC has had the time to put together.<br /><br />I understand the troubles that these families go through. For that, I am sorry. But wouldn't you think that putting four wide-screen plasma televisions, three flat-screen desktop computers, an inground pool taking up half of a backyard, and closets full of expensive designer clothing is a BIT too excessive for ANY family? Sure, these families have been through a lot. Sure, they deserve nicer things that what they had previously had.<br /><br />But honestly, the things that Ty Pennington and his crew put into these houses are enough to suit an entire neighborhood.<br /><br />Another thing that really irks me about this show is how Ty and his crew always have something good to say about every little thing that relates to the family, or the family's condition. Telling a wheelchair-bound person that he or she is 'so strong', or 'very brave' really does get old after a while. That may sound rude, but believe me; watch this show, and you'll see what I mean.<br /><br />All in all, this show is overrated. If you want to watch it, go ahead. This comment is just a heads-up for what you'd be watching."
tt0392948,"I am not from America and I know what 'Wife Swap' is. When a show came out of that name I was thrilled to see some cool glamorized sexual moments from the program. But what I got was a real sucking stupidity. I was misjudged by its title name, it has no adult contents, no nudity, not even vulgar dialogues (broad casted threw Hallmark channel and I think they edited/mute out such contents to make it neat).<br /><br />A show which gives a picture of current American/western family state, overweight chubby peoples, polluted teenagers, and their sucking family goings. In each episode two wives/two mothers (more correctly) were chosen to live in each others home and re-changes each others family routine with their new own rule. Sometimes its turns out to be good or more evenly bad. On the ending section each mothers are brought back with their husband and try to conclude what they did to each families past days. It's the sucking portion of the program were each contenders fights for their rights. I was sucked to see all of these instead of seeing some cool adult sex stuff. I mean who make this program, more than that who gave the name ""Wife Swap""; its better to be called as ""Mother Swap"". All in all it corrupts all the great things the real Wife Swap stands for! <br /><br />Wife Swap = Average Sucking Reality Show."
tt0400497,"Herbie, the Volkswagen that thinks like a man, is back, now being driven by Maggie Peyton (Lindsay Lohan), a young woman who hopes to become a NASCAR champion. The only thing standing in her way is the current champion, Trip Murphy (Matt Dillon), who will do anything to stop them.<br /><br />The original love bug wasn't that good. Even as a kid, I remember not liking it very much. I had some hope for the sequel though. I mean the cast is pretty good and the trailer makes it seem like a pretty fun movie. Unfortunately, Herbie is no better now than he was before. The film is defiantly weak for people over the age of 12. It will probably entertain the kids but that's all.<br /><br />I realize it's a kids film and all but they could have made the film a little more interesting. There were very few laughs and it got boring near the end. Most of the actors seemed dead in their roles too. Lindsay Lohan was alright as Maggie Peyton. She usually gives better performances like in Freaky Friday and Mean Girls. Matt Dillon gave the best performance out of everyone. He was very good as the bad guy even though he didn't have a lot to work with. Justin Long, Breckin Meyer and Michael Keaton are really just there and they don't do anything special.<br /><br />Angela Robinson directs and she does an okay job. She tries to keep the film interesting but she's working with a weak script. Thomas Lennon and Ben Garant wrote the screenplay and would it be any surprise to you that they were also responsible for Taxi and The Pacifier? These two make light films yet they fail to really make the stories interesting or enjoyable. It's not completely their fault but hopefully next time they will try harder. In the end, Herbie is a safe, predictable family film that's worth watching if you're a kid. Everyone else is better off skipping it. Rating 4/10"
tt0403118,"This movie is entertaining enough due to an excellent performance by Virginia Madsen and the fact that Lindsey Haun is lovely. However the reason the movie is so predictable is that we've seen it all before. I've haven't read the book A Mother's Gift but I hope for Britney and Lynne Spears sake it is completely different than this movie. Unless you consider ending a movie with what is essentially a music video an original idea, the entire movie brings to mind the word plagiarized."
tt0409301,"Well what I can say about this movie is that it's great to see so many Asian faces. What I didn't like about the film was that it was full of stereotypes of what typical racial characters would do in their role. The Asian girl without confidence who has to play someone else to get ahead, the white guy infatuated with Asian culture and chooses to leave his white world behind for the land of yellow and the ""keeping it real"" black cab driver. Plus all the coke, shanghai tang and dunkin donuts product placement was a bit too obvious. The story plot itself was fun but pretty much how I thought the story would unravel. Then again when watching romantic comedies you can't expect much but then again I would have been wanted to just be surprised at least once. The parents are the best part of the flick."
tt0421306,"We don't have this on television in England but I walked it over the Internet on YouTube. It's dumb, immature and boring! This is from the creator of ""Earthworm Jim"" Douglas TenNapel, I never got into that cartoon but I must admit it better than this. The cartoonist hasn't done anything for years since now. For Doug TenNapel, this is a comeback travesty and an all time low! The story is about three cats who inherit a house and lots of money off their dead old lady master. They are argumentative and keep on disagreeing on what their want to spend their money on. ""BORING""! The animation is dreadful. The main characters are meant to be cats, right? But they don't look nothing like cats! Just weird animal monster-looking creatures with big mouths, pointed teeth and bulgy eyes! The human and other animal characters are also drawn real ugly! The theme song is terrible and irritating! Also the stories are lame and are most probably copied from older shows. It surprised me how this show got 7.5/10 votes of other IMDb viewers. Television really isn't what is used to be! But now most of them is dumb, cheaply made and boring. Some of you on the website might not agree with me well I'm sorry but this is a total waste of money and a complete and utter waste of your time and feel glad that Britain don't have too tolerate this crap (oh yeah, if you have digital you have to) but I don't, so it not my problem! Loser! 2/10 (and it's very lucky to get that because I've given other shows worst!)."
tt0425235,"A sentimental school drama set in Denmark, 1969, ""We Shall Overcome"" offers a pathetic Danish take on US culture. Frits (Janus Dissing Rathke), a flower-power obsessed, naive 13-year-old, exits with half his ear hanging off from brutal master Lindum-Svendsen's (Bent Mejding) office. Lindum-Svendsen, a school director, portrayed as a fascistoid tyrant, has the local community in control. Lindum-Svendsen's gone too far this time, and with his father, recovering from a mental breakdown (sure, there wasn't enough drama already..), and overly stereotyped hippie music teacher Mr Svale ('Hi, call me Freddie'), Frits stands up for justice.<br /><br />Tell you what. It's so unconvincing, over-(method-)acted, and so full of misery, that as a 'family' picture this grotesque -filled with cliché's- excuse for a movie fails miserably to convince non-Scandinavian audiences. Sorry, kind danish readers, to crash like this into your sentimental journeys.. But it's definitely NOT a tale about a 'boy becoming a man by fighting the system'. The boy never becomes a man, but rather remains a naive, big eyed cry-face. If you call a church of small minded small town folk, led by a dictator like cartoonish character ""the system"", I'm sorry if I'm missing something.<br /><br />If you're into family pictures, go see Happy Feet instead.."
tt0429591,"If I write a review about a movie, maybe it will stick with me... but generally I expect that I will have forgotten I've seen this one a mere two weeks from now. So why bother? Because again I find myself watching a low-rated movie that was fun to watch. I didn't expect I'd to be able to stay in the room while it was on.<br /><br />It wasn't great, but at least it was not unbearable... not a comedy of errors which always makes me cringe. It was just sweet fluff... and if you can't take it, stay in the locker room boys. I agree with those who defend this movie because it is sure to please its targeted demographic, and won't be a total bore to an adult.<br /><br />It offers a few good chuckles here and there, but nary a side splitter. Sure it is silly and only mildly entertaining, but at least it doesn't suck (as so many have said it does). Maybe those folks are afraid of their sensitive sides? <br /><br />I have a tendency to grade on the bell curve, so a 4,5 or 6 is actually an okay all-around rating in my book. Giving it a 4 makes sense and will bolster its rating at the time of this writing. Giving it a 1 or a 10, as most have done thus far, makes the rating numbers meaningless. I cannot believe how strongly people feel one way or the other about this forgettable fluff (or that I am even bothering to write about it). Am I missing something? <br /><br />Anyway, it should be noted that Emma Roberts performs her role as Clairedycat quite convincingly. Ariell Kebbel often written into b*ch roles does not disappoint when her character gets her due. You might also recognize Bruce Spence playing Leonard, though his role is ancillary.<br /><br />Surely you can miss this one if you are an adult. But, if there is a pre-teen girl in your life, rent this movie for her... and be prepared NOT to hate it (you might even enjoy it)."
tt0430748,"Vovochka is your everyday hooligan vs authority movie. Vovochka, the main character, is branded early as a bad influence on the children in the neighborhood. With the words of wisdom from a couple of grownups he meets along the way, he finds changing his mischievous ways hard, yet worthy of doing. Personally, I found actor who played Vovochka too annoying to sympathize with, however the change of tone of the movie would allow most to feel the emotional struggle Vovochka has when he wants to be good but bad things still happen. This struggle makes the movie a little different than other movies of the same genre, that's the little flavor I meant. All in all, I did not really care for this movie, although it was most likely aimed for a younger audience."
tt0434964,"What's that there in the skies? Is it a plane? Is it Superman?? Errr, no It's a TURTLE!?! See, that's what becomes of the Cold War! Nothing but bad news and other issues! The Americans shoot down a Russian combat plane somewhere over Artic territory and the subsequent explosion defrosts & literally awakens the giant prehistoric turtle-creature named Gammera. He/she is not a very friendly critter as it promptly ensues to destroy everything and everyone on its path. The arguing governments finally decide to kill the ugly bastard with a brand new and super-sophisticated ice-bomb, but Gammera has another surprise in store The damn turtle can fly! The first time this happens results in a tremendously grotesque and hilarious sequence! Gammera lies on his back looking defeated when suddenly fire blows from his armpits and he skyrockets himself up in the air. How can you not love that? Then there's also a dire sub plot about an annoying kid who's able to telepathically communicate with the monster, but that's just not interesting enough. Flying turtle, people!! There's very little else to write about this Japanese (and American re-edited) Sci-Fi effort, apart from that it's an obvious and totally shameless rip-off of such classics like the original Godzilla and The Beast from 20.000 Fathoms. The effects and monster designs are extremely hokey and, unlike the aforementioned films, it never succeeds in creating an apocalyptic ambiance. Respectable actors like Brian Donlevy (""The Quatermass Experiment"") and Dick O'Neill (""Wolfen"") seem unaware of what film set they're on and even the original Japanese mayhem-scenes aren't very convincing. Gammera's very own and personalized theme-song is rather cool, though, so it gets one extra point for that."
tt0442722,"This show stinks. For parents, they usually want their kids to watch something good for them. It is usually educational, funny, and bright.<br /><br />Is it educational? No. the Doodlebops sing and that's it. They usually sing about themselves, they don't try teaching anything.<br /><br />Is it funny? No. The Doodlebops instead say something which is not intended as a joke, and laugh at it.<br /><br />Is it bright? It's so bright, it's painful. As far as color,s everything is extremely bright, so that's good. But NOTHING is ever wrong in the world of the Doodlebop's. Therefore, they are always happy. a kid in trouble will become depressed because they have never been exposed to being sad.<br /><br />The show is also extremely cheesy. Every syllable is said to the highest level of exaggeration and very corny. It's overkill.<br /><br />For kids, it's entertaining, but past the age of 2 you won't want your kids to see it. They'll never know how to grow up."
tt0444736,"I hate this movie. I hate the show. i hate just about everything about it. it's so annoying and stupid. everyone's saying that nat and alex wolff are heroes in the music world and that they're going to make it big. WHAT KIND OF DRUGS ARE YOU TAKING???!!!?!?!?!?! nat and alex are going to end up as either hobos or end up like Jane Hudson from ""Whatever Happened to Baby Jane?"". i could only get through not even 20 minutes of this one, barely 30 seconds of the show, and i managed to survive about half an hour of 'Battle of the Bands'. How anyone could cheer for these guys in the audience at the Kid's Choice Awards, i have no clue. days before the movie premiere on Nick, most of the teen girl actresses on Nick (Jamie Spears, Emma Roberts, Lindsey Shaw, etc.) showed up in a commercial influencing brain-dead kids about how awesome nat and alex wolff are. first off, they didn;t trick me, and second of all, nat and alex probably either drugged them or payed them loads of money in order to say that and sound convincing, because i don't see how anyone could find this show/movie entertaining. the music is just awful. nat's singing sounds like a sick, dying moose on crack. alex is the most annoying movie/TV show character EVER. he's not funny, he's annoying, he's really weird, and he thinks he's hot and knows everything about girls. this guy's lucky if he ever manages to get laid. you know this show is fake when you find out that some of the characters (in real life) don't even exist!! the character Jesse is actually played by Nat and Alex's cousin jesse Draper (they mustve had some budget problem). Their father is not single, he's married to Polly Draper, but she doesn't appear on the show, making it seem the Wolff's are mom-less. Rosalina doesn't exist either. Her name is Allie DiMeco. I'll tell ya, the Naked Brothers are gonna be in some deep sh** when their ""fans"" find out the whole thing is staged. 0/10"
tt0462346,"It started out slow after an excellent animated intro, as the director had a bunch of characters and school setting to develop. Once the bet is on, though, the movie picks up the pace as it's a race against time to see if a certain number of worms can be eaten by 7 pm. We had a good opportunity on the way home to discuss some things with our son: bullies, helping others, mind over matter when you don't want to do something.<br /><br />Of special note is the girl who played Erica (Erk): Hallie Kate Eisenberg. The director kinda sneaks her in unexpectedly, and when she is on-screen she is captivating. She's one of those ""Hey, she looks familiar"" faces, and then I remembered that she was the little girl that Pepsi featured about 8 years ago. She was also in ""Paulie"", that movie about the parrot who tries to find his way home.<br /><br />Ms. Eisenberg made many TV and movie appearances in '99-00, but then was not seen much for the next few years. She's now 14 and is growing up to be a beautiful woman. Her smile really warms up the screen. If she can get some more good roles she could have as good a career (or better?) than Haley Joel Osment, another three named kid actor, but hopefully without some of the problems that Osment has been in lately.<br /><br />Anywhozitz, according to my 8 y.o. son, who just finished reading the story, the film did not seem to follow the book all that well, but was entertaining none the less. The ending of the film seemed like a big setup for some sequels (How to Eat Boiled Slugs? Escargot Kid's Style?), which might not be such a bad thing. It was nice to take the family to a movie and not have to worry about language, violence or sex scenes.<br /><br />One other good aspect of the movie was the respect/fear engendered by the principal Mr. Burdock (Boilerplate). Movies nowadays tend to show adult authority figures as buffoons. While he has one particular goofy scene, he ruled the school with a firm hand. It was also nice to see Andrea Martin getting some work."
tt0467923,"RUN...do not walk away from this movie!!!!! Aimed at the very young kids, this movie will bore you to tears. If the Gamera trilogy of the 90's raised the bar, this film just lowered it. It's slow paced and the monster fighting is good, but seldom seen. This movie had me dry heaving in the cat box. Just a very poor offering after a phenomenal 90's series.<br /><br />SPOILERS BEYOND THIS POINT!!!!!!!!!!! Here are the top 10 reasons Gamera fans of the 90's series will HATE this film.<br /><br />10. This movie is a drama that follows a kid trying to cope with the death of his mother and fears losing baby Gamera to a fight after knowing his father saw the adult Gamera die.<br /><br />9. You see the adult Gamera for maybe a minute at the beginning of the film. He gets his butt kicked by a few Gyaos and self destructs??? He looks old and lethargic. Plus he looks nothing like any gamera you've ever seen. His suit looked cheap and rushed.<br /><br />8. The young Gamera you see through the rest of the film looks like a Pokemon. Big-eyed and cute...it will remind you of the baby Godzilla from Godzilla vs MechaGodzilla 2. Gamera is now too cute.<br /><br />7. This movie has the pace of watching a NASCAR race during a 3 hour rain delay. I watched this movie with 2 other Gamera fans and nobody was happy with how slowly this film moved along. I've seen an SUV full of fat people going up a mountain road move faster.<br /><br />6. Like Godzilla:Final Wars, this movie had very little kaiju time on screen. Final Wars had much more, actually, and better fights although short.<br /><br />5. Kids take the title role. The friend of all children theme and poor writing killed the original Gamera series in the 1970's and history repeats itself in the 2000's. The most successful Gamera films abandoned the Sesame Street feel and went to a darker place. Why go back to a failed formula? This was to be a new trilogy and poor ticket sales killed any hope for this story to continue (thank god).<br /><br />4. Gamera lost his iconic roar. He now sounds like an Elephant with strep throat.<br /><br />3. This movie may produce a new Olympic event.....Imagine a relay race that involves sending very young children into harm's way. You have to see the ending to understand this point. Where were the parents? Oh yea..right there sending their kids into a kaiju battle zone.<br /><br />2. The special effects were good, but sub-par for a Gamera movie. Legion and Iris had better effects. The best effect was showing the apple sized baby Gamera fly. Not too impressive.<br /><br />1. This movie is just not what adult kaiju fans come to expect. The director was involved in Power Rangers and it shows. It comes off like a cross between ET, Always: Sunset on Third Street and TMNT. Kudos if you know all 3 references.<br /><br />Rental at best or watch once if you buy it to complete the DVD series."
tt0470982,"My 7-year-old daughter loved it, as Disney execs crassly calculated that she would. That's the problem with ""Air Buddies."" It's a strictly by-the-numbers children's film filled with carefully calculated cuteness, a couple politically correct morals, and enough potty humor to avoid the dreaded G rating. As a parent, or even as a 10-year-old, you've seen it all before, and done better before. Think ""101 Dalmatians Meets Home Alone"" and you get the general idea. I'm of the opinion that a good children's story is a good story, period. ""Air Buddies,"" which is about as original as recycled paper, fails to meet that standard. It isn't the worst video your child could watch, but there are megatons of better ones."
tt0479500,"I really enjoyed this movie. Most of the reviews have been bad, but most critics think a movie should be like an idea drama. This movie has a little bit of drama, but the rest is just clean fun and very entertaining. Forget about Julia Roberts being a Pretty Woman, Emma Roberts is a beautiful young lady and there is more to her than just that. Emma was so much fun to watch in the role of Nancy Drew. It is good to see a new face. I believe she will go far.<br /><br />Nancy Drew may not be based upon the books, but the story is still good. There is also a good blend of other character actors and supporting actors like Pat Carroll, Barry Bostwick, Rachel Leigh Cook and Chris Kattan - not credited. I'm surprised Disney did not release this movie. Some people may not like this movie because it does not contain sex, violence, and cursing. This is a good family film which is rare in this day in time. So take your family, see this movie and judge for your self how good it is. I can't wait for the sequel."
tt0485601,"No need to detail what others have written in other reviews - here goes the summary: <br /><br />* Much of the nested animation work is downright gorgeous - the colors are superb - would love to have it done in silk as a necktie<br /><br />* The story and execution is a total snooze - it was quite difficult to stay awake at times<br /><br />If you are a student of the fine arts, medieval calligraphy, early religion and so forth - have at it. This is a FILM for you.<br /><br />If you want an engaging, entertaining MOVIE - look elsewhere - this is a failure as anything other than an artistic statement.<br /><br />Vikings didn't have horns by the way..."
tt0486321,"this is what you would get if you allowed a 10 year old (manic American) to write a story of a moon trip. Absolute garbage with no redeeming qualities Maybe it held some fascination in the 3D dept. but as a narrative and entertaining animation it held nothing to make wasting an hour and a half worth while. Save your time and money and watch BOLT instead<br /><br />Damn. Not enough lines, yet I feel that sums it up... well, I agree with an above review - this is like a cold-war propaganda story. Maybe it would have been more interesting if they had made it about the flies uncovering the hoax of the moon landing, or if the flies had died in the first minute. BTW - why were all the main character flies deformed? - not one had the full compliment of limbs!"
tt0486583,"My Take: A tired formula Christmas comedy. The laughs are tired and the talents behind it seem to be too.<br /><br />I love the holidays as much as the next guy (even if I often have a bad case of the holiday blues), but it seems it's just being a dumping ground for a bunch of Holiday comedies that would be bad movies on any day of the year, but that doesn't make them any less painful during the season. As if we already had enough SANTA CLAUSE movies (three and *gulp* still counting), who wants to see a movie about his brother? In a plot that would be at home with Disney's SANTA CLAUSE franchise (save the occasionally crude humor and Santa's ""Little"" Helper wearing a short skirt), FRED CLAUS is a one-joke premise that goes on for 116 minutes. Sure, Jolly Ol' Saint Nick has a brother, but where does it go from there? <br /><br />It's a shame really. FRED CLAUS is blessed with a cast that could have made it an enjoyable Christmastime comedy that will probably melt away along with the snow, but it would have been so much better than this. Vince Vaughn is your typical snob, but we are led to believe he's really the long lost brother of the never-aging Santa (Paul Giamatti), who invites his good ol' brother to visit. Mrs. Claus (Miranda Richardson) is reluctant, and worse, an efficiency expert (Kevin Spacey) has come to keep a watchful eye on Father Christmas, and his THIS close to being shut down. Hah! And guess who plays Santa's mother! Kathy Bates of course. Elizabeth Banks is Santa's Helper Charlene, John Michael Higgins is one of the elves, and Rachel Wiesz plays Fred's girlfriend! SI don't know if I'd praise the casting or to bash it. Here we have some familiar faces to add a touch of quality, but they're given way too little to work with.<br /><br />As for humor, the best that FRED CLAUS could possibly come up with is Santa's brother being his exact opposite and some joke about a DJ elf. I have to admit I had a few giggles involving Fred attending a group counseling for celebrity brothers (where he is joined by Stephen Baldwin, Roger Clinton and Frank Stallone), but the giggles begin and end there. Worse still, the movie even succumbs into sentimentality that's supposed to make us ""feel good"" and teach us a lesson about ""what Christmas really means"". Apparently, what Christmas means to Hollywood is getting as much of our leftover Christmas shopping money as they can.<br /><br />Rating: ** out of 5."
tt0488147,"The John Goodman program was pretty awful, but this thing just plain stinks. The one and only thing in this mess that made me smile was recognizing the voice of Patrick Starfish as Frosty. The story is hopeless, written by somebody who has garbled memories of childhood rebelliousness but has never gained any adult sense of perspective in the intervening years. Paranoia rules the dark world that these characters inhabit. Everybody is unpleasant, and for no reason. The plot is predictable but the show lurches from one inexplicable, unconnected scene to another in such a pointless way there is no fun in watching it. The worst thing is nobody in the production crew seems to have ever seen snow!"
tt0489007,"This movie is truly awful. After seeing the advertisement for it, i thought it could have its charms ... but it didn't.The girls cannot act, and they cannot sing either. The soundtrack to this movie is full of their songs, and its not a pretty sight, Terrible story line, unbelievable plot, its one of Disney's worst movies by FAR!. Ally is not a bad actress on ""Phil of the Future"", so i don't know what happened in ""Cow Belles"". And her sister, AJ, seems to be just hitching a ride on her sisters ""fame"", and she displays no talent what so ever.<br /><br />At the end of the movie the girls do finally learn some cliché morals, but this is to late to rescue this train wreck movie.<br /><br />Awful"
tt0756648,"'The Fox and the Child' is the new film by French director Luc Jacquet, who brought us the Oscar-winning documentary 'March of the Penguins.' It focuses around a young girl (wonderfully played by Bertille Noël-Bruneau) and her blooming friendship with a fox.<br /><br />There are some truly mesmerizing moments here; badgers mucking about, a lynx chasing the fox through a snow-littered forest; one scene in particular when the fox is being tormented by a pack of wolves is quite intense and even frightening at times. However, there's simply not quite enough of them.<br /><br />Beautifully shot; the cinematography is dazzling. The bubbly kind of look of the film is wonderful. It's undeniably a very lush production.<br /><br />The English version is narrated by Kate Winslet, but what little dialogue there already is has been very poorly dubbed. The score is also far too fluffy, or at least it is for my liking; and the screenplay, while subtle, seemingly jumps from one scenario to another, ultimately leaving me almost baffled.<br /><br />While there's a nice moral at the heart of the film, and the rather quiet performance from Noël-Bruneau is quite lovely, the real star is the fox. Those captivating moments focusing solely around our furry little friend are tremendous. However, again, there's simply not nearly enough of them.<br /><br />- To keep up to date with all the latest in film, including reviews, news, discussions and more, be sure to visit www.mybluray.com.au"
tt0775403,"Tripping Over. I must say at first I was a little disappointed in the first few episodes, but having faith in the show, and Abe Forsythe's unquestionable talent, I continued to watch. I can safely say I'm now glad that I did. The story did develop quite well, and all the characters have a strong base, and most don't have any information missing.<br /><br />The only thing I can fault in this production is the somewhat annoying voice and pronunciation possessed by the character Lizzie.<br /><br />Some good acting coupled with a stellar plot really gets this show over the line. Here's to hoping for another season!"
tt0785025,"I've seen all four of the movies in this series. Each one strays further and further from the books. This is the worst one yet. My problem is that it does not follow the book it is titled after in any way! The directors and producers should have named it any thing other than ""Love's Abiding Joy."" The only thing about this movie that remotely resembles the book are the names of some of the characters (Willie, Missie, Henry, Clark, Scottie and Cookie). The names/ages/genders of the children are wrong. The entire story line is no where in the book.<br /><br />I find it a great disservice to Janette Oke, her books and her fans to produce a movie under her title that is not correct in any way. The music is too loud. The actors are not convincing - they lack emotions.<br /><br />If you want a good family movie, this might do. It is clean. Don't watch it, though, if you are hoping for a condensed version of the book. I hope that this will be the last movie from this series, but I doubt it. If there are more movies made, I wish Michael Landon, Jr and others would stick closer to the original plot and story lines. The books are excellent and, if closely followed, would make excellent movies!"
tt0822832,"I go to a lot of movies, often I bring my 5 year old son, I am so glad I did not bring him to this one. There are many references to sex and a skinny dipping scene, however, that is not the primary reason I would not take him to it. The trailers lead you to believe it is a light-hearted comedy; nevertheless, virtually all of the funny moments are in the previews. I kept waiting for it to get interesting, funny, or anything but serious; however, I nearly fell asleep as the plot-less story dragged on. I understand that dogs can be great company, that being said, the entire story focused on a poorly behaving dog that the owners were not savvy enough to train. If a human caused this much damage and mayhem that person would be banned. The worst movie I've ever seen with Jenifer Aniston or Owen Wilson, a waste of their talent. The best way to sum up this movie is, couple gets unruly dog, couple falls in love with dog, dog dies, couple sad. The End."
tt0828376,"I have to say that there is nothing wrong with low budget films, so that was not my problem with it. My problem with it is that I felt like I was watching my next door neighbor's home movie. IMO everything about it just seemed like a guy wrote out a quick story, grabbed a camera, and started shooting. I understand how hard this must be to do effectively, but when I pay to rent a film, I expect to feel like I am watching some type of professionally made movie.<br /><br />John Schneider has a huge resume, is a great actor, and was fine in this film. The other people in it were not. I understand how it must be fun, and cheaper to use friends, and relatives as the cast, but it doesn't make for convincing acting. It seemed like the way it was shot, he was trying to give many of the scenes a more interesting look, but when the writing, plot, and acting are there to begin with, that type of style isn't necessary, and it is a distraction.<br /><br />Also on a technical level, it had digital artifacts all over the place. In the first scene of all of those fine cars, when they did a slow scan of them, they appeared to jerk back and forth just a little bit. The problem isn't in my viewing equipment, (Benq PE-8700 84"" diagonal) but somewhere in the production. I've never seen that kind of artifact in a professionally made film before. Then there was the sound. It sounded like they didn't do any voice-overs, which may be o.k. unless it sounded like the track in this film. It sounded like the built in microphone on the camera."
tt0834951,This film is self indulgent rubbish. Watch this film if you merely want to hear spoken Gaelic or enjoy the pleasant soundtrack. Watch for any other reason and you will be disappointed. It should be charming but isn't - it's just irritating. The characters are difficult to care about and the acting is poor. The stories within the film are also charmless and sinister. I was expecting a heartwarming family film but this also held no appeal to my fourteen year old daughter. It is rarely that I cannot see a film through to its conclusion but this one got the better of both of us.<br /><br />Although the film is set in current times it has the look and feel of a cheap East European film made during the Cold War. There isn't even enough in the way of beautiful Scottish scenery and cinematography to redeem it. A real shame because as a film this is an embarrassment to Scotland.
tt0839949,"This movie is awful. At the end of it you will realize that several hours have been stolen from your life that you can't get back. The ""twist"" ending is very contrived. The character development leading up to this ending is not consistent with their final actions at the conclusion. Ninety minutes of preparation-- with the premise that the Rob Lowe character will die on Christmas Eve-- is explained away in literally ninety seconds of ""No we were just tricking you."" Then the Rob Lowe character is not even upset about it! ""I will forgive you if you can forgive me,"" is as upset as he gets. If someone took weeks to convince me I was about to die and then said ""No, sorry , just fooling you"" I would raise some serious hell. I don't feel bad about giving away the spoiler because I might be able to save some of you out there from watching. Please save yourself and DON'T WATCH THIS MOVIE."
tt0844330,"I had eagerly awaited the first screening of this film ever since it was given to me on DVD at Christmas. Having reserved a special slot for it last night, I sat down to watch it with my daughter (aged 17 and a Film Studies student), with chocolates of course, in eager anticipation. We love Jane Austin.<br /><br />After just the first two minutes we knew we were sunk. The shaky camera shots and angles, general poor cinematography, direction and wooden performances had already left us feeling flat and dissatisfied. Despondent, we viewed on.<br /><br />Anne, played by Sally Hawkins, looked oddly and with no particular purpose, directly at the camera on several occasions, breaking our hard-won 'fantasy of the moment' and engaging us directly in an almost 'I'll find you' stalking fashion.<br /><br />Poor Rupert Penry-Jones, who played Captain Wentworth, did his best with the script and direction, bless him. I hope they paid him well, however, as he was practically drowned on one occasion by a huge wave which predictably breached the seawall, drenching him and his co-actor. They were nearly swept out to sea. Health and Safety would have had a field day! Poor Rupert was left spitting out sea water in order to deliver his line. Presumably there was not enough money left in the kitty for a re-shoot of this scene. Anyone with any sense would have not attempted it on such a day in the first place.<br /><br />Other than Mr. Penry-Jones, Alice Krige gave the only convincing performance as Lady Russell but her efforts were soon counterbalanced by those of Anthony Head's unconvincing portrayal of annoying Sir Walter Elliott.<br /><br />Towards the long-awaited end of the film, Captain Wentworth appeared to oddly grace Anne with a visit every two seconds having taken great pains to avoid her for the majority of the movie. It was as if he had developed a memory impediment which caused him to forget his very reason for being. In contrast, Anne ran, hyper-ventilating, from pillar to post in search of the good Captain who, in the meantime, had managed to call upon almost the entirety of Bath we are told, in the course of only three or four minutes, without even having worked up a sweat.<br /><br />We experienced none of Anne's charms crossing the screen. Indeed, we were left wondering what charismatic Captain Wentworth had ever seen in plain, spineless, opinion-less Anne and why someone, anyone, did not tell mean, winging Sir Walter to just shut the heck up.<br /><br />The crucial kiss, normally our favourite girlie moment, was painfully drawn out. As they moved in closer, Anne kept opening and closing her mouth which had the effect on screen of making her look as if she were chewing gum before lips finally met. Eww! <br /><br />The most enjoyable thing about last night was the chocolates and the half hour exchange of views between mother and daughter on just how bad the film had been.<br /><br />What a pity to ruin such an enchanting and engaging story, filmed in some of England's finest scenery.<br /><br />Sorry Jane."
tt0021873,"Warner Bros. made many potboilers in the 1930s and most of them are fast paced, economical and very entertaining. I really love how the studio exploited the less glamorous elements of our daily life. This is one of Warner's few hard-edged melodramas that simply doesn't work. Edward G. Robinson plays a ruthless editor of newspaper who resurrects the 20-year old story of a murderess with tragic consequences. Robinson gives a lively performance but he is surrounded by actors that don't cut the mustard. H.B. Warner, Aline MacMahon and Boris Karloff are good, but the bad acting of Frances Starr and Anthony Bushell in the second leads really hurts the movie. Starr is particularly bad during her big dramatic scene near the end of the movie. In addition, the moralistic tone of the film seems ridiculous in the context of pre-code Hollywood. LeRoy's direction is full of innovative visual touches but he cannot overcome the bad acting and the unintentionally funny situations. Sol Polito's camera work is strong. Somehow, this piece of dreck got an Oscar nomination for Best Picture (in a year that gave us ""M,"" ""Dracula"" and ""Frankenstein"")."
tt0024078,"This film breeches the fine line between satire and silliness. While a bridge system that has no rules may promote marital harmony, it certainly can't promote winning bridge, so the satire didn't work for me. But there were some items I found enjoyable anyway, especially with the big bridge match between Paul Lukas and Ferdinand Gottschalk near the end of the film. It is treated like very much like a championship boxing match. Not only is the arena for the contest roped off in a square area like a boxing ring, there is a referee hovering between the contestants, and radio broadcaster Roscoe Karns delivers nonstop chatter on the happenings. At one point he even enumerates ""One... Two... Three... Four..."" as though a bid of four diamonds was a knockdown event. And people were glued to their radios for it all, a common event for championship boxing matches. That spoof worked very well indeed.<br /><br />Unfortunately, few of the actors provide the comedy needed to sustain the intended satire. Paul Lukas doesn't have much of a flair for comedy and is miscast; lovely Loretta Young and the usual comic Frank McHugh weren't given good enough lines; Glenda Farrell has a nice comic turn as a forgetful blonde at the start of the film, but she practically disappears thereafter. What a waste of talent!"
tt0024605,"Another of many nearly forgotten movies cranked out by Poverty Row in the 1930's, resurrected by the magic of DVD.<br /><br />Starring stock Universal player Lionel Atwill (often a supporting actor in numerous Frankenstein movies) as a pair of twins involved in a murder racket. One kills the victims (stockbrokers involved in a scam) and asks witnesses for the exact time, while the other is deaf and is proved ""innocent"" because he could not have spoken to witnesses.<br /><br />Of course, where it falls apart is if it was a congenital deafness, wouldn't they both be deaf? Oh, well.<br /><br />Atwill does a pretty good job here, faking being deaf and mute. Unfortunately, no one else here can really act worth a darn."
tt0025420,"The only reason I watched this film was because I had recently read Robert Hough's less than perfect, but interesting, fictionalised account of the life of Big Cat trainer Mabel Stark. Beaty appears as a character in the book, in a less than flattering light.<br /><br />I hadn't realised until checking the movie out later on the IMDb that it was originally a serial. Whoever edited the original running time of 233 minutes down to the 68 minuted version available on DVD has done a hell of a good job. The shortened version plays just as well as any B movie of the period despite the many 'duh-what?' moments. For instance are we really expected to believe our hero dug that twenty foot deep tiger trap in a morning without even getting his jodhpurs dirty? Looking over the chapter titles I see that number five is titled ""Gorilla Warfare"" and number eleven is called ""The Gorilla"". There were no gorillas at all in the movie. I guess that's where some of the cuts were made.<br /><br />Historicaly interesting."
tt0026273,"Falsely accused, skirt-chasing chums John Wayne (as John Scott) and Eddy Chandler (as Kansas Charlie) change identities to become ""Alias Smith and Jones"". Mr. Wayne becomes ""John Jones"". Mr. Chandler's is supposed to be ""Rev. Smith"", but Wayne calls him ""Dr. Smith"". At no time are either of them as entertaining as Roger Davis, Pete Duel, Jonathan Harris, or Ben Murphy; although, Wayne can be considered infinitely more successful than any of them, career wise. Pretty blonde Mary Kornman (as Anne), grown-up from her days in ""Our Gang"", is a lovely interest for Wayne. She and Chandler have a couple of cute scenes with Wayne. If you're not a fan of low budget John Wayne films of the 1930s, this movie won't make you one."
tt0028174,"Revolt of the Zombies is BAD. There is nothing remotely entertaining about the movie. It is dull, lifeless, poorly acted, and poorly scripted. I've often complained that the original Dracula is a little slow for my taste, well this movie makes Dracula look like a roller coaster ride. The 65 minute running time seemed like 165 minutes.<br /><br />The story: An expedition is sent to Cambodia to find the secrets of mind control through ""zombification"". One man finds the secret and uses it to make the woman he loves marry him. Once this happens, he releases the zombies under his control to horrific consequences. That's it. That's the whole story.<br /><br />For most of the movie, I was trying to figure out where I had seen the male lead. He looked so familiar. I had plenty of time to think this over. Nothing was happening in the movie. Just before the ""zombies revolted"", it hit me. It was Dean Jagger. I had seen him recently as the General in White Christmas. This is how I ""entertained"" myself throughout most of the movie.<br /><br />I'm just glad I didn't buy the DVD for this movie. King of the Zombies is on the other side and it's a masterpiece of film making compared with this movie. For what it's worth, I'll give it a 2/10. (I won't go to 1/10 because, believe it or not, I've seen worse.)"
tt0029608,i should love this movie . the acting is very good and Barbara Stanwyck is great but the the movie has always seemed very trite to me . the movie makes working class people look low and cheap .the fact that the daughter is ashamed of her mother and that the daughter does not rise above it has always made me a bit uneasy . Barbara Stanwyck as the mother worships the daughter but the daughter forgoes a mothers love to find happiness with her well to do fathers family . i wonder how many others who have seen this film feel this way about it.again the acting was very very good and worth watching . i really don't like the story line . just a personal preference .thank you
tt0034613,"""Bela Lugosi revels in his role as European horticulturalist (sic) Dr. Lorenz in this outlandish tale of horror and dementia. The good doctor's aging wife needs fluids harvested from the glands of young virgins in order to retain her youth and beauty. What better place for the doctor to maintain his supply than at the alter, where he kidnaps the unsuspecting brides before they can complete their vows? Sedating them into a coma-like state, he brings them to his mansion to collect his tainted bounty,"" according to the DVD sleeve's synopsis. That brief description is much more entertaining and imaginative than the movie.<br /><br />** The Corpse Vanishes (1942) Wallace Fox ~ Bela Lugosi, Luana Walters, Elizabeth Russell"
tt0044070,"This oddity in the new DORIS DAY COLLECTION doesn't really need to be included as she is only in the film for less than 30 minutes. What she does do however, is shine when she's on screen. The near plot less movie is just an excuse to showcase some Warner contract players of the day. JANCIE RULE shows promise and it's a shame she didn't become a big star. RUTH ROMAN handles the role of the ""go-getter"" with aplomb. Better if this was in color. The Travis Air force base locations with some rear projection work well. What's best about the movie are some wonderful musical interludes. If you enjoyed THANK YOUR LUCKY STARS and Hollywood CANTEEN you'll like this one."
tt0045483,"I suppose that today this film has relevance because it was an early Sofia Loren film. She was 19 years old when the film was made in 1953.<br /><br />I viewed this film because I wanted to see some of Sofia Loren's early work. I was surprised when she came on camera having had her skin bronzed over in brown makeup to resemble an Ethiopian princess. Surely, today, this would have been viewed as a slur and to be avoided in movie making. It actually became annoying watching Ms. Loren in skin color paint throughout the film.<br /><br />Yes, this film would have been better made if the real opera singers had made this movie. Then, the singing and the actual facial gestures of the real artists would have been apparent. I discount the comments by others about whether the real opera singers are older and heavier in weight.<br /><br />As beautiful as Ms. Loren was at age 19 and still is today, the film would have been better received as though it were being performed on the stage. After all, we don't see beautiful young people on stage with ""old opera singers"" back stage singing from behind the curtain! Do not discount the success of using heavy-weight opera singers. One only has to refer to the most artistically produced television commercial for the J. G. Wentworth Company with the opera singers on stage singing so professionally the praises of the company's product. This is one of the best and entertaining TV commercials produced to date.<br /><br />The quality of the movie print also makes this production of a somewhat lesser quality. The color ink has faded much and that can not be helped.<br /><br />To improve this film on DVD the production company should add English language subtitles so that we, who do not speak Italian, can know what the lyrics are saying. It would help the story and teach it more than the narrator giving 30 seconds of introduction to the scenes.<br /><br />Watch this film not because of the story of Aida nor the fact that this is an opera. Aside from Ms. Sofia Loren none of her co-actors are known nor remembered by this writer. Instead, watch this movie if you are a fan of Ms. Loren and wish to see her at age 19 -- no matter what the production is.<br /><br />Larry from Illinois"
tt0048055,"This is an action Western. James Steart leads an all star cast in the scenic Northwest, which is filmed in great splendor. The scenery and costumes are great. There is action and adventure. Stewart plays a wealthy cattleman who runs afoul of a crooked government in the old Nothwest.<br /><br />The main drawback is the stereotypical cynic that Hollywood has always made into a hero. Even when this movie was made, the cynic was the stereotypical hero, and the one Stewart portrays really has few saving graces. He is kind to his two partners, and that does give him an extra dimension of credibility and likability.<br /><br />However, he is so piggish to everyone else, it is hard to really care for him, or to accept him. He is much like the one dimensional spaghetti Western characters (cut not that bad).<br /><br />Still, the minor characters are quite enjoyable. Walter Brennan, Royal Dano, Harry Morgan, and others make this worth watching."
tt0052169,"I am not a big fan of horror films, and have only seen a handful of them (and none of the ""Halloween""s or ""Friday the Thirteenth""s) - but I can appreciate a frightening horror film not because of gore. And I'm pretty sure this isn't scary.<br /><br /> What's so spooky about a little plastic skull that pops up everywhere? In all of its appearances there are faraway establishing shots, so there's no real surprise in any of this film. (Not that a skull in of itself is that scary anyway, but . . .)<br /><br /> The plot concerns Claus Von Bulow's third cousin (John Hudson), who marries a Donna-reed look-a-like (Peggey Webber, giving one of the worst performances ever) who begins seeing skulls and hearing the mysterious screams of a group of peacocks on her husband's mansion. Did I mention that her husband lost her first wife in a mysterious drowning incident? OOOOH!!!! Wonder who did it!!!!<br /><br /> This is the same old plot about a rich boy trying to kill and/or drive their wife insane. If you want to see a well-done version of this stuff, try ""Reversal of Fortune"". And BTW, Jeremy Irons is one hundred times more talented than John Hudson.<br /><br /> The MSTing was okay but nothing special; paired with the ""Gumby"" short, however, it makes for good viewing.<br /><br /> Two stars for ""The Screaming Skull""; eight stars for the MST3K version.<br /><br /> And now, to paraphrase Mr. Von Bulow himself: ""How bad is this film?"" ""You have no idea!"""
tt0053142,"Relentlessly stupid, no-budget ""war picture"" made mainly to show off the attributes of the spectacular Eve Meyer--not a bad idea in itself--but that should be an embarrassment to everyone connected with it. Laughable ""script"", performances that wouldn't pass muster in an elementary-school Christmas pageant, inept ""action"" scenes, confused direction by the normally competent documentary director Louis Clyde Stoumen--who is apparently not quite sure if he's making a comedy, a philosophical treatise on the futility of war or a leering T&A (by early 1960s standards, anyway) travelogue of Eve Meyer's magnificent body--and a general air of shoddiness and incompetence. Worth seeing in order to watch Eve Meyer strut her stuff, but that's pretty much it."
tt0062032,"I've come to realise from watching Euro horror, especially films made by cult luminary Jess Franco, that you can't expect a plot that makes much sense. However, Franco has gone overboard with this film; and despite a surreal atmosphere, and the film's reputation as one of the director's best - Succubus is unfortunately is a truly awful film. I've got to admit that I saw the American cut version, which runs at about 76 minutes; but unless it was just the logic that was cut, I'm sure the longer European version is just as boring. The plot has something to do with a woman marauding around; practicing S&M and talking rubbish, and it's all really boring. There's no gore and the sex is dull, and most of the runtime is taken up by boring dialogue and despite the fact that this is a short film; I had difficulty making it all the way to the end. I have to say that the locations look good and Franco has done a good job of using his surreal atmosphere; but the positive elements end there. Jess Franco is definitely a talented director that has made some classic trash films - but this looks like it was one he made for the money, and overall I recommend skipping it and seeing some of the director's more interesting works."
tt0065750,"""La Furia del Hombre Lobo"" forms a completely stand-alone storyline which doesn't seem to fit in at all with the previous Waldemar Daninsky movies. Some have commented that this movie is supposed to take place before the events of ""Werewolf Shadow"", although it was released afterwards ... they may be right, I'm not sure. Anyway, in this movie Waldemar Daninsky is bitten by a yeti-like creature in Tibet (great dialogue here -- ""It was a yeti. But that's impossible. I'm a scientist and these things don't exist. It was a hallucination. That's all."") and although marked with the sign of the pentagram, he is able to prevent the change into a werewolf until he discovers that his wife has been cheating on him. Changing into the beast one night, he kills both her and her lover before running out into a storm and being electrocuted. It's not long before he's resurrected by a dominatrix university professor who is conducting some kind of unfathomable experiments with mind control. He is taken to the underground cellar of a castle where the subjects of these experiments live like chained animals.<br /><br />First of all -- Jacinto Molina, Paul Naschy, whatever you want to call him, he's a fine actor and cared passionately about his work. No matter how flawed these movies are, you can always rely on him for a decent performance. The rest of the cast seem good enough, but it's hard to tell when they have a half-assed voice-over dubbed over all their lines. And that was really the main problem for me ... many of the voice-over artists they used were just awful, awful, awful. Whenever I chuckled during the movie it was at the inept way that they delivered their lines (they seem to constantly refer to the hero as ""Waldeman""). But unfortunately it's almost impossible to find subtitled copies of Naschy movies, although they're sometimes available in the original language without subtitles.<br /><br />The directing of Jose Maria Zabalza seems sort of hit-and-miss ... there are some great visual ideas in some scenes, while others are badly constructed and poorly edited, particularly in the final scenes when it really counts. The reason for this, was that Zabalza was apparently drunk most of the time while on set. He allowed his fourteen year old nephew to rewrite Molina's dialogue, used extras without his permission, and spliced several shots from Molina's earlier movies. All of this pretty much ruined any chance this movie had of being one of Molina's best works, and it's no surprise that the two of them never worked together again.<br /><br />But it's not all bad news, as there are some good ideas here. Some aspects of the storyline make an interesting psychological drama with the werewolf as a metaphor for jealousy and rage. The 'werewolf as a yeti' idea is one that returned in Molina's later work. Some pretty horrific and surreal stuff goes on down in the cellar, and there's also a very memorable sequence about half way through the film where Daninsky runs from house to house through a village, slaughtering or molesting innocents as he goes -- one scene is particularly intense, but it's actually lifted straight from Molina's first movie, ""La Marca del Hombre-lobo"" along with a few other shots. I actually found the movie on the whole to be very entertaining, although there are some problems with the Front Row Entertainment version, such as pretty obvious cuts (although some of it may simply be due to the director's lack of continuity). Gods knows what omissions there are -- I'll probably try to get my hands on the uncut version at some stage in the future.<br /><br />This is a overall a decent piece of vintage Naschy which experienced fans might enjoy, but it could have been much better and so probably wouldn't make a great introduction."
tt0065776,"The Japanese have always had incredible ambitions in their fantasy movies. They have always been ready to destroy cities by huge plastic monsters coming from outer space and elsewhere. The problem is they have never had the money to succeed in making convincing special effects. This film, released in France under the title Les envahisseurs de l'espace, is no exception. Its ambition is to show three creatures from the giant octopus to the giant lobster trying to have the upper hand on the humans. It's extremely awkward and laughable, but well quite enjoyable too. After all, we do like these creatures and these films after all, don't we?"
tt0066115,"Anyone who knows me even remotely can tell you that I love bad movies almost as much as I love great ones, and I can honestly say that I have finally seen one of the all-time legendary bad movies: the almost indescribable mess that is MYRA BRECKINRIDGE. An adaptation of Gore Vidal's best-selling book (he later disowned this film version), the star-studded MYRA BRECKINRIDGE is truly a movie so bad that it remains bizarrely entertaining from beginning to end. The X-rated movie about sex change operations and Hollywood was an absolute catastrophe at the box office and was literally booed off the screen by both critics and audiences at the time of it's release. Not surprisingly, the film went on to gain a near-legendary cult status among lovers of bad cinema, and I was actually quite excited to finally see for the first time.<br /><br />Director Michael Sarne (who only had two other previous directing credits to his name at the time), took a lot of flack for the finished film, and, in honesty, it really does not look like he had a clue about what he was trying to achieve. The film is often incoherent, with entire sequences edited together in such a half-hazzard manner that many scenes become nearly incomprehensible. Also irritating is the gimmick of using archival footage from the Fox film vaults and splicing it into the picture at regular intervals. This means that there is archival footage of past film stars such as Judy Garland and Shirley Temple laced into newly-film scenes of often lewd sexual acts, and the process just doesn't work as intended (this also caused a minor uproar, as actors such as Temple and Loretta Young sued the studio for using their image without permission).<br /><br />Perhaps Sarne is not the only one to blame, however, as the film's screenplay and casting will also make many viewers shake their heads in disbelief. For instance, this film will ask you to believe that the scrawny film critic Rex Reed (in his first and last major film role) could have a sex change operation and emerge as the gorgeous sex goddess Raquel Welch?! The film becomes further hard to follow when Welch as Myra attempts to take over a film school from her sleazy uncle (played by legendary film director John Huston), seduce a nubile female film student (Farrah Fawcett), and teach the school's resident bad boy (Roger Herren) a lesson by raping him with a strap-on dildo. Did everyone follow that? <br /><br />And it gets even better (or worse, depending upon your perspective)! I have yet to mention the film's top-billed star: the legendary screen sex symbol of the nineteen-thirties, Mae West! Ms. West was 77 year old when she appeared in this film (she had been retired for 26 years), and apparently she still considered herself to be a formidable sex symbol as she plays an upscale talent agent who has hunky men (including a young Tom Selleck) throwing themselves at her. As if this weren't bad enough, the tone-deaf West actually performs two newly-written songs about halfway through the film, and I think that I might have endured permanent brain damage from listening to them! <br /><br />Naturally, none of this even closely resembles anything that any person of reasonable taste would describe as ""good,"" but I would give MYRA BRECKINRIDGE a 4 out of 10 because it was always morbidly entertaining even when I had no idea what in the hell was supposed to be going on. Also, most of the cast tries really hard. Raquel, in particular, appears so hell-bent in turning her poorly-written part into something meaningful that she single-handedly succeeds in making the movie worth watching. If she had only been working with a decent screenplay and capable director then she might have finally received some respect form critics.<br /><br />The rest of the cast is also fine. The endearingly over-the-top John Huston (who really should have been directing the picture) has some funny moments, Rex Reed isn't bad for a non-actor, and Farrah Fawcett is pleasantly fresh-faced and likable. Roger Herren is also fine, but he never appeared in another movie again after this (I guess he just couldn't live down being the guy who was rapped by Raquel Welch). And as anyone could guess from the description above, Mae West was totally out of her mind when she agreed to do this movie - but that's part of what makes it fun for those of us who love bad cinema."
tt0066384,"Skullduggery is a strange, strange film based on the novel ""Ye Shall Know Them"" by Vercors. To unleash criticism at the film feels really unkind, since it is a movie that deals with earnest themes like humanity, and pleas for upright moral standards and tolerance. But in spite of its honourable intentions and its well-meaning tone, Skullduggery simply isn't a very good film. For me, the main problem is the terribly disjointed narrative which can't make its mind up how best to convey its message. The first half of the movie is like watching a standard jungle expedition flick of the Tarzan ilk; later it teeters into sci-fi fable; by the end it slips into courtroom melodramatics. The differences in tone between each section of the movie are too great, too jarring, to overlook. They stick out like a sore thumb and remind you constantly that you're watching a muddled, disorganised movie.<br /><br />An archaeological expedition into the jungles of New Guinea is led by adventurer Douglas Temple (Burt Reynolds). One of the main archaeologists involved in the excursion is attractive lady scientist Dr Sybil Greame (Susan Clark). After an arduous trek they stumble upon a tribe of strange ape-like creatures. These primitive, long-lost people are covered in hair and have survived for centuries without being in any way touched or influenced by the developments of modern man. There is some evidence that they may the ancestors of early man  the ""missing link"" in the evolution of apes into humans. Or perhaps a race of humans who simply look and behave differently from usual? Or even a race of animals that have begun to develop human characteristics? The archaeologists call the tribe ""the Tropi"" and are initially thrilled by the implications of their discovery. But things take a devastating turn when nasty opportunist Vancruysen (Paul Hubschmid) declares his intention to exploit the tribe and their idyll on behalf of developers. He questions whether the Tropi are truly ""human"" and takes his argument to the courts, where he hopes to be granted legal backing so that his own greedy ambitions can be continued.<br /><br />This was a very early film in Reynolds' career, and he actually unbalances this movie by acting like he's in a comedy while the rest of the cast take it all very seriously. Not that Reynolds can be blamed  he has an impossible role, asked to play a charming adventurer who really belongs in a Tarzan flick. His character and the film are not relevant to each other. Clark fares much better as the earnest lady archaeologist, and there are nice supporting roles for British actors Edward Fox, Alexander Knox and Wilfrid Hyde-White. A major shortcoming in Skullduggery is the lame and ineffective make-up used to give the Tropi their strange hairy appearance. Rather than making the actors look like believable hominoids, the stuck-on hair merely makes them look unintentionally comical. and that's just not the right idea. We're meant to feel great sympathy for these creatures, but that's awfully hard when they look so unconvincing. Skullduggery is a failed attempt to tell a story that could have been poignant, philosophical and stimulating. The honourable intentions are there for all to see, but the end result doesn't do them justice. A worthy failure it might be but a failure nonetheless."
tt0067328,"I gave this movie a very fair chance, and it betrayed me. This is very little more than a black and white excuse to bore the hell out of the audience even as the egotist Bogdanavich (who did way better with TARGETS) gets ""great performances"" out of a ton of hams in their debuts. Lots of teenage sex clichés come out of this movie, such as Doing the Teacher's Wife, Impotence, Doing the Ugly Prostitute(which is very awkwardly shot and grinds things to a complete halt, not that things were really going anywhere anyway) and skinny dipping.<br /><br />I suppose this movie is supposed to be funny because of all the sex nonsense, to me, it was just annoying. I was seriously much more entertained by cleaning my finger nails than watching this mess."
tt0068504,"I got this in the DVD 10 pack CURSE OF THE DEAD. You gotta love those bargain packs. For even if they don't feature true remastering, restoration and all that hoo-ha, and the films are generally in full-frame pan and scan format, there's no denying that there are always a few gems included. And by ""gems"", I mean there's always some good crap to be seen, especially if the films are from the '70s as The Mansion of Madness is.<br /><br />My copy is called Mansion of Madness, but when the title screens roll it's Poe's Dr. Tarr's Torture Dungeon. Doesn't matter, really, as crap is crap is crap, no? Yes! But saying this film is completely worthless is not true at all. There are some funky elements here and there, and obviously the flick did have a decent budget.<br /><br />The opening title sequence is cool with its colored negative run through a cheap TV look. The dialogue is always hilarious. Near the beginning of the film, the horse and buggy driver gets out to move a dead tree stump in the middle of the road. ""WHAT STRENGTH!"" says Our Hero. Funny, then, that this dude should later not be able to fight off the wacky woodsmen when they come to make freaky fun. You'll completely forget that this guy was even in the movie until he crops up again later near the end. That's how memorable these characters are.<br /><br />The best part about Mansion of Madness, however, has to be the wacky music and screwball hijinks that the good guys have to endure. It's like bad cartoon music that a three year old would find enjoyable. And why all the weirdo slapstick, anyway? I'd say my fave moment had to be when the horse and buggy is ambushed by the forest freaks when they pull a stupid looking homemade ghost up by a stick in the middle of the road and make the buggy stop. What the hell? Oh yeah, there's plenty of boobies to be seen, too, for those of you that dig such things. Boobies, bad dialogue, and wacky music. That best sums of Mansion of Madness for me. It's well worth at least one viewing, and may be a lot better if you've had a few to drink or whatnot. I can't say I was ever bored watching it, but I can't deny that it's also a barrel of poop. Kinda like Magical Mystery Tour but with a plot, but not. Hmm.<br /><br />And Mr. Chicken PWNZ."
tt0068509,"I went to see this movie at our college theater thirty years ago because I liked Bruce Dern in Silent Running and Family Plot. To this day (sorry Jack Nicholson), it is still the dullest movie I've ever seen. It just went on and on with no discernible point and then - it just ended. The lights came up and I watched everyone looking around in confusion. Had the projectionist missed a reel? I've never had the urge to find out. All I remember about the movie is that it was a non-drama about some annoying college basketball players and their coach. The most enjoyable part of the movie was watching the totally mystified audience afterwords. Fortunately, this was just an exception for Jack, Bruce, and Karen Black."
tt0071627,"Well...now that I know where Rob Zombie stole the title for his ""House of 1,000 Corpses"" crapfest, I can now rest in peace. Nothing about the somnambulant performances or trite script would raise the dead in ""The House of Seven Corpses,"" but a groovie ghoulie comes up from his plot (ha!) anyway, to kill the bloody amateurs making a low-rent horror flick in his former abode! In Hell House (sorry, I don't remember the actual name of the residence), a bunch of mysterious, unexplained deaths took place long ago; some, like arthritic Lurch stand-in John Carradine (whose small role provides the film's only worthwhile moments), attribute it to the supernatural; bellowing film director John Ireland dismisses it as superstitious hokum. The result comes across like ""Satan's School for Girls"" (catchy title; made-for-TV production values; intriguing plot) crossed with ""Children Shouldn't Play With Dead Things"" (low-rent movie about low-rent movie makers who wake the dead); trouble is, it's nowhere near as entertaining or fun. ""The House of Seven Corpses"" is dead at frame one, and spends the rest of its 89 minutes going through rigor mortis, dragging us along for every aching second..."
tt0073695,"Sheesh! What a dreadful movie. Dodgy camera work, a script with more corn than Kellogg's, and acting so hammy you could open a pig farm with it. <br /><br />To cap it all, it doesn't know which audience to aim at - we have Cornel Wilde - or is that Corny Wilde? - getting on his soap box about the hazards of smoking any time someone lights a cigarette, dear oh dear, and in another awkward scene we have the baddie, Lobo, forcing his, ahem, if you will, 'male friend' to do a striptease dressed in a bikini. Try explaining that one to the kids...<br /><br />Throw in an overly contrived Treasure Island-cum-Jaws type storyline, and the result is a film so unintentionally funny, it's enjoyable - I shouldn't expect a Special Edition DVD any time soon, though."
tt0075265,"Really an amazing pile of pap! <br /><br />A predictable, slow moving, soul destroying, mind numbing movie to which, slitting your own wrists with a rusty bread knife seems... well, almost necessary.<br /><br />The acting is over done for the thin dialogue, every scene is at least twice as long as it needs to be, the intricate details of how this career is collapsing or that career is rising is just far too dreary and mundane for words. The music would be good if you didn't have to sit through the movie, but really, three good songs is not enough reward for the effort required to watch the movie.<br /><br />Watching this film I prayed to God for narcolepsy or for someone to shoot me.<br /><br />Never, ever, ever again."
tt0076191,"Want to watch a scary horror film? Then steer clear of this one. There's not enough beer in the world to make this film enjoyable.<br /><br />However, there is enough scotch. Single-malt, if you can manage it.<br /><br />If the previous comments weren't enough to keep you from watching this film sober, allow me to assist. NASA sends one man and two unpaid extras into space to orbit Saturn. A really big solar flare causes Colonel Steve West to bleed from the nose. Things go downhill from there, and wackiness ensues.<br /><br />I actually read the book adaptation, which was published and released only in the UK. MILES better than the film, and the book was dreadful. At least some pretense is made towards suspense, and some sort of explanation of events is pulled out from the author's (rhymes with 'gas').<br /><br />Not to say that the film is completely without merit. Rick Baker learned that he really ought to read a contract before signing on to a film, and Jonathan Demme found that he's really better suited to direct.<br /><br />Yes, there is an MST3K episode featuring this flick, but it is, of course, edited quite a bit. Without the obligatory flashing of the breasts, not even the healing power of scotch can save you.<br /><br />Please, just go watch Raiders of the Lost Ark if you want to see a guy melt. See Space Cowboys if you feel the need to see astronauts. I can not, in all good conscience, recommend this film to the sober film-going public."
tt0076504,Please do not waste +/- 2 hours of your life watching this movie - just don't. Especially if someone is fortunate to be snoozing at the side of you. Damn cheek if you ask me. I waited for something to happen - it never did. I am not one of those people to stop watching a movie part way through. I always have to see it through to the end. What a huge mistake. Do yourself a favour and go and paint a wall and watch it dry - far more entertaining. Please do not waste +/- 2 hours of your life watching this movie - just don't. Especially if someone is fortunate to be snoozing at the side of you. Damn cheek if you ask me. I waited for something to happen - it never did. I am not one of those people to stop watching a movie part way through. I always have to see it through to the end. What a huge mistake. Do yourself a favour and go and paint a wall and watch it dry - far more entertaining.
tt0077372,"Mark Hamill should have felt mighty embarrassed with CORVETTE SUMMER! This time, he uses a new kind of ""force"" to regain the possession of his dream machine, a bright red 'Vette. It looks like another sour teen-age flick the first half-hour and does a U-turn in heading for the wrong direction. The writing and directing jobs are dreadfully done, with a few scenes you can't hardly take. You're expecting this to happen anyway, and you're also sniffing the smell of late-70s hodgepodge. Only a former newcomer like Annie Potts would easily steal the show and save this poor movie from the repo creeps! Her impractical but delightful personality holds on to your interest for good, and this is the finest chance to see her in a swimsuit. Hooray for Annie! Sorry, Mark! I guess the Force wasn't with you this time around."
tt0077696,"Hooper is Not Funny, Not Fasted paced, Not romantic and Non informative. There is no real drama. You would think that a movie about the world's greatest stuntman would have some drama, there was an attempt but it didn't seem real. No Character study, no lessons learned, it did not even look like the actors were having any real fun, they were just trying to act like they were having fun. There is no reason to watch unless you like to look at Burt and want get an occasional glimpse of Sally. Prancer the horse was beautiful and did what he was supposed to do. In fact Prancer was the best actor in this movie. Smoky and the Bandit was such a fun movie that I was ready to like Hooper. This movie turned out to be a real disappointment and waste of time"
tt0077921,"It was pointed out in a now deleted post from another IMDb user that anyone who might see ""The Medusa Touch"" should be warned about a scene that's eerily reminiscent of the Sept. 11, 2001 terrorist attacks in NYC. But I hope anyone reading this will consider this warning. Despite an interesting pedigree (producer Elliott Kastner produced ""Harper"" and ""The Long Goodbye""; co-producer Arnon Milchan co-produced the Oscar-nominated ""L.A. Confidential"" and screenwriter John Briley won an Oscar for ""Gandhi"") and an international cast, I found ""The Medusa Touch"" to be a heavy-handed, unintentional laugh riot. It was a poorly directed, horribly written and acted mess. It tried to capitalize on the 70s telekinetic thrillers genre. The movie fails on many counts. Please consider ""Carrie"" and the underrated ""The Fury"" (both directed by Brian DePalma). They were two entertaining and exciting thrillers that dealt with the same subject matter."
tt0079156,"I really do fail to see the actual surplus value of this movie. It's not bad enough to be hilarious. There's no sleaze or gratuitous nudity (although there was plenty of opportunity). There's no gore. There's no suspense in the first hour of the movie 'cause there's way to much scenes of tourist having a party and natives playing funky tribal music. That last part was actually funny on many occasions: You see these natives hitting congas and 'jembés' and that's indeed what you hear (badly synchronized) on the soundtrack. But they also added this funky bass-line on the soundtrack. So, where was the bass-player? At one point the natives get angry and start killing the tourists. Why all of the sudden? It's supposed to be because the evil white men build this tourist complex, which according to their myth awakened the wrath of the river-alligator-god (I actually missed the explanation for that one). But the natives did help for several months to build the tourist complex, so why the sudden angriness? And how in the hell did they manage to push the helicopter in the water??? It's all silly and pointless. This movie also features the skinniest Afro-American model I've ever seen.<br /><br />At one point our heroic leading couple visits this cave where a weird, crazy old man lives. The only point to that scene is that they make the ""shocking"" discovery that the killer-crocodile is actually an alligator. Crocodile or alligator, what's the difference? It's big, it's made out of plastic and it eats people. All the same to me. The alligator is a rather silly creation. It's very stiff & motionless and doesn't even flap its feet when it swims. The eyes don't even move when they're shot in close-up. I guess they didn't know 'animatronics' back then in Italy during 1979. There's also a lot of pointless inter-cut shots of the local wildlife. I suspect it's stock footage.<br /><br />Like, I said, the first hour was pretty lame and the only reason I didn't switch off the movie was because my cat was asleep on my lap and I didn't want to wake the sweet thing. But the last half hour of the movie did get better. We finally get to see some action when the alligator swims through a horde of panicking people snapping its teeth and munching on them. The most entertaining (and at the same time funny) scene is when Alice and Daniel drive a van over a bridge and it collapses. We're looking at a matchbox-version of the van falling in the river here. Funny. But nicely shot. In fact there are several other nice traveling camera-moves. Surprisingly for this type of flick. I was gonna point out some stupid details concerning the end of the movie, but I don't wanna spoil it completely, in case you do decide to watch this movie. My advice is to stay away from it. If you wanna see a decent alligator movie, then see Lewis Teague's ALLIGATOR. I admit, that one isn't Italian and isn't a JAWS rip-off, but it certainly is more fun. And if you're interested in other movies made by director Sergio Martino, then I strongly recommend the highly entertaining 2019: AFTER THE FALL OF NEW YORK. That one's an over-the-top rip-off of every possible existing post-apocalyptic-future-of-doom-movie. ""Italians"" and ""rip-offs"", two words that go together very well."
tt0080391,"<br /><br />Attack Of The Killer Tomatoes is a ""parody"" of bad monster movies which ends up being worse than the movies it spoofs. The (very meager) story tells of tomatoes who revolt against those who treat them badly. Basically,they spin and growl (yes,they growl) and the next thing you know the person is covered in ketchup. The actors are no-names who never made movies after this,so there would be no point to name them. There's a guy who's hired by the governement to try and stop the menace of tomatoes. He's accompanied by a black guy who's master of disguise and a girl and a guy who dives. Anyway, there's another woman who spies on the first guy that works for the government. if this isn't making much sense to you, you understand. This movie never would have been very good in the first place, but it even lacks the fun of laughing at stupid attack scenes. The movie is horribly cheezy, which although being the whole point,really really hurts what could've been a (reasonably) entertaining movie. At one point, a giant wax tomato ""slides"" on an unconcealed plank of wood with wheels on it! Maybe I would've recommended the movie if it would have enjoyable camp value, but even this is lacking from this terrible movie. 2/10"
tt0080731,"Even if one didn't realize that Sellers was in poor health at the time of filming and passed away before the film's release, THE FIENDISH PLOT OF DR. FU MANCHU would be painful viewing. It is supposedly a lampoon of Sax Rohmer's famous Oriental villain but it lacks any focus. The potential for satirical commentary on the anti-Oriental overtones of Rohmer's concept are ignored. Indeed, the movie employs racist insults. There are hardly any actual jokes or gags, just mostly actors behaving idiotically and spouting dreary lines. It is especially distressing to see Sid Caesar forced to spout curses and racial slurs for attempted laughs. Most of the other actors embarrass themselves as well.<br /><br />And then there's Peter Sellers. He plays the dual roles of the sinister Fu Manchu, who is trying to concoct a formula to regain his youth and his stalwart British foe Nayland Smith. Sellers isn't one hundred per cent bad; he conveys a quirky warmth as Smith when he discusses his fetishistic attachment to his lawn mower and he's oddly moving as Manchu when he expresses his love for English music hall entertainment. But most of the time, he plays both roles with a weary grimness, thus further sabotaging any comical possibilities. Sellers' routines where he revitalizes his fading strength with electric shocks are particularly excruciating; he seems too convincingly agonized to be funny. <br /><br />A few genuinely witty lines, an apt slapstick bit by Burt Kwouk (Cato in the PINK PANTHER films) as one of Manchu's minions, and Helen Mirren's amusing musical numbers cannot salvage this mess. If anyone wants to understand why Peter Sellers is considered a comedic genius, they won't learn anything from THE FIENDISH PLOT OF DR. FU MANCHU."
tt0082745,"After seeing MIDNIGHT OFFERINGS I am still convinced that the first decent movie about (teenage) witches yet has to be made. I didn't think much of THE CRAFT and I'm not into CHARMED either. The only film I more or less enjoyed (about teenage witches) was LITTLE WITCHES (1996), and even that one wasn't very good. But changes are that if you liked all the aforementioned movies, you will also enjoy MIDNIGHT OFFERINGS.<br /><br />I was expecting a silly and cheesy early 80's movie about teenage witches in high school. But I was rather surprised that this whole movie plays it rather serious. The acting is decent and serious all the time. No jokes are being played by teenagers or something. And the musical score, at first, I thought was pretty good. It added some scariness and also something 'classy', with the use of threatening violins and all. But as the movie progressed I came to the conclusion that the score was just too ambitious. They didn't have to add those threatening violins when you simply see someone back up a car and then drive away at normal speed.<br /><br />Then there's Melissa Sue Anderson, who was the main reason for me to see this movie. A few weeks ago, I saw her in HAPPY BIRTHDAY TO ME, a rather enjoyable, thick-plotted (and goofy on some occasions) slasher-movie which she had done in the same year as MIDNIGHT OFFERINGS. And I must say, she was very good as the icy-cold bad witch Vivian. But the main problem with the movie is: almost nothing happens! Vivian causes a death and an accident, yes, but that's it. Then there's Robin, the good witch, who is just learning about her powers. And we expect the two of them using their powers more than once, but at only one occasion they use their powers to make some pieces of wood and other stuff fly through the air as projectiles. That was supposed to be a fight between two powerful witches? And what's worse, I was hoping to see a spectacular show-down between the witches at the end of the movie with at least some special effects, flaming eyes or whatever... but nothing happens. There is sort of a confrontation in the end, but it's a big disappointment.<br /><br />So, the acting of the two witches was good. The musical score was decent (even though overly ambitious). And the cinematography was rather dark and moody at times. But that doesn't make a good movie yet, does it?"
tt0083146,"I am very surprised to see such a high rating for this film, and of the few reviews that there are to be positive. I saw the movie and was pretty dissapointed. I didn't find it very enjoyable at all. It was slow, and lacks the entertainment value. Even the murder scenes are lackluster, with real close-up shots of generic stabbings that don't look good at all. And the supposed great twist ending is really not much, I did see it coming, and then the ending just seemed cliche. This movie may not get much mention, but by the little that it does get, it is overrated. I would not recommend this movie."
tt0084021,"The tenuous connection between this film and the first Grease is established right at the beginning of the film when Didi Conn one of four cast members repeating their roles approaches young Maxwell Caulfield who is a British exchange student. Although in the previous film Olivia Newton St. John's foreign speech pattern is not explained, it's explained here Caulfield is her cousin. What's Conn still doing in school, I guess she just likes hanging around Rydell High even though now she's a beautician.<br /><br />Caulfield's a smart kid, so of course the hood types led by Adrian Zmed have him labeled as a nerd. And that's especially bad when Zmed's girl friend decides she likes Caulfield. But being a nerd just isn't going to cut it.<br /><br />That's when Caulfield decides to put on a modern day Zorro act. He gets a junked bicycle and puts it back together and teaches himself to ride. He gets himself a leather biker outfit with a set of goggles to hide his face. If getting Michelle Pheiffer is not in the cards, Caulfield won't have any trouble making friends at any gay male leather bar the way he's outfitted.<br /><br />Grease 2 introduced Michelle Pheiffer and Maxwell Caulfield and started them on the successful career paths both have enjoyed. If you saw the first Grease film, a much better film, than you definitely have an idea how this film will turn out.<br /><br />In addition to Conn, Eve Arden, Sid Caesar, and Dody Goodman, all faculty members from the original Grease return in their roles. The music score isn't remotely as good as the songs that come from the original.<br /><br />It's not that Grease 2 is bad, it's just not all that great."
tt0087127,"I don't recall walking out of a movie theater except this once. Not only that, but I was with 7 friends, and we all wanted to go. An uninteresting plot, characters made of clay, violence with no point. I didn't care when the good guys died; I didn't care when the bad guys got it. The fantasy and magic was laid on thick as liver pudding and there was no coherency. In short, fine entertainment if you happen to be spending an eternity in Hell."
tt0087499,"You can never have seen either film and still know that The Jerk Too is a disaster. The question is not, ""How did it get made,"" because if you throw money at anyone and tell them to make a film, they will do so.<br /><br />No. The question is ""Why, oh why, did Steve Martin allow it to be made?"" I think he needed the money to fight a nuisance lawsuit and was determined it not cost him anything. He knew the sequel was going to be so frightful, that out of pride, he wouldn't even count it's royalties as income. <br /><br />The only way this sequel could not be an embarrassment is to have had Carl Gottlieb and Steve Martin revive the nation's favorite poor black family.<br /><br />And ""dcreasy2001"" (aka Mark Blankfield?): It's just transparently obvious that you worked on this film in some sad capacity, and the only way you can feel better about your involvement is to be the sequel's lone cheerleader as an IMDb user comment. I was praying for you to veer over into satire, but alas, you were really making an effort at spin. Why not 10 stars?"
tt0087803,"I have heard about this novel a long time ago, many of my friends have recommend me to read it. I searched it in every place and finally found it. This is a book that every man should read, because it is genius and because of it's vision. I enjoyed every page.<br /><br />I knew about the movie and could not wait to see it. When I finally did I was very disappointed, many things that are in the book are not in the movie (I do not think that this is a spoiler) that just makes the movie not logical... Michael Radford might be a good director, but a bad writer. Especially as a book adopter. The movie is not dark at all, the writing is really bad, the only thing that is good, even great, is the acting. John Hurt is an amazing actor and the only face I myself could see as Winston Smith.<br /><br />What angers me the most are the people in IMDb that called this ""The Best Adaptation Ever"" without even reading the book! Or knowing anything about screen writing!<br /><br />You can only understand the brilliance of the story by reading the book, do not consider this as an alternative. As a fan of the book, I was very disappointed.<br /><br />The points I gave for this movie goes for the acting."
tt0087806,"Recap: Doctor Markov has developed a new theory how to produce energy, knowledge that might unbalance the world. He keeps his knowledge coded and secret and desperately wants out of the Soviet Union. KGB on the other side desperately wants the new technology. So, they sets a scheme in motion. During a rescue attempt to free Markov, KGB steps in, takes Markov to a secret location and lures him to reveal his secret by saying they are in Sweden, and working for the UN. As a backup, KGB kidnaps Markov's estranged daughter. CIA now send their best agents, a team of (Swedish?) Ninjas to thwart KGB and rescue Markov and his daughter.<br /><br />Comments: A cult movie that despite not being very good needs seeing. The movie is quite ambitious but lacking in many areas. First off is that it is very dark, probably to conceal locations and bad effects, that some scenes are hard to comprehend. You can't see what is happening. The second thing that it is lacking is martial arts, despite being a ninja-movie. Sure there are some, of quite poor quality, but mostly the ninjas fires automatic guns or sets of explosions. The automatic guns pose a problem too as they seem to have a endless supply of ammunition. And the ninjas seem almost immune to bullets while Soviet guards die like flies.<br /><br />What does it have that speaks for it then? The idea and ambition foremost. Some actually, and especially for a Swedish movie, decent action-scenes albeit not of martial arts. Some nice slow-motion scenes and pretty much blood and gore. And some very interesting new weapons technology that makes the victims heart or brain explode. Mostly all parts that you look for in a B-movie.<br /><br />Because it definitely is a B-movie, no mistake could be made there. But if you expect it, and watch it like a B-movie, it is entertaining. But don't forget, it is not only a B-movie it is set in the eighties. Some girls, for example, besides wearing... lets say ""interesting"" clothes, have lethal doses of eye shadow and makeup.<br /><br />In all, see for the cult status and the ambition. Enjoy it, and then forget it.<br /><br />4/10"
tt0088224,"i didn't enjoy this movie at all.for one,i just found it crude and vulgar,for no reason.i also felt it's misogynistic(against women.)also,the movie really doesn't appear to be about anything,and i didn't find any of the characters likable.really,the there doesn't seem to be any point to it all.maybe i'm missing something,but for me,this movie is pretty much a waste of time,when i could have been doing something more productive and enjoyable.like using my face as a pin cushion.James garner is in this thing,as are C.Thomas Howell and Shirley Jones,and James Cromwell.all are wasted here,and i'm sure this was a low point in each of their respective careers.Jennilee Harrison(from the later years of Three's Company)is also in the movie,and it is nice to see her in a non ditsy role.but other than that,she can't rise above the mediocre script.for me,Tank is a 3/10"
tt0088729,"Pretty awful but watchable and entertaining. It's the same old story (if you've lived through the 80s). Vietnam vets fight together as buddies against injustice back in the States. A-Team meets Death Wish, my favorite!<br /><br />Time goes on, the soldiers go home, and years later a friend is in trouble. No, wait -- in fact, the friend is dead and it is his dad that's in trouble. Our first hero, Joey, is killed by an exceedingly horrifying (super pointy) meat tenderizer as he tries to defend his father's small store from the local ""protection"" gang despite being wheelchair bound from the war. Desperate for help, the father talks to Sarge, the leader of Joey's old unit from Vietnam, when Sarge shows up for the funeral.<br /><br />Well, the squeaky wheel gets the grease, and the old gang saddles up for the city. You can pretty much imagine most of the rest of the movie.<br /><br />The one thing that drove me crazy is that Sarge keeps haranguing his men about planning, and about how they're really good at what they do when they plan ahead. But Joey wouldn't have been put in a wheelchair by a gunshot in Vietnam in the first place if the unit hadn't been messing around! Then when things are going really well in the city as they battle the gangs, they do it again. For no reason at all, they completely bypass their plan and try to nail the gang without everyone being present. Phh!!!! I raise my hands in disgust. Foolishness!<br /><br />There is also a suspicious moment when all present members of the unit make sure to try out the heroin they snatch from the gang to make sure it's real. EVERY single one of them. Hmm....<br /><br />What are you going to do? Keep watching, I guess. The movie isn't too horrible to watch, but it IS a tease. There are all these climactic moments when nothing actually winds up happening. The most dramatic things that happen are those at the beginning of the movie -- the explosives in Vietnam, Joey's death battle, and the gang brutally kicking an innocent teddy bear aside (poor Teddy!).<br /><br />I guess my main beef with this movie is that I feel let down by it. Even the confusing subplots with ""mystery helpers"" and their bizarrely cross-purpose motives wasn't enough to save it at the end. But someday maybe it'll all come right and they'll make a sequel. Ha ha ha ha!!!"
tt0089308,"to be honest, i didn't watch all of the original 'howling', but those scenes i saw made it obvious that the first howling was a great movie. so great, that seven horrible sequels had to be made. they started off with ""Howling II: Your Sister Is A Werewolf"". i got this movie on VHS from my uncle sometime ago when he was giving away a bunch of old movies he bought back when Atari was brand new. i just watched it last night, and it wasn't really BAD, it was just weird. i mean, the whole thing with Sybil Danning going three-way with two of her werewolf minions was just out of place and quite disturbing (but kinda hot), Christopher lee about to stab a dead karen as if she's a vampire, etc. actually, this movie was actually like some sort of mish-mash of Dracula and The Lost Boys...except with werewolves, because everything Christopher Lee (whom played Dracula himself) was saying about werewolves pretty much ripped off from every other vampire movie (stake in the heart, garlic, the creature of the night must die AT NIGHT, and the ruler of werewolves lives in TRANSYLVANIA). not much for the acting, but the worst of it came from Annie McEnroe. i swear, at some point in the film i found myself rooting for the werewolves to rip her throat out, because that damn throat always had to say SOMETHING. Anyway, the plot is pretty silly and clichéd, so there's no real point in telling you, you could just read about it on Wikipedia. By the way, the thing that really makes me nauseous about this movie is the fact that it's the ONLY film out of all the seven sequels thats related in any way to the original (not counting Howling IV (1988), which was a remake of the original, or in other words, a sequel based on the same novel). so don't see this movie. there's no real horror, hardly any werewolves, and just horrible special fx. 3/10"
tt0089880,"By rights, there should never have been a ""First Blood Part II"". The original script for ""First Blood"" had John Rambo committing suicide at the end of the film, but this was changed to allow him to live, not because the producers wanted to make a sequel but because test audiences found the original ending too depressing. Nevertheless, someone obviously thought that the character was too good to waste, because he ended up as the hero of two more films in the eighties, plus the recently released fourth instalment.<br /><br />The official title of this film was ""Rambo: First Blood Part II"", but it is more commonly known simply as ""Rambo"". It starts with the title character in jail, where he is presumably expiating the crimes he committed in ""First Blood"", although this is never made too explicit. He is removed from prison by his former commanding officer, Colonel Trautman, for a secret mission. Rambo is to return to Vietnam to investigate reports that American POWs are still being held captive by the Communist regime. He is under strict instructions not to attempt to rescue any prisoners or to engage the enemy; his is to be simply a fact-finding mission.<br /><br />What Rambo does not realise is that he is being set up, not by Trautman, who is portrayed as brave, honourable and incorruptible, but by the organiser of the mission, a military bureaucrat named Murdock. Murdock intends that the mission will prove that there are no American prisoners in Vietnam, partly because that will improve relationships between the American and Vietnamese governments, partly because it will make his own life easier. Unfortunately for Murdock, Rambo discovers that not only are Americans still being held prisoner, they are also being kept in hellish conditions. Of course, he is far too much of a hero to leave them to their fate, and tries to rescue them. The rest of the film is more or less one long battle between Rambo and a few allies (including a beautiful Vietnamese girl) and the evil commie soldiers and their Russian allies. Most of the evil commies, of course, end up dead, although I was surprised to learn from your ""trivia"" section that the total death toll was as low as 67. At times it seemed as though Rambo was trying to wipe out the entire Vietnamese army.<br /><br />The tone of this film is very different from the first. In ""First Blood"" Rambo was unquestionably a criminal, even though his responsibility for his crimes was lessened by severe provocation and by his mental instability. In ""Rambo"" he is a bona fide all-American hero. A few years earlier the director, George Pan Cosmatos, had made ""The Cassandra Crossing"", a biased piece of left-wing anti-American propaganda. Cosmatos, however, was nothing if not versatile, and ""Rambo"" proves that he could also turn his hand to biased right-wing pro-American propaganda. The one thing the two films have in common is that both are laughably bad.<br /><br />""First Blood"" had its faults, but it also had its virtues. Its stance, that the anti-war movement was partly to blame for the problems faced by Vietnam vets in readjusting to civilian life, was a controversial one, but at least the film was trying to make a statement about war, social attitudes to war, and the roots of violence in society. ""Rambo"", by contrast, has very few virtues, except that the action sequences are well enough done to please those who like that sort of thing. It is essentially a sort of jingoistic revenge fantasy for those Americans who were still sore about the Vietnam war. Rambo re-fights the war single-handed, and this time the right side wins. Take that, Charlie Cong! <br /><br />By this point, no doubt, the film's admirers (and there seem to be plenty- more than 2,000 voters have already given it ten stars) will have concluded that I am a liberal commie-loving pinko. Far from it- in fact, I have always despised Communism as a pernicious ideology. What I dislike about the film is not its politics but its lack of subtlety and its suggestion that the solution to all problems, including ideological disputes, is to go in with all guns blazing and to try and kill as many people as possible. It makes no attempt to understand the political complexities of South-East Asia or why not everyone in the region was pro-American. For all its anti-Communism, the film is the sort of moronic sledgehammer propaganda that the Communists were very good at churning out themselves- except that they attributed all the world's problems to Capitalism, or Imperialism, or Revisionism, or whatever other ism they had taken a dislike to. Compared to ""Rambo"", ""The Green Berets"" was a masterly piece of political analysis. 3/10"
tt0090585,I remember watching this film back in 86' when it first came out & what an awful film. The acting was atrocious the plot was so flimsy it would or is that should have blew away in a breath of wind. I think it put me to sleep on more than one occasion & i was not tired that i remember. Please avoid at all costs better still have all your teeth taken out with no anaesthetic cos that would be more entertaining. It's just a pity i couldn't give it a zero or a negative score. I wish i had not wasted my money getting this one from the video shop all i can say was that the tape it was on was still brand new practically hardly surprising as the film was so poor. If i remember right i sat & watched it with a girl i really wanted to go out with & the fact she was sat next to me was still not enough to keep me awake thats how bad this film was.
tt0090830,"Sorry. Someone has to say it. This really is/was a dull movie. Worthy perhaps, but dull nonetheless. I nearly cried with boredom when watching it. The acting is pretty dire, the story drawn out and predictable, the score and camera-work totally standard and unexciting. It's one of those movies you are not allowed to hate (becase it is about disabled people) but hate it I suspect nearly everyone does. It is interesting that critics have been so kind to this movie. I suppose they too are not allowed to be objective. This was made to win awards - which I remember it duly did. But it was neither interesting nor entertaining. I haven't seen the play so cannot compare."
tt0091065,"I only today, picked this up at the 99 cents only store today, and I still think I got ripped off. ""Dream to Believe"" is a pretty boring and unrealistic gymnastics drama and $1 is just too freakin' expensive for this. This film is probably only notable for 2 things: 1. It has a young Keanu Reeves. And 2. It's directed by Paul Lynch, the man who also did Promo Night. Now onto the movie. <br /><br />It's about a girl named Robin (Played by Olivia D'Abo) who is badly injured from a car accident that also cost her father's life. So the accident prevents her from competing in gymnastic tournaments, she is often picked on during her classes and eventually she meets some wild kid named Tommy (Played by Keanu.) Robin, when not in training, works part-time, along with her mother and stepsister, at a Laundromat owned by her abusive stepfather. Eventually she is chosen to compete. <br /><br />Overall, Keanu alone and some catchy 80s tunes are what prevent me from giving this 1 star, and it's also not one of the worst movies ever, but still far from good. The DVD itself is not getting any medals either as it appears to be sourced from an old VHS and towards the end, the sound goes out of sync and when the end credits are almost over, it fades to black, even though sound can still be heard. So this can probably be passed as a bootleg. The DVD artwork makes no sense either as it has what appears to be recent photos of Keanu and Olivia and the background has nothing to do with the movie, as it's also not in the movie itself, so the cover's obviously photoshopped. In any case, avoid at all costs, unless you're a Keanu fanatic. I probably won't be hanging to it any longer. I'm probably gonna give it to The Cinema Snob, who's a great YT critic btw. Hey, if any of you have any crappy movies that they no longer want in their sight, feel free to donate to him to keep his show running."
tt0091631,"Nightmare Weekend is proof positive that some people are so desperate to be 'in the movies' they are prepared to do almost anything.<br /><br />I'm not referring to the countless women who seem quite happy to appear completely starkers in this dreadful piece of trash (after all, the naked female form is a beautiful thing and nothing to be ashamed of). No...I'm talking about those who are more than willing to co-star with a badly made hand-puppet called George. Now that is embarrassing!!!<br /><br />A bio-electronic being created by brilliant scientist Edward Brake (Wellington Meffert), George (who looks like a demented felt clown with green wool for hair) is the artificially intelligent interface for an advanced computer system that operates a revolutionary device (a silver sphere about the size of a golf ball) that, when ingested, can reverse character disorders.<br /><br />Edward's personality altering experiments have been successful on lab animals, but the cautious scientist is reluctant to carry out tests on human subjects, fearing that there may still be side effects. His evil assistant Julie (Debbie Laster), however, has no such qualms, and proceeds to use three beautiful young women as guinea pigs. Inevitably, they all turn into hideous killer mutants.<br /><br />With bargain basement special effects, a cast totally devoid of talent, and a plot that is almost impossible to follow (I took notes as I watched the film, and even then I am not entirely convinced that my synopsis is accurate), Nightmare Weekend is a complete and utter disaster that not even several soft-core sex scenes and a touch of gore can rescue.<br /><br />This film also features one of the most irritating characters I have ever seen in a horror movie: Tony (Bruce Morton), a Walkman wearing idiot who bops away to crap 80s music in a manner that makes me look like Justin Timberlake in comparison."
tt0091859,"I can just about understand why some people might wish to stress this film's link with the Eighties but I really wouldn't say it's an accurate depiction of most peoples' lives in that era - even on the poorest Bradford estates. It is however typical of the blunt agitprop rubbish the dear old Royal Court Theatre was churning out at that time. Plenty of 'right-on' artistry for small, small audiences but enough well-connected backslapping to ensure future commissions for turgid playrights. IThe simple fact is that if you want to reflect upon truer common experience you'll find millions more nodding in knowing agreement to love and live as depicted in 'Gregory's Girl'. <br /><br />I would be tempted to call this a 'kitchen sink' drama but that would be doing a great disservice to the plumbing industry. However, as far as having a decent script is concerned, this film is indeed all washed up. For some reason it has accrued an odd following amongst Guardian reading film-goers - I can only assume they get a visual frisson out of pretending to slum it. Steer clear my friends. It is a poor film with a poor script that likes to think it is breaking boundaries by adding humorous insights into grim life on the estates. it isn't..but it is grim. Do the washing up instead."
tt0093176,"Prom Night 2 is an OK horror movie but prom night is way better and this movies about how the prom Queen Mary Lou in 1957 gets killed by her boyfriend and comes back 30 years later for revenge.The best actor in this movie is Micheal Ironside and the movie stars other OK actors and actress like Justin Louis (I),Wendy Lyon,Lisa Schrage and Richard Monette(I).And there are some good gore scenes like when Mary Lou kills the girl that is trying to hide in her locker by crushing the lockers together and how one of the students are on the computer and Mary Lou electrocutes him to death.Over all this is an OK/good horror movie and my rating is 4 out of 10."
tt0093565,"I watched this movie for a project on love. please tell Nicolas Cage to learn what it would feel like to be his character, and then re-read the lines he's saying. My life cannot go on... i accidentally cut off my own hand...my brother was close by. Obviously his fault. And since when have happy endings included the nice guy who takes care of Mom sad and alone. No closure, bad script, and doesn't have enough extension of minor characters. Save yourself, unless your up for a good laugh. Costumes were done appropriately, and extras did a fabulous job. I'm sure it would have been a fun movie to make, but keep it more genre specific, I can't recommend this movie to anyone I know, because it is not an intellectual movie. It is not a chick flick. It is not a strict romantic. And I can't show kids because of the sex and questions to follow. All in all, just not a good flick."
tt0093582,"Cute and playful, but lame and cheap. 'Munchies' is another Gremlins clone to come out from the 80s. I'm not much of a fan of the imitations.<br /><br />First it was the excellent 'Gremlins'.<br /><br />Then came the very average 'Critters'.<br /><br />Lets not forget the lousy 'Ghoulies'.<br /><br />But the complete pits would have to go to 'Hobgoblins'.<br /><br />Is there more?? <br /><br />Now 'Munchies' for me would have to fall somewhere between 'Ghoulies' and 'Hobgoblins'. Actually I probably found it more entertaining than 'Ghoulies', but I preferred thst one's darker tone. <br /><br />From the get-go it plays up its goofy nature (which it's better for it), but due to that nature the hammy acting (Alix Elias and Charlie Phillips), can get rather overbearing that you rather just see the munchies running amok. That's where the fun occurs. Mostly light-hearted fluff though, as the story mainly centres on the munchies (who are either hungry, horny and destructive) in a whole bunch of supposed comical encounters (some moments do work) in the small desert town as a couple of people are on the chase. It's silly, but strangely engaging thanks to the zippy pacing. The creatures themselves look rather bland and poorly detailed, as they're basic dolls being chucked about. Where their personalities arrived from is that they can actually speak... and with attitude.<br /><br />Charlie Stratton and a feisty Nadine Van der Velde (who was in 'Critters') were fair leads. Harvey Korman was acceptable in two roles. Robert Picardo also pops up.<br /><br />Amusingly low-cut entertainment for the undemanding."
tt0093629,"what kind of sh*t is this? Power rangers vs Freddy? It was watchable and as good as the first film in the beginning but from the part where the protagonists get super powers in theirs dreams, it started to become childish. This sh*t should have been rated PG or PG-13 rather than R. I expected to see some very mature stuff but it was only for the 1/3 of the film. The rest are for little kids. Plus it's focused too much on Christianity. I know Freddy's a demon but there are many religions that have different ways to fight demons. Why does it always have to be Christianity? This is total Orientalism and filled with white men/westerner's superiority. Don't' watch this, show it to little kids who loves power rangers."
tt0093995,"This could have been a rather entertaining film, but instead it ranks with other duds like Leeches and Rest In Pieces at the bottom of the cinematic food chain. Had they played this flick tongue-in-cheek, it could have been a very entertaining film, like Re-Animator or Dead ALive, but Juan Piquor Simon plays it tongue-in-cheek in spots but straight more often.<br /><br />The premise of this film is a small community that is besieged by mutated slugs. There is an abandoned toxic waste dump near a sewer line that mutates the slugs into aggressive, meat-eating monsters - albeit monsters that move slowly and can be squished under your boot. Health Inspector Michael Garfiled and two accomplices are the only people that seem willing to fight the slugs while the sheriff and mayor think they are crazy. The climax is a laugh riot - unintentional at that - which makes you scratch your head as to how stupid (actors and screenwriter) the scenario of destroying the slugs is.<br /><br />STORY: $$ (No new ground charted here. Simon seems to play the gore elements tongue-in-cheek but the dialogue is straight. Had Simon worked with a clever script - one with plenty of one-liners and eccentric characters, this could have been a cult film).<br /><br />VIOLENCE: $$$ (You won't be letdown here. We get plenty of exploding chest cavity scenes as well as a grand head explosion in the middle of a fine Italian restaurant. The blood and guts, that many horror film watchers enjoy, is in full swing here. You also get corpses of people who have been picked clean by the slugs and plenty of slug smashing scenes).<br /><br />ACTING: $ (Wow! Michael Garfield seems to know that this script is a stinker and he delivers his lines with a facial expression that suggests he knows how preposterous this film-making endeavor is. Kim Terry, as his wife, does an adequate job even though she does little beyond the hold-your-face-while-you-scream bit. The ""teenagers"" were all horrible actors - no exceptions. Man, this film could have used Bruce Dern or Jeffrey Combs!) <br /><br />NUDITY: $$ (Two teens get naughty in bed before they get dispatched - in a poorly done scene - by a horde of slugs that crawled into the girl's bedroom. Both male and female nudity here)."
tt0094813,"There is only one use for a film such as Bulletproof: it reminds you just how bad bad can be. We often see films which we describe as ""pretty awful"" or ""not much good"", but then you come across a film like this and you can see that although all those other films aren't ""good"" they are no way as stinkingly bad as Bulletproof. This was a birthday gift from someone who spent less than two seconds rummaging thru' the DVD bargain bin at our local superstore to fulfil an obligation (i.e. to give me a present). It could have been a serendipitous find but it wasn't: this is so utterly clichéd, so badly written, so poorly directed, so badly acted that I'm surprised everyone involved hasn't been arrested and sent down for 10 years. God, it's awful. I suspected as much from about 30 seconds in, but carried on because sometimes - sometimes - bad films are so bad they can be enjoyable. This isn't one of them. It is simply bad. I stopped watching after 45 minutes, and tomorrow I shall throw it in the bin."
tt0096073,"The movie confuses religious ethics and ideals so much that it fails to create coherent argument against the death penalty on any level. By presenting the lawful execution of a convicted murder as the catalyst for the apocalyptic end of mankind the movie elevates a parent killer to the status of martyr for Christ. Somehow, according to the plot, god is outraged that society has chosen to rid it's self of a fanatic who killed his own parents by starting them on fire while they slept defenselessly in their beds. Yet this same god has no indignation for the acts of the killer. The lead character, an nonreligious pregnant suicidal woman, ultimately gives her own life in a defiant but implausible attempt to unsuccessfully save this convicted killer. In other threads of the underdeveloped plot Jesus comes back as a powerless and frustrated vagabond to symbolically unleash the wrath of God. The modern lackluster incarnation of Christ not just dehumanizes him but mocks the messianic ideal of all religions as well. He is unable to affect humanity for good and unemotionally skates the edges of life waiting for mankind to destroy it's self. Meanwhile, with little help from Jesus the mentally unstable pregnant woman finds herself with the ability to reincarnate herself into her newly born soulless child which somehow saves all of mankind from the wrath of the almighty. I also interpreted that as a statement in support of abortion on some levels. This movie which attempts to weave many religious themes into a thriller fails to make any religious point that I could clearly interpret except to mock people's beliefs. It raises many questions that it never even attempts to answer. It disregards the religious values of its audience while attempting to portray an asinine version of their fulfillment. Silly"
tt0096453,"An Italian/American co-production co-starring Linda Blair and David 'The Hoff' Hasselhoff: how could any fan of trashy horror resist such a treat?<br /><br />Well, based on the uneventful, extremely tedious, and utterly nonsensical first forty minutes or so, I would have said 'very easily'; thankfully, however, things do eventually get a tad more entertaining with the introduction of several inventive death scenes, and for those lucky enough to find an uncut copy, a smattering of nudity too (unfortunately, my copy was optically edited to remove such offensive material).<br /><br />The Hoff stars as Gary, a photographer who accompanies his beautiful girlfriend Leslie (Leslie Cumming) to a run-down hotel on a seemingly deserted island in order to take pictures for her latest project, a book about witches; whilst there, frustrated Gary also hopes to try and cure a bad case of blue balls by relieving Leslie of her virginity.<br /><br />His plans for nookie are scuppered, however, by the unexpected arrival of property developers Freddie and Rose Brooks (Robert Champagne and Annie Ross), their pregnant daughter Jane (Blair), son Tommy (Michael Manchester), pretty nymphomaniac architect Linda Sullivan (Catherine Hickland), and estate agent Jerry (Rick Farnsworth), who have come to inspect the island's hotel.<br /><br />After explaining their unexpected presence on the island, Gary and Leslie are welcomed by the property's new owners, and when a violent storm suddenly picks up, making it perilous to return to the mainland, everyone agrees to spend the night in the old building. Unfortunately, unbeknownst to the hotel's new guests, the place is also home to the spirit of an evil witch (Hildegard Knef), who requires human sacrifices in order to bring herself back to life. One by one, victims are pulled into a swirling red vortex (which is guaranteed to provide unintentional laughs), before meeting a terrible fate.<br /><br />None of this makes much sense, and the acting is atrocious (Manchester as Tommy is particularly bad, whilst Hasselhoff proves to be one of the better performers, which speaks volumes about the others), but those viewers who make it past the dreary first half are rewarded with some pretty decent moments of gore: Rose has her lips sewn together, before being roasted alive in a fireplace; Jerry is crucified and burnt alive; Linda is tortured by hags and impaled on a swordfish(!!); Freddie's veins pulsate and erupt in geysers of blood; and Gary gets stabbed in the back.<br /><br />Oh, and Leslie is raped by a guy with no lips and Blair gets possessed (again)."
tt0096870,"This movie was so bad I couldn't sit through it without doing something else. There was no plot and no point. I was thoroughly bored and for a film about a stand up comedian, I couldn't recall one joke or funny line worthy of the description. Politicians with no charisma speaking technical jargon could not be less entertaining.<br /><br />So how was this made? Is there no quality control in film? Watching the girls in bikinis was the only distraction during this horrible experience.<br /><br />It's hard to imagine that Adam Sandler who has become popular and has appeared in fine comedies was able to survive after this kind of exposure. He was not funny in the least in this movie so it proves that the writing is so vital in effective comedy."
tt0097029,"Wow! I remember so many awful films that loosely revolved around high school from the early 1980s. They usually had someincredibly strained plot and lots of 27 year old actors pretending to be students. As I watched this film I felt a little of the nostalgia of growing up in the 1980s. However, then I find out that this film was made in 1989? Say what! Well, the nostalgia factor ends right there, this is just bad. The plot has the city preparing to close a high school and threatening to bus all of the students to inner city high schools. Which is odd, in that the students at this school are both wealthy and abundant. In fact, the main character lives in a mansion. Makes you wonder how they cannot find money to keep this school alive, have they never heard of property taxes. Oh, but here is the kicker. The school board says that they will keep the school alive, if the students can raise $200,000. So the seniors go about doing this. Hmmm, you raise $200,000 but instead of saving that for college, you put it towards saving the high school that you are a Senior in? And why exactly would they close an overpopulated school before the year is out? And...ahh forget it, this film was stupid and made in 1989!?"
tt0097371,"In the first one it was mainly giant rats, but there were some wasps and a giant chicken too. This one, however, is just giant rats period, well giant rats and one really growing little boy. This one is about this growing boy and a scientist that is trying to help him so he accidentally creates giant killer rats...you know how it is. This movie has some kills and its moments, but I find it to be on par with the original, I just prefer some variety in my giant creature movies. Well, that is not true...I actually like ""Empire of the Ants"", maybe I just do not care for giant rodents. All in all a rather drab movie though it does have one rather odd turn of events in this one dream sequence that is truly bizarre. I just can't recommend this one."
tt0097981,"When you look back at another bad Nightmare sequel like Freddy's Revenge, you have to at least give it some credit for trying something new. And although The Dream Child is more enjoyable it offers absolutely nothing new to the series. Yes, there's the creative deaths as usual, like a kid becoming part of a comic book and facing ""Super Freddy"" but even scenes like that aren't used to their full potential and the parts without Freddy are just boring.<br /><br />This marked the official death of scariness to the series. Freddy seems to be the comedic relief now...but to what?<br /><br />My Rating: 4/10"
tt0098525,"This movie is like the material S.E. Hinton was writing in the 1970s and Copola was adapting to the screen in the early 80s, and, had Trueblood actually been a product of either, the results might've been much better (especially in the acting department). Instead, we get a rather so-bad-its-funny piece of mediocrity.<br /><br />Jeff Fahey plays Ray Trueblood, a former street rumbler, I suppose is the accurate description. This was in the days of action movies that used guys in their 40s and mid30s and dressed them up in greaser threads or some kind of more effeminate selection of gang garb and they fought to lousy 80s music. Nonetheless, Ray is the lone caretaker of his younger brother, Donny (Chad Lowe in a part where he screams a lot), who he is forced to leave behind inexplicably in a train station when, on the run from the cops, he is nabbed and forced to serve time in the Marines. Flash forward to present day and Ray is back in town and looking for his brother who has also become part of the street gangs, although in a gang that was Ray's adversary and now old scores must be violently settled (and again, cops must be dodged and this time, a lady's honor defended in the action film sense) before Ray can carry on life at normal pace with his brother, Donny.<br /><br />For the most part, the film is quite ridiculous. For me, most of this has to do with far too much overacting, although not by Fahey or Sherlyn Fenn who plays the waitress he befriends. The guys in the gang and Lowe himself seem to do quite a bit of needless exaggerated as New York street toughs. Although, the bigger hang up is recycled plot lines and perhaps a kind of movie that was well past its prime as a product of 1989."
tt0099173,"I felt brain dead, I'll tell you. This is the worst film I have ever bought. (in my ignorance I thought this was the Peter Jackson film of the same name). The performances are so terrible they are laughable. The special effects have not stood the test of time and look dire. The script promotes that kind of TV movie, stare into the middle distance kind of acting. The cast look as if they have been taking lessons from Joey Tribbiani, they have one look each, and stick to it. Plus I have never been confused by a movie until I sat down to watch this. The is it a dream or no plot is so terrible that frustration sets in within a few minutes. Avoid like a plague."
tt0099260,"I actually saw China O'Brien II before I ever saw the original China O'Brien. And I have to say that the first incarnation is actually worse. But: worse = funnier! And funnier = better. If you're a bad movie fan like I am, this is great material. If, however, you are looking for any sort of meaningful plot, acting ability, or movie-making skill, this is best avoided. The best part is how they filmed all the fighting sequences in stuttering fast-forward. Hilariously bad. See it for a laugh, see it for mindless entertainment, but whatever you do, see it for free on TV."
tt0099742,"A woman's nightmares fuel her fear of being buried alive.The cheating husband wants her dead and decides to make good use of her phobia by sticking her in a coffin and leaving her in the basement.Of course B-horror movie queen Brinke Stevens transforms into hideous ghostly creature.The only reason to see this amateurish junk flick is Michael Berryman in a really small cameo and two sex scenes with Delia Sheppard.And the last twenty minutes of Brinke's bloody rampage are quite fun to watch.The special effects for example laughable decapitated head are truly awful.Better watch ""Scalps"" or ""Alien Dead"" again.Of course I ain't expecting classy entertainment from Fred Olen Ray,but ""Haunting Fear"" is too dull to be enjoyable."
tt0099856,"The Invisible Maniac starts as a young Kevin Dornwinkle (Kris Russell) is caught by his strict mother (Marilyn Adams) watching a girl (Tracy Walker) strip through his telescope... Cut to 'Twenty Years Later' & Kevin Dornwinkle (Noel Peters) is now a physics professor who claims to have discovered a way to turn things invisible using a 'mollecular reconstruction' serum. However during a demonstration in front of his fellow scientists it fails & they all laugh at him, Dornwinkle goes mad kills a few of them & is locked away in a mental institute from which he escapes. Jump forward 'Two Weeks Later' & a group of summer college students discuss the tragic death of their physics teacher when the headmistress Mrs. Cello (Stephanie Blake as Stella Blalack) says that she has hired a replacement, yes you've guessed it it's Dornwinkle. The student don't take to him & treat him like dirt, however Dornwinkle has perfected his invisibility serum & uses it to satisfy his perverted sexual urges & his desire for revenge...<br /><br />Co-written & directed by Adam Rifkin wisely hiding under the pseudonym Rif Coogan (I wouldn't want my name to be associated with this turd of a film either) The Invisible Maniac is real bottom of the barrel stuff. The script by Rifkin, sorry Coogan & Tony Markes is awful. It tries to be a teenage sex/comedy/horror hybrid that just fails in every department. For a start the sex is nothing more than a few female shower scenes & a few boob shots, not much else I'm afraid & the birds in The Invisible Maniac aren't even that good looking. The comedy is lame & every joke misses by the proverbial mile, this is the kind of film that thinks someone fighting an invisible man or having Henry (Jason Logan) a mute man trying to make a phone call is funny. The Invisible Maniac makes the Police Academy (1984 - 1994) series of films look like the pinnacle of sophistication! As for the horror aspect that too is lame. It's also an incredibly slow (it takes over half an hour before Dornwinkles even becomes invisible), dull, predictable, boring & has highly annoying & unlikable teenage character's.<br /><br />Director Rifkin or Coogan or whatever does absolutely nothing to try & make The Invisible Maniac an even slightly enjoyable experience. There's no scares, tension or atmosphere & as a whole the film is a real chore to sit through. He does nothing with the invisibility angle, just a few doors opening on their own is as adventurous as it gets. There is very little gore or violence, a bit of splashing blood, a few strangulations & the only decent bit in the whole film when someone has their head blown off with a shotgun, unfortunately he was invisible at the time & we only get to see the headless torso afterwards.<br /><br />The budget must have been low, & I mean really low because this is one seriously cheap looking film. Dornwinkles laboratory is basically two jars on his bedside cabinet! When he escapes from the mental institution he has all of one dog sent after him & the entire school has about a dozen pupils & two teachers. The Invisible Maniac is a poorly made film throughout it's 85 minute duration, I spotted the boom mike on at least one occasion... Lets just say the acting is of a low standard & leave it at that.<br /><br />The Invisible Maniac is crap, plain & simple. I found no redeeming features in it at all, there are so many more better films out there you can watch so there is no reason whatsoever to waste your time on this rubbish. Definitely one to avoid."
tt0100056,"Very disappointing version of Lorna Doone. Too many missing characters, no romantic scenes, changes in story line, too short, appeared low budget. Hardly enough dialogue to understand the story if you're not familiar with the novel. In some scenes it looks like Lorna has a cold sore on her upper lip. I'm sure make-up did it's best to hide it. I guess they didn't want to halt filming until it healed up, pity. Most likely why this movie lacked kissing scenes. Only one disappointing kissing scene at the very end. Lorna Doone is a great epic tale and should be told true. The 2000 version of Lorna Doone is twice as long, more romantic, much more enjoyable and more true to the book."
tt0101368,"A young scientist is trying to carry on his dead father's work on limb regeneration.His overbearing mother has convinced him that he murdered his own father and is monitoring his progress for her own evil purposes.A young doctor uses reptilian DNA he extracts from a large creature and when his arm is conveniently ripped off a few minutes later,he injects himself with his formula and grows a new murderous arm...Admittedly the special effects in ""Severed Ties"" are pretty good and grotesque,but the rest of the film is awful.The severed arm is behaving like a snake and kills few people.Big deal.The acting is mediocre and the climax is silly.3 out of 10."
tt0102585,"If you are hoping for ANYTHING new, you have chosen the wrong movie. Who can think that a movie that is a virtual replay of it's predeccesors can be good. Maybe the producer and maybe the director but hopefully they were not serious when they made this THING. This whole movie is like making a greatest hits DVD of the 1st 3 films, but changing the actors. BHHAAAAD."
tt0102800,"Title: Robot Jox (1990) <br /><br />Director: Stuart Gordon <br /><br />Cast: Gary Graham, Anne Marie Johnson, Paul Koslo <br /><br />Review: Stuart Gordon who we usually associate with extremely gory horror films such as Re-Animator, From Beyond, Dagon and Castle Freak, took a small detour here and did a little sci-fi flick. I stress the word ""little"" since this is a very low budget flick, and there in lies its main weakness.<br /><br />The story takes place in the future. A world in which the great superpowers (that according to this movie are the United States and Russia) duke out their differences not by going on a full blown world war...but by fighting gladiator style battles with gigantic robots. Our hero Achilles must go up against the evil Russian robot fighter called Alexander. Lots of cheap stop motion animation ensues.<br /><br />Well, the idea is awesome I guess. The great nations settleling territorial disputes with giant robots? Interesting premise and one that could have been handled properly if the proper budget had been available. Unfortunately what could have been a fun movie ends up being an embarrassment for an otherwise great director.<br /><br />I as a kid loved this movie, and I guess if you want any enjoyment out of this movie, you'll have to revert back to little kid mode to have some fun with it. I showed this film to some of my friends and as the movie progressed my friends where like ""what the hell is this piece of crap franco?"" And I'm like well this movie is a sci-fi by one of my favorite directors Stuart Gordon?"" But as the movie progressed into corny territory I almost felt like pressing stop and not having them go through that torture. I could go through it, cause I loved this film as a kid, and there's still a little nostalgia attached to watching it. But everyone else was just not going to get it.<br /><br />And I myself realized that the movie isn't really that good. First off. The movie is about giant robots kicking the hell out of each other. And in order to achieve this in a credible fashion you'd have to use some damn good special effects to make it work, expensive effects that would help us the audience suspend disbelief. But unfortunately this being a small scale movie, from a small scale company (Empire Pictures, which went bankrupt after making this film!)the effects only help us giggle and laugh at them. Heck even the sets and some of the wardrobe looks unfinished or half assed.<br /><br />OK granted, once you accept that you are watching a mixture of moderate stop animation and miniatures well you can sort of give in to the film and even enjoy the big robots kicking the hell out of each other. There are certain scenes when the robots are fighting that are kinda cool, and made me go ""thats why I liked thid movie!"" But every know and them, some crappy effect will take you right out of that protective little cocoon you were trying to hide in. And boom, your right back into realizing this film just doesn't live up to its premise.<br /><br />And heres another thing that sort of bothered me a bit about the movie. This movie is basically a movie for kids. You know, giant robots duking it out? Stop motion animation? Hello? But this movies dialogue had a lot of sexual innuendos and the violence gets a little bloody. So I kept asking myself is this a kids movie or not? After a while I just came to the conclusion that basically this was a kids movie with adult sensibilities, which really isn't a good mix.<br /><br />So for those of you who don't feel that certain naive childlike charm of watching two robots fighting each other and if you don't have a nostalgic connection to this movie (like I do) well Id suggest you steer clear away from this one. Gordons a great director, but this movie he made, just didn't do it for me. Well, at least not now that I'm a full grown adult.<br /><br />Rating: 2 out of 5"
tt0104515,"this is not just a bad film, it's one of the worst films ever. it's so bad that i found it to be quite enjoyable. the acting, oh my god, the script, you gotta be kiddin'. how can you imagine the writer coming up with things like: - a kid who makes fireworks in school, fireworks SO powerfull, that when someone gets hit by it, they fly a hundred yards backwards and explode. -a girl is trapped in the celler, the killer is trying to break open the door. she gets a drill, but the wire isn't long enough. she first makes an extension cord, oh the horror, and then, when she's done, she drills through the door and drills through the head of the killer. WOW - and there are plenty more examples like that. oh yeah, and what happened to George Kennedy, he used to be great (Thunderbolt and Lightfoot/Cool hand Luke)"
tt0105410,"Warped take on the Pinocchio theme, and set during the Christmas season(..after the previous entry abandoned ties to Christmas) has booby-trapped toys sent to murder a child(..yet through this, other victims are accidentally harmed in the process)perhaps by a toy maker's ""son"". Screaming Mad George was responsible for the killer toys(..including a larvae which enters a victim's mouth and out his eye, another where soldier toys actually shoot real bullets at a babysitter after her boyfriend was practically strangled by a severed hand toy, operating from a remote control). The little target is a mute child named Derek(William Thorne)whose stepdad was murdered by a red ball with extending arms that ensnare his face, causing him to land on a fireplace poker. Mother Sarah(Jane Higginson)worries about her son's mental state, figuring his reluctance towards opening presents or, more importantly, talking, derives from watching her husband's horrific murder. Derek's real father, Noah(Tracy Fraim)fears for his son't safety, and informs, reluctantly, his ex-girlfriend Sarah that the local toymaker, Joe Petto(Mickey Rooney)once was arrested for setting traps in toys to harm kids due to the loss of an unborn child when his wife was killed in a car crash..kind of a retaliation in saying that if he couldn't have a son, then others shouldn't either. Still quite a heavy drinker(..often seen swigging Jack), Petto seems to have set aside his feelings towards kids, but his creepy son Pino(Brian Bremer)hasn't and Derek he harbors angst towards. Why? You'll soon understand.<br /><br />Pretty disappointing special effects and rather goofy premise. Rooney's name adds an allure to the film, gaining it a notoriety, but his histrionics can only help so much. Attractive lead actress Higginson(Slaughterhouse)and Fraim as the man who re-enters her life aren't so bad, but the lame plot that develops is hard to take seriously. I'm guessing that's the point, but Rooney has no reason to be in such a film as this..he has no room to bring any personality to his toymaker other than rage and desperation, quite volatile, barely holding himself together as he explodes in anger towards Pino, when not downing liquor. Bremer is appropriately weird and ""robotic"" as Pino, longing to have Sarah as his mama. The practical effects used during the attacks on victims are rather unconvincing..Screaming Mad George's work with Savage Steve Holland was far more effective than what we see in this film. The sex everyone talks about isn't as gratuitous as many would have you believe(..I can't even recall any nudity). Probably the best of the numerous sequels greenlighted, but that's not exactly an endorsement. I'm pretty sure written on paper, this was an entertaining concept, the idea of spoofing Pinocchio using horror elements, but the result doesn't exactly blow you away."
tt0105428,"This film has its share of negative comments and I have to agree with those who consider it one of the worst movies ever made. True, most of the films based on the works of King are pretty bad, but this one goes beyond bad into the realm of horrible. There is not one scary moment in it unless you consider stupidity scary. It is typical King garbage -- myths twisted around that made no sense in the first place, mixed with obvious and belabored so-called ""scares"" that are about as shocking as PeeWee's Playhouse (which, at least, is entertaining). It is full of ridiculous moments, not the least of which is Alice Krige's character. When she goes on a rampage and starts quipping like the villain in an old Batman TV show, it is so absurd as to be sickening. All the people who had cameos in this (including John Landis)are lucky they still have careers. But the most absurd part has to be the cat costumes towards the end, which look like cheap rubber outfits someone bought at K-mart. The best part of the movie is the appearance of some real cats who actually out-act the people in the movie."
tt0105699,"This is another typical unbelievable and non-sensical piece of Hollywood dreck.<br /><br />Kurt Russell, as Snake Pliskin in a business suit, convinces me he was a better 2nd baseman. Ray Liotta as the psychotic cop is totally predictable and absurd. Madeline Stowe is her usual cardboard self, and does little to be a convincing victim.<br /><br />Every scene in this persiflage is absolutely predictable all the way to the end when Kurt clouts Ray with a vase or something, knocking him down and out. Kurt and Madeline then do their obligatory end-of-the-movie embrace, and EVERYBODY--- except Russell and Stowe, KNOWS Liotta is going to get back up and menace the couple again.<br /><br />He does, of course, and Russell drills him 10 times with his 9mm, which was ENTIRELY unnecessary. This movie could just as well ended with the bludgeoning scene--- EXCEPT Hollywood dotes on unnecessary violence, and the more they can add, or ""enhance"", the more slobbery they get."
tt0106669,"<br /><br />I am a big-time horror/sci-fi fan regardless of budget, but after watching countless horror movies late night on cable and video, this has to be the worst of all movies. With bloody special effects (what looked like a roast covered in fake blood or ketchup that kept being shown over and over again) and people running around screaming from left, then to right, then back again. It should have stayed with the beginning convenience store scene and stopped there and been 15 minutes. Instead, it is dragged out very long. It is very, very x5 low budget. Many scenes were way, way too long. Narrator sounded very amateurish like a random person out of junior high was talking. This is the only movie to rate lower in my opinion than Manos, Red Zone Cuba, Benji,and Godzilla vs. megalon despite their higher budgets. 10 snoozes, try to stay awake through whole movie in one setting or better yet, avoid it like you would an undead brain-eating mob. The Why-Did-I-Ever-See-This-Piece-Of-Zombie-Dung-Blues. Epitome of nauseatingly bad made movies etc..ad infinitum. -infinity/10"
tt0106997,"Genghis Cohn is a (very) mildly entertaining British movie about a German police commissioner in the late 1950's who is haunted by the ghost of a Jewish comedian that he killed 15 years earlier while serving under Hitler in the SS. The ghost comes back and wants his killer to live as a Jew to atone for the murders he committed.<br /><br />Otto, the German policeman actually knows this ghost's name because, the last thing he did before he died was said, in Yiddish, `Kiss my ass'. The policeman didn't speak Yiddish, so he asked around until he found the meaning. The `kiss my ass' left such an impression that everybody involved with that killing learned and remembered the comedian's name, Genghis Cohn.<br /><br />There are a bunch of men who are murdered in the jurisdiction of the police commissioner, and there are no helpful clues. The men are murdered with a set of knives that are missing from the local butcher. The butcher announces that his knives are missing while the commissioner is in the store to get a liver and onion sandwich, so the commissioner is a suspect. The first man is killed while making love to the butcher's wife, so the butcher is a suspect. But the butcher maintains that he would be very busy if he killed every man that slept with his wife. All the men are killed immediately after the climax of lovemaking.<br /><br />I think I might be a bit angrier than the ghost of Genghis Cohn if I was killed like he was. He seems to be very good-natured about it, as if he was just in a mild car accident. I can only guess that it is because it is a British movie and they are known for being a very polite people. He uses some of his material from his stand-up routing, and I just didn't find it very funny.<br /><br />I gave this movie a 4 because it was just kind of goofy. I thought it should have been a little more serious than it was. The movie turns out to be a murder mystery (where did this come from?), and it seemed that Genghis should have been more helpful than he was. The movie gave me a tiny look into Jewish culture, but was only skin-deep. Do all Jews love liver and onion sandwiches? Do they all say `shtoop' and `meshuganah' in their daily vocabulary? Isn't there more important stuff that we should know about the culture?<br /><br />I saw this movie at a Jewish community center in Berkeley, CA, and I was the only person in the room whose hair was not fully gray or white. (I have no gray or white hair.) There were 18 of us, and after the movie they stayed for about 20 minutes to discuss the movie. There were 2 main concerns expressed there: 1. The movie was way too light-hearted and future generations might not understand the gravity of what happened and 2. As the Holocaust survivors are dying off, future generations will not know what really happened. I thought that this second concern was ridiculous and I told them I thought they didn't need to worry because there is tons of literature out there and there will always be people who like to watch movies, like myself. The murder of 6,000,000 people by a very bad man will not ever be forgotten. I write this last paragraph because they charged me with telling others about my experience that day."
tt0107151,"There's enough star power in THE HOUSE OF SPIRITS to create another galaxy, yet the final product is pretty debatable. The film and its messages are very noble, and I think perhaps most would agree with them. (Liberal Democracy good, violent fascist regime bad; open-mindedness good, racism bad, etc). Unfortunately, we're battered from head to toe with these, and as much subtlety is used as I've described them. <br /><br />Ultimately, we are left watching very noble people without any flaws squaring off with nasty cretins who have no redeeming qualities. It radiates with all the suspense of a badly orchestrated ""pro"" wrestling match.<br /><br />Jeremy Irons plays the patron, a man of many contradictions. Meryl Streep as his gifted bride and Glenn Close, as her sister in law. When the camera stays with these folks, the movie tends to move, and is quite enjoyable. Unfortunately, THE HOUSE OF SPIRITS engages with simply way too many subplots, and characters pop up and out of the picture like shooting gallery targets. We don't get to know them, hence we don't get to care for them. The result is boredom. <br /><br />If Bille August, the director and screenwriter (from Isabel Allende's book) had either lengthened the film or snipped a few characters, this film might have worked completely. As it stands, it was a nice try, with nice messages, and a bonecrushing yawnfest.<br /><br />Not recommended."
tt0107333,"This movie is probably the worst I have seen. Bad acting, bad script, bad everything. Comparing it to mainly two other movies in the same genre and from approximately the same time is interesting. Both Cyborg (Van Damme, 1989) and Nemesis (Olivier Gruner, 1993) are much better and seems more robust in both story and directing and still it's Albert Pyun who has directed these two as well!<br /><br />The story is not original. The world has become a terrible place, possibly due to an environmental disaster or a nuclear war, and people live under medieval circumstances. A special breed of robots (cyborgs) live on human blood and there's the story... The cyborgs need to get a lot of humans to fulfill there ""prophecy"" and the humans need someone to stop them. One girl together with a robot (Kris Kristofferson) built by the creator of the cyborgs has been appointed by destiny to save mankind.<br /><br />In this movie the director tries some Hong-Kong stylish fighting scenes with the participants flying high and leaping far. The movie fails miserably in this attempt.<br /><br />I recommend this film with the only reason that most people will get a new ""worst ever"" movie to relate to. And to fans of the genre I recommend ""Cyborg"" since I think it's a very underestimated movie with quite a high entertaining factor. And if you can't stand Van Damme then check out ""Nemesis"".<br /><br />I rated this movie 1/10."
tt0107563,"Superhero movies pretty much always suck, and this is no exception. Its only redeeming quality is the fact the movie COULD have been even worse. I would put 'Batman & Robin' and 'Steel' above this movie, so yes it is that bad...<br /><br />If your looking for a black superhero, check out 'Blankman' its not a ""serious"" superhero movie but at least its entertaining."
tt0107979,"There's nothing quite like watching giant robots doing battle over a desert wasteland, and Robot Wars does deliver. Sure, the acting is lousy, the dialogue is sub-par, and the characters are one-dimensional, but it has giant robots! The special effects themselves are actually quite good for the period. They are certainly not as polished as today's standards, but it contains a minimum of computer graphics and instead uses miniatures, so it has aged fairly well. Its shortcomings are easily overlooked given the films short runtime, and it does have a certain tongue-in-cheek humour in parts that make it quite enjoyable. I would recommend this to any fan of giant robots or cheesy sci-fi who is looking for a lighthearted hour of distraction."
tt0111993,"When I noticed that ""Hamish Macbeth"" was being broadcast in the United States, I was thrilled. I then had the misfortune to watch the darn thing. I adore M. C. Beaton's books about the wonderful Scottish Constable. The characters in the book are entertaining and very well-written. The powers that be who are responsible for this mish-mash apparently have never have read one of Beaton's books. Only the name ""Hamish Macbeth"" has anything to do with the series. Besides the lack of familiar characters, I find the whole show offensively loud. It seems that the actors feel they must shout their lines and scream at each other. If you love M. C. Beaton's adorable Hamish Macbeth don't waste your time on this rubbish."
tt0113305,"MINOR SPOILERS!<br /><br />Well i just sat up late and watched this film, mainly because i enjoyed and rated some of Singleton's earlier work like ""Boyz n the hood"". However, i have to say this was a major disappointment and is everything i hate about contrived, clichéd, so-called ""message"" movies. <br /><br />The acting is mainly poor,(pop stars and models do NOT necessarily make good actors...take note), the situations hard to swallow, (rape victim becomes overnight lesbian?...please!), but worst of all it reinforces every screwed up stereotype you can think of. By the second half of the film it has become cartoon like in its characterisation, making you lose any shred of empathy you may have had for its one-dimensional players.<br /><br />Not once is any valid point made about the inherent causes of racism and cultural, sexual and political ignorance. As a result it merely ends up sensationalising the results of these problems. It's message is contradictory, resulting in a sense of confusion and a general lack of plot cohesion. As for the films conclusion i found it predictable, embarrassing, exploitative and mildly offensive. For a film called ""Higher Learning"" i have to say all i learned is to avoid seeing this ever again.<br /><br />If you want a true comment on some of the themes that this film completely fails to elaborate upon then go hire ""American History X""....unless you were just watching it for Tyra Banks then go hire a life."
tt0114057,"Working with one of the best Shakespeare sources, this film manages to be creditable to it's source, whilst still appealing to a wider audience.<br /><br />Branagh steals the film from under Fishburne's nose, and there's a talented cast on good form."
tt0115834,"Carnosaur 3 is bad... awfully bad. Bad to the point where it is funny. How matter how much I try to convince myself, I just can't believe anyone in this world could find this entertaining for serious reasons. I mean, come on, even the cover is bad! OK, the special effects are absolutely ridiculous. Those ""Carnosaurs"" are really ridiculous. A scientist tells the soldiers that they move incredibly fast, yet when you see them run, they run at the speed of... an actor in a rubber suit trying to run as much as he can. And the explosions are funny(there is no other word to describe it). At the beginning, a bullet hits a Jeep AFTER a guys says ""What was that?""... And the other explosions are also laughable. But the worst thing is the screenplay and the so-called story. You don't expect a good story(or, I don't think anyone renting this movie expects a good movie) but at least the story has to try to make sense. I mean, how hard is it to make a story about dinosaurs killing people at least coherent. Incredibly hard if you look at this. Oh, and if you think that it's easy to makes believable commandos as your characters, tell it to the writers of this awful, awful piece of crap. I mean, what sick human being would make cheap jokes after one of his buddies is dead? And they do lots of it. And if you think that a movie about dinosaurs killing soldiers can only be at least action-packed, WAKE UP!!! This movie is incredibly dull. The carnosaurs(who invented this lame name anyway?) attack(in boring action sequences where you don't see much happening). The soldiers think of how to beat them(in incredibly funny scenes where they try real hard to be serious but can't seem to convince even just one second). So, then, they attack the carnosaurs, but their idea doesn't work(another laughable action sequence). Back to planning(with a few lame jokes thrown in) in another ridiculous scene. And this goes on, and on, and on. And let's not forget the acting which is about as convincing as the special effects... and the story... Oh OK, this movie simply sucks from A to Z.<br /><br />"
tt0115994,"Proof that not everything Tarantino touches turns to gold. This is most definitely plastic, all the way. Its easy to see that without Quentin's involvement this would have probably sat on the shelf for years, that's assuming it would have ever got produced in the first place. It is about a woman with a fascination of death who gets a job cleaning up after crime scenes, Angela Jones is unconvincing in this role, William Baldwin is better as the Serial Killer who keeps Jones in employment!. All in all pretty poor."
tt0116762,"This is a genuinely horrible film. The plot (such as it is) is totally undecipherable. (I think it has something to do with blackmail, but I'm not entirely certain.)<br /><br />Half of the dialogue consists of useless cliches. The other half is spoken by the various actors in such unintelligible imitations of ""southern"" accents that (thankfully) the words cannot be recognized.<br /><br />But the one true tragedy of the movie is that such a historic talent as Mary Tyler Moore apparently was in such dire financial or personal circumstances that she appeared in it.<br /><br />"
tt0117283,"Gwyneth Paltrow is absolutely great in this movie, but the story is, unfortunately, half-baked, and David Schwimmer's energy is sort of like cold mush. When he closes his mouth and gets serious for a moment or two there is a rush of what-might-have-been. Who thought 25-year-old kiddies would be entertaining?"
tt0117894,"You'll notice that the chemist, who appears in two scenes and gets to speak, is played by Stephen King. ""Don't give up your day job"" is the standard thing to say, but that's not fair. King acquits himself reasonably well: he's no worse than any other member of the cast, and better than most. The story, on the other hand, is pure rubbish. Please, give up your day job.<br /><br />Never have I seen so many dreadful performances - of which the lead actor's (the LEAD ACTOR'S!) is probably the worst - gathered together in the one film. Everyone acts hammily, but not in any entertaining way; they all somehow manage to go over-the-top without expending, or manifesting, energy. I blame screenwriter/director Tom Holland. It can't be that ALL the actors are REALLY this bad. What are the odds against that? Admittedly, I've never heard of any of them before, but still, I don't think I could walk into a talent agency and walk out with this many bad performers if I tried: ONE actor, despite my best efforts, would turn out to have talent. So what's more likely - that Tom Holland rolled a dozen consecutive snake-eyes, or that he wrote a lousy script and then directed it poorly? That would also explain why actors are bad in direct proportion to their prominence in the script. The more direction an actor got, the worse he performed. (""You want me to bend over like a hunchback, talk from the back of my throat, show all my teeth, and look bored, all at the same time? Okay..."")<br /><br />This theory is confirmed by the fact that Holland undeniably managed to co-write a lousy script. Several writers here have commented on the fact that Billy Halleck is not a likeable character, but that's a misleading way of putting it. He's not a knowable character. All we find out about him before the supernatural stuff starts happening is that he's fat, and that all he can think about is food. (""All I can think about is food,"" he tells us, helpfully.) And in the end...<br /><br />(Sigh) I suppose I ought insert a spoiler warning here...<br /><br />In the end he becomes evil. Why? I can only shrug. Perhaps he's under some kind of enchantment. Yeah, that's probably it. By ""evil"" perhaps I mean ""inexplicable"" - it's not so much badness as a socially undesirable suspension of ordinary means-end psychology. Anyway, his actions at the end make no sense, nobody's actions make much sense, and this is despite the fact that the characters do little but explain their motivation for the benefit of the audience.<br /><br />By the way, here's my nominee for hammiest line/delivery: ""I don't think you'd like it. IN FACT..."" [big dramatic pause] ""...I don't think you'd like it at all."""
tt0118882,"I haven't seen anything this bad since I walked out of the James Bond movie ""Moonraker"" twenty years ago. I managed to sit through the entirety of this one only because of Tilda Swinton, but there was nothing she could do to save this beast.<br /><br />As a cross between ""Pi"", ""Orlando"", and ""Tron"", this movie failed miserably in every aspect of moviemaking. The characters were cardboard and unable to evoke any kind of sympathy. The plot was wholly unbelievable. The acting was, with the exception of Swinton, amateur. The computer graphics were worse than in ""Tron."" Timothy Leary was extremely annoying. I could go on, but what's the point.<br /><br />The only good thing I can say about this film is that Tilda Swinton was in it. I have no idea why an actress of her caliber consented to appear in such a dud, but she most likely regrets it now.<br /><br />Don't waste your money or your time on this stinker. There's nothing worth seeing here."
tt0119173,Demi Moore's character in the movie was selected for the SEALs because of her looks. That was a bad start and the movie went down from there. The plot was totally unbelievable. The will to make it in a tough military unit is not enough. This movie did not convince me of a woman's physical ability to perform the types of tasks required.<br /><br />Trying to pretend that women and men are basically the same is an insult to everyone's intelligence. The differences between the sexes are what makes life interesting.
tt0119196,"I think I've seen all of the Grisham movies now and generally they're all very poor, except for The Rainmaker, but this one is so bad it's unbelievable<br /><br />WARNING SPOILERISH<br /><br />It's one of those movies where the character does the stupid irrational things that no one would ever do. He's a lawyer for Christ's sake. Why when his children go missing does he not call the Police. Oh yes it's because all the Police hate lawyers so they're just ignore him and let him be attacked.<br /><br />When he's arrested for murder they just let him go free, he would be locked up in a cell pending a bail hearing. <br /><br />Why would you drag your kids halfway across the country when you could easily protect them at home.<br /><br />The Police don't bother to try and find an escaped mental patient, they don't bother to interview his daughter.<br /><br />As for the ridiculous ending.<br /><br />In summary, silly, very unrealistic and a complete waste of time.<br /><br />0/10  One of the worst films ever made."
tt0119303,"Home Alone 3 is one of my least favourite movies. It's the cream of the crop, or s*** if you tend to be more cynical, as it ranks up (or down) there with stuff like Battlefield Earth and Flinstones: Viva Rock Vegas. In fact, it could even be worse than those two, since those two at least intermittently made me laugh at their stupidity. This just made me cringe in pain constantly and clap when the credits started rolling. No other movie has made me cringe in pain. Now I will point out exactly why this movie is so incredibly atrocious.<br /><br />First off, the plot is ridiculous. It revolves around a chip in a remote control car (?!) that is misplaced and how these terrorists want it. Dumb stuff.<br /><br />The action that ensues is similar to that of the other two Home Alones, with boobytraps and all, but watching these boobytraps being executed is, rather than being funny, incredibly unpleasant to watch. I didn't laugh (or even so much as smile) once, rather, I cringed constantly and hoped that the terrorists would nail the kid. The bird, rather than providing comic relief, was unfunny and annoying.<br /><br />The acting, as done by a bunch of no names, ranges from poor to atrocious. There is not a single good performance here. Alex D.Linz is absolutely unlikeable and unfunny as the kid, while the terrorists act (and judging by their movie credits, look) as they've been hastily picked off the street...and well, that's it.<br /><br />I can see some people saying: ""Man, it's for the kids. Don't dis it, man."" Well MAN, kids may like this, but they can get a hell of a lot better. See Monsters Inc. and Toy Story before even considering getting this out. Hell, even Scooby Doo and Garfield (which suck - see those reviews for more) are better than this! <br /><br />So in short, this is an irredeemably atrocious movie. This was clearly recycled for the money, as it almost completely rips off the first two; the only thing is, it completely insults the first two as well. No human, kid or otherwise, should find any reason to see Home Alone 3. Ever. It's THAT bad.<br /><br />0/5 stars"
tt0119310,"Yes, talk about bad sequels. Rick Moranis stars in this awful third sequel to the once-funny-and-entertaining ""Honey I Shrunk the Kids"". The concept basically plays the same way as the first film, but with the adults instead of the kids being shrunk and the inner house instead of the garden as the universe to explore. If you think this sounds interesting, think again. The movie is boring at best, right down an embarrassment at worst.<br /><br />First of all, the continuity of the series has been completely flushed down the toilet. The only remaining actor of the first movie is apparently Rick Moranis. The actress playing his wife has changed, the actors playing the kids have changed, the ones playing the neighbors have changed... you name it. They try to make us believe this is the same family, but the results are puzzling to say the least.<br /><br />Second, the story is a rehash of the first one, with not one bit of originality. All the few jokes (and there's barely any) and the dangerous situations presented in the movie are just copied straight from ""Honey I Shrunk the Kids"".<br /><br />Third problem, the special effects. I'm sure this has been done on a smaller budget, but they are pathetic, way way worse than the ones appearing in the rest of the series. You're supposed to admire in awe these tiny figures exploring the huge domestic area, but you'll probably end up cringing most of the time.<br /><br />Fourth problem, to locate the action inside the house is just boring. Only few things happen, and when they happen, they are not thrilling at all. The first movie was amusing because the kids were dealing with nature, the grass, and the bugs that live in it. In this one, the adults (which come up as rather boring, compared to the kids) deal with dust, a cockroach and a cockroach trap. Disgusting.<br /><br />I don't know why the idea of releasing such a trite sequel to the already moribund series appealed Disney's executives, except maybe because they needed to cash in without spending five minutes thinking about something new. I'm warning you: leave this tasteless cash-in garbage where it should stay: getting dust on the shop's shelves."
tt0119380,"Here we are: two travelers from a distant futuristic world arrive on earth... one is on a desperate mission to preserve a life, another is an inhuman killing machine determined to eliminate the woman who will give birth to the saviour of an entire race.<br /><br />So what could we call this killing machine? It's almost like he's some kind of destroyer, or eradicator... sort of like an exterminator or something. What's the word I'm looking for... something that -terminates- things? Hmmmm....<br /><br />Anyway, the protector (who swiftly doffs the white tunic he stole from Luke Skywalker in favour of local clothing) finds the young woman first and impregnates her with a future-born hero-to-be. The evil uhhhh... ""exterminator"" kills some rednecks and steals their guns and clothes, then attempts to locate the woman by visiting her workplace and asking around by looking menacingly into people's eyes and repeating her name threateningly.<br /><br />Then begins a desperate race for survival as the seemingly deathless and unstoppable ""exterminator"" pursues the couple across the countryside. At some point he may acquire boots and a motorcycle, but I'm not sure.<br /><br />Perhaps, in an exciting finale, he will attempt to crush them under the wheels of an enormous tanker truck full of... acid. Then the truck will crash. They will be saved... but no! He will then re-emerge, as strong as ever. He will kill the protector and pursue the girl into a meat packing plant, where in a terrifying finish, he is pushed into a large piece of industrial chopping machinery, and destroyed once and for all.<br /><br />But maybe I'm extrapolating too much... after all, I did stop watching this movie after Mr. Protector magically impregnates Sean Young by kissing her at a bar, then tells her the child will be born in 3 days. <br /><br />The costumes and effects are great in this movie... I loved them the first time I saw them on Star Trek: Next Generation too! Sean Young does another great turn as an unemotive Replicant, and career sweat-hog Stephen Baldwin is also on board as Young's Fat Cop Boyfriend. Not sure where he fits into the plot though... maybe he's an import from a different James Cameron movie?"
tt0119427,"JUDAAI was a bold film by Raj Kanwar at it's time In 1997 when such a topic was damn out of the box<br /><br />To give him his credit he does succeed in showing how greed changes a person and to what extent the person can go to get what she wants<br /><br />The film however is damn melodramatic, many places ridiculous<br /><br />One wonders why Anil doesn't buy a TV for his wife? when he earns so much Just to show how poor he is?<br /><br />The twist is well handled but the handling is straight out of 80's The Johny- Paresh comedy which entertains here and there stands out as a sore thumb as it doesn't fit in the story<br /><br />Even there are several cringeworthy scenes<br /><br />Direction by Raj Kanwar is adequate though at times too melodramatic Music is okay but most songs look forced<br /><br />Anil does his part well Sridevi is excellent in her part Urmila is decent Amongst rest Kader Khan is as usual Johny Lever is funny, Paresh irritates Farida is decent"
tt0119700,"I watched this movie last night and already I am struggling to recollect very much about it. The story is about a group of criminals who escape from a space penal colony. They fly to the Moon in a space-age dustbin carrier; when there, they terrorise the dustbin men who work on the Moonbase.<br /><br />It strikes me that rubbish low-budget sci-fi films often involve either desert planets or, like this movie, criminals escaping from penal colonies. Why this is I have no idea. But I can say with some certainty that such films are always diabolical. This one is really no exception. It begins reasonably well with a decent credit sequence and a half-way alright dance music soundtrack. It then degenerates into a boring sci-fi thriller. So little of consequence actually happens in this movie that I am literally struggling to write a helpful review, so if you're reading this I apologise for not being able to enlighten you to the film's subtleties and nuances. For the record, I recall a tedious bunch of baddies, a tedious bunch of goodies, some nuclear warheads and a hologram of a naked woman. Other than that, I'm struggling.<br /><br />If you feel you could be interested in the activities of lunar dustbin men then I would not hesitate to recommend this film. I would also recommend it to those of you who wish to send their friends to sleep and steal their wallets."
tt0120247,"This film was bad. Bad acting, bad directing, bad writing. But it wasn't bad in a funny way. It was bad in a boring way. I watched ""Surface to Air"" because I thought it might be a laugh. It wasn't. Don't make the mistake I did. There are plenty of more enjoyable ways to spend an hour and a half such as watching paint dry or reading the dictionary. Seriously."
tt0120620,"I had been looking forward to seeing this film for a long time, after seeing ""Return to Paradise,"" which I found to be gritty. I was so disappointed. The most realistic thing about it was the unpredictable ending which I think was partly stolen from ""Return to Paradise."" <br /><br />Maybe I was expecting too much. <br /><br />On the positive side Danes, Beckinsale and Pullman were fantastic in their roles. Although I didnt like Danes's character and first and found her very annoying. <br /><br />I couldnt see anything realistic about the film. It could of been done so much better, for example there could of been more emphasis on the prison conditions and the sheer horror. It was too cheery a movie to be realistic. There could also of been more action and tension<br /><br />The best thing about this film is the ""tragic"" ending. I couldnt of predicted that. But by that time I really didnt care what happened to them.<br /><br />3/10"
tt0120742,"MAJOR LEAGUE: BACK TO THE MINORS (1998) ½* <br /><br />Starring: Scott Bakula, Eric Bruskotter, Corbin Bernsen, Dennis Haysbert, Jensen Daggett, Written and directed by John Warren 100 minutes Rated PG-13 (for language and some violence) <br /><br />By Blake French: <br /><br />	Believe it or not, in the new John Warren comedy ""MAJOR LEAGUE: BACK TO THE MINORS"" there is one funny scene. It consists of a sequence where an infuriated coach throws a baseball hard into the wall behind him only to have it hit the cement and bounce back and smash him in the face. It's not much, but with the exception of a few one-liners, it's all this film has to offer...enough said. <br /><br />This movie is not only structurally impaired, characteristically undeveloped, predictable and badly written, but also just plain bad. Even non-critical audience members will hate this movie with all that they got. It is so familiar it just isn't funny. <br /><br />How many times does the same movie about sports have to be made? Last years we saw this same material in ""Air Bud: Golden Receiver,"" and as bad as that film was, this is even worse. At least ""Air Bud"" was family oriented. ""Major League Back to the Minors"" is too vulgar for a wholesome family to view together on a Sunday afternoon. It is too childish for adults. So who is this film for? Teenagers? Elderly? People who are so desperate for entertainment they would rent something like this?<br /><br />	The film, like many others like this, has one basic point it tries to make: teamwork conquers all. Yes it does, and what a great moral to try to prove. Too bad we have already seen and excepted it so many times over and over have such little talent and intelligence that their cheerleaders are men in a ballerina costumes. Where the silly announcers form their own ""buddy comedy routine"" muttering one liners to themselves like ""They suck,"" ""This kids fast ball is timed with an hour glass,"" ""This guy dropped out of ball for a while to find something he lost--maybe it was his mind,"" ""Somebody needs a nap,"" and ""ever see a sunset as beautiful as that play."" Where the characters have such little significance to each other that we never know them by name. And where the only heartfelt lecture scene about teamwork is so unknowledgeable that it is almost funny.<br /><br />	""Major League Back to the minors"" is so bad; it stalls its trite ending right in the middle of a good closing sequence. The good baseball team is on a comeback, they are about to win and--the power goes out. I was thinking for a minute that this piece of trash had come to a conclusion, but in reality, its false final scene exists only to add minutes to the running time. The movie basically consists of a series of unrelated sketches that throw in so many putrid jokes it is are not funny. There is another kind-of-funny line of dialogue that has a coach and a player talking to each other about why a long time outfielder is not wanted in that position any longer. The coach's answer: ""You're too old, too slow, and too fat."" The player's reaction is to die for. But that scene certainly does not make this movie noteworthy of you time, and certainly is not worth a cent of your money. <br /><br />So here is another dreadful entrée into this genre of film, another that is doomed with its own script, which is failed before seen, and another which is so familiar it seems like deja vu all over again.<br /><br />"
tt0123385,"Artemesia takes the usual story about the art world, eg, ""You can't paint that! But I want to!"" and plasters it with sex and scandal to make the whole film, well, interesting, but not remarkable.<br /><br />The story is about one of the first female painters around, Artemesia who course, is fiercely independent, but just can't stop thinking of men, and their bodies for artistic purposes of course. She soon gets private tutoring from one of a well known artist, but soon tutoring becomes much more then art, and soon after that, scandal erupts! Funny how they could take a historical biography and make it almost into a soft-porn fantasy. I mean, was Artemesia THAT much of a man-hungry person? Also, it's quite funny when she's insisting that she ""paints for herself!"" yet falls for the first person she sees.<br /><br />Actually, the story itself is quite fascinating, and it ends with a trial, which I always love. But I wasn't too crazy about the male lead who played her teacher, who looked rather like the person someone like that wouldn't fall for. I woulda gone for the young fisherman :P"
tt0125430,"Connie Hoffman is very pretty and is attractively topless at times.<br /><br />That's it, folks. The sole reason for even considering whether to watch this film or not.<br /><br />These 70s sexploitation period pieces are sometimes entertaining by virtue of their very datedness (flared trousers, big hair, Zapata moustaches etc.). This one isn't.<br /><br />The script is bad, the acting is bad, the direction is bad, and the idea of having a senior citizen romantic leading man is exceptionally bad.<br /><br />The title, hinting at a sex comedy, is grossly misleading.<br /><br />I heartily recommend avoiding this one like the plague."
tt0125510,"I am starting this review with a big giant spoiler about this film. Do not read further...here it comes, avert your eyes! The main heroine, the girl who always survives in other slasher films, is murdered here. There, I just saved you 79 minutes of your life.<br /><br />This is one of those cheap movies that was thrown together in the middle of the slasher era of the '80's. Despite killing the heroine off, this is just substandard junk.<br /><br />Both priests and college students get a bad rap here. They are pictured as oversexed, sociopathic morons who have way too many internal problems to deal with what looks like junior college campus life...and the college students come off even worse.<br /><br />""Splatter University"" is just gunk to put in your VCR when you have nothing better to do, although I suggest watching your head cleaner tape, that would be more entertaining.<br /><br />This is rated (R) for strong physical violence, gore, profanity, very brief female nudity, and sexual references.<br /><br />"
tt0138322,"From the first time I saw the box cover of the movie and the stretched out photography I thought this guy, this friend of the 'Scwarz' must be like 6 foot or 6ft 2in. <br /><br />Not 5 feet tall. Not that, it's his fault. <br /><br />At any rating, I turned on the movie one cool night in Tucson, out on the second story-deck with a good cigar and let it roll. At that time my wife was having an affair and things were going down hill for me, so I needed a good diversion. But, as bad as the movie was...I totally enjoyed it, with a bottle of Merlot too, I might admit. <br /><br />Truly, I have watched this movie many times. It always makes me feel good!! It's not that it 'tries too hard' to be cool or that 'It's so close' to hitting the mark for an action film....It's frantic. And then truly clueless. Then frantic again. It's the best of the best when it comes to a slow speed chase scene. Wow!! I never felt safer in my life. Warm and happy too. I was thankful that they conserved on the gasoline during the chase, due to less production in the summer months...anywho <br /><br />The direction was 'uninspired' the action and fight sequences needed to be choreographed, or re-choreographed and tightened up, the sound was off the delivery didn't hit you, it just kept on going, the other way. The 'locals' of that village that they were in, the town rather, were 'Off cue' they also did not seem to follow what was happening very well, the would look and even 'stare' into the camera lens. Like a deer in the head lights kind of thing only some of them with a smile, a smiling deer. <br /><br />I feel bad because 'Columbu' I just bet has a good heart and a caring spirit for people in America as well as for his own countrymen. <br /><br />However ""Baretta's Island"" is very lethargic and unbelievable. Even still I like it a lot. My now x-wife hates it, but I love it! <br /><br />The funny thing is, I am pretty discriminating when it comes to movies I like or even 'love'. All in all, I like Franco. So there it is. <br /><br />As a movie adding addendum to this if you like killing a few hours with truly fun to watch, straight to video-B movies or 'bad' movies for your little library collection then, if you can find it, check out 'The Big Sweat' (1991) with Robert Z' Dar..you know the big guy from 'TANGO & CASH'. 'The Big Sweat', a bomb of a cop story with no real plot discovery and acting that is so lame, it might as well be 'on crutches' and at the end of 'The Big Sweat' I think they ran out of money, because they had a picture of the cast and just set it on fire and let it burn during the credits. -Good fun. <br /><br />But all in all, not as good as Baretta's Island', I gave it a '1' and an overall rating of 'awful' for awful-good B' movie. I'm waiting for the sequel, maybe like 'Baretta's revenge on Montazuma' (Franco takes a Mexican vacation and gets sick on the water then, declares war on the water co.) or 'Baretta's powder war' where as he would stake out a large drug lord in his country and chemically gene-splice and create a hybrid super bug (insect) that would be bred and dropped into the cocaine fields and eat the coke and upon passing it through the bug, it forms a chemical reaction that turns the coke to pure powdered sugar. Then another sequel he would have to get the young people rescued from excessive sugar addiction and so on. He could get a major tooth paste company to endorse and partially fund the project with careful product placement in the feature. Right?(*)"
tt0141369,"I was a huge fan of the original cartoon series, and was looking forward to finally seeing Gadget on the big screen -- but I never in my wildest dreams expected something so extremely extremely terrible. The pace was WAY too fast, there was no plot, and 'wowser!' - what the hell is that?? It was 'WOWSERS!!'."
tt0143096,"Brief summary: This movie demeans everyone it touches. That means you.<br /><br />First off, let me say I'm not a purist, and this might have been funny for a few minutes. The impersonations are not bad. But overall it's just dull and excruciatingly not funny. A few simple jokes are repeated over and over again.<br /><br />It's clear that this movies only exists to squeeze the last few dollars out of the now-trademarked Laurel and Hardy. The producers cannot have any real regard for their place in film history, or their talents. This is what offended me the most.<br /><br />Of course, my daughter liked it, so I'm also a failure as a parent ;)"
tt0144191,"From the awful death scenes to guns that fire without making sounds to a character called the Fiend. It's all tiresome, slow moving, unimaginative drivel. It was OK seeing the guy with the cape and the hunchback lurking around. Visually it was creepy and probably occupied the moviegoer of the time, but even in 1936 one would think that there would have been a little more imagination and verisimilitude to even a film like this. I just kept waiting for something to happen of any importance as people stood around making speeches and acting like they were posing at an office picnic. And then there are those bullets as a previous commentator mentioned. Perhaps the best clue would have been to search for a water spot on someone's pants pocket."
tt0145531,"I find it hard to believe that anyone would put this movie in the same context as the Exorcist. Where the Exorcist was subtle and creepy, Stigmata was blunt, clumsy, and way too formulaic.<br /><br />This is one of the most visually beautiful films I've seen in a while, but the imagery does not make up for the downward spiral of patronizing exposition that makes it unbearable. <br /><br />My interest in this movie was peaked when it was compared to The Exorcist, and my visit to the official web site increased that interest. The web site had many tales of ""actual"" stigmata throughout history. However, scene by scene, the movie is so obsessed by its quest for ""genuineness"" that it becomes comical at first, then outright hard to watch toward the end. I began getting suspicious when the priest charged with investigating potential miracles walks into the beauty parlor where our would-be heroine cuts hair and, evidently, flirts with priests.<br /><br />The plot: A woman without faith in God begins receiving the wounds of Christ (the Stigmata) and is baffled and upset about the ordeal. A priest is sent straight from the Vatican to investigate the case. Is Frankie possessed by Satan, or a vessel for Jesus Christ?<br /><br />The only miracle in this film is that it finally ends."
tt0160904,"Spooks is enjoyable trash, featuring some well directed sequences, ridiculous plots and dialogue, and some third rate acting.<br /><br />Many have described this is a UK version of ""24"", and one can see the similarities. <br /><br />The American version shares the weak silly plots, but the execution is so much slicker, sexier and I suspect, expensive.<br /><br />Some people describe weak comedy as ""gentle comedy"". <br /><br />This is gentle spy story hour, the exact opposite of anything created by John Le Carre.<br /><br />Give me Smiley any day."
tt0161023,We've all seen this story a hundred times. You can see each plot turn coming a mile away. The relationship between the mother and daughter is way too sweet and understanding to pass for realistic. Janet Mcteer's performance is stock southern hot- ticket mother in vintage clothes. Should have been made for the Lifetime Channel.
tt0162889,"in fact,it's basically the same movie.and they couldn't even get the time line of events correct.maybe that was intentional due to laziness or not caring.either way,this thing is a real woofer.it doesn't even deserved to be called a movie.i viewed this as a so called second feature on the disc containing the original The Boogeyman.i thought my head would explode,and i urge you to run as far in the opposite direction of this thing,if you should be cursed with the misfortune of combing across it's path.it should come with a warning label like:Warning-may cause your i.q to drop several points if you are within it's vicinity.for me,there's no doubt this thing is a 0/10"
tt0164052,"Leave it to Paul ""sex on the brain"" Verhoeven to come up with a pointlessly sleazy and juvenile version of the INVISIBLE MAN story. If he'd direct a Pokemon film, I'm sure he'd turn it into some massive orgy of sorts. I don't mind sex or even sleaze (check my other reviews) on film but frankly, it's obvious the director has a one track mind and he couldn't see interesting aspects about an invisible man storyline than the kinky implications it comes with it. It's a shame because it could have been good if the film didn't spend so much time having an invisible Kevin Bacon grope women. <br /><br />The game cast of actors does what it can with the one-note cheesy script but I felt bad for some of them, including William Devane, who is totally wasted here.<br /><br />But then what could I have expected from the director of SHOWGIRLS, which, btw, is much more entertaining than this stilted & bad film."
tt0164699,"I just finished watching this film and WOW was that bad. Actually the only thing that kept me watching was that it was SO MONUMENTALLY bad it was kind of entertaining. The action of the characters is hilarious, from the hyper-dramatic way they fall to gunfire, to their incredibly bad acting (were the bad guys all just pulled off the street, or were they actually actors?), to incredibly bad delivery of lines, to their inexplicable actions (if you are going to try and shoot someone through a doorway as they enter, obviously the thing to do is shoot directly at the doorknob!!). This film must break some record for worst written and delivered lines.<br /><br />The camera work was also really bad - you can hardly see what's going on in the fight scenes due to switching camera angles and shakiness.<br /><br />I would have voted ""1"" except that I do like Chiba and sidekick Sue Shihomi, and I was entertained by a couple of scenes: 1) breaking of a villain's arm so the bone pops out of the skin (that's gotta hurt) 2) a drug kingpin eating a brown-furred animal (a monkey??) by hacking away at the carcass with a meat cleaver 3) Sonny Chiba's performing some impromptu eye surgery on a guy with his fingers.<br /><br />I am actually a big fan of Sonny Chiba but this one is really not worth anyone's time. I've seen about 7 or 8 of his films and have come to the conclusion that the only ones worth watching (and they are great!) are the Street Fighter series, and The Killing Machine. I've also heard the Executioner and Golgo 13 are good. I recommend sticking to those ones."
tt0166813,"For anyone that loves predictable movies with an awful soundtrack, lack of dialogue, clichés up the wazoo, and also stereotypes that just happens to be typical of an American film, look no farther. DreamWorks whether wanted to save money on acquiring voice talent, or really wanted to create an animated episode of National Geographic; either way, they succeeded in delivering a rather bland and boring movie. Spirit: Stallion of the Cimarron is a bore fest that sends mixed signals to kids and adults, and also fails to entertain despite the oh-so-cutesy theme of animals triumphing over humans. After looking past the wonderful animations, what you have remaining is nothing but a big mess.<br /><br />Spirit is about a stallion that from the beginning of the film looks like quite a handful, as he is a horse that cannot be tamed, calmed, nor controlled. Because of this, he rises and becomes the leader of his group of high-spirited horses, which includes his mom. But, his life of freedom and running around comes to an abrupt halt as he is captured by a group of Americans in the process of connecting the Wild West with the rest of the country. During this, Spirit (never actually named that throughout the entire film almost) befriends a courageous Native American, and a fellow female horse, and also has a lot of run-ins with the cynical and cruel Army folks that apparently don't believe in giving up.<br /><br />Why must movies mix computer animation with traditional? It comes off looking rather meshed, something Spirited Away suffered from as well. Best example is when a train is chasing after Spirit; you see the hand-drawn Spirit running from a computer-animated train. It would look much better if it were one or the other, but not both; unless you can really pull off some nice effects. Beauty and The Beast's famous dance sequence uses computer animation, but it is nowhere near as obvious as the train or the snow in this movie. The opening sequence was the best-looking part of the film, kind of sad to see the rest of the movie slide a bit downhill in terms of quality. A little scene has multiple; I mean multiple similar shots of just a general's face, quite repetitive and annoying in my opinion.<br /><br />The kids might enjoy this flick, but with lack of dialog, song, and motivation, it might be a perfect technique in making hyper children fall asleep. While Disney becomes criticized for its animated musicals, they wind up becoming much more entertaining than a more realistic approach to telling a story like this one. Bryan Adams has no place in this movie, and why does Hans Zimmer stay away from using a Western theme in this movie, when it is a story taking place in the Old West? Soundtrack sounds a bit off if you ask me. At least they are using realistic noises of horses, two points for that. Yet, if you are going to refrain from making horses talk, why even have a narrator interrupt every so often, which just so happens to be the main character himself?<br /><br />Native Americans are nice, and the Western folks are evil, Native-killing, horse torturing, rowdy, psychopathic monsters that must be destroyed. More or less, this is what Spirit is showing us. It reaches a point in which they are trying so hard for the viewers to hate the travelers of the Wild West; they even had a scene of several horses pulling a huge train up a hill, and another scene of them destroying an entire village of Natives. Now, the person Spirit befriended happened to betray him, on more than one occasion, yet that is forgivable, apparently because he is not a soldier; that or because he has the sassy female horse.<br /><br />Spirit isn't exactly a victim we should feel sorry for; the viewer is supposed to sympathize with Spirit despite him putting his entire group of horses at risk, wreaking havoc, and even perhaps resulting in some off-screen deaths that are quickly shoved aside because oh no, Spirit is in trouble! This film gets quite rhythmic, as we see in multiple instances Spirit escaping from chains, kicking people around, destroying property, freeing horses, and then getting captured again---all in this same order too. The writers also seem to have an obsession with cliffs because they are sprinkled all over the movie; for an Old West film, they certainly have very little room to roam.<br /><br />Bottom Line: This is most certainly no Disney movie, as a matter of fact that is a bad thing, even though it was what they were aiming for. So, instead of the typical musical, we get a boring film that becomes predictable, dull and slow in multiple instances. Even the decent animation becomes inconsistent when the computer work gets thrown in. Everything about this movie was just wrong; from the ideals that back then Americans that were not native were evil buffoons, to the soundtrack and musical score that just seemed so far off. Kill Bill Vol. 2, which pretty much has nothing to do with the Old West, has more of a Western feel than this movie. Do yourselves a favor and totally skip this by all means necessary. Thank you."
tt0167456,"This is a truly awful film. What they have done is taken a TV show, which was never aimed at young children & given it the George Lucas treatment (i.e. ruined it by kiddifying it to appeal to the younger audience).<br /><br />OK so the Thunderbirds TV show wasn't exactly the most cerebral of shows, in fact it was pretty formulaic, but it was always enjoyable to watch (especially when the models got blown up) and the voice cast wasn't too bad.<br /><br />This suffers from bad casting & bad acting (with the notable exceptions of Sophia Myles as Lady Penelope & Ron Cook as Parker, who seem to be the only cast members to have a clue about how their characters should be played) & after this travesty I wouldn't let Frakes direct traffic.<br /><br />The whole point of Thunderbirds was that it was about the whole Tracy family & how they worked as a team, preventing disasters or coming to the rescue of those involved in disasters.<br /><br />Avoid this rubbish like the plague.<br /><br />I only give it 1 out of 10 because a zero rating is not supported."
tt0171363,"Effect(s) without cause is generally not possible in the real world but in the world of Hollywood remakes, not only is it possible, it's required. The Haunting has been given the computer treatment courtesy of a 1st-class cinematographer-turner-director who once showed promise (Jan de Bont- Speed) but has since produced a string of big budget garbage (Twister, Speed 2).<br /><br />Actor are superfluous in a movie of this type and they seem to realize it. Liam Neeson and Cathrine Zeta-Jones act like they wish they were anywhere but in this film. Lili Taylor makes an attempt to add something to the proceedings but whatever that something might be is unknown since the script feels like half of it is missing. Events just happen, good and bad ghosts show up with no rhyme or reason and then the story just ends with a most unsatisfying non-event meant to wrap up the previous 90 minutes of inanity.<br /><br />There really isn't even reason to see this for the effects since we all know that anything can be put on screen now. Why not watch effects in the service of a good story instead of just for their own sake?"
tt0175880,"That's not just my considered verdict on this film, but also on the bulk of what has been written about it. Now don't get me wrong here either, I'm not a total philistine, I didn't hate the movie because it wasn't enough like 'police academy 9' or whatever, I enjoy more than my fair share of high brow or arty stuff, I swear.<br /><br />'Magnolia' is poor, and I am honestly mystified as to why it is seemingly so acclaimed. Long winded, self indulgent, rambling nonsense from start to finish, there is just so little that could credibly be what people so love about the movie. There's some high calibre actors fair enough, and none turns in an average or worse performance. Furthermore, my wife (a self confessed Tom Cruise hater) tells me it's his career best performance by far. But the plot is so completely unengaging, meandering between the stories of several loosely connected characters at such a snail's pace that even when significant life changing events are depicted they seem so pointless and uninteresting you find yourself crying out for someone to get blown up or something.<br /><br />It doesn't help that none of the characters are very easy to identify or empathise with (well I didn't think so, but I don't like most people admittedly). They all play out their rather unentertaining life stories at great length, demonstrating their character flaws and emotions in ever-so intricate detail and playing out their deep and meaningful relationships to the nth degree with many a waffling soliloquy en route. Yadda yadda yadda. The soundtrack's dire as well, with that marrow-suckingly irritating quality that I had hitherto thought unique to the music of Alanis Morisette.<br /><br />All in all, it was about as enjoyable a three hours as being forced to repeatedly watch an episode of 'Friends' whilst being intermittently poked in the ribs by a disgruntled nanny goat. The bit with the frogs is good though."
tt0178130,"I missed the beginning of this film, which might account for why I disliked it so much. On the other hand I've studied the fall of the Roman republic for years so I know the story. Then again, that might also be the reason why I disliked this film.<br /><br />The film has more historical inaccuracies than extras. Though it's so inaccurate that I don't think they made an attempt for it to be correct, in which case it can be forgiven. The odd thing is that they sometimes go to great lengths to be historically accurate that it ends up getting confusing. Like throwing in Antonius' marriage to Octavia, and then pushing it aside two scenes later. Why even bring it up if it serves no purpose for the plot and Octavia is never even seen? And like calling Antonius by his actual name (Marcus Antonius) in some scenes, and by his strange English name Mark Antony in other scenes.<br /><br />Though historical inaccuracies aside, the film could still have been an entertaining watch if it wasn't for the leading lady. There isn't an ounce of dignity in her. She's hysterical, dramatical, and completely lacking control of herself. Instead of being a clever and composed queen Cleopatra turns into a hysterical teenager with a bad case of PMS. 95% of that comes from the poor acting, but 5% is also from poor script writing. Far too many stupid dramatic scenes are written into the script. Sometimes you weren't watching Antonius and Cleopatra, you were watching immature versions of Dawson and Joey from ""Dawson's Creek"".<br /><br />If you want to watch something about this period, watch... anything but this."
tt0180274,"this movie was banned in england? why? tom savini, george romero, dario argento, lucio fulci and others had done far worse before and have continued to so since...<br /><br />this movie has all the basic elements of a decent 70s or early 80's horror film. good looking girls (who can't act to save their lives, by the way), a terrible lightning storm with a torrential downpour, a scythe, a crazy brother wandering around the family estate, and actually a pretty damn good twist at the end. but banned? seriously. when the English parliament banned this movie, the italians probably laughed their collective asses off at how backwards and prudish the brits really were.<br /><br />there was maybe two minutes of total screen time devoted to the violence and gore (which was greatly underdone). there was nudity but no sex although allusions to sex were made, obviously. but absolutely nothing worthy of being banned.<br /><br />i would like to see what could have been done if the filmmakers had a decent budget to work with. as it stands, the film is entertaining, but the lack of picture and sound quality take away from the end result.<br /><br />banned... what a joke..."
tt0180303,"This horrendously bad piece of trash manages to be racist, sexist and homophobic all at once, while pretending to be terribly chic and sophisticated. Atrocious performances, a cliche ridden screenplay, and boring direction make this movie one to steer clear of. Two scenes were especially offensive - the one in which Schaech scrubs his tongue after being kissed by another man (could it really have been that gross), and the scene where Eastwood is kissed by Schaech's best friend, who is pretending to be Russian. After he leaves the room she exclaims ""f**king foreigners""! So much for her being a cultured artist who dreams of living in Paris!?!<br /><br />Jonathon Schaech can be a likeable actor on screen, and is astonishingly good-looking. It's a shame he didn't learn more from working with cutting edge gay director Gregg Araki on an earlier film, and try to salvage this film from descending into a string of gay stereotypes and a mire of homophobia."
tt0184463,"Twenty years ago, the five years old boy Michael Hawthorne witnessed his father killing his mother with an axe in an empty road and committing suicide later. On the present days, Michael (Gordon Currie) invites his girlfriend Peg (Stacy Grant) and his best friends Chris (Myc Agnew), Jennifer (Emmanuelle Vaugier), Lisa Ann (Kelly Benson), Ned (Brendon Beiser), Mitch Maldive (Phillip Rhys) and Trish (Rachel Hayward) to spend the Halloween in the country with his grandparents in their farm. He asks his friends to wear costumes that would represent their greatest innermost fear, and together with his Indian friend Crow (Byron Chief Moon), they would perform an ancient Indian celebration using the carved wooden dummy Morty (Jon Fedele) that would eliminate their fears forever. The greatest fear of Michael is to become a serial killer like his father, but something goes wrong and Morty turns into his father, killing his friends.<br /><br />""The Fear: Resurrection"" is a disappointing and pointless slash movie that uses the interesting concept of eliminating the greatest innermost fear of each friend before it grows, but in a messy screenplay full of clichés. There are some exaggerated performances, like for example Ms. Betsy Palmer; others very weak, but in general the acting is good. Unfortunately there is no explanation why the dummy is brought to live; further, in spite of being surrounded by close friends, the group does not feel pain or sorrow when each one of them dies. The low-pace along more than fifty minutes could have been used to built a better dramatic situation. In the very end, Michael shows a charm that his father was interested that I have not noticed along the story. I do not know whether the previous reference was edited in the DVD released in Brazil with 87 minutes running time. The special effects are very reasonable for a B-movie. My vote is four.<br /><br />Title (Brazil): ""Fear 2: Uma Noite de Halloween"" (""Fear 2: One Night of Halloween"")"
tt0187078,"This movie should be shown to film school students as an example of what NOT to do. The original kicked some major tire squealing butt, this horrible disaster breaks the cardinal rule of Bruckheimer films, which is: we all know they suck, but they have great action. This film has NO ACTION. This film is BORING. Where are the cars? Where are the chases? Where's the tension? Where's the suspense? Where's the rush? Where!!?? This isn't really a movie at all, it's a bad commercial. 50 cars in 24 hours? That is wrong. They have 3 days to steal them, the ad is wrong. How bad is that? The leads acting is stiff, wooden and forced. The villain, the cop, the others...who cares. They utter their pointless lines, they serve the illogical plot. They slog through it the best they can as the music video director says ""don't worry we'll make a lot of fast cuts and no one will notice how bad the film is"" or ""we'll fix it with lots of loud music"" The ""script"" isn't really a script at all, it's more like a list of cliches with an ending that is a total ripoff of: -------Warning - possible spoiler------ 5------4-----3-----2-----1------ The Fugitive. The biggest crime of all is the underuse of Vinnie Jones, man....this is the baddest, coolest mofo since Jules in Pulp Fiction. And what do they do!? They make him a mute who's hardly in the film! Make Vinnie the main villain and he could have saved the film. How could they have been so dumb? How? How? Why? The original film is very entertaining with a cool trick at the end that gets the driver away. The original has a great 40 minute chase that delivers! Go find the original. Or if you're craving some real car chase action go rent RONIN. The chases in Ronin raised the bar by which all other car chases will now be judged. Bruckheimer and Cage had all that money, all those resources, all that experience, and they can't even come close to matching a film made 25 years ago for $250,000? How can that be? You feel like you got ripped off after seeing this movie. Where I was once excited to see Coyote Ugly, Remember the Titans and Pearl Harbor, now I say: God help us all. <br /><br />"
tt0190524,"I didn't agree with any of the theology in the Left Behind series, but nonetheless I found the books gripping and I read 8 of 12 of them. Undeniably good writing and interesting story. However, I didn't have very high expectations for the movie. There was no way mainstream Hollywood would have taken up a Christian series and produced a big-budget movie. So it was done independently... and it just felt like I was watching a really long TV show. It just didn't FEEL like a movie; it didn't have that movie ""experience"" to it, if anybody knows what I'm talking about. So the movie suffered because of that, and the low-budget, poor special effects were another detraction for me.<br /><br />On top of that, I feel that Gordon Currie was woefully miscast as Nicolie Carpathia. Reading the book, my impression of NC was that he was supposed to be this charming, dazzling, amazingly handsome guy who spoke English with almost zero trace of an accent. So I imagined somebody like Pierce Brosnan in the role. Instead, they found some Clay Aiken pencil-neck who looks like an employee of the month from Best Buy, and gave him a really bad fake accent. So that lost a few stars for me right there. A movie is just not convincing when the major villain doesn't look or sound the way he's supposed to.<br /><br />The acting was okay, but nothing to write home about. Some of the scenes - like one of the conversion scenes (can't remember which one) - were real seat-squirmers for me. And some of the Christian rock music or whatever it was, was really out of place for some of the scenes, like in the one with Kirk Cameron praying in the bathroom.<br /><br />In short, it wasn't a bad movie, but it just didn't do it for me. Stick to the book, folks, it's much better."
tt0192766,"While some performances were good-Victoria Rowell, Adrienne Barbeau, and the two Italian girlfriends come to mind-the story was lame and derivative, the emphasis on the girlfriend's racial background was handled clumsily at best, and the relatives were mostly portrayed as stereotypes, not as real people. I found myself wincing uncomfortably at many moments that were supposed to be funny. I can hardly comprehend why the local paper here in SF said this was a good movie, and wonder WHO posted the glowing review here on IMDb. Very disappointed in this movie, and mad I actually went to a theatre to see it, based on the faulty connection to Garden State, which is a far funnier, more inventive, and touching movie than this one. I must especially mention the emotional climax in the church, which was so wooden and by-the-numbers that I nearly left, and some in the audience actually DID. THAT was followed by a silly climax at the graveyard, which I saw coming 10 minutes before it happened. I really don't like being misled to spend my money so uselessly."
tt0196267,"They had such potential for this movie and they completely fall flat. In the first Cruel Intentions, we are left wondering what motivated the lead characters to become the way they are and act the way they do. There is almost NO character development whatsoever in this prequel. It's actually a very sad story but this film did nothing for me. It was as if they left out good writing in place of unneeded f-words. And the end makes absolutely no sense and doesn't explain anything. The writing was just terrible. Another thing that bothered me was that they used at lease 3 of the EXACT SAME lines that were in the original. Such as ""down boy"", or the kissing scene, and a few others I can't remember. I was not impressed at all by Robin's acting, but Amy did a great job. That's about the only thing that reconciled this movie."
tt0197153,"When I first tuned in on this morning news, I thought, ""wow, finally, some entertainment."" It was slightly amusing for a week or so... But we have to face it, these news reporters (if one can even call them that) have WAY TOO MUCH ""playing around"" time.<br /><br />At first, I thought Jillian was a breathe of fresh air. But seriously, this woman has got not the least bit of journalist in her. She is very unprofessional. She keeps on interrupting Steve when he starts informing the viewers about a certain news report. It's just really become annoying to the point that I can't watch it anymore.<br /><br />Jillian is NOT a good journalist. Hell, she's more of a celebrity who loves being a celebrity. Hence, she instantly transforms into a celebrity around celebrities whom she's supposed to be interviewing. She's not very professional and quite possibly perceives her relationship with celebrities more important than being a rightfully insatiable journalist- and that's all I can say about her.<br /><br />Also (disappointingly), this show has more entertainment news than necessary news reports about the world, the government, the US, or something that will benefit and/or serve the public's best interest. They're too focus on sensationalism that everything they talk about comes off as a commercial product. On the other hand, their field reporters are interestingly tolerable...<br /><br />I believe ""Good Day LA"" is for young teenagers and celebrities, and it is definitely not for people who actually CARE about the news.<br /><br />SIDE NOTE: (I'd really rather watch KTLA. However, they try so hard to be entertaining sometimes. They're still a bit dull though. Oh well, I'll stick to NBC's ""Today."" ABC's ""Good Morning America"" is also okay... as long as Diane Sawyer doesn't become way too serious.)"
tt0200374,"Amen to Magsel. There was a lot of confusion going on. First off, how do you know which movie you are purchasing? Henry Cele stars in every one of them. I bought this movie thinking it was the miniseries...WHAT A LETDOWN!! It would have been a comedy but for the young girl being raped. David Hasselhoff (spelling?) is OK for popcorn TV but he was not believable in this film (where was his English accent?) AND WHAT'S WITH THE LOVE STORY??? The movie was supposed to be about a young man's rise to military power - not the slave ship captain getting jiggly with the English maiden looking for her daddy...<br /><br />If I had paid more than $7 for this movie, I would have to call the police - because that would be a crime!"
tt0201538,"Strange... I like all this movie crew and dark humor movies; but didn't like this one at all! It's awful, horrible and surely not funny at all. Pity cannot do a whole movie plot, disgust either. And it was really boring. Long empty moments fills the movie; it could have been removed. It should have been in another shorter format, surely. Maybe i expected too much from the crew - like saving the movie lol -. It's also filled with overused clichés of characters and situations... I don't get it why people liked it... ""Poetry"", ""hope""; nope 'mam, didn't see anything like that! ^^ All in all, it's empty and crude, pitiful and hopeless. Oh darn this one........"
tt0202152,"This is to the Zatoichi movies as the ""Star Trek"" movies were to ""Star Trek""--except that in this case every one of the originals was more entertaining and interesting than this big, shiny re-do, and also better made, if substance is more important than surface. Had I never seen them, I would have thought this good-looking but empty; since I had, I thought its style inappropriate and its content insufficient. The idea of reviving the character in a bigger, slicker production must have sounded good, but there was no point in it, other than the hope of making money; it's just a show, which mostly fails to capture the atmosphere of the character's world and wholly fails to take the character anywhere he hasn't been already (also, the actor wasn't at his best). I'd been hoping to see Ichi at a late stage of life, in a story that would see him out gracefully and draw some conclusion from his experience overall; this just rehashes bits and pieces from the other movies, seasoned with more sex and sfx violence. Not the same experience at all."
tt0202458,"It is a pity that you cannot vote zero stars on IMDb, because I would not have hesitated! In fact I would go so far as to say that this film was in the negative stars. <br /><br />I, like many others, bought this film thinking that because it has Michael Madsen in it, it could be good... No chance! This film was shocking! Imagine a movie length 'The Bold and the Beautiful', well, Primal Instinct did not even come close to that good, and I had previously thought that there would be nothing worse than a movie length 'The Bold and the Beautiful'. <br /><br />Michael Madsen, how could you do this to us? The worst part is, I didn't fast forward a bit, I was hoping that at the end they would reveal that it was all some sort of sick joke, that they thought it would be funny to make us watch such a horribly bad film.<br /><br />Where do I start...? Directing - Zero Stars, Screenplay - Zero Stars, Acting - Zero Stars, Cinematography - Zero Stars, Digital Effects - Zero Stars, Production Design - Zero Stars, Make-up - Zero Stars, Casting - Zero Stars, Editing - Zero Stars, Trailer - Half a Star, Graphic Design - Half a Star, DVD Menu - Half a Star.<br /><br />However I think that it is very important to have seen bad films just so that you know what a really bad film is, so for that reason I am happy that I saw this film, just so that I have a bad film to put at the bottom of my list."
tt0217331,"I thought that this movie was pretty lame. If you're looking for cheesey, you may like this. I, myself, don't mind a fair amount of cheese, but this was ridiculous. The progression of the movie bored me and the storyline was very weak.<br /><br />The only thing entertaining about this movie was the day-glo zombies, but even that isn't reason enough to see this flick."
tt0218619,"Inept, boring, and incoherent supernatural ""thriller"" in which college student Cassie (Melissa Sagemiller) is the constant victim of hallucinations and nightmares after a car accident claims the life of her boyfriend Sean (Casey Affleck).<br /><br />I can't begin to tell you how bad this is...nothing of any importance ever happens nor is there ever any sort of actual entertainment value. I did not like this cast in this particular film - they are all sadly unconvincing (then again, their roles are no good). To promote this as a horror film is a joke. Where are the scares? There's no sense or suspense - there are a few good songs but that's about it.<br /><br />How on Earth did this project get the green light? Writer-director Steve Carpenter has no discernible vision or talent that I can sense. Worst of all, the conclusion really makes the whole movie pointless.<br /><br />The alleged ""killer cut"" that I watched is 86 minutes of pure tedium.<br /><br />1/10"
tt0218817,"After seeing the trailer of this film in the cinema, i thought that it was an original concept for a thriller, setting it in the competitive world of computer companies. The all star cast was another message that this film would probably be good. But when i didn't go to watch it in it's first week of release then it disappeared by week 2 i feared something was a miss. Patiently i waited for it's DVD release, then bought it rushing home for an enjoyable evening's viewing. The anticipation on the way home was far better than the film. For a start the direction is appalling. There's no thought gone into it at all and the director just makes up a part for himself, so he can appear in the film. I wouldn't be rushing out to employ him in the future. Secondly the lead role is completely miscast as Ryan Phillipe. Phillipe normally the cool character as in Cruel Intentions and Way of the Gun but in this he's supposed to be a bumbling hero which he attempts to portray by slipping when he's running and having geeky friends, but he just doesn't look right. The female stars, Rachel Leigh Cook and Clare Forlani don't feature enough but when they do neither of the performances are close to their bests. The only highlight of the film is Tim Robbins in a role that could have been made for him and it's his fiery temper and mysterious ways that drag the film along. The final point is that this film is another one which fills the trailer with scenes you don't see in the film and instead feature only in the deleted scenes section of the DVD. Causing even more disappointment as although some of these scenes are crude they do fill in important gaps in the story."
tt0219400,"I've seen some crappy movies in my life, but this one must be among the very worst. Definately bottom 100 material (imo, that is).<br /><br />We follow two couples, the Dodds (Billy Bob Thornton as Lonnie Earl and Natasha Richardson as Darlene) and the Kirkendalls (Patrick Swayze as Roy and Charlize Theron as Candy) in one car on a roadtrip to Reno.<br /><br />Apparently, Lonnie isn't too happy with his sex-life, so he cheats on his wife with Candy, who's despirately trying to have a baby. Roy, meanwhile, isn't too sure if his sperm is OK so he's getting it checked by a doctor.<br /><br />Now, I had read the back of the DVD, but my girlfriend didn't, and she blurted out after about 20 minutes: 'oh yeah, she's gonna end up pregnant but her husband can't have any baby's'. Spot on, as this movie is soooo predictable. As well as boring. And annoying. Meaningless. Offensive. Terrible.<br /><br />An example of how much this movie stinks. The two couples set out in their big car towards Nevada, when they are stopped by 2 police-officers, as they didn't stop at a stop-sign. The guys know each other and finally bribe the two officers with a case of beer. Not only is this scene pointless and not important (or even relevant) for the movie, it takes about 5 minutes! It's just talk and talk and talk, without ever going somewhere.<br /><br />I still have to puke thinking about the ending though. Apparently, Roy ISN'T having problems down there so he IS the father of the child. How many times does that happen in the movies... try something new! The cheated wife ultimately forgives her husband and best friend for having the affair and they all live happily ever after. Yuck.<br /><br />Best scene of the movie is right at the end, with a couple of shots of the Grand Canyon. Why couldn't they just keep the camera on that for 90 minutes?<br /><br />One would expect more from this cast (although Thornton really tries), but you can't really blame them. Writers, shame on you!<br /><br />1/10."
tt0235406,"This movie had what sounded like a good premise: 9 people facing their fears to win one million dollars. Unfortunately, it did not turn out to be a good movie. There are several scenes that are way too long and really pointless like the dancing scene. A few scenes are just an excuse to point the camera at female body parts. The acting is bad, but some of the lines are amusing in their awfulness. What's really strange is that towards the end of the movie it turns into like a 5 minute western, and at the end, the twists, of which their were several, don't make sense with the rest of the movie. It seemed as though the director just added stuff on because he thought it would look cool, while conveniently ignoring the plot of the movie up to that point. It just didn't make a lot of sense. The only creepy thing was the old people dancing down the hall, but that doesn't even come close to making up for the rest of this mess."
tt0237616,"I went to school with Jeremy Earl, that is how I heard of this movie, I don't really know if it was in the theater's at all. I don't recall the name. I have seen it, it is like one of those after school specials. The acting is OK, not great. The plot was kind of weak and the lines were pretty corny. So the only comment I can give this movie is ""Eh"" I borrowed the movie from Jeremy, if I was in a movie rental place, this is one that I would walk past and after watching it I wouldn't recommend it to anyone past middle school age. I've also noticed that many times when urban kids are portrayed, the slang is overused or just outdated. Many times I think thats what makes their characters unbelievable."
tt0240684,"Disney goes to the well one too many times as anybody who has seen the original LITTLE MERMAID will feel blatantly ripped off. Celebrating the birth of their daughter Melody, Ariel and Eric plan on introducing her to King Triton. The celebration is quickly crashed by Ursula 's sister, Morgana who plans to use Melody as a defense tool to get the King 's trident. Stopping the attack, Ariel and Eric build a wall around the ocean while Melody grows up wondering why she cannot go in there.<br /><br />Awful and terrible is what describes this direct to video sequel. LITTLE MERMAID 2 gives you that feeling everything you watch seemed to have come straight other Disney movies. I guess Disney can only plagiarize itself! Do not tell me that the penguin and walrus does not remind you of another duo from the LION KING!<br /><br />Other disappointing moments include the rematch between Sebastien and Louie, the royal chef. They terribly under played it! The climax between Morgana and EVERYONE seemed to be another disappointment.<br /><br />I will not give anything away, but in 75 minutes, everything seemed incredibly cramped and too much to handle. An embarrassment to Disney, LITTLE MERMAID 2 is better left to rent and laugh at. Then you can prepare for the rest of the other sequels Disney is going to drown you in later on."
tt0242998,"This movie was rented by a friend. Her choice is normally good. I read the cover first and was expecting a good movie. Although it<br /><br />was a horror movie. Which i don't prefer. But no horror came to mind while watching the movie. It was a dull,<br /><br />not very entertaining movie. The appearance of Denise Richards<br /><br />was again a pleasure for the eye. But that's it. We (the four of us)<br /><br />we're a little bit disappointed. But feel free to see this movie and<br /><br />judge it yourself."
tt0245115,"Oh, well, this movie starts off well. It's kinda funny and seems like it could be a fun movie. Then it becomes a bit serious and goes off the rails. It sort of wants to be 'Boogie Nights' but it can't achieve it. If only it stayed with the tone of the first quarter of the film..."
tt0252028,"May contain spoilers.<br /><br />I say that, but anyone savvy enough to be reading this can probably figure out every plot turn right from the start.<br /><br />This is not a movie that I liked. I didn't hate it in the way of some movies that insult your intelligence, but it all felt too predictable on its trudge to the requisite happy ending. There were funny bits along the way to be sure, but few were original. At least it didn't go for the gutter.<br /><br />Christina Applegate looks fresh, and Ben Affleck works hard. Their scenes together are actually the only redeeming feature. Everyone else is a cardboard cutout, including, surprisingly, James Gandolfini, who must have made this as a favor to someone.<br /><br />All in all, it's a harmless, but not inspiring, 90 minutes."
tt0253840,"Let me be clear. I've used IMDb for years. But only today I went through the trouble of registering on the site, just so I could give this movie the lowest possible rating. I've seen hundreds of films, some of them bad, a few awful. Never, though, have i seen such a contrast of pretense and incompetence, of high intentions and failure.<br /><br />Mira Sorvino is horribly cast as the princess, but entirely unbelievable as Phocion, a young boy. Fiona Shaw is always an entertaining character, but the dialogue in the film is much worse, even, than in the insipid French play that is the source (Marivaux never reached Hollywood until now, and we should keep it that way).<br /><br />To illustrate, for example, that Leontine is a brilliant, passionate philosopher and scientist, she is shown frantically pouring chemicals from beaker to beaker, shouting out names of famous scientists. And the romance between Agis and the princess is played even sillier. For this, the pair should receive a joint 'Clair Danes' award, which in a just world would be awarded for gratuitously anachronistic and uninspired re-interpretation of interesting teens from literature as brats of the 1990's (see Miss Danes in Les Miserables).<br /><br />Aside from the atrocious plot and dialogue, there are some attempts to introduce artistic tropes into the filming. For example, there are moments when a handful of spectators are faded in and out of view of the action, sitting in chairs, watching the principal characters. The Director wants us to realize she's adapted a play. I get it. But it doesn't happen at all until far into the film. At that point, seeing a crowd of people sitting in chairs for a moment, then disappearing, is creepy and distracting. They're like some sort of un-scary zombie crowd, appearing through the mists, filling us with dread. When you see the horrible frolic and song that ends this movie, you'll want to rouse your own crowd of zombies and kill them all for the grave injustise of poisoning your mind for 112 minutes.<br /><br />-Matthew McGuire"
tt0254199,"This is a movie about making a movie. Such movies may be entertaining, but they need some substance, to do so. It did not happen here, I am afraid. Mr Coppola did not inherit his father's skills, unfortunately (neither did his sister, who can however make movies which one might watch).<br /><br />I do wonder how this movie came to get such rave reviews. <br /><br />Let's see: the lead male actor, supposedly a director, is as expressive as a frozen squid and his voice has the same pitch whatever he says, the lead female actress has an expression on her face that never changes, the plot is totally segmented in bits with perhaps one single connecting element, the movie within the movie idea must be more stale than paleolithic rocks... Would that be enough?<br /><br />I regretted every single moment I watched this movie. A walk with the dog is far superior entertainment to this unbelievably lame movie. It's as if a François Truffaut plot were directed by Dick Cheney...<br /><br />Brazil, some other classic SF movies? You must be really joking..."
tt0255730,"I read Rice's novel with interest, and became quite enchanted with its characters and heartbreaking tale based on historical truths.<br /><br />However, I was simply APPALLED at this disastrous adaptation. The casting was based merely on physical appearance, and not acting talent (with the obvious exception of Peter Gallagher, who was neither blond-haired, or able to act his way out of a wet paper bag). The cast's embarrassingly clumsy and inconsistent attempts at affecting a French accent was hilarious, but not in an entertaining way. I found myself wincing through this muddled and melodramatic tripe, and was surprised I made it to the end.<br /><br />A warning to fans of the novel - stay away from this one."
tt0256692,"I wonder if there is any sense of sense in this movie. Its a big joke. Good.. Its entertaining .. You get to see the most stupid plot played very seriously in the form of a film .. I wonder which audience group this movie is basically targeted to.<br /><br />Priety (a pros) plays a surrogate mom for a happy couple Salman/Rani who want a child but can't. I wonder how it would be if this drama was a real-life take-off from a real couple's life.<br /><br />Rani appears happy with another pretty lady in her house who has been brought in to make a child for her & Salman. She cares for Priety and tries pushing her husband Salman to Preity so they may have some romance. When will the audience get fed up of Salman's nakhras.<br /><br />Though a good past-time, this movie is unbearable. Absurd."
tt0257044,"This film is overblown, predictable, pretentious, and hollow to its core. The settings are faithful to the era but self-conscious in their magnification by prolonged exposure. The lingering over artifacts stops the action and cloys almost as much as the empty dialogue. Tom Hanks seems to be sleepwalking much as Bruce Willis did in Hart's War. Tom, you can't give depth to a character simply by making your face blank! The content did not warrant the histrionic acting by Paul Newman. This is a dud wrapped in an atomic bomb casing."
tt0264410,"I had no background knowledge of this movie before I bought it, but it sounded cool and I've been wanting to see a really kick-butt Viking movie for awhile now... alas, this film was not what I was looking for. I had hoped for the best, but instead, was delivered a boring Nordic soap-opera that seemed to drag on too long despite its 84 minute running time. The film's premise is intriguing enough: It's about a Viking warlord who defies his God and Odin is so enraged that he curses the warlord's son, named Barek, to death and rebirth as a Berserker. This Barek guy is then forced to live enraged, insane, and violent lifetime after lifetime. The movie is filmed competently enough, with some rich cinematography and quasi-good performances by the actors, but again, I found myself bored and questioning when this dribble would end. The filmmakers had a chance to make something rather entertaining and semi-unique but they dropped the ball. Perhaps it could've been improved with some cheap exploitation tactics thrown in such as gratuitous nudity and lots of gore... I mean, we are talking about ""Berserkers"" here, aren't we? Vikings were supposed to be BAD enough, what with all the raping and pillaging, so aren't Berserkers supposed to be even more extreme? All in all, unless you're a fan of The Young and Restless (etc...) or, are yourself, in fact, an insane Berserker who likes self torture, I'd probably steer clear of this drab piece of celluloid."
tt0269266,"The reviews I read for this movie were pretty decent so I decided to check it out. BAD IDEA! This is another movie about a ghost out for revenge against a group friends. The story is stupid, mix two parts Ringu with one part Prom Night, a sprinkle of I Know what you did Last Summer, and add a tiny dash of Single White Female - now blend until completely nonsensical. There is nothing new to this plot, and revisiting the clichés I've grown so fond of wasn't even entertaining this time. This movie jumps to and from the past too much, and once I made sense of it all I realized it still didn't make much sense. Characters go from sane to psycho killer in the blink of an eye. Speaking of characters, they are all your stereotypical favorites - the greedy selfish lawyer, the egocentric actress, the has-been baseball star, the video voyeur, the bitter girl, the spooky quiet chick, the 'nicer-than-nice' nice girl, a freakin' black cat... and I didn't care about any of them. Perhaps a better writer could have made the movie work, there were some decent scenes in it, but overall this movie was a mess. I should also mention a certain 'video tape' that would have been IMPOSSIBLE to shoot. <br /><br />This movie isn't the worst Asian horror has to offer by far, but it is still pretty bad. If you just want to see some creepy images in the dark, or just want to laugh out loud at some over the top acting, or just want to yell ""you're stupid!"" at a movie screen, or just want to have another Asian horror flick up your sleeve when someone asks you how many you've seen - this movie is for you. <br /><br />Those seeking a decent plot look elsewhere."
tt0272147,"Ugh, what can I say other than, ugh. I rented this film because it was labeled as a sequel to the original Vampires. This movie could not have been any lamer. Lacking not only in plot, but the acting is atrocious. Combined with some obvious plot holes makes this movie a very hard one to watch. Many times I questioned my own sanity at continuing to watch the film long after the plot had jumped the shark. Here's a sampling of the lamer aspects...<br /><br />***SPOILERS***<br /><br />Professional ""Slayer"" insists on sleeping outdoors by himself at night. He wakes up to a woman crying, sitting no more than 3 feet from him in the middle of nowhere. He immediately goes to comfort her without questioning her sudden appearance. She goes from crying to seducing him, and he lets it happen with obvious results...<br /><br />One of the main characters is Zoe, was bitten by a Vampire, but as long as she takes these ""experimental pills"" she got in Mexico City, she's fine, although her body temperature is below room temperature...<br /><br />Guard outside of monastery where hero is staying the night is killed by vampires, hero leaves the next day. He then returns a day later only to be surprised that the vampires attacked the monastery the night after he left...<br /><br />...avoid this movie."
tt0272950,"Really, I can't believe that I spent $5 on this movie. I am a huge zombie fanatic and thought the movie couldn't be that bad. It had zombies in it right? Was I wrong! To be honest the movie had it's moments...I thought it was cool when the guy got his head ripped off but that was about it. Overall I think that it would be more enjoyable to slide down a razorblade slide on my bare nutsack into a vat of vinegar then watch this movie again. The movie could have been better if we could see some boob but I had to watch the trailers for the other movies produced by this company to see that. Buyer beware...unless you are into masochism."
tt0274518,"It's hard to know what was going through Per Kristensen and Morten Lindberg's heads when they wrote ""Gayniggers from Outer Space"" - the movie is billed as a comedy, yet there are no real jokes beside the crude character names (Capt. B. Dick, Sgt. Shaved Balls). The rest of the movie is a (presumably) unintentionally funny affair with ridiculously unsynchronised voice-overs (with the 'actors' basically reading their lines with no hint of feeling), 'futuristic' computer displays filled with spelling mistakes, and a plot that makes almost no sense.<br /><br />Even though 65% of viewers have given this movie a perfect 10 out of 10, this is the complete opposite of what a good film is. It may be ENTERTAINING to watch with some friends, but this film only deserves about a '2' out of ten...slightly higher than the lower possible rating only because of the sheer fact that the writers somehow managed to get some black guys to star in this movie."
tt0274711,"Saw this movie in an early preview, and I cannot stress enough how bad I thought this film was. From the very beginning, the audience was groaning over Pacino's awful southern accent. Poor Al looked really, really haggard, and I can't decide whether this was purposely part of his role as a drug addicted publicist, or perhaps he just didn't get any sleep before coming to the set. Much worse than Pacino's close ups, however, is the wretched excuse for a plot. Early in the film we are given indications that Pacino's character is gay, and I suspect that is what the screenwriter had originally intended. Later, however, we are supposed to suspend our incredulity and believe that both Tea Leoni and Kim Basinger (both of whom are sleepwalking through lame roles) lust after this elderly, half dead looking, effeminate man with the ridiculous accent. The worst part overall was the main plot thread, which had to do with some corporate espionage that is never fully explained and we never, ever care about in the slightest. Because this was a preview I will reserve my final judgment, because of the possibility of re-shoots and editing, but you can bet I will not pay a cent to see this in theaters."
tt0295289,"This was one of the most boring movies I've ever seen I don't really know why Just your run-of-the-mill stories about guy who is about to get married, and starts to fancy someone else instead. Story has been told a thousand times. Nothing new or innovative about it at all.<br /><br />I don't really know what was wrong with this film. Most of the time when these kinds of actors/actresses get together to make a film that have already been made a million times before, it's really entertaining. There are usually little clever thing in them that aren't really in any other. For some reason, this one just doesn't hold your attention. You can pick out some funny parts, or clever ideas in it, but for some reason they're just not funny, nor clever in any way I wish I new how to explain it, but I don't Just don't waste your time on this one"
tt0300470,"An average TV movie quality, totally formula story of religious fanatic (Ron Perlman, who gives good ""I'm not just the President of 'Psychos R Us,' I'm also a client."") who gets control of a biochemical virus (think the virus from the movie ""The Rock""). Too bad for him that he also gets stuck in a bank building during an earthquake with bank robbers and the government agents trying to stop him (led by the impressively physiqued, mildly entertaining Wolf Larson, backed by Fred Dryer) along with the standard ""in the wrong place at the wrong time"" spunky female (the forever bland Erika Eleniak) and ""lived as a wimp but died as a hero at the last minute"" male (Brandon Karrer). Has the standard background story to give sympathy to the religious fanatic (wife and son killed in a police raid a few years previous). <br /><br />Basically a decent rainy day movie.<br /><br />Favorite line, spoken by Ron Perlman after he finds the vial of the virus hidden in Erika Eleniak's cleavage: ""A woman and her mystery.""<br /><br />Worth a rent."
tt0303021,"Spanish horrors are not bad at all, some are smart with interesting stories, but is not the case of ""Second Name"". It is badly directed, badly acted and boring...boring...boring, a missed chance for an interesting story."
tt0305396,"The movie has several story lines that follow several different characters. The different story lines don't feel like one whole complete piece which makes this comedy a very incoherent one and gets even annoying to watch at times.<br /><br />It may sound weak and cliché but it's true; You're way better of watching the Crocodile Hunter series on the Discovery channel with Steve and Terri Irwin. It's more fun and even more hilarious than this movie is. I'm sure both cast and crew had lots of fun making this movie but the movie doesn't give us the viewers much pleasure. For a comedy it simply isn't funny enough and Steve and Terri Irwin just aren't good actors, not even when they play themselves! Their antics are simply not good enough to make an entire movie around and their scene's feel long, distracting and unnecessary and even annoying at times.<br /><br />The movie had quite some potential, I mean Steve Irwin is one character that in a strange way is both intriguing and hilarious to watch, so when I first heard that they were making a movie about 'the crocodile hunter' my first reaction was; brilliant! The movie however heavily suffers from its weak story and the incoherent story lines with uninteresting and unfunny characters. The movie does has a certain entertainment value, at least enough to make this movie watchable for at least once but still, I must certainly wouldn't recommend this movie.<br /><br />Watching this movie felt like a waste of time. Still this movie might be watchable just once, when it gets on TV, on a rainy afternoon. It does has some good moments but the story lines really completely ruin the movie and its potential.<br /><br />4/10"
tt0306063,"Hm. While an enjoyable movie to poke plot holes, point out atrocious acting, primitive (at best) special effects (all of which have caused me to view this movie three times over the past six years), Severed ranks among the worst I've ever seen. I'm never sure who the protagonists are, all I know is that the killer uses a portable guillotine, as seen in the dance floor murder scene. All in all, I don't really like the movie, because only the first 30 minutes are enjoyable, the rest is a mishmash of confusing dialog and imagery that fail to progress the story to a logical conclusion (which I can't remember anyway)."
tt0308132,"The original exploitation classic-though far from enjoyable on almost any level concerning some guys who turn cats into human flesh eating monsters because the cat food they make is made with people is remade with scifi elements added. The cats can't get enough and when the flesh tainted food runs out the cats turn on their owners. Poorly put together on almost every level this is an example of the absolute bottom of the barrel material that used to actually play movie theaters in the early 1970's updated with alien cat and dog races battling for supremacy. Director Ted Mikel is a hack, but is so lovable a person (I generally like the guy thanks to his smile inducing interviews and commentary tracks) that you can pretty much excuse the garbage he mostly turned out. Mikels wanted to make films and he didn't care how they turned out so long as he was producing something. More power to him, but I wish he wouldn't subject us to his home movies"
tt0312640,"There have been plenty of unknown movies or movies given bad reviews that I really liked. This was not one of them.<br /><br />It was overacted and used camera techniques that made me feel like I was watching a soap opera. It was ludicrously predictable and took most of the movie to get going then left you asking ""that's it?"". Once I decided not to take the movie too seriously and watch it from a purely corny point of view it became more enjoyable. This is one movie that would have wound up on MST3000 if it was still on."
tt0314204,"The monster from Enemy Mine somehow made his way into a small mountain community, where he has taken up residence. He's being hunted by a female doctor-turned-vigilante who is out to exterminate him. This female assassin, who looks like a refugee from a Motley Crue video, rides around on a motorcycle and tries to save a bunch of kids who have chosen to have a Big Chill weekend right smack dab in the middle of the monster's turf. Decapitations and lots of blood are primarily in place to draw attention away from the story which limps along like a bad version of the Island of Dr. Moreau (and yes, it's worse than the one with Val Kilmer)."
tt0318040,"Understand i'm reviewing the film I have seen. I realize virtually all the nudity and gore was cut from this film, thus neutering it completely. When seeing names like Ginger Lynn and Jenna Jameson attached, I knew I wasn't going to get a horror classic, but at the very least I expected gratuitous boobies and bloodshed. But no, this has got to be the most butchered modern horror film, I mean it's easy to tell there is much more to certain scenes', but they suddenly cut away, or the scene just totally ends right as it begins. How does one screw up cannibals' and porn stars? I mean thats a winning formula, it makes me wonder if the director slept with some executive's wife or something, because it is literally amazing how much got cut from this. Reading about it a few years back in Fangoria, I was excited, it looked like a fun film, but unfortunately the true film is locked in a vault somewhere, and we must endure this piece of excrement retitled Evil Breed. Hopefully an unrated cut will be released someday, as I think a good movie exists in this mess, but until then best grab a twelve pack of Bud, cause thats the only way you'll make it through this movie."
tt0319147,"(Spoilers)<br /><br />I was very curious to see this film, after having heard that it was clever and witty. I had to stop halfway because of the unbearable boredom I felt.<br /><br />The idea behind the film would have been acceptable: depicting the way the relationship between a man and a woman evolves, through all the problems and difficulties that two people living in a big city can experience. What made me dislike the whole film were two things.<br /><br />First of all, the film was so down-to-earth that it looked as if, by describing the problems that a couple must solve on a day-to-day basis, it became itself ordinary and dull.<br /><br />Secondly, the overall sloppiness of the production, with dialogues that were barely understandable.<br /><br />Too bad."
tt0327940,"Mind, my friends and I saw the movie based off it's title alone. It's cute, though obvious in it's plot and direction-- you know where the movie is going within the first five minutes. My main contention with the plot is that while it remains tolerably consistent, they never explain a lot of the things behind the characters. An alcoholic father, overworked mother, stressed-out sister... that's a bad family, but aside from the occasional mention from the sister, there's not any resolution. I was also confused as to the scene with the bottles... it seemed pretty random.<br /><br />The writing is a secondary concern... the kids weren't bad actors, but their script left a lot to be desired. Unfortunately, what could have been a cute niche movie was pushed aside for a single, blah special effect, lame scripting, and a glaringly obvious plot."
tt0332658,"This was no Trainspotting or Guy Ritchie film. It was a big wannabee. It wanted to be an edgy, nervous-laughter, urban-life affirming film, but it's more of a camera jerky, mess. It's a lot easier to imitate something else, than to create a real story with real characters. From the beginning, I couldn't care less about the characters or what they were involved in. They were always always hitting, pissing, or crying on each other. Only, there wasn't any substance to what they were doing. The dialog between characters is meant to be hip, revealing, instead it comes out trite, and one scene after another is predictable. I know there are viewers out there that really liked this movie, so I could be wrong."
tt0334541,"Well...tremors I, the original started off in 1990 and i found the movie quite enjoyable to watch. however, they proceeded to make tremors II and III. Trust me, those movies started going downhill right after they finished the first one, i mean, ass blasters??? Now, only God himself is capable of answering the question ""why in Gods name would they create another one of these dumpster dives of a movie?"" Tremors IV cannot be considered a bad movie, in fact it cannot be even considered an epitome of a bad movie, for it lives up to more than that. As i attempted to sit though it, i noticed that my eyes started to bleed, and i hoped profusely that the little girl from the ring would crawl through the TV and kill me. did they really think that dressing the people who had stared in the other movies up as though they we're from the wild west would make the movie (with the exact same occurrences) any better? honestly, i would never suggest buying this movie, i mean, there are cheaper ways to find things that burn well."
tt0336325,"I didn't even knew this movie existed until shortly after seeing Blade: Trinity, I was messing around on the Trinity board when I saw some user mention how the Wes Craven series is a lot better then the 'crap' that's Blade, So I did my quick research: Checked the scores on IMDb & RottenTomatoes for Dracula: Ascension, and somewhere along the search I found out that this is a sequel to Dracula 2000. I also noticed that within the Wes Craven Dracula boards there was a real strong following for this movie which is a big contradiction to the scores I was seeing.<br /><br />Now let's take a quick personal recap here. I remember seeing Dracula 2000, and I remember not liking it at all, and then seeing the scores of Dracula: Ascension just lowered my expectations even more, but then again, I'm the type of person that truly needs to watch the movie myself (any movie) so that I can form my own opinion.<br /><br />A couple of things I went in knowing when I started watching this movie was that it's low budget, so because of that, I'm going to have to ignore a lot of the v/fx and just figure it's going to compensated by story & acting, I was also slightly impressed by some of the casting in this movie (Jason London, Roy Schieder & Jason Scott Lee)<br /><br />Oh geez This movie was CHEESY! But cheesy can be entertaining at least, I found it pretty fricken laughable, the bad audio synch from the re-recording of dialogue in a FEW scenes, the stupidity of the characters in this movie. Sure they all knew about vampires and some of the basic things, Luke even had a book on it, but did it prevent them from wanting to purposely get 'infected'? Nope, this is worst then slasher flicks where the girl has to get out of the shower and check out the noise she hears with nothing more than a towel on.<br /><br />I also must've blinked at some point, because I'm not sure how 'Dracula' got clothes on his body, especially since he's big wild and angry & I figure if I was in that situation, I wouldn't want to be the one dressing him.<br /><br />So the movie ends like any middle movie of a trilogy it doesn't, instead it's a 'Cliff Hangar' where I now get to wait for the 3rd installment 'Legacy'. Oh the entertainment value of Cheesy movies."
tt0337640,"Ouch! This one was a bit painful to sit through. It has a cute and amusing premise, but it all goes to hell from there. Matthew Modine is almost always pedestrian and annoying, and he does not disappoint in this one. Deborah Kara Unger and John Neville turned in surprisingly decent performances. Alan Bates and Jennifer Tilly, among others, played it way over the top. I know that's the way the parts were written, and it's hard to blame actors, when the script and director have them do such schlock. If you're going to have outrageous characters, that's OK, but you gotta have good material to make it work. It didn't here. Run away screaming from this movie if at all possible."
tt0338075,"First of all, this movie isn't a complete disaster. If you had never heard of the real story of Gram Parsons then it might seem a reasonably entertaining diversion. Johnny Knoxville can't really be criticised for his performance as Phil Kaufman - he's pretty good at looking laid-back and down to earth and you can sort of root for his long-suffering everyman. Michael Shannon is due credit for pretty much the same reasons, except he's a hippy stoner. There are some good individual comedic scenes - the hippy-hearse crashing into the airport hanger door stands out. But that's where the good things end, and we begin to see the aspects that make this movie so truly disappointing. The character of Robert Forster as Gram's actual father is an invention so disgraceful as to cast a taint over the entire film. We all know his real father committed suicide when he was young - something that could surely be compared to Gram's life on the edge by a better film-maker. Having Forster as his supposed real father, and not his step-father would be bad enough, if not for the well known difficulties Gram had with the man who actually flew to collect his body. It has been suggested that his step father had admitted to providing Gram's mother with alcohol as she lay dying and that this enraged Gram when he later found out about it. Also the controversy over where Gram's body was buried would surely be reason enough not to invent a benevolent made-up father who actually catches up to the duo and their hearse, but then allows them to go ahead with the burning. Whatever the truth about the man who Gram got the name Parsons from, he certainly bore no resemblance to Forster's character here, and it is hard to see why this role was written. Then there's the addition of Christina Applegate as a greedy chick (yet very pretty of course) who wants Gram's body back so that she can begin to cash in on his estate. Her character, and her acting are non-existent and one wonders why the director didn't just go the whole hog and include a lesbo scene between her and the chick who plays Kaufman's girlfriend(it wouldn't have lowered the tone a whole lot more). When you think of the ingredients that could have been used in a good movie about Parsons, the shortcomings of this film are easily apparent. Country music being changed by a young, polite, southern gentleman - who was also long haired, drug loving, popular with the ladies and ultimately self destructive. Real events like the hanger door crash and the painted hearse and friends like Keith Richards. Instead of these things we have to concentrate wholly on Kaufman's input into Gram's life. Kaufman is obviously still lapping up the cult status he received for what he did (he certainly is a little cult). From interviews it is obvious that he's delighted with the attention. Remember this is the man who made a remark about the genitalia of the naked corpse of Gram Parsons as he was preparing to set it alight. What he did was not an act of great loyalty, but a doped up alcoholic escapade. Looking at Knoxville and the director in interviews, a few things become clear also. It's obvious that they have no real grasp of the story of Gram's life, nor do they wish to have. They want a hit movie about an event that is infamous and crazy. It was an amazing life with a strange end. That the end is the only thing covered by this movie shows how limited an understanding of Gram Parsons the makers had."
tt0339531,"This is the biggest piece of lamo I've ever watched. It is excruciatingly boring I would have rather sat through a seminar on creationism than have watched this if i had known it was going to be as boring as it was. Not even the 40 seconds of the hot chick in the bikini with the big ta tas redeems this of anything lower than a 1.<br /><br />The reviews of this movie claiming that this movie is ""unintentionally funny"" are absurd and just plain WRONG. Not one thing is funny about this movie. they spend the first 50 or so minutes walking through the woods talking about stuff you wouldn't understand nor care about and it is just as lame when the people start dying because you don't even know who the people are because they are so UNINTERESTING. Honestly though, I didn't watch it to the ending, but that should say something about how horrible it is. WORST MOVIE EVER.<br /><br />Immediately after ejecting this filth from my DVD player I started scraping it against the cement in front of my house, not wanting other blockbuster customers to have to fall upon the same mistake i had made as to rent this movie. Then Zach peed his pants. Thankyou for your time."
tt0340883,"The premise is amazing and the some of the acting, notably Sally Kellerman and Anthony Rapp, is charming... but this film is near unwatchable. The music sounds as if it comes from some sort of the royalty free online site and the lyrics as if they were written with a rhyming dictionary open on the lap. Most of the singing is off-key. I think they may have filmed with the singing accapella and put in the music under it... The dialogue is really stupid and trite. The movie works best when it is actually talking about the real estate but unfortunately it strays to often into stupid farcical sub-plots. I found myself checking my watch after ther first twenty minutes and after 40 wondering 'when is it ever going to end.'"
tt0346156,"A gave it a ""2"" instead of a ""1"" (awful) because there is no denying that many of the visuals were stunning, a lot of talent went into the special effects and artwork. But that wasn't enough to save it.<br /><br />The ""sepia"" toned, washed out colors sort of thing has been done before many times in other movies. Nothing new there. I can see there were some hat-tips to other old, classic movies. OK. No problem with that.<br /><br />But a movie has got to be entertaining and interesting, not something that would put you to sleep.<br /><br />The story line and the script of this movie WAS awful, the characters two dimensional. Slow moving. Some of the scenes were pretty to look at, but ultimately, as a whole, it was quite boring, I couldn't recommend it."
tt0352394,"Because others have gone to the trouble of summarizing the plot, I'd like to mention a few points about this film. There may be spoilers here; I don't care enough to filter them out.<br /><br />- Given the film's low budget, the creature design was quite good. It's actually nice to see a direct-to-video horror film that's not slathered with awful CGI. Unfortunately the digital film quality's quite grainy in places, and it's most noticeable in the well-lit white halls of the asylum.<br /><br />- Ridiculous lighting design plagues parts of this film, to say nothing of the variations in the passage of time. I understand the director might have been trying to simulate dementia, but in order for this to be effective consistent time flow needed to be established. As-is, it merely seems amateurish.<br /><br />- Plot twists were numerous but consistently predictable. I neither had a doubt in my mind of the identity of the robed cultists, nor of the fact that some kind of lame evil-trumps-good development would surface at the end.<br /><br />- This may seem like quibbling, but characters in this film reliably fail to employ any kind of common sense. First of all, regulatory commissions would be all over a mental health center that unilaterally declared all patient and employee deaths cardiac arrest-induced. Why would the head psychiatrist also be capable of performing autopsies? Why wasn't a plot point made of these impressive qualifications, or of his introduction to his odd choice of religion? What's the background? What's supposed to make us care about anyone in this? And just as importantly, who in their right mind would go through the introduction to the place, see everything that was so frighteningly wrong with it, and then conclude that it was still a fine place to pursue a residency? This film didn't even respect its characters enough to give their intelligence the benefit of the doubt.<br /><br />Bottom line: See The Wicker Man instead."
tt0365686,"Ritchie's first two films were snappy, stylish entertainment. Here, he raids two recent classics  'The Usual Suspects' and 'Fight Club'  and still comes out empty-handed.<br /><br />Despite parading itself as a con-mystery (with the sub-'Usual Suspects' twaddle ""the greatest con he ever pulled was convincing you that he was you"" or whatever it was...) and attempting a 'Fight-Club' twist about which characters are real and which are internal manifestations, the film struggles to maintain interest in its second half. By the last third, you know you're being lead down a blind alley, and tediously slowly at that.<br /><br />Cons, chess and game theory are all great subjects, but Ritchie delves into them too superficially and too repetitively to make much use of the material.<br /><br />The only thing that keeps the movie (almost) watchable is Ritchie's bold way with with a scene and Maurice-Jones's dynamic camera. If Ritchie stuck to a more satisfying plot, and succumbed to tighter editing, there's no reason why he couldn't have made another enjoyable gangster caper.<br /><br />As it is, Revolver is a waste of your time. Incomprehensibility does not equal profundity. If you want to see a great film that doesn't make logical sense but makes a virtue of it (and, incidentally, which also involves an inexplicable escape from solitary confinement) watch 'Lost Highway'."
tt0366292,"Acclaimed Japanese director Takashi Miike can't seem to get the wheels moving with this torpid thriller, an adaptation of Yasushi Akimoto's book concerning an evil old woman (and child abuser!) who is part of a new urban legend: if your cell-phone rings with a strange tone--and you see the message 'One Missed Call'--you will replay the message only to hear your own final words before your death. Most successful part of the film is the trenchant satire of Reality TV cameras intruding on the future victims, but the not-so-elaborate deaths (which include a hidden piece of red candy!) are disappointing and dispiriting. The frequent shots of ravaged dead bodies are actually displayed rather discreetly, and this overall politeness may be the reason why the film is ultimately so staid. Hollywood predictably jumped on the far-fetched plot in 2008, yet the U.S. version fared no better. NO STARS from ****"
tt0366555,"This was truly dreadful! It had a terrible storyline, was poorly acted, and was like an amateur remake of evil dead but not nearly as good.<br /><br />It took all my tenacity to make it through this one, it's a good job I didn't have to visit the toilet else I doubt I would have come back! This one makes Hammer House of Horror look like a big screen Hollywood epic. <br /><br />The only value to this movie was the never ending supply of beautiful women. Not a bad one among them! <br /><br />If you want to letch with your friends after a night on the beer then this one's for you ... else avoid it like the plague!"
tt0367817,"Worst movie on earth. I don't even know where to begin but I hope I can save another person from punishing themselves with this movie. When it comes to acting and lighting, this movie is similar to a bad porno without the sex. The actors are some of the worst I've ever seen, and couldn't have been worse even if they were trying to make a complete mockery of this movie. The movie must have had a record breaking low budget which I'm sure was wasted almost solely on the movie's cover. This movie has now become a running joke with friends of mine and has become the standard for comparing other garbage movies. I would like to point of that no other movie even begins to compare. I feel personally responsible for suggesting a friend and me watch this movie and am surprised she still considers me a friend after the torment I put us through. Don't see this movie!"
tt0375210,"Absolutely one of the worst movies of the year. The plot is ridiculous, the characters poorly developed, and the premise irritatingly stupid. It all begins when Michael Keaton, fresh off of doing nothing noteworthy since Batman, loses his beautiful author wife, Anna, to a car accident, possibly caused by her driving one of those convertible VW bugs even though she's supposed to be rich. In his grief, Batman moves to a new apartment and takes up a hobby: recording nothing and then watching it. He learned this from a really fat pathetic guy who got murdered by three tall shadowy fellows who lived in his TV. Pretty soon, he starts to see dead people, thanks to EVP, or Electronic Voice Phenomenon, which is evidently this deal wherein dead people can send messages to living people through tape recorders, video cameras, dead cell phones (""Anna cell calling? But she's...DEAD!...Must be ghosts. Mhmmm. No other possible explanation. I'd better start messing around with this indiscriminately."") etc. Why they can't just write something down on a piece of paper or knock over some stuff to form creative pictograms is never explained. ANyway, eventually Batman discovers that he's actually seeing the future, and he decides to go help this woman he doesn't know. He gets out of his house just in the nick of time, because the tall dark guys enter just after he leaves (""D*mn it! Can travel between the living and dead using electronics, but I'll be d*mned if we can be on time! Am I right guys? (They nod in bemused agreement).""). He tracks this lady to a warehouse and finds out that this character from the first ten minutes of the movie (look hard, or you'll miss him!) is actually a serial killer working for three tall shadowy demons, who in Raiders of the Lost Ark style swoop down and kill him, looking like the cartoons that they are. Just then some detectives show up and save the lady. After Batman's funeral, he decides to send a message from beyond the grave apologizing to his son for being an idiot, evidently feeling that the best way to protect his kid from the horrors of EVP is to expose him to it. The little kid just smiles. Nothing phases that dude, not even when his dad, Batman of course, starts talking to TV's. The high-point of the movie was when someone's phone rang and some guy yelled out, ""It's Anna!"""
tt0377713,"The first Cube movie was an art movie. It set up a world in which all the major archetypes of mankind were represented, and showed how they struggled to make sense of a hostile world that they couldn't understand. It was, on the non-literal level, a ""man vs. cruel nature"" plot, where the individual who represented innocence and goodness came through in the end, triumphing to face a new, indefinable world beyond man's petty squabbles; a world where there were no more struggle, but peace. I rated Cube a 10 out of 10, and it's a movie that was never meant to have any sequels.<br /><br />The second movie, Hypercube was a massive disappointment. Some of the ideas were kind of cool, but in the context of the original movie, both the story and the setting made no sense and had no meaning. Still, for being fairly entertaining, I rated it a 5 out of 10.<br /><br />The third movie, Cube Zero, while ignoring the second, plays like a vastly inferior commercial B-movie rehash of the first, sans the symbolism. There is no ""homage"" or ""tribute"" here; there is only ripping off. The same kind of plot, with some elements idiotically altered (like having letters instead of prime numbers between the cubes - an idea which shows more clearly than anything else that this is a rip-off with absolutely no originality and nothing to say).<br /><br />That we see something from ""behind the scenes"" means nothing, because the watchers are just part of the Big Bad Experiment, the architects of which we hear nothing of. And, in this movie, those who get through to the exit (like Kazan did at the end of the first movie) are just killed - where the *bleep* is the sense in that?! That's just flippin' stupid. I'm glad I didn't pay to see this.<br /><br />The production values and acting in Cube Zero are not too bad, but the story and the ideas are so utterly devoid of any inspiration that this movie can only get from me a rating of 3 out of 10."
tt0384814,"Gorgeous bodies, gorgeous colors and camera work, pretentious dialog, banal plot. The name of the prima donna, Camilla, and the eponymous flowers that appear frequently, are enough to remind us of the plot similarities from Dumas' novel La Dame aux Camelias, the movie Camille starring Garbo and (I think) Robert Taylor, and last but not least Verdi's opera La Traviata. Beautiful, not-too-virtuous young ladies, social outcasts for one reason or another, loved, split up, reunited just in time to die of tuberculosis in the last scene... One forgives banal plots and stupid unrealistic dialog in opera, but why waste Hayak, Don Sutherland, a beautiful rendition of LA in the 30s, a deus ex machina earthquake that conveniently kills the other woman, and all that beauty on this mediocre turkey where there isn't even any beautiful singing?"
tt0389957,"I found it very very difficulty to watch this after the initial 5 minutes of the film. I managed to stomach 45-50 minutes before switching it off in disgust and watching Monster House instead (which, by the way, is great fun).<br /><br />The story has massive holes in it. The plot line is hugely over stated and dull, the acting is awful, especially from Justin TImberlake who should really stick to what he is good at (looking daft and singing like a castrato). Morgan Freeman looked incredibly uncomfortable, especially when made to dance around to rock music for no apparent reason half way through the film after him and Timberlake meet. Freeman and Timberlake's characters seem to be supposed to have some sort of father/son relationship of sorts or something, which simply isn't evident at all apart from the fact that; though Freeman's character seems to have nothing but contempt for the ignorant and rather stupid character of Timberlake, he never the less pulls out all the stops to help him uncover a completely ridiculous cover up.<br /><br />It would take some incredible suspension of disbelief to give any credit to the story line, which is simply absurd and blown out of all proportion.<br /><br />Don't watch this film, it is a pure waste of time."
tt0397530,"Man To Man tries hard to be a good movie: it has its heart at the right place, it aspires to be epic and it has a message that no doubt everybody will appreciate. But there lies also some of the problems of this picture. It strives so hard to be good and to get its message across that sometimes the viewer must feel unchallenged. So it is only adequate that the images which are used by this picture are simplistic - Man To Man doesn't let the viewer decide what he thinks is right but is hammering its message in his head. Joseph Fiennes exemplifies this in his role: he does his best to look concerned, genuinely moved and all the other emotions you can express with the single one facial expression his repertoire has to offer. Add that the movie is overlong and loses its speed towards the end you would be easily led to the conclusion that Man To Man is not worth watching. But there are enough points to defend it: it is entertaining, has some humorous scenes and the show-stealing Kristin Scott Thomas. Of course you should not compare it to humanistic masterpieces like The Elephant Man (David Lynch) but you'll be leaving the theatre satisfied. It tries to grab your heart (even if your brain thinks that it is too obvious) and succeeds most of the time."
tt0398408,"Picture the scene where a bunch of scriptwriters sit around a table and one says ""lets have a black woman approach an unsuspecting member of the public (also black) in the street and ask him if he is black, then walk away"". The other writers fall about laughing hysterically until one suggests they repeat it in every episode. More laughter. Now if you think the premise is funny, and the show contains many such types of situation, you will enjoy this show. For the rest, use your zapper and find something more entertaining like watching paint dry. Those that have written glowing reports of this show should either get out more or be forced to watch television comedies that are really funny. Another example of the humor in the show, a girl tries to get out of paying at a supermarket checkout by trying to hypnotise the cashier. Marginally funny the first time but why repeat it over and over in different shows with different cashiers? I could give other examples but these just might be treated as spoilers, divulging why this comedy just is not funny at all."
tt0408309,"I honestly have to say that I could not stop watching this movie from the second that it started. Simply for how bad it was!!! It's kinda like watching paint dry only a lot more confusing. I mean you sit there and just wait for something to happen, anything in fact, preferably something that makes the whole film make sense! At the end of the film I actually sat there wondering if there was any chance at all that I may have missed the first hour that explained everything or whether I may have inadvertently passed out during the film and missed the parts that glued the plot(if there was in fact one)together! The main thing that really confused me about this movie, is nearly at the end the main girl (if there was indeed a main girl) was in some sort of alternate reality, i mean what the hell was going on at this point?! all of a sudden she awoke and was in a mental institute, chained to a bed being drugged by doctors or something, then quicker than it would have taken me to slit my wrists, it flipped back and she was getting eaten out by some random vampire!it made no sodding sense! I'm tempted to email the makers and demand my time back, i mean i wasted 2 hours of my life watching this rubbish!i am kinda interested to know if the filmmakers themselves actually knew what it was all about! just seemed someone had edited out all the bits that could have made it make sense though i think the film would have had to have been 4hrs long to make that happen! I side completely with the other person who wrote the other review, i was duped royally with this film by its title, and that alone. I'm just so sodding grateful i didn't actually buy the film, no matter how many times iv seen it in the local pound shop. You would have thought that would have given me a clue that the film was a complete pile of steaming movie rubbish but to be honest I think £1 was way too much money to spend on this film!!!! what a sodding huge waste of time and a good razor blade, i mean i wish i OD'ed, its less painful than watching this film!!!!"
tt0410162,"THE KING MAKER will doubtless be a success in Thailand where the similar (but superior) 'The Legend of Suriyothai' set box office records. The film directed by Lek Kitaparaporn after a screenplay by Sean Casey based on historical fact in 1547 Siam has some amazingly beautiful visual elements but is disarmed by one of the corniest, pedestrian scripts and story development on film.<br /><br />The event the picture relates is the arrival of the Portuguese soldier of fortune Fernando de Gamma (Gary Stretch) whose vengeance for this father's murderer drives him to shipwrecked, captured and thrown into slavery and put on the bloc in Ayutthaya in the kingdom of Siam where he is purchased by the beautiful Maria (Cindy Burbridge) with the consent of her father Phillipe (John Rhys-Davies), a man with a name and a past that are revealed as the story progresses. There is a plot to overthrown the King and Fernando and his new Siamese sidekick Tong (Dom Hetrakul), after some gratuitous CGI enhanced choreographed martial arts silliness, are first rewarded by the King to become his bodyguards, only to be imprisoned together once Queen Sudachan (Yoe Hassadeevichit) reveals her plot to kill the king and son to allow her lover Lord Chakkraphat (Oliver Pupart) to take over the rule of Siam. Yet of course Fernando and Tong escape and are condemned to fight each other to save the lives of their families (Tong's wife and children and Fernando's now firm love affair with Maria) with the expected consequences.<br /><br />The acting (with the exception of John Rhys-Davies) is so weak that the film occasionally seems as though it were meant to be camp. The predominantly Thai cast struggle with the poorly written dialog, making us wish they had used their native Thai with subtitles. The musical score by Ian Livingstone sounds as though exhumed form old TV soap operas. But if it is visual splendor you're after there is plenty of that and that alone makes the movie worth watching. It is a film that has obvious high financial backing for all the special effects and masses of cast and sets and shows its good intentions. It is just the basics that are missing. Grady Harp"
tt0413371,"Allow me to start this review by saying this: I love vampire movies. They can suck (har har pun intended), and I'll still love them because vampires are just cool in movies. Van Helsing, considered by many to be a steaming pile of crap, was enjoyable to me because of the fact that there were vampires. You may ask: ""What does that have to do with this movie?"" The answer is that I intend to inform you of how horrible this movie truly is, that even a sucker (harharhar) for vampire movies like me can despise a movie like this so much.<br /><br />The movie stars Van Helsing, a college professor guy who isn't at all convincing. He's a terrible actor, like everyone else in this movie, and he wrote it, to add salt to the wound. I honestly to not mean to offend him, and I'm sure everyone had fun making this movie, but watching it was actually painful. I'm not sure why I watched the whole thing; perhaps it was a morbid fascination, like watching an impending train crash: it's horrible, but you can't manage to force yourself to look away. Its main fault is that it's just so ****ing boring, and its plot is so damn ridiculous, even for a science fiction horror movie.<br /><br />But, I digress. By the way, Van Helsing has sex with his mom. Of course, he doesn't know it's her at the time; he just thinks it's one of his students (which is still illegal and all, but not as disgusting and creepy).<br /><br />If I were Van Helsing, I would at least pull an Oedipus myself when I found out I had done something so gross. It would've made for one entertaining thing if he just made some comment on it, but no. The point isn't even brought up at all, by any of the characters. It's as if the writer didn't even think of it. I would've at least had another character laugh at him and say ""Ha ha, you had sex with your mom,"" which would be mildly humorous (although blatantly immature). I'm probably running out of room, so a few more words to dissuade you from ever seeing this film: there's a vampire ninja fight with an old man. It would be funny, but the filmmakers expect us to take it seriously. It's not even worth watching the movie to see how bad it is. Stay far, far away from it if you value your time at all.<br /><br />I will say one thing positive about the movie: the guy who plays Van Helsing is pretty slick with that knife of his. There's like, a minute long segment where he swings around his knife and actually does some pretty nifty tricks. It would be boring in any other movie, but here, sadly, it was the highlight."
tt0417148,"I chose to see this movie because it got a good score here on IMDb. But a lot of people either have really poor taste or someone's been fixing the score.<br /><br />Either way it was a real disappointment. The movie is exactly as stupid and far fetched as the title would suggest. There really is no reason to give a summary of the plot - but here goes: it felt like someone had been thinking: ""Wouldn't it be cool to make a movie where there were snakes on a plane? And then the snakes for some reason would go crazy and start biting and stuff?!?"" And that's about it! The plot is thin and unoriginal. The snakes are bad CGI (but it makes sense to cut corners on a movie that no one in their right mind will recommend to anyone!). The acting is poor, and all people are unbelievable stereo types.<br /><br />To sum it up: It's one of the worst movies I've ever seen - stay away!"
tt0427038,"The movie and acting are not bad and Jay Hernandez does a good job playing Calito Brigante but the movie forgets it's suppose to be a prequel to a hit movie. The makers of this prequel clearly did not watch the original Carlito's Way or at least did not care about continuity. This movie is a prequel which means the original movie has already laid out some history for us and this movie should end where the original begins or at least lead up to it. Not one of Carlito's close old friends from the original make an appearance in this movie, they're not even mentioned. Luis Guzman, Pachanga in the original, is in the movie but he plays a completely different character. The original takes place in 1975 and the prequel takes place in 1969-70. Considering this movie takes place less than 5 years earlier, wouldn't you think one of Carlito's long time friends would make an appearance? In the original, Carlito start's out being released from jail after spending 5 years in jail. That's only a few month's between the end of the prequel and the start of the original! ***Semi Spoiler*** We know from the beginning of the original, Carlito has spent 5 years in prison so when the prequel gives us this Hollywood happy ending it's an insult to the intelligence of fans of the original. What happen to Gail? It's the lack of continuity that made this film go direct to video release."
tt0428959,"A propaganda film for the Palestinian ""cause"". If you were expecting an unbiased documentary on the Israeli-Palestinian conflict, you will need to look elsewhere. If you are an anti-Semite (or merely an anti-Zionist---nothing wrong with advocating the destruction of a country, right?) or uncritically in support of Palestinian goals (e.g., mass murder, the destruction of Israel), this is the documentary for you. Should make for an entertaining evening on college campuses around the UK and US. However, any informed and intellectually honest person would be outraged at the sheer number of lies presented in this video. I just hope those who truly are unaware of the situation aren't corrupted by this anti-Semitic filth."
tt0430768,"One would think that a film about a young person's coming to terms with his burgeoning homosexuality would be anything but boring. Think again. This production should be bottled and sold as a cure for insomnia because it's about ten times as potent as any sleep aid on the market. It's almost as if the film maker *considered* making a movie, but got lazy and decided instead to run a series of random (and randomly BORING) images and go-nowhere scenes, throw in a couple of actual scenes featuring actual acting, pretend that good lighting ins't important in the film-making process, and wrap it up under the auspices of an ""arthouse"" film. This is exactly kind of crappy product that makes it easy for a lot of traditional film-makers to poo-poo the indie film movement, and which keeps the general public from more easily embracing indie films.<br /><br />If you're interested in films covering this subject matter, you'd be much better off tuning in to some of the great short films available at Logo's website or renting Get Real. Better yet, read Stone Butch Blues. Whatever you do, skip this long-winded piece of dreck."
tt0433360,"Okay. Look- I've seen LOTS and I do mean LOTS of these types of films. You know, the ones where the DVD cover just look SO good and scaarrryyy that you just cant WAIT to see it? Well, I got GOT again. And I'm getting' pretty tired of it. But I digress. It's pretty simple. It sucked(I know, rather juvenile) but it did. AndI SO agree with the other poster that if we had to sit through the boring thing, why oh WHY did the lead actress have to be so unnattractive?Distractingly so if I may add. And the scowl she used convey unresolved pain/grief over the death of her daughter did little help. I mean, Jesus.. Oh, but the crawling-on-her-back-demon thingee was pretty neat..."
tt0439932,"Here's why the Jane Show won't work. Once again Canadian bonehead producers and writers can't create a sitcom without putting some kind of different spin on it. I guess these people don't watch a lot of T.V. from the U.S. which has the sitcom model down pat. No, here we have to do something different, we have to make the A story absolutely absurd and then have a meaningful B story to try to make up for it. The characters are two dimensional and the story lines are way over the top: Forklift races??? give me freaking break. Here's a little advice for the writers of the show, Don't write funny situations, find the funny in situations. And remember, you have to be born with a sense of humor to write truly funny stuff, not just be an improv monkey."
tt0443489,"I had been looking forward to seeing Dreamgirls for quite a while...what with all it's raving reviews, nominations and media attention. And I must say, the first quarter of the movie was good! It really portrayed the black music scene back then. However, as the movie wore on, me and my whole family were bored out of our wits. The singing just kept coming, one after the other. I mean seriously, just one more music number and it would have broke even with RENT.<br /><br />Furthermore, I noticed hardly any character development in any of the characters; I just didn't care what happened to them! Even when Eddie Murphy's character died of a drug overdose, I knew I should have been sad, but I just couldn't feel any emotion for that character. The characters were given a flimsy background about singing in their childhood and whatnot, but there personalities were not revealed enough to draw me in.<br /><br />Finally, the conflict was simply not significant enough to make the viewer care, which goes along with the lack of character development. This movie reminded me of a copy-cat movie based on Ray, Chicago, and Rent (Ray and Chicago were wonderful movies in my opinion). Overall I think this movie would best suit someone who doesn't really care about an overall story, yet would enjoy two hours of entertaining and fun singing performances."
tt0443678,"This is a movie of tired, yet weirdly childish, clichés. There's a Nazi witch master performing sf-related experiments in the basement? Oh please! <br /><br />Aiming for a creeping sense of horror and fear, the general impression of the film is that of a very immature conception of fright. Not having any expectations beforehand, I am left with: an aged Xander from Buffy and a heroine with ape-like face who doesn't seem to know how to act. Said Adrienne Barbeau have I only only encountered before in the much more enjoyable ""Cannibal Women in the Avocado Jungle of Death"".<br /><br />Camera and editing adds to the general impression of lame."
tt0444628,"It's hard to believe that this is a sequel to Henry Fool. Hard to believe that the same director and actors were involved in both movies. While Henry Fool is refreshing, witty, comical, Fay Grim is slow, boring, and doesn't go anywhere. Where has the wit gone? I am baffled.<br /><br />It is 10 years since I saw Henry Fool and many of its dialogs and scenes are still vivid in my memory. Fay Grim is painful to watch. This is no fault of the actors, who are good (Parker Posey) or great (Jeff Goldblum) -- the blame lies entirely with the plot, the dialog, and even some of the filming (low budget is no excuse). A huge disappointment. <br /><br />Sorry I couldn't pay attention to the plot, I was so bored, so disappointed... if you enjoyed this one you might not enjoy Henry Fool so much... the two movies have absolutely nothing to do with each other... there is no continuity in the characters' personalities... it's all a fraud to entice fans of Henry Fool to watch the sequel.<br /><br />I'm switching this off now -- Henry in some sort of jail with a Taliban?!?!"
tt0450345,"The Wicker Man Has Done The Impossible! It replaced Cat Woman as the worst recent movie in my steel trap cinema mind. YES it's really that bad. So bad that when sitting down to write this review I thought to myself ""If I had a choice to either see this movie again or to have red hot needles shoved in my eyes"" I might actually go for the red hot needles.<br /><br />Neil LaBute created a rare movie where Joel Schumacher could sit back and say with comfort and a guilt free mind ""Yeah that's some bad direction right there"".<br /><br />I think the first clue for myself should have been the tag line: ""Some Sacrifices Must Be Made"". Sure it might sound sort of cheeky ominous line to intrigue you but the sacrifice will be all on the audience side of the screen. Trust me on this the people responsible for this movie should be charged with a hate crime..or at least fraud for trying to pass this off as anything resembling entertainment. Seriously! The movie is about an island where men are just there for breeding and I would still rather with be stuck on Gilligans Island with only pictures of Condoleezza Rice then find myself stranded there.<br /><br />The most entertaining part about this movie was the guy who ripped the loudest fart I've ever heard in a movie theater. That's not a joke nor is it fictional. I've never been to a ""thriller"" and heard so much laughter through out the entire film. I can't tell you with an certainty if the laughs were intentional in some effort to lighten the cinematic tension or if they just really thought this crud would actual fly. I honestly found myself routing for a power outage or a perhaps a fight to break out in the movie theater, anything to make this more interesting which is pretty sad since Deez, Powder and I pounded 2 beers each before the film just for a little mental anesthesia (soon to be a law before all Nic Cage films, write to your congressman today, don't delay). At one point I actually thought perhaps this movie is really a spoof and Anna Ferris is going to show upoh how I wish.<br /><br />Nic Cage throws out so much ham per frame I'm thinking of having a cholesterol test done today. To think that I ever thought Sean Penn was a d*ck for slamming Nic's acting, oh he's still a d*ck just lesser of oneyes Sean Penn's d*ck was lessened because of this film. Do us all a favor Nic play your strengths and stick to being pathetic losers and drunks. You cannot play superman you do not get to play strong hunky roles go straight to jail do not pass go do not collect 200 dollars. His best moments in this film are when he finally comes unhinged and actually punches out a burly woman to steal her bear suit (like the fart, not a joke or a functional moment during this review) then proceeds to run amok like Conan O'Brian's masturbating bear, but with half the hilarity of a bear knocking his junk around. Thankfully he meets his end shortly after when it turns out he's to be a sacrifice to the crowd at the new tour hybrid show of Burning Man and Lilith Fair. Yes!!!! I just spoiled the ending for youand if you knew any better you'd build statues of me in worship and sing songs of my legend. I sat through this crap-fest so you don't have to.<br /><br />About half way through this little misadventure I kept thinking to myself Jack Bauer would have wrapped this case up in 20 minutes of real time..OK 35 minutes if Kim gets attacked by a mountain lion first. Even Steve Martin as Inspector Clouseau could have figured this out in under an hourand you Sir are no Inspector Clouseau.<br /><br />If for some reason you are taken captive and you have a choice to see this film or take a bullet, take the bullet.<br /><br />Somewhere Uwe Boll is laughing at us all."
tt0453671,"I never understood why some people dislike Bollywood films: they've got charismatic actors, great dance numbers, and heightened emotion--what's not to like? What I didn't realize was that I had only seen the upper-crust of Bollywood. Then I watched ""Garam Masala"". I could tell from the first scene that this was not a movie I was going to like (the film opens with a montage of the two leads driving around a city and apparently happening serendipitously on a series of photo setups populated with gyrating models), but I kept hoping things would improve. Sadly, they didn't. The main problem is that the two protagonists, Mac & Sam, are completely unsympathetic. They spend the entire movie lying to women--and lying brutally- -in order to get them into bed, and the audience is supposed to find this funny, and be charmed. The boys are unscrupulous and inept, and not in a lovable way. Mac even goes so far as to have one of the women drugged in order to keep her from discovering his cheating. The script is extremely poor, with repetitive scenes, setups that never lead to anything, and illogical actions and statements by the characters. In fact, the characters are never really developed at all. The males are boorish, greedy jerks, and the women merely interchangeably beautiful. If you go by this movie, you would think that ""air hostesses"" are pretty easy to pass from man to man. In reality, betrayal is not so humorous. <br /><br />The only bright spots I found in the movie were one dance number that had brilliant sets, and a few slapsticky moments involving the French-farce, door-slamming aspects of the story. But Bollywood dancing is better enjoyed in movies choreographed by Farah Khan, and for slapstick you might as well just go straight to the silent comedies of Buster Keaton and Harold Lloyd, who seem to have influenced writer/director Priyadarshan not a little. Priyadarshan also takes false credit for inventing the story: the basic premise of the plot is stolen from the 1960 play ""Boeing Boeing."" The original author of that work, Marc Camoletti, is credited nowhere. At least Priyadarshan changed the title for this remake, rather than brazenly using the original without giving credit, as he did in his 1985 version of this same tale. (According to IMDb's credits list.)"
tt0454848,"This movie had so much potential - a strong cast, a reasonably strong idea and clearly a decent budget. I'm not sure where it all went wrong, but each of those elements was wasted. The story went nowhere, the characters were hollow to say the least and the result was a very boring, pointless, waste of a film. I hated it. Judging by the other votes, I'm in the minority here and must be some sort of freak. However, I thought this movie was dreadful. I had high hopes, but was very disappointed. A particular disappointment was Jody Foster's character. A very cocky ""fixer"" of sorts makes a nice idea. Jody was confident and sexy, but the character did nothing and went nowhere. Denzel Washington played the same character he always plays - enjoyable but nothing new."
tt0455538,"If you have read the book - do not set your hopes high, if you have not - go read it, and never watch the film. It is strange to learn that Toby Young was actually involved a lot in the writing of the script (as he claims himself in the post script of the book). Because the film is very different from the book.<br /><br />What the film seems to be aiming at - taking a rather thought provoking and entertaining piece that combines philosophical ideas with plain funny sarcasm and simplifying it so that everyone would understand it - it achieves with perfection. The film is full of bad and cheap jokes suitable for a sitcoms, and has lost any meaningful message that it could have had.<br /><br />You are better off not seeing it."
tt0455590,"Before I begin, I want to briefly say that this movie in and of itself is very well made and well acted by all involved, including Whittaker, who indeed deserves his nomination. It is highly entertaining, and . . . taken in the right context as a work of FICTION, it is a very good movie. For that, I give it the two stars.<br /><br />However, rather than wasting your time with what you can read a hundred times elsewhere, I want instead to point out the absolute fictional nature of this film and how dangerous it is to sell people a work of fiction as if it is truth. I stress that this film nowhere in the credits lets us know that the main character, Dr. Nicholas Garrigan, is a complete invention of fiction. Rather, it presents this character into a real historical setting, and allows the uninformed viewer to assume he was in fact real, and what they are seeing is the truth. I have no problem with the blending of fact and fiction - but to do so in such a dishonest matter is, in a word, reprehensible.<br /><br />There can be no doubt that Africa, along with most Third World Countries is rife with human misery and suffering. Hollywood has long attempted to capture the suffering of people in these countries on film. But Hollywood also has its eye toward making money. The only true way to capture the suffering that seems to happen everywhere but the West is to either experience it for yourself, or to at least have it captured in an honest documentary.<br /><br />But these depictions of fictional characters in real historical settings can only do so much. At the end of the day, they become less about presenting the facts for the viewer to decide for himself, and more about leading you from image to image and hitting you over the head screaming, ""SEE, WE TOLD YOU IT WAS BAD!"" The seminal example of this can be found by anyone willing to watch the documentary on the DVD after sitting through the movie. Arguably the most shocking image of the film is the viewing of the body of Kay Amin, Idi's second wife, whom he killed when he discovered her infidelity. In the film, we see that her limbs have been severed and reattached in reverse (arms for legs and vice-versa). This is the director making sure you understand that Amin is, as the Gungans say, Bom-bad! But watching the documentary, we learn that this is in fact nothing more than a myth, which the sitting Minister of Health at the time himself tells us is not true.<br /><br />So . . . what . . . they just MAKE UP these things? Why? Because Hollywood has a low opinion of our intelligence, that's why! They don't trust us to come to the right conclusion ourselves. Look, that she was murdered and dismembered is in itself enough for us to conclude that Amin was not the likable guy he portrayed to the media - we don't need this Texas CHAINSAW MASSACRE inspired imagery to reinforce that! And this is just the tip of the iceberg. What is also not explained to the casual viewer is that lead character Garrigan is himself fictional. There was no young Scottish doctor taken under Amin's wing. As such, Garrigan is clearly present only for the sake of helping us dumb Westerners understand the African world. The producers seem to thing we won't be interested in a film about Africa unless there is a white face in it. (Ironically, even the titular character is portrayed by an American black actor!) The problem with this is that the movie is no longer an expose of Amin and his regime, but instead an exploitative thriller about a white Westerner coming to Africa for all the wrong reasons, making several horrible mistakes, and then ""redeeming"" himself, even at the cost of three other innocent lives. Honestly, I have to say it is nearly reprehensible to suggest that the real tragic death of Mrs. Amin was the result of a tryst with a fictional Scottish doctor - it almost seems to become a morbid joke for the sake of entertainment! I really wish Hollywood would stop jerking us around for our money. I first realized its propensity to do this with the woefully manipulative A BEAUTIFUL MIND, Ron Howard and Akiva Goldsman's sugary-sweet adaptation of the life of John Nash, which deleted the darker side of the man to present only the tortured hero that America just can't get enough of. The sad truth is that Hollywood has been selling us these fakes for years, and viewers, who are predictably and understandably too lazy or uncaring to investigate for themselves, buy these fake portraits hook, line, and sinker.<br /><br />Look, I'm certainly not suggesting Amin is being turned into a villain he wasn't. My point is, with the truth being so shocking enough to convince us of the brutality of the man, why must Hollywood then go to such fictional lengths? Why must Hollywood continue to insult us by holding our hands through these films? Why can they not trust us to think for ourselves!? Can we not just put the honest portrayals on screen and let the audience decide for themselves? I urge all who continue to watch Hollywood's purportedly ""true"" movies to do yourself the favor of ALWAYS investigating for yourself, and to NEVER assume that what is on screen is even close to the truth!"
tt0459387,"This movie commits what I would call an emotional rape on the viewer. The movie supposedly caused quite a stir among the critics in Cannes, but for me the final scene was just a pathetic attempt for a newbie director to get himself noticed. Hardly a voice in the discussion on the issue of violence, drug abuse or juvenile delinquency (or any other issue, for that matter).<br /><br />The main character's metamorphosis from good, but troubled boy to the vicious rapist is virtually nonexistent, whereas the rape scene (being an over-dragged, exaggerated version of the rape scene from ""A clockwork orange"") is unbearable and I refuse to comment on its aesthetic values. There are some things an artist should not do to try and achieve his/her goal. At least in my opinion.<br /><br />To wrap it up: shockingly brutal, revolting and NOT WORTH YOUR TIME. See ""A clockwork orange"" or ""Le pianiste"" instead."
tt0459392,"If you read my review of SyFy's ""Dinoshark"", you know that I can appreciate the low-budget schlock that these made-for-television movies can provide. They're stupid...they're silly...but they're still pretty fun in a ""so bad, it's good"" kind of way. So, still smacking with guilt for liking (and recommending) the undeniably hokey ""Dinoshark"", I sat down to watch ""Hammerhead: Shark Frenzy"", a SyFy Original Movie about a half-man, half-hammerhead monster terrorizing people on an island. With the SyFy Channel's sure-fire recipe for creating B-movie creature features and a cast that includes William Forsythe and Hunter Tylo, how could it possibly go wrong? Well, to my surprise, it actually misses the mark...not by much, but enough to make me not recommend it. Why? Well, first of all, its titular monster, the dreaded hammerhead-human hybrid, takes a backseat to a bunch of faux-military thugs who really become the movie's primary villain. Though the hammerhead does rack up the body count, he (or it or whatever you call the thing) only arrives just before someone is going to be munched upon and leaves directly after. The rest of the movie is filler, pitting our heroes against the aforementioned soldiers. That, to me, is just not as compelling as watching a walking hammerhead eat people! <br /><br />Please Read The Full Review On My Blog: www.horrormoviejournal.blogspot.com"
tt0461642,"Despite what a lot of other people thought about the first movie, I really liked it. This one however. How to sum it up in one word?: This movie is (and here comes the word): CRAP!<br /><br />But let's look at it part by part: Here is the plot: Finally the old queen has been removed from her castle, but her successor: Snow white has problems of another sort: The Court-Jester, Father of her son, has gone astray, as the super, Spliss, goes to the extreme, to battle his gray hair and sells the royal offspring for some blond and full hair. In her desperation Snow white seeks the help of Bubi (Otto Walkees),who must first find his other six dwarf companions and then try to find the royal offspring or at least try to find the name of Rumpelstiltskin.<br /><br />The whole plot seems to have been written on a weekend, where the writers were very drunk but were just under pressure from the studio to write the screenplay. <br /><br />Yes, there are some good jokes. Even for fans of the first part, or for fans of any of the other actors, it's really not worth buying the the DVD. Believe me. <br /><br />The only thing, that at least kind of saves the movie from complete oblivion, are the performances of some of the actors. That's why I gave the move 3/10. Sadly, the script is so bad that none of the actors or all of them combined can make up for the bad story.<br /><br />For example, at one point, they even cross over in our reality, and sadly.. they don't do anything funny while being here. <br /><br />Still, a lot of great actors in this movie: Otto Waalkes, Ralf Schmitz, Martin Schneider, Nina Hagen, Cosma Shiva Hagen, (Especially funny): Rüdiger Hoffmann as the mirror, Helge Schneider and many more but sadly all these comedians aren't able to bring this really bad script to life. <br /><br />Maybe it is a treat for some hardcore fans but for regular movie goers or by now DVD Renters or buyers it's not worth the money. <br /><br />I even regret renting the movie."
tt0461887,"I've just visited Russian forum of our TV-channel that had showed this film. Well... 99 per cent of active Russian audience is disappointed. We wanted to see more true facts of our space achievements in this film. But authors had in mind something else... :( We are big and beautiful country with intelligent people living here. We are proud of all our space dreams, real achievements on the one hand in this field and in science on the other hand. So I'd like to ask authors: Where is our LUNOHOD? And where, the Hell our MIR station? Ah? I'm quite sure, that LUNOHOD events took place much earlier Armstrong's ""walk on Moon"". And to comment numerous technical and science mistakes - I really have no time and enough space here! Se our constructive critics in Russian forum on www.1tv.ru"
tt0463392,"This film has to be the worst I have ever seen. The title of the film deceives the audience into thinking there maybe hope. The story line of the film is laughable at best, with the acting so poor you just have to cringe. The title 'Zombie Nation' implies a hoard of zombies when in fact there are six in total. This cannot be categorised as a horror film due to the introduction of cheesy 80's music when the zombies 'attack'. The zombies actually talk and act like human beings in the film with the only difference being the make up which looks like something out a La Roux video. If you ever get the chance to buy this film then do so, then burn the copy."
tt0464095,"The Lives of the Saints starts off with an atmospheric vision of London as a bustling city of busy, quaint streets and sunshine. I was hoping it would maintain this atmosphere, but it gets bogged down in a story that goes pretty much nowhere.<br /><br />Othello works for big, fat Mr. Karva, his crime-boss step-dad (at least I think that is what he is supposed to be because it's never really defined, but he does drop kittens into deep fat friers, so trust me, he's a prick) doing scrappy little errands while his skanky girlfriend gives daddy hand-jobs. One of his colleagues is Runner, a black dude who is always dashing from A to B. Until the day he comes across almost mute homeless child who grants him his wish of being able to stop running. Runner dumps the lost boy in Othello's flat, where he promptly starts granting more wishes. Keen to have some of his own desires fulfilled, Karva has the boy kidnapped. But he isn't sure of what would really bring him happiness. Is it the innocence of being a child again or is it another hand-job? Either way, I don't want to see the little boy grant him the second.<br /><br />It just takes ages to get going and there are loads of repetitive scenes. The ending tries to be shocking but since there's hardly any back-story on investment in any of these characters it only serves as a release for the bored audience.<br /><br />Writer Tony Grisoni, a favourite of Terry Gilliam, tries to blend in some kind of religious allegory which ends up being pretentious as all hell, ironically. If he gave us something more accessible or at least had better explanations for the characters suddenly acting all weird then it would have been a more enjoyable film. As it is, we are introduced to a bunch of annoying loudmouths who then miraculously seem to develop intelligence when confronted by the mysterious boy. Who's origins are never revealed. That's just plain irritating! <br /><br />Aside from sporadic moments of atmosphere and a moody score, this film has little to recommend."
tt0465624,I rented this movie tonight because it looked like a fun movie. I figured that you really couldn't go wrong with a concept of Ex Girlfriend with super powers. <br /><br />... but the movie was confused and pointless ...<br /><br />it seemed that at every turn the writer kept throwing junk in. Also the writer kept throwing in way too much toilet humor and sexual situations that only a teenage boy could love.<br /><br />It seems that it could have been so simple to draw a story out of Fatal Attraction Super hero .. but I guess not. <br /><br />This is not a fun romantic comedy it was advertised to be. You could not take a child to see it and you would be embarrassed seeing it a date. <br /><br />If the writer could have done a basic story around the high concept and cleaned it up - the movie might have a fighting chance. <br /><br />A serious waste of time.<br /><br />B
tt0466500,"Råzone is an awful movie! It is so simple. It seems they tried to make a movie to show the reel life. Just like Zappa did many years ago. But unfortunately Denmark lacks good young actors. Leon are by many still the little girl in ""krummernes Jul"", and Laura is simply not good enough to play such an important role. several times in the movie she plays with out soul and this is destroying the movie!<br /><br />Even though i consider it a movie you ought to see. I do not agree that the youth are behaving like this, but i think it can show how it can end, if you are letting your child down. Also it is important to support danish movies and new companies like ""Film folket""!<br /><br />all in all I think people should see Råzone. Not because it is a great film, but because it is a movies which is dealing with important themes. I also think it is important to point out that there are some violent scenes in it, and actually it is in these scenes, Laura is acting best. - like the ending where she is holding the gun!"
tt0468482,"This was just horrible the plot was just OK, but the rest of the was was bad . I mean come on puppet and then they even tried to make the movie digital and that made it even worse! Normally I would like low-budget movie but this was just a waste of time and almost made me want to return the set that it came on. I have about ten low-budget movie set with like 6-8 movies on them and I would have to say this is the worse movie out of all of them. Also the wording is off and they use a fake plastic machetes that doesn't even look like a real one, they could of used one that looked even a little close to a real one so save your time and money and don't watch this horrorible movie."
tt0469913,"The movie is about two brothers that are supposed to be alike - but are not in any way expect for being smart - one is a surgeon and they other is able to write a computer code. Geniuses as they like to call themselves which sounds very exaggerated if you compare it to personal characteristics can you perceive from the material of the title.<br /><br />I honestly didn't like the style of the movie. I believe that anxiety, confusion and deep blues it brings are there for a purpose, but what I don't get is why there is so much of it. The movie is cheap on scenes and tells the story basically with no human aspect in it at all. It gives the comic book like experience. However it's visually numbing the viewer, it somehow brings him inside the blues with brief dialogs, monotonic scenes, dynamic cut, music and abrupt noises.<br /><br />The movie's storyline is very simple, most of what's going on is being dramatically pictured for long minutes, mostly in confusing delirium simulating effects of drug use and dynamic cuts.<br /><br />I will say openly that this movie didn't meet my expetations a tiny bit."
tt0473310,"Sholay: Considered to be one of the greatest films. I always wondered if they would ever remake being the classic it is. That was the time RGV announced this movie and I was somewhat excited to see it. I always thought that maybe this will be a good movie, but every week we would here RGV change something. And the movie is a very B-Grade movie, something that I had not hoped.<br /><br />I really tried looking for positives, but I promised to keep Sholay out of my mind. The cinematography is awesome. The movie tries to be its own. But that is the up side. The action sequences are weak. The screenplay had potential. The biggest flaw is editing. None of the scenes excite you. For example, the comedy sequences felt very out of place and forced. Ironic because comedy was just as entertaining in the original. And none of the characters are developed. And no scenes will linger until the end. And the ending was very disappointing.<br /><br />The biggest question is acting. Amitabh Bachchan was good as Gabbar Singh, nothing great. It seemed as if they concentrated too much on his look, that the character only looks menacing, but you don't get creeped out. Mohanlal is barely in the movie, but he impresses in his few scenes. Ajay Devgan was decent. It wasn't so much the performance, he gave it his all, it was the weak script. Prashant Raj is very confident, and has potential to make it far with better movies.<br /><br />I had most expectations for Sushmita Sen, who was probably the best of the lot. She was expressive, but this still was not enough. Nisha Kothari surprised me. She seemed disinterested for the most part, but her emotional scene after her friend's death was quite good. Seems as if she needs to find a director who will help her talent, not her cute looks. But what disappointed me most was chemistry. Ajay Devgan and Prashant Raj didn't look like friends. Ajay-Nisha were not a strong couple. No passion was to be found between Sushmita and Prashant. And Amitabh and Mohanlal did not the hateful passion they needed.<br /><br />As for songs, they pretty much suck. Urmila's Mehbooba was too overblown and I pretty much slept through it. It was however nicely danced. The Holi number was enjoyable, but not memorable. Same went for the other songs. For someone who looked forward to this movie, I was heavily disappointed. I had high hopes for RGV because of his Jungle, but seems as if he lost his talent during the shooting of this movie. But hopefully he regains his talent for Sarkar Raj. But this movie is best forgotten. All the positives still do not make up for the boring movie it is."
tt0473553,"When I saw this movie cover, the first thing I thought was that it was made for video. The second thing that came to mind was how similar this looked to another terrible movie ""Darkness Falls"", the tale of this dumb witch who killed people in the dark. Unfortunately, Darkness Falls was quite the masterpiece compared to this pile of garbage, and this movie should not have been made.<br /><br />The film starts off with a small back story for the witch, or, more like a pointless introduction of two little kids who are going to go meet the tooth fairy in hopes of her giving them a shiny new bicycle for their tooth. The opening is filmed poorly, and like the rest of the movie, it's certainly not scary. In present time, the movie is about Peter (Lochlyn Munroe). Peter's renting out his house, and his ex-girlfriend Darcy (Chandra West), and her daughter Cole come to stay there. Cole meets a neighborhood child, and they talk of the Tooth Fairy, and how you shouldn't lose your tooth, or she'll come for you. Unfortunately seconds later, it looks like the Tooth Fairy steals her bike and knocks her tooth out (How ironic). Will Cole survive the wrath of the Tooth Fairy, and will her mother and Peter be able to save her, and rekindle their romance...this is a bad movie, you could probably figure it out.<br /><br />One of the main problems with this idiotic film is how undefined the Tooth Fairy is. They say she kills you if you lose your tooth, but nope. She's more like a serial killer who kills at random, and if you lose your tooth, you're definitely going to go. She steals a bike, so apparently she's a thief too. I said earlier that the idea for this movie was based on Darkness Falls, but where did they get the inspiration for the Tooth Fairy's appearance? Let's see. She looks like a burn victim, and she previously went around the neighborhood slaughtering children. Hmmm...it's almost as though she's an exact rip-off of Freddy Krueger from the ""Nightmare on Elm Street"" films. And this is not the worst part of this awful mess, the climax is. This movie might have the most laughable climax (Not literally laughable because I found it more sickening than funny) I've ever seen. Don't see this.<br /><br />Just a little trivia. Lochlyn Munroe was in Scary Movie, and Jianna Ballard was in Scary Movie 3, and they both were in this, so apparently Scary Movie stars are forced to end out their career with bad scary movies.<br /><br />My rating: 1/2 out of ****. 80 mins. R for violence."
tt0475937,"This movie is simply not worth the time or money spent. Full of clichés and a plot that makes absolutely no sense ! I cant believe that so many people have given this awful movie a 10. My guess is they are stooges of the movie maker. <br /><br />If I could give this movie a zero, I would. Too bad IMDb doesn't allow that. <br /><br />The only reason I watched it because I went with a friend who really wanted to see it. Whats sad is that I never had great expectations from this movie to begin with and yet I felt short changed. Take my word, don't waste your $8 on this piece of trash. The only entertainment I got out of the movie was making fun of the directors name. In all, highly NOT RECOMMENDED !"
tt0480011,"Although I use this site quite frequently to see how other people rated what I think are challenging or just plain enjoyable films, after watching this ""movie"" on Film Four last night I felt compelled to write something down, even if it just helps cleanse me once again.<br /><br />The film was possibly the shallowest experience I've ever had - the main characters played by Danny Dyer (23? You sure?) and Gillian Anderson (who will always be Scully as Leonard Nimoy will always be Spock) had no real substance about them - I'm not sure if the first half-hour of the film didn't make the final cut but surely in a revenge movie you would like some empathy with the victims... here I couldn't care less. In fact, the only character I did seem to care about was the dog, with the stag coming a close second. And both animals out-acted Dire (sic) and Scully, who were quite frankly terrible. I guess though you're only as good as the script you are given, and I'd like to warmly thank the writers, the producers, the director and all of the cast for wasting 90 minutes of my life and some perfectly good electricity."
tt0480035,I got this as a turkey movie and was I not disappointed.<br /><br />Acting - overall even though many have been in other movies it is clear that they had to work hard to act this bad so constantly over this entire movie with out accidentally letting slip some degree of acting.<br /><br />Plot - being generous I could say that the scriptwriter did originally start with a plot but but did his best to ignore it. the plot broke down faster then a Chinese knock off computer <br /><br />Scrip - now that was an abomination of nature. it failed to flow with any rhyme or reason. the majority of the lines by the characters were at best pathetic to imbecilic. the script worked hard to make sure that no character managed to get to be considered memorable. I have watched other movies where the extras were more interesting and memorable.<br /><br />Special effects - ROTFLMAO!!!!! They were short bus special <br /><br />Directing - until you can come up with your own directing ability copy the style of your favorite directer otherwise you will only make failures like this.<br /><br />It is good to know that your friends/family have been giving you 10 stars for this movie
tt0480586,"OK, I am not Japanese. I do know a little about Japanese culture, and a little less about Japanese pop culture. Other than that, I am Spanish, I eat paella and I like black humor.<br /><br />Good, with that point set, I can comment on the movie: I have no idea on how it is enjoyable to the Japanese audiences, Mamoru Oshii is quite a good director- despite the overly pedantic postmodern stuff in the style of Talking Head, and even that was curious and somehow interesting- and I am surprised he came up with this. It may just be one of those lost-in-translation cases, I am afraid it is, but as a European viewer watching the film with subtext overloaded English subtitles I just thought it was horrible. The jokes seemed bad, the script was overcooked- I mean, give the audience a break, and shut up a little you damn narrator- to the point of almost making my head explode over an overkill of fast-paced speaking and absurd action.<br /><br />However, I thought the animation was really cool. The idea is great, and it is well exploited in those animated scenes. However, the eye-candy finishes as soon as the characters are left aside to start with an endless not funny at all mumbo-jumbo speech over still pictures. It just makes you want to fast forward to the next cut-out hysterical characters scene.<br /><br />I read Mamoru Oshii is actually planning on a sequel for this. The idea was good but horribly exploited. Maybe the second part will bring up the good parts of this first one and actually make an interesting movie, or maybe it will be more and more over-narrated scenes. But hell, if you thought Talking Head was dense, Amazing Lifes of Fast Food Gifters will give cause you a stroke.<br /><br />Of course, all this comment is based on the experiences of someone who is European. Probably this is totally useless to Japanese people, maybe it was a really funny film lost in cultural frontiers and translation. Maybe."
tt0481544,"There was not one single redeeming factor in this movie. The girlfriend and I both love action films. Especially fight scenes (Bloodsport and Kickboxer was awesome), but this movie was not entertaining. Five minutes of action followed twenty minutes of talking and ""angry"" facial expressions. The main hero is a troubled character who has seen battle and thus is forced to look seriously constipated at all times. The Army has disrupted his bowel movements on top of perfecting his fighting technique. The music isn't good either. They fight to the rap and hip-hop style of the streets, 'cause these guys are thugs. The rest of the soundtrack is the usual background noise to low-budget dramas.<br /><br />Everything about this movie is classic B-style. The actors deliver their lines as if reading them from cue cards and the lines themselves should be set on fire and left burning in some rotten Hollywood alleyway. The film is called ""Honor,"" but there was no honor in making this film. It was simply a waste of money, and spending wisely is something I consider to be honorable.<br /><br />Go see Felon instead. The fight scenes and situations are more real."
tt0493424,"What was Steven Seagal thinking? I mean firstly I love Seagal. I love all his movies up to the mid 2000s. His early stuff is some of the best in the genre. This however does not live up to its excellent name. Attack Force (with protagonist Marshall Lawson {Seagal}) would be expected to be a mindless action movie with Seagal in typical one-liner ass kicking form. However, what we get is a crime mystery, bordering on a political thriller with little or no action. Seagal is always in shadows because of his weight. I could not follow this story. There's people who mutate to superhumans when they take a drug. What happened in this movie. The dubbing of Seagal is a disgrace, a shambles and a shame. Why dub the man? The story is terrible. This got a 2/10 from me because of the scene where Seagal asks for backup despite having an army with him, and an hilarious fight scene where seagal swings his hands like a girl facing the camera! ""Revenge is a two way street"" seagal says in this movie...well forget revenge Steven, you need redemption!"
tt0497116,"Let's be honest shall we? Al Gore no more TRULY cares about the environment than most folks care about contacting foot fungus. It's a hook! Make no mistake, Al Gore is a POLITICIAN! Three years ago he was busted/ticketed in his home state doing 70 mph in a 55 mph zone driving NOT a hybrid, a Yugo, or even a GM Metro but a LINCOLN (go google it if you like)! Or how about the fact that Mr. Gore & his Hollywood buddies continue to use a private fuel-guzzling jets to attend the premiers of ""An Inconvenient Truth."" So much for conservation huh, Al? Anyway, it takes a mere minute to subjectively look at ""An Inconvenient Truth"" & discover the main fundamental flaw. While the film parades out many seemingly impressive scientists to tell the audience the EFFECTS of supposed ""global Warming"" there is not one scientist to tell us the supposed CAUSE of it. For example: I can take a hundred folks out to a parking lot & they can point out an automobile which is not running right. BUT can they tell you with any degree of certainty WHY? Generally not! A second flaw, just how accurate were the weather instruments 100 years ago (the toilet wasn't even invented yet)? What did they have, a June bug in a match box? Hell, even 50-60 years ago? Therefore, how do we know with ANY degree of certainty that the planet is ""getting warmer"" when the records of yesteryear are highly questionable at best? Or that man is THE sole cause of it? The answer is we don't & Science is NEVER a consensus. Thirty years ago, Time Magazine did a cover proclaiming a ""New Ice Age"". The truth is that any 6th grade science teacher well versed in Earth Science will tell you that Volcanic Erruptions, Solar Activity & El Ninos have more to do with our eradicate changes in climate conditions than supposed ""Global Warming."" Finally, what Al Gore fails to adequately address is; even IF America decides to follow the global gospel according to Al & implement everything he recommends, how are we going to get the rest of the world to follow suit when we can't even get them to agree on something so obvious as terrorism? Answer: It's wishful thinking, Mr. Gore & you being a former VP of the USA know it! If the folks who produced ""An Inconvenient Truth"" were really honest, they would have titled their film ""Al Gore Wants Attention."" But what I'd really like is for someone to ask the former VP this; why were two of the planet's biggest polluters (AKA China & India) EXEMPT from abiding by the Kyoto Accords? Anyway, I hear the producers of A.I.T are working on their next film entitled ""Gnomes, Fairies & Elves: Our Endangered Friends."""
tt0499603,"After I watched this movie, I came to IMDb and read some of the reviews, which compared it to Lost In Translation LITE. When I read that I immediately could see the reviewers point.<br /><br />This movie was a poor attempt at a similar theme. Interestingly, the format of the movie is nearly identical, but the PACING is incredibly different. ""10 Items"" rushes the viewer through the 1-day time line of the movie, whereas the better-planned ""Lost In..."" seems to stretch out over a few long days.<br /><br />I'm sure some people will see this because it has Morgan Freeman, and will be disappointed. It seems his better roles now-a-days are supporting roles in big blockbusters, rather than leading roles in sub-$10mil limited release movies and indie films."
tt0765447,"Some of these viewer comments are just ridiculous. Not painful to watch with your significant other? I was apologizing to my boyfriend the entire movie. <br /><br />It was so slow and awfully strange. <br /><br />Both Redgraves,Vanessa and Natasha were unfit for this, especially with Vanessa doing that ridiculous brash American accent. <br /><br />Claire Danes was the same wiggly-lipped awkward girl that she was in My So-Called Life. She has yet to push herself in any way. Girl, find a new way to pretend to cry! <br /><br />Meryl Streep was one of the only redeeming part of this movie, she was on screen for five minutes, and I swear to God, she reached out of the movie screen and slapped me awake. <br /><br />Oh! And Hugh Dancy, who gets better every time I see him. <br /><br />Glenn Close and Eileen Atkins were also great in their two and a half scenes. <br /><br />I mean, this was a well-shot movie, it was very pretty, the settings were interestingly dressed, providing relief for the intense boredom I was feeling. <br /><br />I don't know, It's just pretty pathetic when a movie that boasts a cast comprised of ""The greatest actresses of our time"" sucks so much. It sure had more than a few noticeable editing errors, and the main character (Ann) was a huge jerk. I was glad she died. But that's because I felt bad for Lila, Ann's friend -- mostly because these two ladies were better actors and made me feel a little empathy. <br /><br />Ugh. BAD job, Evening the film. You weren't entertaining and you weren't even thought-provoking. I sure hope the book was better, so it didn't waste even more of people's time. 3/10"
tt0770806,"This film was horrible. The script is COMPLETELY unrealistic yet it is written to take place in the real-world, the editing and lighting effects are worse than most first projects in film school.<br /><br />I do not recommend this film to anyone who: A) knows any detail about the world of police or covert operations. B) knows any detail about film making or appreciation.<br /><br />I do recommend this film to the average or below-average mind, I think it would be enjoyable if I was a dumber. If you must watch this film on a full mind, I highly recommend some kind of inebriation<br /><br />It is a total waste of what little production value it has."
tt0780595,Okay so I went into this movie not really expecting much I figured an action flick similar to The Fast and the Furious. Some nice cars some nice girls somewhat of a decent plot. Unfortunately I would have to say that this was probably the worst movie I have seen this year. Don't get me wrong the cars were nice and the girls were OK but the way they put the movie together was just plain crappy to put it nicely. The story just never made you care about the cast and the movie seemed just pieced together. So overall this movie was not the worst thing ever by far but if your looking for a movie to go to this weekend I would pass on this one for now.
tt0783492,"I was supposed to review this for a website, and I watched this with optimism that perhaps it would at least be a cheesy yet entertaining rip off, and it didn't even do that well enough.<br /><br />""666: The Child"" is probably one of the worst supernatural thrillers I've ever seen (Even worse than ""Godsend"") with scenes that rip from ""The Omen"" without shame. The ending is even very similar to the way ""The Omen"" ends. <br /><br />Not to mention that the acting, writing, and story are all just hackneyed. If these movies make money, I'm sad to see where Asylum is headed. It's embarrassing."
tt0783518,"Unless you are mentally ill or the most die hard segal fan you will tire of this horrendous excuse for a film in under 5 minutes.<br /><br />The Plot - Even for a Seagal film, the plot is just stupid. I mean its not just bad, its barely coherent.<br /><br />The Acting - Unbelievably wooden. Literally seen better acting in porno's. Ironically this film tries to cash in on this audience which a 'lesbian love scene' which is utterly cringe-worthy.<br /><br />Special Effects - wouldn't look out of place in a 60's sword and sorcery flick.<br /><br />Unless you suffer from insomnia and have exhausted all other cures, don't make the same mistake as i did and buy this DVD, as you will be asking for that hour and a half of your life back."
tt0783608,"The film is bad. There is no other way to say it. The story is weak and outdated, especially for this country. I don't think most people know what a ""walker"" is or will really care. I felt as if I was watching a movie from the 70's. The subject was just not believable for the year 2007, even being set in DC. I think this rang true for everyone else who watched it too as the applause were low and quick at the end. Most didn't stay for the Q&A either.<br /><br />I don't think Schrader really thought the film out ahead of time. Many of the scenes seemed to be cut short as if they were never finished or he just didn't know how to finish them. He jumped from one scene to the next and you had to try and figure out or guess what was going on. I really didn't get Woody's (Carter) private life or boyfriend either. What were all the ""artistic"" male bondage and torture pictures (from Iraq prisons) about? What was he thinking? I think it was his very poor attempt at trying to create this dark private subculture life for Woody's character (Car). It didn't work. It didn't even seem to make sense really.<br /><br />The only good thing about this film was Woody Harrelson. He played his character (Car) flawlessly. You really did get a great sense of what a ""walker"" may have been like (say twenty years ago). He was great and most likely will never get recognized for it. <br /><br />As for Lauren, Lily and Kristin... Boring.<br /><br />Don't see it! It is painful! Unless you are a true Harrelson fan."
tt0785007,"There have been some funny movies about spirits to come out of Hollywood. Cary Grant was an angel in ""The Bishop's Wife"" (1947). Of course the best were the Topper movies in the late '30s-early '40s. And, more recently, Warren Beatty's ""Heaven Can Wait"" (1978), which was a remake of 1941's ""Here Comes Mr. Jordan."" These were well-written, funny, entertaining comedies, all of which centered around supernatural creatures like ghosts and angels.<br /><br />Now comes writer-director Jeff Lowell, making his feature film debut with a story of an unlikable, bitchy young woman, Kate (Eva Longoria Parker), who gets killed on her wedding day and then comes back to harass the fledgling spiritualist, Ashley (Lake Bell) who is falling for Kate's fiancé, Henry (Paul Rudd). One thing that is clear at the outset: Longoria Parker is no Constance Bennett (Marion Kerby in the first two ""Topper"" films), who is the standard against whom all female ghosts are measured.<br /><br />There is a line right at the beginning when Henry's sister, Chloe (Lindsay Sloane) tells Henry, ""You don't smile."" That aptly described my situation throughout this film.<br /><br />The main problem with the film is that the script just isn't very funny. But it's made worse by Longoria Parker's presence that just rubbed me the wrong way every time she appeared on the screen. Just to start out with, compounding her lack of comedic talent, she is covered with so much pancake makeup, who knows what she really looks like? Kate gets killed while setting up for her wedding by a falling frozen statue. She's so unreasonable that the angel who instructs her about what her afterlife is about walks out on her (well, she actually just fades out), so Kate finds herself back on earth as a ghost without knowing what her mission is.<br /><br />Chloe wants Henry to snap out of the funk into which he has naturally descended after Kate's death (from what I saw of Kate, he should have felt a wonderful relief), so she introduces him to Ashley, who really doesn't know what she's doing as a spiritualist (she is also a cateress to make ends meet), to see if she can get Henry back in touch with Kate. There's a lot of meshugaas that goes on.<br /><br />The vacuity of the film is epitomized by a ""B"" story revolving around Ashley's assistant, Dan (Jason Biggs). This is thrown in near the end, but the way Ashley handles it indicates that she's as much of a boob as Kate. Since Dan is apparently attracted to both of these severely flawed women, he deserves whatever he gets.<br /><br />Eventually Kate appears to Ashley and the fun should begin. It doesn't, and more's the pity because in other hands this could have been pretty funny. As it is, Norman Z. McLeod, Constance Bennett, Roland Young, Alan Mowbray, and Co. must be turning over in their graves to see this is what their brilliance in the first two ""Topper"" films has wrought."
tt0787475,"Quite possibly the worst movie I've ever seen; I was ready to walk out after the first ten minutes. The only people laughing in the theater were the tweeners. Don't get me wrong, I love silly, stupid movies just as much as the next gal, but the whole premise, writing and humor stunk. It seemed to me that they were going for a ""Napoleon Dynamite"" feel - strange and random scenes which would lead to a cult audience. Instead, it ended up being forced, awkward and weird.<br /><br />The only bright light was Isla Fisher and I just felt utterly awful that she (and Sissy Spacek) had signed up for this horrible thing.<br /><br />Thank gosh I didn't pay for it."
tt0790781,"Wendy Wu: Homecoming Warrior has a very good, strong plot but is ruined by cheesy details throughout the movie. I am a younger teenager and didn't enjoy this movie very much. I thought the effects were horrible, but they might seem entertaining to younger children. The matrix moves ruined the action, you know that it was absolutely fake. Then there was the Yen Lo, an evil spirit who temporarily possesses random people and homecoming in which Wendy was striving to win. It all ends like a typical feel good movie when Wendy and her Buddhist monk cousin Shen defeat Yen Lo (and destroy him forever) in the end. So Wendy learns a lesson...blah, blah, blah. I'm ready for the next DCOM."
tt0791304,"I haven't seen this, & don't plan to see this movie or any other that includes Lindsay......unless & until ""poor little rich girl"" straightens out her life for a 2 year period beginning with her most recent arrest in July 2007.<br /><br />In fact, I don't know anyone that has gone to see ANY of Lindsay's recent movies. I rather imagine 2007 will be the high water mark in her movie making career, until she cleans up her act. All of the recent publicity has only hindered her movie making career, if she has any further aspirations to make any more movies <br /><br />Up to this time, movie producers have actively sought Lindsay for roles in their upcoming production. Now, Lindsay will probably have to go to auditions & actually compete for ANY role. Her reputation is currently ""poison"" & quite possible could have a negative effect on box office ticket sales on any movie she is in.<br /><br />Sooooo....now Lindsay is going to have to deal with ""not being wanted"".....is she going to be able to handle this?<br /><br />I wonder if even Jay Leno will want to have Lindsay back on his TV Show?<br /><br />All of the foregoing is merely my OPINION. I have no inside information."
tt0799862,"As a huge fan of only the first 2 seasons of BSG and the stand alone feature BSG Razor I was hoping that this release would return the franchise to its original glory days. Usually I have no problem with science fiction that is mostly dialog driven as opposed to a visual bonanza of special effects. If the script is tight with some original ideas delivered by good actors one can create a profound film with little CGI money spent. This prequel has none of those aforementioned requirements going for it. The virtual reality world created by the terrorist teenagers was both ridiculous & unbelievable. This scene was simply put there to raise the release rating to Restricted. Not that teens don't love virtual reality mosh pits filled with sex & violence & heavy dance music. Its the part about those same teens having the intellectual depth & reason or political & religious passion as to create such futuristic software or become suicide bombers that perplexes me. These kids are definitely not from this planet. The movie plays out like a soap opera with only the last 10 minutes being slightly interesting. The scene with Eric Stolz giving his cyborg a devine conscienceness via the student firmware upgrade was amusing if not entertaining. But this old concept was far better portrayed & much more believable in the brilliant, classic original ""Frankenstein"" with Boris Karloff. Caprica rips off its only interesting idea from an old Hollywood horror film. No surprise there! Overall this movie was bland & unoriginal & cheap looking, using recycled CGI of Caprica from BSG. I doubt I'll be watching this space soap when it premieres on the Sci-Fi channel. Unless of course I happen to be suffering from a bad bout of insomnia at which time this show would definitely be the cure. Zzzzzzzz"
tt0800069,"THHE2 is entertaining in that you'll laugh a lot and cringe and probably say ""oh sh*t!"" and ""get your face away from the goddamn hole you dumb**s"" or things along those lines but I don't know if its really worth seeing- I was very annoyed throughout the entirety with the horrible military characters who don't seem to know the first thing about combat.<br /><br />Yes there was more violence, gore, and a higher body count than the first one but I am still am debating whether that cancels out my feeling throughout the whole movie about how ridiculous it is (and not a good ridiculousness like Dead Alive or Feast). My time would have been better spent watching Aja's remake for the 5th time.<br /><br />So go for some laughs, or go for some gore, but don't go hoping to come out of it satisfied."
tt0804541,"....CAUSE IT'S CRAP! The kind of movie that makes you want to go and smack the movie maker and say ""WHY?"". Horrible camera work...count the times the camera tries to remain steady on one person and can't. The dialog is ridiculous. The acting is comical. It looks like they took over a ghost town in the west to see if they could make a movie on the least amount of money possible. I'd bet $10 they used home video cameras to make this. Either that, or most of the cameramen were drunk. Truly the trailers are more entertaining than the movie. If you ever want to host a ""Worst Movie Party"", bring this one. Want more entertainment...stare at a wall."
tt0806203,"""Carriers"" follows the exploits of two guys and two gals in a stolen Mercedes with the words road warrior on the hood hightailing it down the highway for the beach with surfboards strapped to the top of their car. Brian (Chris Pine of ""Star Trek"") is driving and his girlfriend Bobby (Piper Perabo of ""Coyote Ugly"")has shotgun, while Brian's younger brother, Danny (Lou Taylor Pucci of ""Fanboys"") and his friend--not exactly girlfriend--Kate (Emily VanCamp of ""The Ring 2"") occupy the backseat. This quartet of twentysomething characters are living in a nightmare. Apparently, a viral pandemic--which co-directors & co-scenarists Alex Pastor and David Pastor tell us absolutely nothing about--has devastated America. Naturally, the lack of exposition shaves off at least fifteen minutes that would have slowed down this cynical melodrama about how humans degenerate in a crisis and become their own worst enemies.<br /><br />This lethal virus gives you the shingles and then you bleed and die. Most everybody runs around wearing those white masks strapped to their nose and mouth by a thin rubber band. Initially, this foursome encounters a desperate father, Frank (Christopher Meloni of ""Runaway Bride""),and his cute little daughter Jodie (Kiernan Shipka of ""Land of the Lost"") blocking the highway with their SUV. Brian swerves around Frank when he tries to waylay them, but in the process, the oil pan in their Mercedes ruptures and they wind up on foot. Reluctantly, they hitch a ride with Frank after they seal Jodie up in the rear of the SUV. She wears a mask over her nose and mouth and it is speckled with blood. Frank has heard that doctors are curing ailing people at a hospital and they head to it. Sadly, somebody has lied to Frank. The hospital physician is giving the last couple of kids some Kool-Aid that will put them out of their misery. The cure did not improve their condition. Everybody else in town is dead. Kate tries without success to get a dial tone on every phone. Frank realizes that there is no hope for his daughter and he lets the heroic quartet appropriate his SUV and take off.<br /><br />Indeed, ""Carriers"" qualifies as a relentlessly depressing movie about the effects of a pandemic on four sympathetic people who degenerate into homicidal murderers to protect themselves. They reach a country club and frolic around on a golf course until another four show up in suits and masks with pump-action shotguns. Incredibly, our protagonists manage to escape without getting shot, but Brian has a scare when he almost falls into the water with a floating corpse. Eventually, they discover that one of them has become infected. Later, as they are about to run out of gas, Brian blocks the highway like Frank did at the outset. Danny tries to stop a pair of older Christian women driving the car. Danny lies that his pregnant wife is about to give birth and he needs their help. Brian throws caution to the wind and blasts away at the ladies with his automatic pistol when they refuse to help them. Brian catches a slug in the leg from the passenger, but he kills her. <br /><br />No,""Carriers"" is not a beer & pizza movie that you can either laugh off or laugh with because the humor is virtually non-existent. By the end of this 84-minute movie, our heroes have turned into villains who only care only for themselves and their plight. Chris Pine makes quite an impression as fun-loving Brian and his energetic performance is the only reason to hang with this hokum, while the only other well-known actress, Piper Perabo, is relegated to an inconsequential girlfriend role. As Bobby, she makes tragic the mistake of showing compassion to a dying little girl and pays an awful price. It is a testament to Pine's performance that he can change his character to the point of putting himself before others. Essentially, Pine has the only role that gives him the ability to pull a one-eighty from happy-go-lucky guy to heartless guy. <br /><br />The two directors are Spanish brothers, and they never let the momentum flag. Since there is no relief in sight, ""Carriers"" sinks into predictability. ""Irréversible"" cinematographer Benoît Debie does a fantastic job with his widescreen lensing and as unsavory as this road trip becomes, Debie makes it look like a dynamic film. Aside from the lack of a happy ending or closure in any sense of the word, ""Carriers"" suffers because it is so horribly cynical. The scene when the German shepherd attacks Danny conjures up the most suspense, but even it could have been improved. Unfortunately, the Pastor brothers do not scare up either much tension or suspense. By fade-out, you really don't care what happens to anybody."
tt0815241,"Some funny bits, but come Bill! A film? Quoting Zeitgeist? Keep the TV Show and the interviews, but a film? I'm probably overreacting but what a unnecessary provoking film... I don't know. I laughed, disagreed, agreed... this film is very confusing and inconsistent.<br /><br />Bill's a funny guy... but also very cocky... Bill's rhetoric is similar to Bill Hicks, a brilliant comedian. But like many comedians, the borderline between comedy and preaching can be annoying. I think that the major problem in this film is his lack of sensibility. This might be just a personal taste, but comedy that constantly demeans somebody cannot be taken as truth. Bill is obviously emotionally reactive to religious fundamentalism. I agree with Bill that religious fanaticism is not sensible, but the response to it cannot be sensible. It will create unnecessary turmoil. We can do better than just react to fundamentalism. His conclusion is that ""we don't know"" and he fervently tries to convince the spectator that nobody knows anything, to the point that the agnostic community has been concerned with his lack of serious research in comparative religion. His humility that he only knows that he doesn't, is a contradiction as he tries to insist that all religious thought is non-sense.<br /><br />I had great trouble seeing bits of Zeitgeist, the movie in Bill's film. All the astrotheology-influenced non-sense that simplifies all religions as the same is simply disappointing. Zeitgeist has provoked a lot of controversy and has messed up the validity of so much of the valuable Religion Studies scholarship. It is very sad how wrong facts have been tossed around with no reliable scholarly sources. Astro-mystic sources that reduce everything to ""the stars say it all"" seem to be from the Middle Ages. This film is a confusing statement from a confused ""agnostic"". Agnosticism is far more complex and philosophically academic than defending every single issue as ""we don't know"".<br /><br />This film is an obvious proof of how postmodernism has been able to oversimplify and generalize major issues in human history.<br /><br />Watch the film (it has hilarious interviews and bits) but PLEASE do not behave like Bill. You cannot expect anybody to have a mature conversation if you are making sardonic comments in every other line. His arguing techniques are demeaning and insulting, provoking emotional reactions rather than rational and logical argumentation.. There needs to be a more mature way of dealing with these issues."
tt0840094,"If you don't mind having your emotions toyed with, then you won't mind this movie. On the other hand, if you enjoy British crime mysteries, following clues and seeing how they all logically fall into place at the end, you'll be very disappointed.<br /><br />Here are some of the logical inconsistencies that lead to that disappointment: <br /><br />* While the police utilize the CCTV cameras early on to gather clues about the mystery, the huge truck that stopped and blocked the children's view just before her disappearance doesn't get caught on camera. This is a critical piece of the mystery. It's inconsistent to have the car the children were in caught on camera and not the big truck that is so critical to the mystery.<br /><br />* The movie goes to great lengths to show the sophistication of the equipment in tracking down the children's movements but misses the opportunity to utilize the same sophisticated equipment is tracking down vehicles that may have entered the crime scene from camera-visible locations adjacent to the crime scene as part of developing clues.<br /><br />* In England, driving is on the left. The director goes out of his way to have the car at the crime scene park on the right, several meters away from the flower kiosk, when it could have easily parked immediately behind, or even on the side; as the huge truck did.<br /><br />* The police forensics team is so meticulous as to find a discarded cell phone in a sewer drain several miles from the scene of the crime, but can't find any blood evidence from the head injury right at the crime scene, even though they secured the scene just hours after the disappearance and with no intervening rainfall.<br /><br />* Search dogs were not used at all to find the missing children; this from the country that is well known for developing the hound dog for search and hunting.<br /><br />* It is illogical that such a highly publicized news story would not turn up the presumably innocent truck driver that stopped at the flower kiosk.<br /><br />* It is illogical that the mother would go to such extremes and expend so much effort to leave carpet fiber clues under her fingernails for her eventual murder investigators even coaxing her daughter to do the same-- while she simply could not have crawled out of the unguarded mobile home. If she had enough sense about her to ask her daughter to get carpet fibers under her nails, she could of just as easily asked her daughter to call out for help or even leave the mobile home that was in a crowded residential park.<br /><br />* The suspect that abducted the little girl was portrayed as mentally slow/dimwitted --justifying his unknowingly drowning of the mother but, he was smart enough not to cooperate with the police and also fully exercise his rights not to self-incriminate.<br /><br />There are more inconsistencies like this that will lead to a true sleuth aficionado's disappointment. 'Five Days' is a very weak British crime story."
tt0844441,"When I first watched the show, the first few episodes seemed promising. Bill Compton introduced himself as the stereotypical ""mysterious"" vampire and Sookie presented herself as an independent woman. However, the show went downhill from here and the once interesting characters are as entertaining as a cardboard box.<br /><br />As the story progresses the main characters lose their original personalities, along with their acting abilities. By episode 5, Bill's furrowed eyebrows are so low that his face just consists of a forehead. Sookie, or rather the actress, is even more dead than her vampire lover. All these tragic events are surrounding her and she only reacts to how enjoyable it was losing her virginity. Personally, I think they made the main characters sleep with each other too early in the show. The way they teased each other was something that had me hooked and could easily be toyed with a bit more. As soon as Sookie loses it she struts around like a total ditz, only thinking of Bill's libido and the size of his appendage. Bill also loses his debonair attitude and well, he just gets plain silly. His actions are never really explained except he does it for Sookie. Why? Their love for each other is never delved into, if there is any love. So far it just seems to be sex that is the core of their relationship.<br /><br />Yeah, yeah, vampires usually equal sex but come on. Every five seconds I see some sort of humping going on. It wasn't that much of a surprise, since HBO always tries to pass of a soft core porno as a decent TV show. Bill popping out of the dirt and just getting it on with Sookie with no reason what's so ever? I laughed so hard I almost peed myself.<br /><br />The plot is just a stream of consciousness. The characters never go into detail about anything. All the events that happen are usually left unexplained. The only thing that is constant is the sex.<br /><br />The only thing I can say that I do like are the minor characters. Tara and her drunk mother are far more interesting than the major characters. The only reason why I continue to watch the show is for the development of the minor characters. <br /><br />Minus the sex and the main characters the show would be much more worthwhile."
tt0865957,"I can't say that Wargames: The Dead Code is the worst movie I've ever seen, as it had one or two decent moments, but I can easily say it's the most transparent movie I've ever seen. Not once did a plot device present itself without me guessing it 10+ minutes in advance. There was no subtlety to anything the movie did, no intelligence evident at all behind the scenes. Every spoken or typed line's intent was so glaringly obvious it was impossible to ""get into"" the movie.<br /><br />I found myself laughing at the horribly thought out plot line, and the bumbled attempts to reclaim the audience, far more often than I found myself enjoying the movie."
tt0871867,"Half Past Dead, starring Steven Seagal in the main role was a major B-hit. Half Past Dead 2 is just a direct-to-video sequel, an action movie with nothing lose but with no capacity to win something. It's less entertaining than the first one: in all aspects. But it's although worthy a look. If you like action movies or just something to watch during a popcorn session; if you also like to watch former WWE stars on screen or even if you love to watch sequels, even if they are direct or not.<br /><br />Kurupt did a good job, Bill Goldberg was below the average, I think he isn't made to the job. Kurupt is a good comedian, I say. The rest did the job, but nothing amazing, nothing far from alright.<br /><br />Technical details, well, a production made by Sony can't be great. Cinematography was a disaster but overall direction was acceptable. Whatever, just watch it if you want. If you watch, you won't lose anything. But if you don't... well, you won't lose either."
tt0874679,"This mini-series is actually more entertaining than some others with much bigger budgets and grander aspirations. SOTD falls somewhere between ""Kung-Fu"" and ""H R Pufnstuff"" on the entertainment spectrum. If it weren't so long (nearly 3 hours) I think that kids would like it quite a bit. It's got adventure, action, ""cliffhanger scenes"", and not too much romance or other ""icky"" stuff. When you're young, you're not too critical of flexing rubber swords, campy acting, and scenes that are repeated. (At least two scenes are repeated identically in the movie, just as was done in old-time serials in order to bring the audience up to speed.) Finally, kids are usually more accepting of American English dialogue coming out of the mouths of Asian actors. (Not to mention the fact that several of the leading roles are played by non-Asian actors.) <br /><br />I was going to give this movie three stars, but I felt like the director, producers, and cast deserved some extra credit for at least carrying through on the project. This movie is not art, but, like painting your house, it actually took some time, effort, and discipline to get it made.<br /><br />Overall, not a recommended use for your time, but it might keep the kids entertained while traveling in the mini-van.<br /><br />Oh, yeah...hey, IMDb! ""Dialogue"" is the preferred and traditional spelling. Your spell-checking seems to think that ""dialog"" is the proper spelling. While ""dialog"" is acceptable, both Webster's and the OED consider it an alternative form."
tt0888019,"I'm dumbfounded. Yes that's right. I'm really caught here. No way did I find it awful, but on the other hand it was a frustrating experience in macabre hysterical and murky incoherency. The idea behind such a trim, minimal low-budget Indie production isn't bad, but it's a confused muddle and in the end didn't do anything for me. It's amateurish and simple; it wants to exploit beyond reasoning and do so in that of-late fashionably rapid filming style. We have the documentary laced (hand-held) camera moving everywhere (despite never leaving the van), and sometimes feeling unfocused and blurry making certain details hard to figure out. Lately you kind of get use to it, but there are times when it does become too distracting and even nauseating. Keeping it still will help. The context has little groundwork (which has five teenage girls on their way home from a football game late at night and becoming lost on the back roads. At a road-side store they become involved in a minor accident which smashes an unoccupied SUV headlight. Scared, they flee and not too long that one-light SUV appears behind them. Soon to make their night an unforgettable ordeal in terror) spending most of the time playing out a drawn out, noisy and relentless cat and mouse game. <br /><br />As for being disturbing I guess that depends. Some moments can make you squirm with its attention to pain, desperation and demented brutality (with good use of piercing sound FX that seem to be more favoured over the imagery and not forgetting the alienating background sound effects), but also I found myself snickering too. In passages it can be repellent and intense with a real gradual rush, but hardly believable. The injuries of random characters never seem as serious like you were to believe, despite obviously they should be. Watch how blood runs freely, but it's not entirely convincing and can get dull. The constant nocturnal car chase could only do so much before getting repetitive. We get screaming, spewing, bleeding, running, cursing, body fluids and so on. Quite unpleasant details followed too. With little really to do, it needed a much stronger script than the measly forced one that was penned up. Too many cringe-moments arose from it, and there was not much in the way of depth for the characters and situation they were in. It was about set-pieces, waiting for next torturous encounter and it drew it out long enough. Helping out is it had an unpredictable pattern. <br /><br />The performances; Jennifer Barnett, Angela Brunda, Danielle Lilley, Sandra Paduch and Mia Yi are workman-like with their distraught characters and draw an authentic chemistry to make up for the script's weaknesses in its character-foundation . Veronica Garcia's flipped-out, bug-eyed intensity as the loony driver of the SUV was something yeah something. Her character's real motivation for terrorising the girls and her unstable state of mind is virtually non-existent. I guess being psychotic was good enough. Now probably the most unnerving thing I came across in the feature was that hideous soundtrack. Terrible techno music, to cheesy hard-rock and an overwrought closing score. It never felt overdone or got in the way, but it did stick out like a sore thumb. Co-directors Greg Swinson and Ryan Thiessen try to get the most out of their slight resources, but even with it edgy spirit it ends up being something quite ramshackle. Maybe it was enjoyable to make, but watching it just wasn't the case."
tt0926129,"PROM NIGHT (2008)<br /><br />directed by: Nelson McCormick<br /><br />starring: Brittany Snow, Scott Porter, Jessica Stroup, and Dana Davis<br /><br />plot: Three years ago, Donna (Brittany Snow) witnessed the death of her entire family at the hands of her teacher (Jonathan Schaech) who has a bit of a crush on her. Now, she is preparing for her senior prom with her stupid annoying friends. Once there, they start dying one by one because the killer escaped from prison and no one bothered to warn Donna because apparently her prom is too important to interrupt. <br /><br />pros: I got a few good laughs out of the film due to the terrible dialog and the dumb character moves.<br /><br />An example:<br /><br />Everyone decides not to tell Donna that the man who is oddly obsessed with her (she doesn't seem that great) has escaped from prison. Their reason: They don't want to embarrass her in front of all her friends. LOL<br /><br />cons: Let me start off by saying I'm a huge slasher fan. Usually I can have fun with even the bad ones. I even like some PG-13 horror films. TOURIST TRAP (1979), one of my favorites, was originally rated PG. I also enjoy POLTERGEIST (1982) and THE GRUDGE (2004). So the fact that this is a dumb slasher film that is rated PG-13 does not have anything to do with me not enjoying the movie.<br /><br />First of all, I had a big problem with the story. I like slasher films that don't even have stories. At least they can be entertaining. This is about a teacher who falls in love with his student, so he kills her entire family. A few years later, he tries to make it up to her by ruining her prom and killing all of her friends ...? Then there were subplots that I doubt anyone cared about. Claire (Jessica Stroup) is fighting with her boyfriend, she has cramps, and I couldn't care less. This should have been a Lifetime feature, not a remake of PROM NIGHT. <br /><br />And then ... this is a slasher film with terrible death scenes. I don't even care that it's not that gory, some of my favorite slashers (HALLOWEEN, CURTAINS, the original PROM NIGHT) were not that gory but they still had effective murders. Here, we have half the characters dying in the same hotel room off screen, a woman being stabbed several times with no stab wounds, and a closeup on a bad actor's face as he screams in agony. I'm sure that 10 year-old girls were terrified, but not me.<br /><br />I also hated the characters. There was Donna's unrealistically sensitive boyfriend Bobby (Scott Porter) and I can almost guarantee you will never meet a boyfriend that sensitive in your life, unless you are a gay male. Then we had Donna's annoying friends Claire (Stroup) and Lisa (Dana Davis), and the token mean girl Chrissy (Brianne Davis). If you thought the characters in DEATH PROOF were annoying, try watching this movie. And don't get me started on Ronnie (Collins Pennie) and the DJ (Jay Phillips) who gave me flashbacks to Usher's performance in SHE'S ALL THAT.<br /><br />Add to all that predictable plot turns, a terrible soundtrack and a big lack of respect to the original material, and you have quite a stinker."
tt0974959,"First off to get my own personal feelings out of the way let me start by saying that I hate so called comedies where every single character is written and played as being so stupid that you wounder if they're all the result of inbreeding.<br /><br />Now I will say this I did see the first three American Pie movies and while they weren't the most amazing movies that I'd ever seen they were all right (and outright masterpieces compared to the three ""American Pie Presents"" films), I still feel compelled to ask what the hell were they thinking when they made this movie?<br /><br />I also have a few other questions too.<br /><br />Who thought that this was an acceptable use of studio funds and production resources? <br /><br />who approved the final script (and what was that person smoking when they approved it)? <br /><br />And lastly why did anyone think that it deserved to be released into theaters where the average cost of admission is between 10 and 15 dollars depending on where you live when it should have gone straight to the discount bin at Blockbuster or Wal Mart?<br /><br />There is so much wrong with this movie that I can't write a really comprehensive review of it because it would exceed the maximum allowed words on this forum so I'll just touch on the biggest things wrong with it.<br /><br />The plot is generic uninspired and stupid and characters are all about as interesting as watching paint dry for eighty minutes but the biggest thing that I can see wrong with this movie is the acting.<br /><br />While most of the cast are talentless no namers who will probably be forgotten in a few years,<br /><br />the one and only big name in this movie is Eugene Levy who spends almost all of the time he is on screen with this knowing smirk on his face that says to the viewer ""I know this isn't funny and I'm wasting my talents but hey I'm getting payed for it so who cares"" he doesn't even try to make any of his jokes funny (he really deserves better than this garbage). <br /><br />As I mentioned above most of the rest of the cast are horrible even though some of them have been in some really great TV shows, Tyrone Savage (from the classic Canadian series Wind At My Back) plays a character who is so unbearable unlikeable and irritating (there are things that he could teach to tropical skin diseases)that you almost wish he'd die a slow and painful death on screen, Christopher McDonald (NCIS, Law & Order) just hangs around on screen and wastes what talent he does have by being in this film.<br /><br />Maybe the next film in this series will just be a soft core porn with a story line so they can get around the MPAA and get an R rating this movie goes all out with pointless nudity vulgarity and pointlessly offencive sexual content that it should have gotten the X rating (the ratings board must have been drunk or on drugs when they reviewed this film for its rating). <br /><br />It's interesting that twenty five years ago when Wes Craven submitted A Nightmare On Elm Street to the MPAA for a rating review they forced him to cut twenty five seconds of footage (I believe that it was part of a death scene that had a silicone casting of a breast in it) to avoid getting an X rating and he had no other choice but to do it or the film wouldn't have been released, <br /><br />but this kind of needlessly offensive trash can get the R rating today because it's all done in the name of comedy, if this movie was a drama or horror film with this kind of content there would have been a huge stink over the content and it would havegotten the dreaded X rating.<br /><br />The last thing that really annoys me is the writing, this movie is written to play out like the wet dream of some twelve year old kid with an extremely overactive sexual imagination its quite juvenile and extraordinarily crass, nearly every expository situation that is supposed to move the corpse that this movie calls a plot along is so telegraphed that any intelligent viewer can see it coming a mile away and and the so called characters are just stereotypes of stereotypes of stereotypes, never mind the often repulsive sexual references and constant unnecessary scenes of deviant sexual behavior it feels like this film was written by some incompetent first year hack in a low rent film school script writing class.<br /><br />the long and short of it is its time to kill this series before it gets any stupider more crass and offensive, this pie is filled with road apples."
tt0986354,"This was not enjoyable to watch. Frank puts all his dreams on the back burner and gets a normal (boring!) job just so his stepson can go to film school, but his stepson decides that he'll make a humiliating documentary about the man instead. A documentary filmmaker should point the camera and simply shoot, not manipulate and comment with snide captions. The bitterness and resentment of the filmmaker towards his stepfather is obvious. And sad. The goal seems to be to make Frank appear dumb and pathetic, instead he comes across as the most human of the 3 people featured.<br /><br />Essentially a smear campaign all dressed up as something much smarter and edgier than it really is. It left me with an intense dislike for the filmmaker."
