tconst,review
tt0034613,"A number of brides are mysteriously murdered while at the altar, and later their bodies are stolen en route to the morgue. Newspaper writer Patricia Hunter decides to investigate these mysterious killings. She discovers that right before each ceremony, the bride was given a rare orchid (supposedly from the groom) which contained a powerful drug that succumbed them. Patricia is told that the orchid was first grown by a Dr. Lorenz, who lives in a secluded estate, with his wife. In reality, Dr. Lorenz is responsible for the crimes, by putting the brides in a suspended state, and using their gland fluid to keep his wife eternally young. Patricia, along with Dr. Foster (who is working with Dr. Lorenz on the medical mystery surrounding his wife) try to force Dr. Lorenz's hand by setting up a phony wedding, which eventually leads Patricia into the mad doctor's clutches. This movie had a very good opening reel, but basically ended up with too many establishing shots and other weak scenes. The cast is decent, Walters and Coffin deserved better, but that's life. Russell steals the show (even out hamming Lugosi- who does not give one of his more memorable performances, even considering his Monograms) as Countess Lorenz playing the role with the qualities of many of the stereotypical characteristics of many of today's Hollywood prima donnas. Weak and contrived ending as well. Rating, based on B movies, 4."
tt0038514,"A scientist (John Carradine--sadly) finds out how to bring the dead back to life. However they come back with faces of marble. Eventually this all leads to disaster.<br /><br />Boring, totally predictable 1940s outing. This scared me silly when I was a kid but just bores me now. I had to struggle to stay awake! With one exception, the acting is horrible. Such expressionless boring actors! Hopeless.<br /><br />There are some good things about this: Carradine, despite the script, actually gives a very good performance. And there are a few mildly creepy moments involving a ghost of a Great Dane walking through walls. There's also one of the worst-looking knockouts in cinema history. Still, none of this is fun enough to sit through this. Avoid."
tt0045064,"This serial is interesting to watch as an MST3K feature, but for todays audience that's all it is. I was really surprised to see the year it was made as 1952. Considering that fact alone makes this a solid (lowly?) 2 in my book. The cars used don't even look contemporary, they look like stuff from the 30's. It's basically Cody (the lone world's salvation? Sheesh talk about an insult to everyone else, like the military), anyway it's Cody in his nipple ring flying suit against Graber and Daley two dumb*ss henchman who sport handguns and an occasional ray gun thats pretty lame in its own right, enjoy. If you want to watch a really good serial see Flash Gordan, it's full of rockets that attack each other and a good evil nemesis and also good looking women, this has NONE of that. And Flash was made 15 or so years before this crap so you can give it some slack. Something made in 1952, this bad, deserves a 2. Nuff said. give it a 6 if your watching it as a MST3K episode, those guys have some good fun with it; a tweak of the nipples here, a tweak there and I'm flying! And now as an added bonus, I bring you the Commander Cody Theme song as originally sung by Joel and his two character bots Tom Servo and Crow aboard the satellite of love for episode eight The Enemy Planet:<br /><br />(Singing at the very beginning credits);<br /><br />(TOM SERVO SINGING) YOUR WATCHING COMMANDER CODY.... HE IS THE NEW CHARACTER FROM REPUBLIC,<br /><br />HE GETS IN TROUBLE EVERY WEEK... BUT HE'S SAVED BY EDITING,<br /><br />JUST A TWEAK OF HIS NIPPLES... SENDS HIM ON HIS WAY,<br /><br />A PUMPKIN HEAD AND A ROCKET PACK.... WILL SAVE THE DAY,<br /><br />(JOEL SINGING) HIS LABRATORY IS A BOXING RING... WHEN BAD GUYS COME TO MIX IT UP,<br /><br />SOMEBODY ALWAYS GETS KIDNAPPED... AND CODY HAS TO FIX IT UP,<br /><br />HE DRINKS HIS TEA AT AL'S CAFE... AND FLIES ALONG ON WIRES,<br /><br />HE BEATS THE CROOKS AND FLIES WITH HOOKS... AND PUTS OUT FOREST FIRES,<br /><br />(CROW SINGING)<br /><br />BAD GUYS BEWARE... CODY IS THERE,<br /><br />YOU'LL LIKE HIS HAIR IT'S UNDER HIS HELMUT... AND BECAUSE WE CAN'T THINK OF A GOOD RHYME,<br /><br />THAT'S THE END OF THE COMMANDER CODY THEME SONG... SO SIT RIGHT BACK WITH A WILL OF GRANITE,<br /><br />AND WATCH CHAPTER EIGHT, CAUSE THAT'S THE ENEMY PLANET"
tt0049223,"I liked how this started out, featuring some decent special-effects especially for a film 50 years old. There was some pretty impressive scenery. However, the film bogs down fairly early on with some very dumb dialog as the males all try to flirt with Anne Francis ""Altaira Morbius."")<br /><br />Viewing this in the '90s after a long absence, it was fun to see Francis again, an actress who has done mostly television shows since this film was released....and is still acting. It also was interesting to see a young-looking Leslie Nielsen (""Dr. John J. Adams""), who I wouldn't have recognized had it not been for this voice <br /><br />I watched half of this movie before the boredom came almost overwhelming and I had a strong desire to go to sleep. I appreciated them re-doing this VHS tape in stereo. but it was a weak effort. This is one those overrated film where ""elites"" think is so ""heavy"" and ""thought-provoking."" That's nonsense. It only appeared ""intelligent"" because the rest of the '50s sci-fi films were so stupid!!<br /><br />Some if the early scenes would have looked great on wideescreen, which I didn't have at the time of this writing. Perhaps another look - this time on the 2.35:1 widescreen transfer would make me change this review."
tt0062159,"I remember this film, exhibit in Barcelona (Spain) in 1970, for the time of a week. Although it could seems incredible, and I can't offer any explanation for it, this movie was exhibit in a theater dedicated to... movies of art and big quality (that, is, Bergman, Resnais, Malle, Buñuel, and... The Projected Man). Few people saw it (luckly people, no doubt) and no reference about this very boring SF movie can be found in the Peter Nichols Science Fiction Encyclopidie, or about the author of the original novel. Very indicative. I remember of it, after all this years, a no-story, a lot of special effects that seems ridiculous effects in fact, and no more. It seems that in some countries the running time is 90 mm. and in anothers 77 min. Well, it means only a little more of pain."
tt0065738,"I loved ""The Curse of Frankenstein"" so much that I rushed out to get ""Frankenstein Must Be Destroyed"" to see Cushing at it again...even if it was without Chistopher Lee this time. To my great disappointment, this movie not only does without Lee, but it does without Frankenstein's Monster altogether! Was it a case of ""If we can't get Lee, we won't have a monster at all""? Why would they do that? The monster is half the fun of the whole thing!! This film is dedicated solely to the study of Baron Frankenstein and his quest to finish experiments he had begun in brain transplants before ending up in an asylum. I found the script extremely weak, with the need to suspend disbelief forced upon the audience a little too much. I'm willing to suspend a fair amount, but this movie got fairly ridiculous, which took me out of the film rather than immersing me in it.<br /><br />Peter Cushing, though, is absolutely brilliant playing pure evil in this film. For being one of the most beloved actors and notoriously sweet men, he sure could play menacing and malevolent extremely well. The supporting cast is competent, but has little to do, even the young doctor and his fiancée blackmailed into helping Frankenstein. A bumbling police chief is introduced, along with his put-upon sidekick, to generate some comic relief, then they are completely dropped from the movie! Why? We are led to believe that the police chief will be the main nemesis of the Baron, then we are led to believe it will be the young doctor, and then it ends up being the victim of Frankenstein's brain transplant experiment. There was no tension, we weren't invested in the ""creature"", and the ending was left so ambiguous as to leave one unsatisfied because it is so clear they are setting up another sequel.<br /><br />Also, there are virtually no ""horror"" elements. Yes, there is a beheading in the beginning (off-camera), and we are treated to the sounds of Cushing cutting the tops of two men's skulls off (again, off camera), and there is the most unsettling and thoroughly unnecessary rape scene (90% of which is, again, off-camera). I understand that there is a love of ""letting the audience imagine it all, for their imaginations are far worse than what we can show"", but come on, if you're not going to give us a Monster, then at least let us SEE the few ""horrific"" elements you do choose to include. Showing us a skeleton in the lab lit with a green light is just not scary.<br /><br />On top of a weak script, I thought the directing was mostly flat. There were a couple of nice shots, but otherwise no excitement, atmosphere, or suspense was generated. The same director did ""Curse"" back in 1958 and I thought it was brilliantly directed...guess he was as uninspired by this film as I was.<br /><br />The movie gets a 4 out of 10 from me strictly for Peter Cushing's powerful, nuanced performance...beyond that, I found little in this movie worth recommending. Instead, my suggestion is to watch ""The Curse of Frankenstein"" and see a truly great Hammer horror film."
tt0075781,"I bought this (it was only $3, ok?) under the title ""Grey Matter"". The novelty of seeing Sherriff Roscoe in a non-DukesOfHazzard role intrigued me. As the other reviewers warned, it's a pretty boring tale of a top secret government experiment gone awry.<br /><br />And yes, there are plenty of establishing shots, especially of a house with a pool in front of it. Some of the characters and interiors are so nondescript I guess the filmmakers worried we might forget who is who, so they keep tipping us off by first showing the outside of the buildings. It's actually kinda funny. After awhile the pool shot feels like a tv channel's station identification logo, reminding us that we are watching ""Grey Matter"".<br /><br />I also enjoyed two bouts of name-calling. At one point an angry test subject taunts somebody in charge by calling her a ""Scientific b*tch!"". It's just a very inadequate insult. Several scenes later a different subject lets off steam by muttering about that ""scientific b**tard!"". It just sounded very awkward to me.<br /><br />Someday this movie will disappear forever. Another decade from now it will likely be impossible to find any copies of it. Almost like it never happened.<br /><br />"
tt0075850,"This film is roughly what it sounds like: a futuristic version of the Cinderella legend but with songs and (fairly tame) sex scenes! The film is not sure what it wants to be and pretty much ends up a mess. It's more expensive looking than most of director Al Adamson's films but it's not at the same budget level that viewers have come to expect from sci-fi films. The actors are pretty bad and unlike most Adamson films, there are no former big namers or B actors. Some of the music is OK but it's easy to see why Cinderella 2000 has been forgotten for so many years."
tt0076191,"A truly unpleasant film. While Rick Baker's special effects are quite impressive (if stomach-turning), it has no other redeeming features. Like many 70s movies, it leaves you feeling as if you need to take a long shower, and scrub the slime off of yourself. The characters are uniformly unpleasant, and plot makes no sense."
tt0086967,"I was always curious about this film because it is so tough to find, so when I stumbled upon it on Ebay I forked over the $10 and bought it, now I understand why its so rare! This film is SO bad, so terribly written and hopelessly low budget that the ending credits, which show all of the cut scenes where they fumbled their lines, are literally the movie's highlight. The film is about a psychic (Pettyjohn, cast for one obvious reason, her topless scene) whom uses her powers with an experimental machine to pull objects from another dimension into this reality. When she pulls in some kind of box like object the military nonchalantly throws it into the open back of a truck with one soldier to guard it, and gee, what do you know? SURPRISE! A kid in a foam-rubber monster costume pops out, instantly kills the soldier with a scratch across his face, then escapes to a nearby city. But rather than deploy half the armed forces of the county to find it and protect the public those in charge just leave it up to Pettyjohn and Ray to find it on their own, but no matter, this movie blows all its credibility LONG before then. This barely escapes being voted a 1 by me only because of unintentional laughs, somebody needs to alert the producers of ""Mystery Science Theater 3000"" if they don't know about it already! 2 out 10, really, REALLY bad!"
tt0087803,"I have heard about this novel a long time ago, many of my friends have recommend me to read it. I searched it in every place and finally found it. This is a book that every man should read, because it is genius and because of it's vision. I enjoyed every page.<br /><br />I knew about the movie and could not wait to see it. When I finally did I was very disappointed, many things that are in the book are not in the movie (I do not think that this is a spoiler) that just makes the movie not logical... Michael Radford might be a good director, but a bad writer. Especially as a book adopter. The movie is not dark at all, the writing is really bad, the only thing that is good, even great, is the acting. John Hurt is an amazing actor and the only face I myself could see as Winston Smith.<br /><br />What angers me the most are the people in IMDb that called this ""The Best Adaptation Ever"" without even reading the book! Or knowing anything about screen writing!<br /><br />You can only understand the brilliance of the story by reading the book, do not consider this as an alternative. As a fan of the book, I was very disappointed.<br /><br />The points I gave for this movie goes for the acting."
tt0091631,"Nightmare Weekend is proof positive that some people are so desperate to be 'in the movies' they are prepared to do almost anything.<br /><br />I'm not referring to the countless women who seem quite happy to appear completely starkers in this dreadful piece of trash (after all, the naked female form is a beautiful thing and nothing to be ashamed of). No...I'm talking about those who are more than willing to co-star with a badly made hand-puppet called George. Now that is embarrassing!!!<br /><br />A bio-electronic being created by brilliant scientist Edward Brake (Wellington Meffert), George (who looks like a demented felt clown with green wool for hair) is the artificially intelligent interface for an advanced computer system that operates a revolutionary device (a silver sphere about the size of a golf ball) that, when ingested, can reverse character disorders.<br /><br />Edward's personality altering experiments have been successful on lab animals, but the cautious scientist is reluctant to carry out tests on human subjects, fearing that there may still be side effects. His evil assistant Julie (Debbie Laster), however, has no such qualms, and proceeds to use three beautiful young women as guinea pigs. Inevitably, they all turn into hideous killer mutants.<br /><br />With bargain basement special effects, a cast totally devoid of talent, and a plot that is almost impossible to follow (I took notes as I watched the film, and even then I am not entirely convinced that my synopsis is accurate), Nightmare Weekend is a complete and utter disaster that not even several soft-core sex scenes and a touch of gore can rescue.<br /><br />This film also features one of the most irritating characters I have ever seen in a horror movie: Tony (Bruce Morton), a Walkman wearing idiot who bops away to crap 80s music in a manner that makes me look like Justin Timberlake in comparison."
tt0096511,"Although the likeliness of someone focusing on THIS comment among the other 80+ for this movie is low, I feel that I have to say something about this one. I am not the kind of movie-watcher who pays attention to production value, thought-provoking dialog, or brilliant acting & directing. However, I claim that this movie sucks. I don't know why I don't like it... I mean it has almost everything i want out of a horror movie: blood, outrageousness, unintentional humor, etc. According to this evidence it should be my favorite. Still, Zombi 3 is a baaad movie.<br /><br />There are just too many things that compels you to yell at the screen. Like when the girl leaves the army guy when their car breaks down to find water (this spoils nothing so don't worry). She walks into what I see as an abandoned hotel or something. Did she not see that there was a friggin' lake in the middle of the building??? Yes she's looking for water and passes up a lake. Why? Cuz she wants to know why the people (who aren't there cuz the place is abandoned) won't answer her when she calls out: ""Is anybody there?"" Oh this is just a little, insignificant piece of the big picture I'm painting.<br /><br />There is a reason, though, why I gave this film more than 1 star. It's one of those movies where if you forget how bad it really is, like I have a few times, you'll want to watch it again because it's just so over-the-top in every aspect. I called it blood in the first paragraph, but this movie has no blood, it has an ocean of gore. Also, it has pretty weird creatures in it as well: a zombie-baby (with an adult-size hand???) and a magically flying head to name just two.<br /><br />You know when you try to think of the worst and cheesiest movies ever made and you come up with '50's sci-fi movies? I believe that Zombi 3 and movies like it should top those. It has all the elements: scientists arguing with the government, warnings of the apocalypse on the radio, armies battling monsters, and so on. This IS the Plan 9 of the '80's! While I won't say that this is a waste of money if you want to buy it, just expect the very worst. And when you find out that expecting the worst is underestimating Zombi 3, it won't be all that bad. You might actually like it, I'm not saying that's impossible.<br /><br />Don't think I hate this movie, I don't... really. Oh, P.S. Killing Birds (aka Zombie 5) rules! (did I just blow my credibility?)"
tt0097371,"In the first one it was mainly giant rats, but there were some wasps and a giant chicken too. This one, however, is just giant rats period, well giant rats and one really growing little boy. This one is about this growing boy and a scientist that is trying to help him so he accidentally creates giant killer rats...you know how it is. This movie has some kills and its moments, but I find it to be on par with the original, I just prefer some variety in my giant creature movies. Well, that is not true...I actually like ""Empire of the Ants"", maybe I just do not care for giant rodents. All in all a rather drab movie though it does have one rather odd turn of events in this one dream sequence that is truly bizarre. I just can't recommend this one."
tt0098375,how can a director that makes such great films as poltergeist and the texas chainsaw massacre make such rubbish as this? i got this film off a friend and he didnt want it back its so bad. how this can be classed as horror i will never know.<br /><br />2/10
tt0099173,"I felt brain dead, I'll tell you. This is the worst film I have ever bought. (in my ignorance I thought this was the Peter Jackson film of the same name). The performances are so terrible they are laughable. The special effects have not stood the test of time and look dire. The script promotes that kind of TV movie, stare into the middle distance kind of acting. The cast look as if they have been taking lessons from Joey Tribbiani, they have one look each, and stick to it. Plus I have never been confused by a movie until I sat down to watch this. The is it a dream or no plot is so terrible that frustration sets in within a few minutes. Avoid like a plague."
tt0099856,"Here's an interesting little movie that strictly gives the phrase ""low budget"" a horrible name. Our physics teacher who has about nine kids creates a strange serum that causes ""molecular reorganization"". Students are hopelessly killed from fake coincidences of submarine sandwiches and flying school supplies. Sounds like a resurrection of classic B-movies from the 50s, right? Nope! It's not an example of high camp fun, which is way, WAY off the mark. A glamorous showcase of breasts and butts ensues our desire for pleasure, opposing the horror that should have had 99.44% more in the first place. Bottom-of-the-barrel entertainment at its best, aided by pints of red blood and dead student bodies. Atrocious movies like this would make the ultimately catastrophic GURU THE MAD MONK (1970) the work of an intelligent genius who has a Master's degree in film production! It's an automatic ""F"", so rest easy!"
tt0101368,"A young scientist is trying to carry on his dead father's work on limb regeneration.His overbearing mother has convinced him that he murdered his own father and is monitoring his progress for her own evil purposes.A young doctor uses reptilian DNA he extracts from a large creature and when his arm is conveniently ripped off a few minutes later,he injects himself with his formula and grows a new murderous arm...Admittedly the special effects in ""Severed Ties"" are pretty good and grotesque,but the rest of the film is awful.The severed arm is behaving like a snake and kills few people.Big deal.The acting is mediocre and the climax is silly.3 out of 10."
tt0102800,"Title: Robot Jox (1990) <br /><br />Director: Stuart Gordon <br /><br />Cast: Gary Graham, Anne Marie Johnson, Paul Koslo <br /><br />Review: Stuart Gordon who we usually associate with extremely gory horror films such as Re-Animator, From Beyond, Dagon and Castle Freak, took a small detour here and did a little sci-fi flick. I stress the word ""little"" since this is a very low budget flick, and there in lies its main weakness.<br /><br />The story takes place in the future. A world in which the great superpowers (that according to this movie are the United States and Russia) duke out their differences not by going on a full blown world war...but by fighting gladiator style battles with gigantic robots. Our hero Achilles must go up against the evil Russian robot fighter called Alexander. Lots of cheap stop motion animation ensues.<br /><br />Well, the idea is awesome I guess. The great nations settleling territorial disputes with giant robots? Interesting premise and one that could have been handled properly if the proper budget had been available. Unfortunately what could have been a fun movie ends up being an embarrassment for an otherwise great director.<br /><br />I as a kid loved this movie, and I guess if you want any enjoyment out of this movie, you'll have to revert back to little kid mode to have some fun with it. I showed this film to some of my friends and as the movie progressed my friends where like ""what the hell is this piece of crap franco?"" And I'm like well this movie is a sci-fi by one of my favorite directors Stuart Gordon?"" But as the movie progressed into corny territory I almost felt like pressing stop and not having them go through that torture. I could go through it, cause I loved this film as a kid, and there's still a little nostalgia attached to watching it. But everyone else was just not going to get it.<br /><br />And I myself realized that the movie isn't really that good. First off. The movie is about giant robots kicking the hell out of each other. And in order to achieve this in a credible fashion you'd have to use some damn good special effects to make it work, expensive effects that would help us the audience suspend disbelief. But unfortunately this being a small scale movie, from a small scale company (Empire Pictures, which went bankrupt after making this film!)the effects only help us giggle and laugh at them. Heck even the sets and some of the wardrobe looks unfinished or half assed.<br /><br />OK granted, once you accept that you are watching a mixture of moderate stop animation and miniatures well you can sort of give in to the film and even enjoy the big robots kicking the hell out of each other. There are certain scenes when the robots are fighting that are kinda cool, and made me go ""thats why I liked thid movie!"" But every know and them, some crappy effect will take you right out of that protective little cocoon you were trying to hide in. And boom, your right back into realizing this film just doesn't live up to its premise.<br /><br />And heres another thing that sort of bothered me a bit about the movie. This movie is basically a movie for kids. You know, giant robots duking it out? Stop motion animation? Hello? But this movies dialogue had a lot of sexual innuendos and the violence gets a little bloody. So I kept asking myself is this a kids movie or not? After a while I just came to the conclusion that basically this was a kids movie with adult sensibilities, which really isn't a good mix.<br /><br />So for those of you who don't feel that certain naive childlike charm of watching two robots fighting each other and if you don't have a nostalgic connection to this movie (like I do) well Id suggest you steer clear away from this one. Gordons a great director, but this movie he made, just didn't do it for me. Well, at least not now that I'm a full grown adult.<br /><br />Rating: 2 out of 5"
tt0106983,"Imagine a woman alone in a house for forty five minutes in which absolutely nothing happens. Then this goes on twice more. The writing is flat and lifeless, and jokes unfunny, and the bad acting keeps you from caring about any of the characters, even when they battle wolf packs and get beaten up by fraternity goons. Anyone that ranked this movie higher than a two is not fully sane."
tt0115834,"This is probably one of the worst ""wanna be a low budget hit films"" to credit the dinosaur genre. The film is so predictable you could go away, cook yourself dinner, go answer the phone or whatever and when you're back you'll know exactly what has happened. The special effects are so poor you would have thought Lego bricks were used and the ""super fast"" dinosaurs were so tame that it makes a pet dog look like a super predator. The acting is over cooked. They try so hard, yet there just isn't enough character behind them to get into the characters and as for the scientist... Yeah okay we know exactly whats going to happen to the blonde chick in glasses. Stereotypical was created for films like this. If you want to watch this film, I suggest you aren't in as a serious mood as the cast and crew obviously were. And if you are really really into dinosaurs and know everything in the world about them, don't watch it, you might break the screen - the facts are that far off."
tt0118882,"I haven't seen anything this bad since I walked out of the James Bond movie ""Moonraker"" twenty years ago. I managed to sit through the entirety of this one only because of Tilda Swinton, but there was nothing she could do to save this beast.<br /><br />As a cross between ""Pi"", ""Orlando"", and ""Tron"", this movie failed miserably in every aspect of moviemaking. The characters were cardboard and unable to evoke any kind of sympathy. The plot was wholly unbelievable. The acting was, with the exception of Swinton, amateur. The computer graphics were worse than in ""Tron."" Timothy Leary was extremely annoying. I could go on, but what's the point.<br /><br />The only good thing I can say about this film is that Tilda Swinton was in it. I have no idea why an actress of her caliber consented to appear in such a dud, but she most likely regrets it now.<br /><br />Don't waste your money or your time on this stinker. There's nothing worth seeing here."
tt0119380,"Here we are: two travelers from a distant futuristic world arrive on earth... one is on a desperate mission to preserve a life, another is an inhuman killing machine determined to eliminate the woman who will give birth to the saviour of an entire race.<br /><br />So what could we call this killing machine? It's almost like he's some kind of destroyer, or eradicator... sort of like an exterminator or something. What's the word I'm looking for... something that -terminates- things? Hmmmm....<br /><br />Anyway, the protector (who swiftly doffs the white tunic he stole from Luke Skywalker in favour of local clothing) finds the young woman first and impregnates her with a future-born hero-to-be. The evil uhhhh... ""exterminator"" kills some rednecks and steals their guns and clothes, then attempts to locate the woman by visiting her workplace and asking around by looking menacingly into people's eyes and repeating her name threateningly.<br /><br />Then begins a desperate race for survival as the seemingly deathless and unstoppable ""exterminator"" pursues the couple across the countryside. At some point he may acquire boots and a motorcycle, but I'm not sure.<br /><br />Perhaps, in an exciting finale, he will attempt to crush them under the wheels of an enormous tanker truck full of... acid. Then the truck will crash. They will be saved... but no! He will then re-emerge, as strong as ever. He will kill the protector and pursue the girl into a meat packing plant, where in a terrifying finish, he is pushed into a large piece of industrial chopping machinery, and destroyed once and for all.<br /><br />But maybe I'm extrapolating too much... after all, I did stop watching this movie after Mr. Protector magically impregnates Sean Young by kissing her at a bar, then tells her the child will be born in 3 days. <br /><br />The costumes and effects are great in this movie... I loved them the first time I saw them on Star Trek: Next Generation too! Sean Young does another great turn as an unemotive Replicant, and career sweat-hog Stephen Baldwin is also on board as Young's Fat Cop Boyfriend. Not sure where he fits into the plot though... maybe he's an import from a different James Cameron movie?"
tt0119700,"I watched this movie last night and already I am struggling to recollect very much about it. The story is about a group of criminals who escape from a space penal colony. They fly to the Moon in a space-age dustbin carrier; when there, they terrorise the dustbin men who work on the Moonbase.<br /><br />It strikes me that rubbish low-budget sci-fi films often involve either desert planets or, like this movie, criminals escaping from penal colonies. Why this is I have no idea. But I can say with some certainty that such films are always diabolical. This one is really no exception. It begins reasonably well with a decent credit sequence and a half-way alright dance music soundtrack. It then degenerates into a boring sci-fi thriller. So little of consequence actually happens in this movie that I am literally struggling to write a helpful review, so if you're reading this I apologise for not being able to enlighten you to the film's subtleties and nuances. For the record, I recall a tedious bunch of baddies, a tedious bunch of goodies, some nuclear warheads and a hologram of a naked woman. Other than that, I'm struggling.<br /><br />If you feel you could be interested in the activities of lunar dustbin men then I would not hesitate to recommend this film. I would also recommend it to those of you who wish to send their friends to sleep and steal their wallets."
tt0120764,"I saw this bomb when it hit theaters. I laughed the whole time. Why? Because the stupidity of it seemed to have made me go insane. I look back on it and realize there was not ONE funny thing in the whole movie. At leat nothing intentional. It IS awfully funny that Lizzie cn chew a piece of Nurplex and become a gigantic, carnivorous demon...yet her itty-bitty little dress is perfectly intact, despite the fact that she is now hundreds of times larger than she was when she first put it on. Or the kind of movie in which a man can be shocked with a defibulator and only fall unconcious, and return to conciousness without ANY medical attention. And don't let me get started on the ridiculous fate of the ""villain"" that they decided they needed to create ""conflict."" Uh huh.<br /><br />To the person complaining about Disney only targetting kids-The raunchy parts of this film seems to disprove that statement. Do we really need Daryl Hannah accusing Jeff Bridges of having kinky video tapes? You do if you're Disney and you're out of ideas for making the movie appeal to the above-8 crowd without writing a more intelligent script! I am thoroughly convinced that Disney pays off the ratings board so it's movies can get away with murder and still get family-friendly ratings.<br /><br />What a waste of the DVD format."
tt0164052,"Within the realm of Science Fiction, two particular themes consistently elicit interest, were initially explored in the literature of a pre-cinematic era, and have since been periodically revisited by filmmakers and writers alike, with varying degrees of success. The first theme, that of time travel, has held an unwavering fascination for fans of film, as well as the written word, most recently on the screen with yet another version of the H.G. Wells classic, `The Time Machine.' The second theme, which also manages to hold audiences in thrall, is that of invisibility, which sparks the imagination with it's seemingly endless and myriad possibilities. And this theme, too, has again become the basis for a film adapted from another H.G. Wells classic, `The Invisible Man,' the realization of which, here, is `Hollow Man,' directed by Paul Verhoeven, and starring Kevin Bacon and Elisabeth Shue.<br /><br />Sebastian Caine (Bacon) and his colleagues have for some time been conducting experiments for the U.S. Government, exploring the possibility and practicality of invisibility, which they have, at last, achieved in a number of the primates upon which they have tested their method. They have, in fact, progressed to the point that effecting the invisibility is assured; their only problem now is bringing the subject back to the original `visual' state of being. It's a problem, however, that Caine, after diligent effort and too many hours in the lab, has solved-- or so he thinks. And when the application of his theory on a live subject is successful, he decides to present the results to the board of directors, in an effort to thereby maintain the funding necessary for the continuation of the project.<br /><br />At the last minute, though, Caine demurs, fearing that control of the project will be wrested from him before they can proceed to the next level-- the testing of a human subject. And he takes it upon himself to become that subject, securing the assistance of his research team by telling them that they've been given approval by the board to do so. But something goes wrong, and Caine becomes trapped in his cloak of invisibility; and as he and his team struggle to find the solution to his considerable dilemma before it's too late, it all begins to take a toll on Caine's mind. And suddenly, his fear of losing funding and control becomes inconsequential, as he finds himself facing the imminent danger of losing much more than that. Now there's a very real chance that he may lose everything-- Including himself.<br /><br />Verhoeven has crafted what is initially an exciting, even thought provoking film; he establishes a good pace and uses the F/X at his disposal to great effect, though he does tend to allow the striking visuals to overwhelm the character development. Anyone familiar with `The Invisible Man,' or actually anyone who can logically follow the progression of the story, will know early on that Caine is not destined for happier times. Still, Verhoeven has a style of storytelling that is definitely going to capture the attention and engage his audience. But he seems bent on rushing toward the climax, and along the way he abandons any and all of the nuance that has made his film thus far successful, opting to enter into a final sequence that is nothing more than a mindless blood-and-gore fest that betrays his audience and everything he's worked for earlier in the film. Rather than seeking an intelligent resolution to Caine's suffering, and using some inventiveness and imagination to take the film to it's inevitable conclusion, Verhoeven takes the low road, and though it may succeed on a purely visceral level, any meaning one could derive from the story dissolves like so many ashes in the wind, along with anything that would have made this a memorable film. And it's a shame, because Verhoeven has it at a higher level than much of what is offered in this genre, and he allows it to sink unnecessarily to one much lower.<br /><br />Kevin Bacon does a good job of creating a character that is believable, if only on the surface, which seemingly serves Verhoeven's purposes perfectly. There's little depth to Bacon's portrayal, but it has more to do with his director's agenda than his own acting abilities. Verhoeven simply does not allow Bacon the time to develop Caine to any extent; the character is mainly a vessel around which Verhoeven can build his story, and toward that end, it works. The film would have been better served, however, had Verhoeven and Bacon collaborated more closely on at least developing a bond between Caine and the audience that would have prompted some emotional involvement on the viewers part, something that would have drawn them in a bit, rather than leaving them at the gate, as it were, as mere observers of an F/X laden extravaganza.<br /><br />Elisabeth Shue comports herself well in the role of Linda McKay, Caine's willing accomplice in the ill-fated experiment, but it's basically a thankless part that offers little challenge, especially to an actor of Shue's caliber. The same can be said of Kim Dickens (so magnificent in the 2001 film, `Things Behind the Sun'). Her character, Sarah Kennedy, does little more than support the action and F/X. Both actors are capable of so much more, and deserve better than what they are given to work with here.<br /><br />The supporting cast includes Josh Brolin (Matthew), Greg Grunberg (Carter), Joey Slotnick (Frank), Mary Randle (Janice) and William Devane (Dr. Kramer). Entertaining to a point, and even successful on a certain (low) level, `Hollow Man' is one of those films that leaves you contemplating what could have been. Like an annual fireworks display, it will give you some momentary thrills, but after awhile it'll begin to blend in with all the others you've seen, without anything special to set it apart. And it's too bad, because given the talent and abilities of those involved here, it could have been so much more. I rate this one 4/10.<br /><br /> <br /><br /> <br /><br />"
tt0254199,"This is a movie about making a movie. Such movies may be entertaining, but they need some substance, to do so. It did not happen here, I am afraid. Mr Coppola did not inherit his father's skills, unfortunately (neither did his sister, who can however make movies which one might watch).<br /><br />I do wonder how this movie came to get such rave reviews. <br /><br />Let's see: the lead male actor, supposedly a director, is as expressive as a frozen squid and his voice has the same pitch whatever he says, the lead female actress has an expression on her face that never changes, the plot is totally segmented in bits with perhaps one single connecting element, the movie within the movie idea must be more stale than paleolithic rocks... Would that be enough?<br /><br />I regretted every single moment I watched this movie. A walk with the dog is far superior entertainment to this unbelievably lame movie. It's as if a François Truffaut plot were directed by Dick Cheney...<br /><br />Brazil, some other classic SF movies? You must be really joking..."
tt0255798,"Marvin(Rob Schneider)does not have the ingredients to be a cop which is his lifelong dream. But his luck changes when he has a car crush(a very bad one)and is found by a doctor. The doctor has to use animal organs to rebuild him. After this moment, he starts to have wild behaviours unconsciously and becomes a best cop one could ever be. By the time, he realises the changes and his animal instincts starts to take over his human side. In the mean time, he finds a lovely girl and try to be a perfect gentleman that means he has to control himself and behave civilised. I am not a big fun of Rob Schneider. In fact, this is the his first film I have seen. However, I can easily say that he is the best person to play the loser.(See his part in Ally Mcbeal, quite funny actually).There are some good parts in the movie such as his flirting with the goat. In such movies, the biggest problem is that the script is seems to make the viewer feel less intelligent. I am sure this movie is okay to watch as long as it is not taken too seriously. But very sad to see such films doing very good in the box office. The Animal is not the worst film I have seen to date but fails to get more than *."
tt0274518,"I was recently online looking at a site that featured public domain movies. In their long list of films was this film and I thought I must be hallucinating at such an offensive title and premise. But, no, that's really what it was. And since the film was only about 27 minutes long, I decided to give it a try. If it had turned out to be some porno movie, I would have stopped watching. Instead, it turned out to be the most bizarre film I have ever seen. The Danish production crew tried, with a budget of about $49, to make a Star Trek-style film about a crew of very gay men traveling about the galaxy wiping out female oppression by killing all the women--like they proceeded to do on the Earth! And in every case, they were met with cheers and thanks from the now gay men of the planet.<br /><br />Subtle, this ain't. With some of the most obscene and juvenile names of characters I've ever heard, I don't even think I can write them on IMDb without having my review removed! However, despite the utter crappiness of it all, it was strangely watchable and worth a peek. But, as I mentioned already, due to the crude names and odd subject matter (though no nudity), it's a film for adults only. <br /><br />By the way, this movie left me with 1001 questions as to WHO would make this, WHY make it and WHO was the intended audience?! It may not be the absolute worst thing I have ever seen, but it probably is the weirdest and possibly the most offensive!"
tt0275410,I found Horrorvision almost unwatchable. While only 70 minutes in length I still found myself hitting the fast forward button again and again. The acting was of the `if I scream and say ***k a lot I'm intense' school. And the story was at best a scenario that had yet to be fleshed out.<br /><br />While I never go to Full Moon for great film making I have never seen them produce as bad a piece of junk as this.
tt0308132,"The original exploitation classic-though far from enjoyable on almost any level concerning some guys who turn cats into human flesh eating monsters because the cat food they make is made with people is remade with scifi elements added. The cats can't get enough and when the flesh tainted food runs out the cats turn on their owners. Poorly put together on almost every level this is an example of the absolute bottom of the barrel material that used to actually play movie theaters in the early 1970's updated with alien cat and dog races battling for supremacy. Director Ted Mikel is a hack, but is so lovable a person (I generally like the guy thanks to his smile inducing interviews and commentary tracks) that you can pretty much excuse the garbage he mostly turned out. Mikels wanted to make films and he didn't care how they turned out so long as he was producing something. More power to him, but I wish he wouldn't subject us to his home movies"
tt0348150,"I saw the movie last night and I really wanted to like it. My expectations for the movie had been going up and down ever since I heard it was being made. Some days I'd see something spectacular and some days I'd be disappointed.<br /><br />Yet being the kind of fan I am, I had high hopes for this movie but in the end I was sorely disappointed.<br /><br />While I love the Richard Donner movies I didn't like their sometimes campy nature or the changes they made to Superman's character and his powers.<br /><br />Singer however chose to take the worst elements of the Donner movies and put them in his version.<br /><br />While his Lex Luthor is slightly darker he's still nothing more than a shyster, a conman and a common criminal. He's no more intelligent than when Gene Hackman played him. Kevin Spacey does his best to play Luthor well but ultimately he falls victim to shoddy writing and unremarkable dialog.<br /><br />His henchmen are more two dimensional than even comic book henchmen. Most of them literally have no dialog in the movie.<br /><br />****SPOILERS AHEAD**** Kitty Kowalski is almost exactly the same character as Ms. Tesmacher. She seems to be as evil and cold as Lex Luthor but she proves to be just an underling who melts after seeing Superman in trouble and quite predictably betrays Luthor.<br /><br />The biggest disappointment in the movie was Frank Langella as Perry White. I wasn't a huge fan of the over the top Perry White in the Donner movies but at least he had a soul. He was after all said and done, a veteran reporter who cared about the truth and a good story. Langella's Perry White is nothing but a corporate stooge. He wants everyone to concentrate on the Superman related stories because they sell papers even though every other paper is doing the same thing. He doesn't care about the real stories, the real mysteries like the black out and what Lex Luthor is up to now that he's out of prison.<br /><br />The worst thing about Langella is that he's DULL! Some actors can be quiet and sober and yet have an undercurrent that lets you know that still waters run deep. Frank Langella is puddle.<br /><br />Brandon Routh is not a bad actor. He's OK but again there is not a single memorable line in the whole movie. Not the actor's fault. His movements are clearly meant to look graceful, like even the slightest movement of his fingers effects the way he flies. But it still looks choreographed and artificial.<br /><br />Lois Lane while badly written was surprisingly well acted by Kate Bosworth. Unfortunately, again, for a Pulitzer Prize winning journalist and writer, she is about as eloquent as any teenage on Dawson's Creek.<br /><br />James Marsden was my favorite actor in the whole movie, mostly because he looks more like Superman than even Routh. Without any superpowers he manages to figure out Lois Lane's message, flies a plane to the location, gets on board Luthor's yacht and rescues Lois and her son.<br /><br />The only moving moment in the movie is when they are all trapped pantry as it is flooding with water and the ship is sinking. You see them slowly going being immersed in the water. You know Superman's going to come by at the last moment to rescue them but still you can't help but feel sorry for them.<br /><br />As I said before the plot is very haphazard. Unlike Singer has said, this is not a movie about a superhero returning and trying to find his place in the world. As soon as he returns the world welcomes him back with open arms. Lois is the only one who's not happy to see him back. Even Luthor is happy to have Superman back because it gives him a chance to settle the score with the man of steel.<br /><br />Superman is shown to be probably one of the dumbest heroes in the universe. A big green piece of meteorite is stolen from a museum, Lex Luthor is out of prison, he now has knowledge about Superman's powers and weaknesses, and yet he's still not able to connect the dots enough to know Luthor would be using kryptonite against him.<br /><br />According to the movie the only thing Superman is good for is lifting really, really heavy things. The action sequences are all incredibly predictable."
tt0369226,"This movie succeeds at being one of the most unique movies you've seen. However this comes from the fact that you can't make heads or tails of this mess. It almost seems as a series of challenges set up to determine whether or not you are willing to walk out of the movie and give up the money you just paid. If you don't want to feel slighted you'll sit through this horrible film and develop a real sense of pity for the actors involved, they've all seen better days, but then you realize they actually got paid quite a bit of money to do this and you'll lose pity for them just like you've already done for the film. I can't go on enough about this horrible movie, its almost something that Ed Wood would have made and in that case it surely would have been his masterpiece.<br /><br />To start you are forced to sit through an opening dialogue the likes of which you've never seen/heard, this thing has got to be five minutes long. On top of that it is narrated, as to suggest that you the viewer cannot read. Then we meet Mr. Slater and the barrage of terrible lines gets underway, it is as if he is operating solely to get lines on to the movie poster tag line. Soon we meet Stephen Dorff, who I typically enjoy) and he does his best not to drown in this but ultimately he does. Then comes the ultimate insult, Tara Reid playing an intelligent role, oh help us! Tara Reid is not a very talented actress and somehow she continually gets roles in movies, in my opinion though she should stick to movies of the American pie type. <br /><br />All in all you just may want to see this for yourself when it comes out on video, I know that I got a kick out of it, I mean lets all be honest here, sometimes its comforting to revel in the shortcomings of others."
tt0383353,"Evil Aliens owes a huge debt to Peter Jacksons early films Bad Taste and Braindead.I must confess to never enjoying those films particularly and i say the same about this.Jake West is a director who clearly lacks inspiration of his own and chooses to steal from those whom he looks up to.I lost count of the amount of times a major Hollywood film was quoted most notably James Camerons Aliens.The amount of blood and gore on show here isn't funny either,the latter end of the film becomes tired and dragged out.Maybe it would have worked better as a short film.The actors a poor,the direction is weak and the plot is non existent.I can see what the director was trying to do,the homage he was trying to pay,but others have done the same thing a lot better than presented here. 4/10"
tt0417191,"No scenario, bad actors (poor Melissa Gilbert)... Beurk Beurk Beurk ...<br /><br />Give a such budget to make this... In Belgium, we make ten films which win all prices in Cannes with this.<br /><br />Last time that I've seen a such NULL-Film was Hypercube. But scenario was better.<br /><br />Is anyone knows if the director was a graduate in school-film or a cop ?<br /><br />The better things in this film was the word ""End"".<br /><br />Why authorize to sell this ? 1ç is to expensive. <br /><br />I've pay ten dollars to buy this.<br /><br />For me, pay for this was my BIG MISTAKE of millennium.<br /><br />Too bad.<br /><br />Next time I'll break my arm but buy this type of sh*t."
tt0425638,"Wow...<br /><br />I picked this up at the local Wal-Mart after reading online that it had been released early. I've been following this online for some time, and just had to buy the film.<br /><br />Wow...<br /><br />I guess the thing that really struck me was the editing, or lack thereof. Time and again, characters (usually The Narrator and whoever he is with) are shown walking...and walking...and walking. I am not an editor, but I do know that you can cut between someone leaving point A to show them arriving at point B. There is no need to show almost the entire journey! Wow...<br /><br />I actually ended up feeling somewhat sorry for the actors involved in this. They seem to have been given no direction as to what to do during scenes other than to look scared or look happy, depending on what action was to be added at a later date.<br /><br />Wow...<br /><br />Why it was decided to do almost all the effects using CG is beyond me. Even ILM still employs miniatures sometimes. One of the most distracting uses of green screen in this film is the constant rushing about of (according to the end credits) the same group of people representing the citizenry of different towns and cities, including London. At times these folk are coming and going with no regard as to the angle of the shot or the distance they are from the camera. In one shot in London, there appear to be at least two men over six feet tall walking just behind the narrator's brother (played by star Anthony Piana without his distracting mustache). Not since GETTYSBURG have I seen such a fake piece of facial hair.<br /><br />Wow...<br /><br />Why Timothy Hines talked up this film the way he did is beyond me. It is a turkey, plain and simple. On the plus side (at least for me) it has provided some of the most genuine laugh-out-loud bits of hilarity I have seen in quite a while."
tt0443678,"This is a movie of tired, yet weirdly childish, clichés. There's a Nazi witch master performing sf-related experiments in the basement? Oh please! <br /><br />Aiming for a creeping sense of horror and fear, the general impression of the film is that of a very immature conception of fright. Not having any expectations beforehand, I am left with: an aged Xander from Buffy and a heroine with ape-like face who doesn't seem to know how to act. Said Adrienne Barbeau have I only only encountered before in the much more enjoyable ""Cannibal Women in the Avocado Jungle of Death"".<br /><br />Camera and editing adds to the general impression of lame."
tt0457275,"I might not have been the biggest Blair Witch fan but nonetheless appreciated that effort, so I was looking forward to Altered, especially after reading the superlatives thrown around in various IMDb comments. ""Unique"", ""intelligent"", ""A future cult classic"" and so on... you gotta wonder where people come up with that stuff to describe such a poor effort.<br /><br />Because alas, Altered is a poor, weak movie that fails to engage in any and every respect. The silliness is not funny. The horror and gore is not scary. And whatever ""thinking"" aspect some poor fellows saw in this movie were due to severe delusions because there's certainly nothing profound or smart about this mess.<br /><br />OK, so we know nothing stands out. Is it at least bearable? Is the experience worthwhile in any way? Unfortunately, no. For starters, get very poor acting. It's not a stretch to say most B-movies these days feature better acting. The plot? Boring and messy. Dialogs? Many amateurs actually do better.<br /><br />It's really the direction that puzzles. I did not expect major improvements over Blair Witch but at least small steps forward. Instead, our director seems to have worsen over time, completely oblivious to previous experiences.<br /><br />If there is a major flaw in Altered, it's the main set. A major part of the plot takes place in a single location, where the main characters are confined but Sánchez has failed to give the place any personality whatsoever. Considering that in Blair Witch, the forest plays a major part and is as much a character (an antagonist, if you will) as the three students, you would think the director would realize the same thing was needed here. But no... this place has no personality whatsoever thanks to sloppy direction and no attention to details.<br /><br />There's nothing salvageable here. Die hard fans of ""Blair Witch"" are better off following Daniel Myrick. Although his output is far from being golden, it shows better structure than Sánchez and some lessons from Blair Witch are applied (unfortunately, in weak stories but still)."
tt0493424,"Steven buddy, you remember when you said this: <br /><br />""Try to find the path of least resistance and use it without harming others. Live with integrity and morality, not only with people but with all beings."" <br /><br />you have not been doing that, you have mortally wounded your fans and their morality with these ""films"" I wouldn't even bother if I didn't know you are so much better than this, I've seen the videos of you teaching, you are so much better than this why why brother why...<br /><br />steamroller productions has been steamrolled I promise bro i am not afraid of you I will tell you the truth to your face so we can fix it.<br /><br />well I like some others fell asleep 90% in, but to be fair i was tired and had a large meal just an hour before hand Sensai, what are you doing. 12 million? really? do you have any idea what we could have done with $12,000,000 It could have been in the theaters and a blockbuster hit, if you wanted we could have donated money from the huge profit to a homeless shelter or something. These post production people are ripping you off man the choreography was non existent, we can do better man, the eye blinking thing was from the men in black movie, i half expected will smith to appear or tommy lee Jones to tell your they were gills not eyelids.<br /><br />Seagal you are an Aikido master, why are you doing this to yourself, to us? when you came on the scene, you had such a fresh direct style, and it was obvious you are a teacher cause the way your moves were so clear and crisp, watching your first three movies i felt like you were teaching me something, now i feel like you are just being ripped off or something i feel like I need to save you buddy, this time you are the one who was killed and I'm gonna go and get revenge for you by helping you make the best movie ever. bro i know who you really are, i know the truth about the Nico movie. let's talk.<br /><br />contact me man i got some fresh ideas I am a nit picker, I swear you will not be disappointed with my attention to detail and we'll do it for the fans man, your fans deserve better, we're hanging on, but the strand is about to snap. I swear I will not let your movie out the door with a single mistake in it I'm still trying to figure out if that was the worst dubbing ever, or you have laryngitis, but i promise you i can do a better impression of your voice than the lame **** who didn't even try. I sure hope you kicked him in the nuts as his payment. i can come up with a story and a plot that can be matched to your avenging the death of your student/daughter/wife/dog/house plant niche and I promise you we will bring you back, I promise, also I want to go in the direction, that makes people think, if you let me in i promise we will make a movie that people will walk away and have to have a discussion about it, a serious thought provoking, perception altering experience.<br /><br />Steven Seagal This is my official in writing permission for IMDb to release my contact info to you for the purpose of resurrecting one of the best martial arts heroes I have ever seen also, for the record hes not Italian, hes Irish and Jew so you call it bad acting i call it terrific acting, because you have believed for 20 years that Seagal is Italian :) kinda changes your perception doesn't it."
tt0865957,"Will Farmer (Lanter) plays a computer game that simulates a terrorist attack, and Ripley, the super government computer, designed to profile potential terrorists, tracks him because Will borrowed (by hacking) some money from his next door neighbor's bank account to pay for a class trip to play chess in Philadelphia. The next door neighbor whose computer Will was fixing, has relatives in the mid-east who thru their bank send money to the neighbor's bank , and Ripley sees a terrorist connection. Ripley has the power to call up missile strikes. Oh, oh!<br /><br />This version of War Games has a much faster pace and more aggressiveness than the War Games movie in the early 1980s. Well, the electronic industry has so much more to work with these days. Makes sense. So the movie dazzles us with fantastic CGI on computer screens, and once Joshua, the forerunner to Ripley, is found operational, we are left with watching computer against computer and the humans are cringing, hoping, praying.sort of, oh-oh-ing, OMG-ing, and more cringing hoping things will go their way. In other words we are now experiencing a made-for-TV type movie, and it's Oh Hum Time. Go back to the 1980s and watch the original War Games movie. It's much better. <br /><br />But, we really have to ask ourselves: are we making computers too intelligent where one day, in time, they will rule us? Hmmm..<br /><br />Violence: Yes. Sex: No. Nudity: No. Language: No."
tt0026273,"Falsely accused, skirt-chasing chums John Wayne (as John Scott) and Eddy Chandler (as Kansas Charlie) change identities to become ""Alias Smith and Jones"". Mr. Wayne becomes ""John Jones"". Mr. Chandler's is supposed to be ""Rev. Smith"", but Wayne calls him ""Dr. Smith"". At no time are either of them as entertaining as Roger Davis, Pete Duel, Jonathan Harris, or Ben Murphy; although, Wayne can be considered infinitely more successful than any of them, career wise. Pretty blonde Mary Kornman (as Anne), grown-up from her days in ""Our Gang"", is a lovely interest for Wayne. She and Chandler have a couple of cute scenes with Wayne. If you're not a fan of low budget John Wayne films of the 1930s, this movie won't make you one."
tt0028313,"Apparently none of the previous reviewers,most of whom praise the film for its accuracy, have actually read a biography of Louis Pasteur.The most glaring inaccuracy is in the relationship between Pasteur and Napoleon III.Back in the 1930's the latter was invariably shown in a bad light.While far from an admirable character-he was an inept politician and a self-appointed ""military genius"" who allowed France to be dragged into a disastrous war,he was not the stupid reactionary depicted here. He had an intelligent interest in science,and like many other people in the 19th century saw a bright future because of the improvements it would bring.Far from exiling Pasteur, he was his PATRON,building him a laboratory and providing him with all the resources that he needed for his research.While the lab was under construction, Pasteur became gravely ill.A bureaucrat, deciding it was a waste of money to build a laboratory for someone who would soon be dead, ordered work halted on his own authority.When the emperor heard about this, his outrage shook the bureaucracy so that there was a flurry of buck-passing, and work promptly resumed.The Emperor personally visited Pasteur to comfort him and reassure him that he would get his lab.The emperor would often bring members of his court to admire Pasteur's projects,and it was obvious to everyone that Pasteur was one of the emperor's favorites.Pasteur's main worry concerning the Emperor was that Napoleon thought Pasteur was virtually a miracle worker who could do almost anything, and was constantly assigning him tasks outside of his previous experience.Pasteur, a very modest man, was always protesting this, but Napoleon would say that he had complete faith in him,and Pasteur despite his misgivings, always came through.They always had a close and friendly relationship,and after the Emperor was overthrown, Pasteur refused to say a bad word about him,grateful to the end of his life.<br /><br />The part about his daughter having the baby, and Pasteur sacrificing his principles to get a doctor, never happened.The part about the anthrax and rabies, for which he was famous, is generally correct, but the notion that the anthrax experiment raised him from obscurity to fame is false.He was famous and respected at the time this happened.This movie is OK from a dramatic standpoint,but very distorted as biography."
tt0029608,i should love this movie . the acting is very good and Barbara Stanwyck is great but the the movie has always seemed very trite to me . the movie makes working class people look low and cheap .the fact that the daughter is ashamed of her mother and that the daughter does not rise above it has always made me a bit uneasy . Barbara Stanwyck as the mother worships the daughter but the daughter forgoes a mothers love to find happiness with her well to do fathers family . i wonder how many others who have seen this film feel this way about it.again the acting was very very good and worth watching . i really don't like the story line . just a personal preference .thank you
tt0038873,"The author of numerous novels, plays, and short stories, W. Somerset Maugham (1874-1965) was considered among the world's great authors during his lifetime, and although his reputation has faded over the years his work continues to command critical respect and a large reading public. Published in 1944, THE RAZOR'S EDGE is the tale of a World War I veteran whose search for spiritual enlightenment flies in the face of shallow western values. It was Maugham's last major novel--and it was immensely popular. Given that the novel's conflicts are internalized spiritual and philosophical issues, it was also an extremely odd choice for a film version--but Darryl F. Zannuck of 20th Century Fox fell in love with the book and snapped up the screen rights shortly after publication.<br /><br />According to film lore, THE RAZOR'S EDGE was to be directed by the legendary George Cukor from a screenplay by Maugham himself--and it does seem that Maugham wrote an adaptation. When the film went into production, however, Cukor was replaced by Edmund Goulding, a director less known for artistic touch than a workman-like manner, and the Maugham script was replaced with one by Lamar Trotti, the author of such memorable screenplays as THE OXBOW INCIDENT. Tyrone Power, recently returned from military service during World War II, was cast as the spiritually conflicted Larry Darrell; Gene Tierney, one of the great beauties of her era, was cast as socialite Isabell Bradley. The supporting cast was particularly notable, including Herbert Marshall, Anne Baxter, Clifton Webb, Lucille Watson, and Elsa Lanchester. Both budget and shooting schedule were lavish, and when the film debuted in 1946 it was greatly admired by public and critics alike.<br /><br />But time has a way of putting things into perspective. Seen today, THE RAZOR'S EDGE is indeed a beautifully produced film--but that aside the absolute best one can say for it is that it achieves a fairly consistent mediocrity. As in most cases, the major problem is the script. Although it is reasonably close to Maugham's novel in terms of plot, it is noticeably off the mark in terms of character and it completely fails to capture the fundamental issues that drive the story. We are told that Larry is in search of enlightenment; we are told that he receives it; we are told he acts on it--but in spite of the occasional and largely superficial comment we are never really told anything about the spiritual, artistic, philosophical, and intellectual processes behind any of it. We are most particularly never told anything significant about the nature of the enlightenment itself. It has the effect of cutting off the story at its knees.<br /><br />We are left with the shell of Maugham's plot, which centers on the relationship between Larry and Isabell, a woman Larry loves but leaves due to the growing ideological riff that opens up between them. Tyrone Power and Gene Tierney were more noted for physical beauty than talent, but both could turn in good performances when they received solid directorial and script support. Unfortunately, that does not happen here; they are extremely one-note and Power is greatly miscast to boot. Fortunately, the supporting cast is quite good, with Herbert Marshall, Clifton Webb, and Lucille Watson particularly so; the then-famous performance by Anne Baxter, however, has not worn as well as one would hope.<br /><br />With a running time of just under two and a half hours, the film also feels unnecessarily long. There is seemingly endless cocktail party-type banter, and indeed the entire India sequence (which reads as faintly hilarious) would have been better cut entirely--an odd situation, for this is the very sequence intended as the crux of the entire film. Regardless of the specific scene, it all just seems to go on and on to no actual point.<br /><br />As for the DVD itself, the film has not been remastered, but the print is extremely good, and while the bonus package isn't particularly memorable neither is noticeably poor. When all is said and done, I give THE RAZOR'S EDGE four stars for production values and everyone's willingness to take on the material--but frankly, this a film best left Power and Tierney fans, who will enjoy it for the sake of the stars, and those whose ideas about spiritual enlightenment are as vague as the film itself.<br /><br />GFT, Amazon Reviewer"
tt0052169,"I am not a big fan of horror films, and have only seen a handful of them (and none of the ""Halloween""s or ""Friday the Thirteenth""s) - but I can appreciate a frightening horror film not because of gore. And I'm pretty sure this isn't scary.<br /><br /> What's so spooky about a little plastic skull that pops up everywhere? In all of its appearances there are faraway establishing shots, so there's no real surprise in any of this film. (Not that a skull in of itself is that scary anyway, but . . .)<br /><br /> The plot concerns Claus Von Bulow's third cousin (John Hudson), who marries a Donna-reed look-a-like (Peggey Webber, giving one of the worst performances ever) who begins seeing skulls and hearing the mysterious screams of a group of peacocks on her husband's mansion. Did I mention that her husband lost her first wife in a mysterious drowning incident? OOOOH!!!! Wonder who did it!!!!<br /><br /> This is the same old plot about a rich boy trying to kill and/or drive their wife insane. If you want to see a well-done version of this stuff, try ""Reversal of Fortune"". And BTW, Jeremy Irons is one hundred times more talented than John Hudson.<br /><br /> The MSTing was okay but nothing special; paired with the ""Gumby"" short, however, it makes for good viewing.<br /><br /> Two stars for ""The Screaming Skull""; eight stars for the MST3K version.<br /><br /> And now, to paraphrase Mr. Von Bulow himself: ""How bad is this film?"" ""You have no idea!"""
tt0053142,"Relentlessly stupid, no-budget ""war picture"" made mainly to show off the attributes of the spectacular Eve Meyer--not a bad idea in itself--but that should be an embarrassment to everyone connected with it. Laughable ""script"", performances that wouldn't pass muster in an elementary-school Christmas pageant, inept ""action"" scenes, confused direction by the normally competent documentary director Louis Clyde Stoumen--who is apparently not quite sure if he's making a comedy, a philosophical treatise on the futility of war or a leering T&A (by early 1960s standards, anyway) travelogue of Eve Meyer's magnificent body--and a general air of shoddiness and incompetence. Worth seeing in order to watch Eve Meyer strut her stuff, but that's pretty much it."
tt0066384,"Skullduggery is a strange, strange film based on the novel ""Ye Shall Know Them"" by Vercors. To unleash criticism at the film feels really unkind, since it is a movie that deals with earnest themes like humanity, and pleas for upright moral standards and tolerance. But in spite of its honourable intentions and its well-meaning tone, Skullduggery simply isn't a very good film. For me, the main problem is the terribly disjointed narrative which can't make its mind up how best to convey its message. The first half of the movie is like watching a standard jungle expedition flick of the Tarzan ilk; later it teeters into sci-fi fable; by the end it slips into courtroom melodramatics. The differences in tone between each section of the movie are too great, too jarring, to overlook. They stick out like a sore thumb and remind you constantly that you're watching a muddled, disorganised movie.<br /><br />An archaeological expedition into the jungles of New Guinea is led by adventurer Douglas Temple (Burt Reynolds). One of the main archaeologists involved in the excursion is attractive lady scientist Dr Sybil Greame (Susan Clark). After an arduous trek they stumble upon a tribe of strange ape-like creatures. These primitive, long-lost people are covered in hair and have survived for centuries without being in any way touched or influenced by the developments of modern man. There is some evidence that they may the ancestors of early man  the ""missing link"" in the evolution of apes into humans. Or perhaps a race of humans who simply look and behave differently from usual? Or even a race of animals that have begun to develop human characteristics? The archaeologists call the tribe ""the Tropi"" and are initially thrilled by the implications of their discovery. But things take a devastating turn when nasty opportunist Vancruysen (Paul Hubschmid) declares his intention to exploit the tribe and their idyll on behalf of developers. He questions whether the Tropi are truly ""human"" and takes his argument to the courts, where he hopes to be granted legal backing so that his own greedy ambitions can be continued.<br /><br />This was a very early film in Reynolds' career, and he actually unbalances this movie by acting like he's in a comedy while the rest of the cast take it all very seriously. Not that Reynolds can be blamed  he has an impossible role, asked to play a charming adventurer who really belongs in a Tarzan flick. His character and the film are not relevant to each other. Clark fares much better as the earnest lady archaeologist, and there are nice supporting roles for British actors Edward Fox, Alexander Knox and Wilfrid Hyde-White. A major shortcoming in Skullduggery is the lame and ineffective make-up used to give the Tropi their strange hairy appearance. Rather than making the actors look like believable hominoids, the stuck-on hair merely makes them look unintentionally comical. and that's just not the right idea. We're meant to feel great sympathy for these creatures, but that's awfully hard when they look so unconvincing. Skullduggery is a failed attempt to tell a story that could have been poignant, philosophical and stimulating. The honourable intentions are there for all to see, but the end result doesn't do them justice. A worthy failure it might be but a failure nonetheless."
tt0072752,"Walerian Borowczyks La Bete (1975) was obviously received in different ways: Some were appalled, some were shocked others applauded the courage. I however am completely untouched, bored and cannot stop asking myself why the display of incoherent, inconsistent images which vaguely orbit around a central theme are considered an intellectual journey.<br /><br />What was this movie actually about? Growing sexuality in a woman? I've seen great films on this subject, but this is not one of them. How can one attempt to portray a growing sexuality in a girl without at least trying to characterize her as a person not only as a narrative device to dream (in the nude) of beasts. Where there are no characters, there is no character study. The woman persecuted by the beast was not adolescent, the girl having sex with the black butler (is he also characterized as a beast?) has a very grown up attitude to sexuality, so where is the consistency? Is it a movie about religion? If yes we would need a bit more thematic material than a priest without function, character and charisma, but with a strong desire towards two young boys.<br /><br />Is it about bestiality? The metaphoric feel of the movie forbids any realistic examination of bestiality, especially as realistic examination requires realistic characters. So no real bestiality here. Some mythic beast and two priests talking to each other about the sin of bestiality. Enough for a college essay on the topic? I don't think so.<br /><br />Is it about sex? Is it about anything? I don't know. I only know that showing a fired gun doesn't make a film a war movie. Dealing with a topic must mean more than displaying its own associations with the theme.<br /><br />So look across the controversy. Don't be scared by the bestiality, nudity, ejaculations, masturbation and stuff. I am not. Look at it as you look at any other story and you might discover that this is a poorly made, poorly edited, poorly acted, really poorly written (okay, some pictures are quite nice, and the main character is a really good looking girl) cerebral masturbation of a director who thinks beating around the bush in a hypnotic slow manner will make a story intelligent. It doesn't. It makes it boring."
tt0089880,"By rights, there should never have been a ""First Blood Part II"". The original script for ""First Blood"" had John Rambo committing suicide at the end of the film, but this was changed to allow him to live, not because the producers wanted to make a sequel but because test audiences found the original ending too depressing. Nevertheless, someone obviously thought that the character was too good to waste, because he ended up as the hero of two more films in the eighties, plus the recently released fourth instalment.<br /><br />The official title of this film was ""Rambo: First Blood Part II"", but it is more commonly known simply as ""Rambo"". It starts with the title character in jail, where he is presumably expiating the crimes he committed in ""First Blood"", although this is never made too explicit. He is removed from prison by his former commanding officer, Colonel Trautman, for a secret mission. Rambo is to return to Vietnam to investigate reports that American POWs are still being held captive by the Communist regime. He is under strict instructions not to attempt to rescue any prisoners or to engage the enemy; his is to be simply a fact-finding mission.<br /><br />What Rambo does not realise is that he is being set up, not by Trautman, who is portrayed as brave, honourable and incorruptible, but by the organiser of the mission, a military bureaucrat named Murdock. Murdock intends that the mission will prove that there are no American prisoners in Vietnam, partly because that will improve relationships between the American and Vietnamese governments, partly because it will make his own life easier. Unfortunately for Murdock, Rambo discovers that not only are Americans still being held prisoner, they are also being kept in hellish conditions. Of course, he is far too much of a hero to leave them to their fate, and tries to rescue them. The rest of the film is more or less one long battle between Rambo and a few allies (including a beautiful Vietnamese girl) and the evil commie soldiers and their Russian allies. Most of the evil commies, of course, end up dead, although I was surprised to learn from your ""trivia"" section that the total death toll was as low as 67. At times it seemed as though Rambo was trying to wipe out the entire Vietnamese army.<br /><br />The tone of this film is very different from the first. In ""First Blood"" Rambo was unquestionably a criminal, even though his responsibility for his crimes was lessened by severe provocation and by his mental instability. In ""Rambo"" he is a bona fide all-American hero. A few years earlier the director, George Pan Cosmatos, had made ""The Cassandra Crossing"", a biased piece of left-wing anti-American propaganda. Cosmatos, however, was nothing if not versatile, and ""Rambo"" proves that he could also turn his hand to biased right-wing pro-American propaganda. The one thing the two films have in common is that both are laughably bad.<br /><br />""First Blood"" had its faults, but it also had its virtues. Its stance, that the anti-war movement was partly to blame for the problems faced by Vietnam vets in readjusting to civilian life, was a controversial one, but at least the film was trying to make a statement about war, social attitudes to war, and the roots of violence in society. ""Rambo"", by contrast, has very few virtues, except that the action sequences are well enough done to please those who like that sort of thing. It is essentially a sort of jingoistic revenge fantasy for those Americans who were still sore about the Vietnam war. Rambo re-fights the war single-handed, and this time the right side wins. Take that, Charlie Cong! <br /><br />By this point, no doubt, the film's admirers (and there seem to be plenty- more than 2,000 voters have already given it ten stars) will have concluded that I am a liberal commie-loving pinko. Far from it- in fact, I have always despised Communism as a pernicious ideology. What I dislike about the film is not its politics but its lack of subtlety and its suggestion that the solution to all problems, including ideological disputes, is to go in with all guns blazing and to try and kill as many people as possible. It makes no attempt to understand the political complexities of South-East Asia or why not everyone in the region was pro-American. For all its anti-Communism, the film is the sort of moronic sledgehammer propaganda that the Communists were very good at churning out themselves- except that they attributed all the world's problems to Capitalism, or Imperialism, or Revisionism, or whatever other ism they had taken a dislike to. Compared to ""Rambo"", ""The Green Berets"" was a masterly piece of political analysis. 3/10"
tt0090567,"The film ""52 Pick Up"" simply does not work. See it if you are at all interested in Elmore Leonard or John Frankenheimer, or anyone in the terrific cast, especially John Glover who's admittedly brilliant. But the book--a slow-burning, noir thriller with lots of pulp--should have translated into an Oscar-contending film instead of this dud that couldn't figure out whether it should faithfully portray the hard-boiled, gritty crime story of the book, or opt for a 1980s Schwarzenegger shoot-em-up spree. Shifting the scene from the original locale in the book, Detroit (an area where Leonard has resided for years and knows very well), to Los Angeles makes for a substantial problem that Leonard tries to fix in his script, but ultimately can't. It was, for example, a clever device making Mitchell's wife a City Councilwoman (she had no job in the book), if you think about it: that's the only way you could ever plausibly blackmail someone in a sex-crazed city like 1980s Los Angeles for adultery, or any type of potential sex scandal. Even then, it's more plausible in a more conservative Eastern state like Michigan to believe that a) its tiny porno ""industry"" is a sleazy, money-grubbing hell where three losers could desperately set up a not-so-stupid upper-middle-class fellow going through a mid-life crisis, and b) adultery alone might be something you could blackmail someone with, if their upstanding careers and old-fashioned wives couldn't handle the shock. As consultant Ron Jeremy will tell you, 1980s Los Angeles was a colorful, stylish porno Mecca, more like the movie ""Boogie Nights"" than Leonard's dark, shadowy world of hijacked tourist buses, grimy apartments, and drug deals in depressed urban squalor. Then again, Los Angeles could be the backdrop of such a tale if one arranged the scenery more carefully--there are still plenty of dark crannies and psychopaths there. Unfortunately, Roy Scheider's Harry Mitchell comes off in the film as a sexy, handsome Uebermensch dancing through his problems without even working up a sweat. In the book he was fending off a jerk union official while struggling with a business that was failing. He also had a skeleton in the closet during the war involving friendly fire that he was responsible for, but never appeared to come to grips with. Elmore Leonard's stories usually have a central image involving a bizarre civility between criminal and law-abiding citizen. Here, Harry Mitchell sitting in his office with his blackmailer, Alan Raimy, turning over his financial books to him and negotiating a more practical ransom, makes for such a central image. Glover's blackmailer plays the scene with convincing intelligence, but Scheider portrays the victim here as a cocky ""good guy,"" in charge of the situation as if he were more a Rambo with an M-16 than the everyman barely staying afloat as his world crumbles around him. ""52 Pick Up"" ends with one of the worst throwaway conclusions ever, considering all the thought that went into the original story and then the film. Trapping Raimy inside Mitchell's Jaguar and blowing him up with marching band music blasting out along with a sadistic monologue by Mitchell, plays to an audience wanting the ""sweet revenge"" conclusion of a Chuck Norris movie, not the intelligent balanced world of Leonard's book, where Mitchell barely escapes in the end and the conflict between good and evil could easily go either way. I left the theater shaking my head and depressed. What a waste of talent."
tt0095775,"(aka: DEMONS III)<br /><br />Made for Italian TV although shot in English and was never meant to be a sequel to the earlier DEMONS films. It was supposed to be simply titled, THE OGRE, which is how director Lamberto Bava had released it.<br /><br />An American family rents an Italian villa for the summer. The woman (Virginia Bryant) has recurring dreams of herself as a little girl going down to the old wine-cellar of this villa an encountering this cocoon-like structure hanging down from the ceiling. It glows and is covered in cobwebs and has what looks like spider or insect legs hanging down from it. It drips what looks like green paint.<br /><br />Of course the husband doesn't believe any of this. The villa just is old and creaks and makes strange noises in the middle of the night and she should just ignore it.<br /><br />But then the OGRE itself appears in what looks like some kind of 16th Centaury costume with what looks like a wolf's head attached to it and it's attracted to the scent of orchids.<br /><br />The films isn't really that bad and at least the dialog is halfway intelligent without the ridiculous awkward phrases that dubbing would bring. There's no real gore other than some skeletons rotting in a basement pond that really looks like the bottom of a modern swimming pool. The OGRE itself just simply fades away after it is run over by the family's Jeep Cherokee. <br /><br />The copy of the Shriek DVD I watched was defective, with the picture going black for a few seconds about a half an hour into the film, a flaw I hope Shriek has since corrected. Extras include a short interview with Lamberto Bava where he explains how this wasn't a sequel, etc..etc...along with some trailers to other Shriek DVD releases. This is pretty standard stuff.<br /><br />3 out of 10<br /><br />"
tt0096073,"The movie confuses religious ethics and ideals so much that it fails to create coherent argument against the death penalty on any level. By presenting the lawful execution of a convicted murder as the catalyst for the apocalyptic end of mankind the movie elevates a parent killer to the status of martyr for Christ. Somehow, according to the plot, god is outraged that society has chosen to rid it's self of a fanatic who killed his own parents by starting them on fire while they slept defenselessly in their beds. Yet this same god has no indignation for the acts of the killer. The lead character, an nonreligious pregnant suicidal woman, ultimately gives her own life in a defiant but implausible attempt to unsuccessfully save this convicted killer. In other threads of the underdeveloped plot Jesus comes back as a powerless and frustrated vagabond to symbolically unleash the wrath of God. The modern lackluster incarnation of Christ not just dehumanizes him but mocks the messianic ideal of all religions as well. He is unable to affect humanity for good and unemotionally skates the edges of life waiting for mankind to destroy it's self. Meanwhile, with little help from Jesus the mentally unstable pregnant woman finds herself with the ability to reincarnate herself into her newly born soulless child which somehow saves all of mankind from the wrath of the almighty. I also interpreted that as a statement in support of abortion on some levels. This movie which attempts to weave many religious themes into a thriller fails to make any religious point that I could clearly interpret except to mock people's beliefs. It raises many questions that it never even attempts to answer. It disregards the religious values of its audience while attempting to portray an asinine version of their fulfillment. Silly"
tt0097635,"This film really disappointed me. The acting is atrocious. Unbelievable. And it's about actors. The story is incredibly obvious: A group of independent actors stage a Passion Play and, in turn, they start to live out the lives of the characters they play. I've been watching a lot of movies lately, thanks to Netflix, and this is the first one I haven't watched all the way through in a long time. I felt I didn't need to see the end; we all know the end of this story.<br /><br />For some, it seems, this ""modernization"" of the Gospels is either sacrilegious or enlightening. I cannot speak to any of this as I wasn't raised in the Christian church. That being said, I was raised in the US and I live in an increasingly Christian culture. I'm curious enough about Jesus and about the modernization of the religion, for better or worse. I haven't seen Mel Gibson's version, but I'm guessing that those who liked that one will like this, except for the most conservative. I just wish this was a better film.<br /><br />Lots of these reviews praise Arcand's direction and especially the cinematography. I liked neither. The film itself is rather prudish and preachy. I didn't believe the characters' personae and I was never involved with their on screen lives. The play within the play is very much dated and would not, I think, carry it's own weight in a real time production. But that's beside the point. What I really needed for this to work would have been stronger development of the characters and the plot to support the philosophical and theological questions the film would like to be about. And the musical choices are obvious and unoriginal.<br /><br />There were two examples of this that come easily to mind. Firstly, there is a reenactment of the parable of Jesus driving the money lenders from the temple: the lead actor, who has fallen for the woman who will play Magdalene and who is also a model and dancer, becomes enraged that she must debase herself by auditioning for a commercial (with a wicked producer and plenty of panting men in the audience) with her pants off. He trashes the place and chases them all out. I guess this is the level that the film wishes to reach. The romance between these two is entirely arbitrary and not at all emotionally realized and the scene is played out like a high-school rendering of Death of a Salesman, i.e., not well. Please stop hitting me over the head with this high-handed ""significance."" The other is the relationship between the other female lead and the priest who has asked them to do the play and who, eventually, turns against them and betrays them to the nowadays-corrupt Church. Why. Why does she sleep with this guy. ""It brings him so much pleasure and me so little pain."" Ah, the saintly whore and the lovable old coot. It seems to be just enough for Arcand to signify but not worth the trouble to enrich and enliven these characters. They are going through the motions and I'm reaching for the eject button.<br /><br />Feel free to write me off as bored, jaded or just not interested. Feel free to watch this movie and see the Passion, in all its beauty, sadness and inspiration, delivered as an amateurish and gimmicky charade. Feel free to have all your preconceived ideas affirmed and see any shred of artistic integrity forsaken for monotonous drivel. But don't say I didn't warn you."
tt0099260,"I actually saw China O'Brien II before I ever saw the original China O'Brien. And I have to say that the first incarnation is actually worse. But: worse = funnier! And funnier = better. If you're a bad movie fan like I am, this is great material. If, however, you are looking for any sort of meaningful plot, acting ability, or movie-making skill, this is best avoided. The best part is how they filmed all the fighting sequences in stuttering fast-forward. Hilariously bad. See it for a laugh, see it for mindless entertainment, but whatever you do, see it for free on TV."
tt0114057,"Working with one of the best Shakespeare sources, this film manages to be creditable to it's source, whilst still appealing to a wider audience.<br /><br />Branagh steals the film from under Fishburne's nose, and there's a talented cast on good form."
tt0116308,"Few movies have dashed expectations and upset me as much as Fire has. The movie is pretentious garbage. It does not achieve anything at an artistic level. The only thing it managed to receive is a ban in India. If only it was because of the poor quality of film making rather than the topical controversy, the ban would have been more justifiable.<br /><br />Now that I've got my distress out of my system, I am more able to analyse the movie: <br /><br />* From the onset the movie feels unreal especially when the protagonists start conversing in English. The director, of course, did not make the movie for an Indian audience; however it underestimated its international audiences by over simplifying it. Watching the character of the domestic help conversing in perfect English is too unreal to be true.<br /><br />* Next we get regular glimpses into Radha's dreams. These scenes are not very effective. They coming up as jarring and obstruct the flow of the movie. I'm still wondering how that philosophical dialogue connected to the story. I felt that the surrealism was lost.<br /><br />* The love scenes felt voyeuristic and are probably meant for audience titillation rather than being a powerful statement. In any case, they do not achieve either of the two.<br /><br />* The names chosen for the women, Radha and Sita, are names of Hindu deities and hence been selected to shock the audiences. However, since the film wasn't meant for Indian audiences in the first place, the shock-through-name-selection is not meant to achieve its goal, which is absurd.<br /><br />* The quality of direction is very poor and some key and delicate scenes have been poorly handled. A better director could have made a powerful emotional drama out of the subject.<br /><br />* The acting felt wooden although Nandita Das brought some life into the role, the others were wasted. I always thought that Shabana Azmi was a good actress but her talent is not evident in this film. The male leads were outright rubbish.<br /><br />In case you are a fan of Earth and wish to see more of the director, stay away from this one. Please."
tt0120430,"Oh, dear lord.... They've turned what was a fairly thought provoking movie into a swaggering testosterone fest.<br /><br />The original 1971 version of this movie was beautifully vague about our hero Kowalski. He was a man trying to drive from Denver to San Fransisco to win a bet. Why was he willing to risk his life for the price of a handful of uppers? We're not really sure.<br /><br />We had a few flashbacks that gave us the picture that he was an adrenaline junkie, and presumably he had led his entire life trying to make it to the vanishing point. That point you see off in the distance where the left and right shoulders of the road come together, and the road itself vanishes. He lives only to be free, and means no ill on anyone. We saw several times when there were accidents he stopped to make sure the other driver was okay before moving on, even the cops that were chasing him.<br /><br />When he saw the futility of his quest he took his life rather than be arrested and live a life of captivity. He died like he lived, running wide open.<br /><br />In the remake Kowalski has a whole history (including a first name, even.) He's trying to get to the hospital where his wife is suffering from complications to her pregnancy. He is a devoted husband, and excited expectant father. He comes to the decision to take his life after hearing his wife died in delivery, but they even leave THAT in question when they suggest that he may have jumped out of the car before it ran into the bulldozers. They even gave the part of ""super soul,"" the blind DJ (brilliantly portrayed by Clevon Little in the original) to JASON PRIESTLY?!?!?!?!?!? Give me a break."
tt0120620,"I had been looking forward to seeing this film for a long time, after seeing ""Return to Paradise,"" which I found to be gritty. I was so disappointed. The most realistic thing about it was the unpredictable ending which I think was partly stolen from ""Return to Paradise."" <br /><br />Maybe I was expecting too much. <br /><br />On the positive side Danes, Beckinsale and Pullman were fantastic in their roles. Although I didnt like Danes's character and first and found her very annoying. <br /><br />I couldnt see anything realistic about the film. It could of been done so much better, for example there could of been more emphasis on the prison conditions and the sheer horror. It was too cheery a movie to be realistic. There could also of been more action and tension<br /><br />The best thing about this film is the ""tragic"" ending. I couldnt of predicted that. But by that time I really didnt care what happened to them.<br /><br />3/10"
tt0120626,"Okay, I'm not going to critique this film in depth. I note the many elogious reviews in advance of me, and as I generally like Maria de Medeiros, I have been long hesitant to make a disparaging comment - and in such fashion nearly a year has passed. But each time I see that DVD on my shelf, I sense an inner groan. Anyway, let the elogious voices override me! But for other cinephiles like me - beware.<br /><br />Expressed in simplest and gentlest terms, here's my stance:<br /><br />The political turmoil and overthrow providing the backdrop for this film also served as a backdrop for a certain period of my life - via newspapers I read daily in my local middle-European pub. At that time, I followed the newsreports, but never fully grasped what the heck was transpiring. The reporters tended to report either in non-partisan terms, or with a conservatism which frowned upon any groups disturbing the peace or fomenting rebellion against the establishment. Those were times when other winds of unrest swirled through Paris, Berlin, Prague, and various places in the U.S., all of whose issues I understand clearly at the time - but dictatorship or not, my papers tended to treat the govermentment of Portugal simply as the establishment - not as a well-fleshed out ""evil empire"", to use flippant Star War terms.<br /><br />So, week after week, I read of disturbances, but never found an intelligent editorial that might provide the history behind them, or evaluate the practices and social-economic impacts of the dictatorship, etc.<br /><br />So, in purchasing this film, I had at least two hopes: to finally understand the details leading up to the social unrest, and to enjoy a well-conceived drama. This film gave me neither.<br /><br />The film presupposes that viewers already have ample knowledge and deep emotions regarding the historical facts. And the drama - well, as I said, I want to encourage Maria de Medeiros and the Portugues film industry, but - it was trite and shallow.<br /><br />I obtained my copy of the DVD from France - ""Selection Official Cannes 2000 - Un Certain Regard"". The box shows smiling clean-shaven actors, the lead giving the victory sign in a fashion that reminds me more of the Playboy bunny. After seeing the work, I wondered what the French could have thought of it - though as a shallow piece of ""cinema verite'"" with sensitive ethnic content, I can understand their natural inclination to praise it for its ""honesty"" but...<br /><br />Look at the back of the box: ""Un regard chaleuruex sur la Revolution"" - a warm regard? Try describing Allende's overthrown and murder with a a ""warm regard""! Try it with Czechoslovakia in 1968! Try it with the whole line-up of overthrows, and civil rebellions!<br /><br />Another review: Maria de Medeiros a renoue' avec son pays, son enfance et son histoire."" Rubbish, rubbish, rubbish! At least for me.<br /><br />I love Portugal. In all of Europe, Lisbon, Barcelona and Prague are my favorite cities. But my love for a city and a country doesn't flesh out a vacuous film. I'll hang on to my ancient VHS tapes of Capas Negras and A Cancao de Lisboa - meanwhile, I'm stuck with a zone 2 by the above title that might as well go in the trash."
tt0138322,"From the first time I saw the box cover of the movie and the stretched out photography I thought this guy, this friend of the 'Scwarz' must be like 6 foot or 6ft 2in. <br /><br />Not 5 feet tall. Not that, it's his fault. <br /><br />At any rating, I turned on the movie one cool night in Tucson, out on the second story-deck with a good cigar and let it roll. At that time my wife was having an affair and things were going down hill for me, so I needed a good diversion. But, as bad as the movie was...I totally enjoyed it, with a bottle of Merlot too, I might admit. <br /><br />Truly, I have watched this movie many times. It always makes me feel good!! It's not that it 'tries too hard' to be cool or that 'It's so close' to hitting the mark for an action film....It's frantic. And then truly clueless. Then frantic again. It's the best of the best when it comes to a slow speed chase scene. Wow!! I never felt safer in my life. Warm and happy too. I was thankful that they conserved on the gasoline during the chase, due to less production in the summer months...anywho <br /><br />The direction was 'uninspired' the action and fight sequences needed to be choreographed, or re-choreographed and tightened up, the sound was off the delivery didn't hit you, it just kept on going, the other way. The 'locals' of that village that they were in, the town rather, were 'Off cue' they also did not seem to follow what was happening very well, the would look and even 'stare' into the camera lens. Like a deer in the head lights kind of thing only some of them with a smile, a smiling deer. <br /><br />I feel bad because 'Columbu' I just bet has a good heart and a caring spirit for people in America as well as for his own countrymen. <br /><br />However ""Baretta's Island"" is very lethargic and unbelievable. Even still I like it a lot. My now x-wife hates it, but I love it! <br /><br />The funny thing is, I am pretty discriminating when it comes to movies I like or even 'love'. All in all, I like Franco. So there it is. <br /><br />As a movie adding addendum to this if you like killing a few hours with truly fun to watch, straight to video-B movies or 'bad' movies for your little library collection then, if you can find it, check out 'The Big Sweat' (1991) with Robert Z' Dar..you know the big guy from 'TANGO & CASH'. 'The Big Sweat', a bomb of a cop story with no real plot discovery and acting that is so lame, it might as well be 'on crutches' and at the end of 'The Big Sweat' I think they ran out of money, because they had a picture of the cast and just set it on fire and let it burn during the credits. -Good fun. <br /><br />But all in all, not as good as Baretta's Island', I gave it a '1' and an overall rating of 'awful' for awful-good B' movie. I'm waiting for the sequel, maybe like 'Baretta's revenge on Montazuma' (Franco takes a Mexican vacation and gets sick on the water then, declares war on the water co.) or 'Baretta's powder war' where as he would stake out a large drug lord in his country and chemically gene-splice and create a hybrid super bug (insect) that would be bred and dropped into the cocaine fields and eat the coke and upon passing it through the bug, it forms a chemical reaction that turns the coke to pure powdered sugar. Then another sequel he would have to get the young people rescued from excessive sugar addiction and so on. He could get a major tooth paste company to endorse and partially fund the project with careful product placement in the feature. Right?(*)"
tt0145531,"I find it hard to believe that anyone would put this movie in the same context as the Exorcist. Where the Exorcist was subtle and creepy, Stigmata was blunt, clumsy, and way too formulaic.<br /><br />This is one of the most visually beautiful films I've seen in a while, but the imagery does not make up for the downward spiral of patronizing exposition that makes it unbearable. <br /><br />My interest in this movie was peaked when it was compared to The Exorcist, and my visit to the official web site increased that interest. The web site had many tales of ""actual"" stigmata throughout history. However, scene by scene, the movie is so obsessed by its quest for ""genuineness"" that it becomes comical at first, then outright hard to watch toward the end. I began getting suspicious when the priest charged with investigating potential miracles walks into the beauty parlor where our would-be heroine cuts hair and, evidently, flirts with priests.<br /><br />The plot: A woman without faith in God begins receiving the wounds of Christ (the Stigmata) and is baffled and upset about the ordeal. A priest is sent straight from the Vatican to investigate the case. Is Frankie possessed by Satan, or a vessel for Jesus Christ?<br /><br />The only miracle in this film is that it finally ends."
tt0161023,We've all seen this story a hundred times. You can see each plot turn coming a mile away. The relationship between the mother and daughter is way too sweet and understanding to pass for realistic. Janet Mcteer's performance is stock southern hot- ticket mother in vintage clothes. Should have been made for the Lifetime Channel.
tt0171363,"Effect(s) without cause is generally not possible in the real world but in the world of Hollywood remakes, not only is it possible, it's required. The Haunting has been given the computer treatment courtesy of a 1st-class cinematographer-turner-director who once showed promise (Jan de Bont- Speed) but has since produced a string of big budget garbage (Twister, Speed 2).<br /><br />Actor are superfluous in a movie of this type and they seem to realize it. Liam Neeson and Cathrine Zeta-Jones act like they wish they were anywhere but in this film. Lili Taylor makes an attempt to add something to the proceedings but whatever that something might be is unknown since the script feels like half of it is missing. Events just happen, good and bad ghosts show up with no rhyme or reason and then the story just ends with a most unsatisfying non-event meant to wrap up the previous 90 minutes of inanity.<br /><br />There really isn't even reason to see this for the effects since we all know that anything can be put on screen now. Why not watch effects in the service of a good story instead of just for their own sake?"
tt0192766,"While some performances were good-Victoria Rowell, Adrienne Barbeau, and the two Italian girlfriends come to mind-the story was lame and derivative, the emphasis on the girlfriend's racial background was handled clumsily at best, and the relatives were mostly portrayed as stereotypes, not as real people. I found myself wincing uncomfortably at many moments that were supposed to be funny. I can hardly comprehend why the local paper here in SF said this was a good movie, and wonder WHO posted the glowing review here on IMDb. Very disappointed in this movie, and mad I actually went to a theatre to see it, based on the faulty connection to Garden State, which is a far funnier, more inventive, and touching movie than this one. I must especially mention the emotional climax in the church, which was so wooden and by-the-numbers that I nearly left, and some in the audience actually DID. THAT was followed by a silly climax at the graveyard, which I saw coming 10 minutes before it happened. I really don't like being misled to spend my money so uselessly."
tt0202458,"It is a pity that you cannot vote zero stars on IMDb, because I would not have hesitated! In fact I would go so far as to say that this film was in the negative stars. <br /><br />I, like many others, bought this film thinking that because it has Michael Madsen in it, it could be good... No chance! This film was shocking! Imagine a movie length 'The Bold and the Beautiful', well, Primal Instinct did not even come close to that good, and I had previously thought that there would be nothing worse than a movie length 'The Bold and the Beautiful'. <br /><br />Michael Madsen, how could you do this to us? The worst part is, I didn't fast forward a bit, I was hoping that at the end they would reveal that it was all some sort of sick joke, that they thought it would be funny to make us watch such a horribly bad film.<br /><br />Where do I start...? Directing - Zero Stars, Screenplay - Zero Stars, Acting - Zero Stars, Cinematography - Zero Stars, Digital Effects - Zero Stars, Production Design - Zero Stars, Make-up - Zero Stars, Casting - Zero Stars, Editing - Zero Stars, Trailer - Half a Star, Graphic Design - Half a Star, DVD Menu - Half a Star.<br /><br />However I think that it is very important to have seen bad films just so that you know what a really bad film is, so for that reason I am happy that I saw this film, just so that I have a bad film to put at the bottom of my list."
tt0218619,"Inept, boring, and incoherent supernatural ""thriller"" in which college student Cassie (Melissa Sagemiller) is the constant victim of hallucinations and nightmares after a car accident claims the life of her boyfriend Sean (Casey Affleck).<br /><br />I can't begin to tell you how bad this is...nothing of any importance ever happens nor is there ever any sort of actual entertainment value. I did not like this cast in this particular film - they are all sadly unconvincing (then again, their roles are no good). To promote this as a horror film is a joke. Where are the scares? There's no sense or suspense - there are a few good songs but that's about it.<br /><br />How on Earth did this project get the green light? Writer-director Steve Carpenter has no discernible vision or talent that I can sense. Worst of all, the conclusion really makes the whole movie pointless.<br /><br />The alleged ""killer cut"" that I watched is 86 minutes of pure tedium.<br /><br />1/10"
tt0219400,"I've seen some crappy movies in my life, but this one must be among the very worst. Definately bottom 100 material (imo, that is).<br /><br />We follow two couples, the Dodds (Billy Bob Thornton as Lonnie Earl and Natasha Richardson as Darlene) and the Kirkendalls (Patrick Swayze as Roy and Charlize Theron as Candy) in one car on a roadtrip to Reno.<br /><br />Apparently, Lonnie isn't too happy with his sex-life, so he cheats on his wife with Candy, who's despirately trying to have a baby. Roy, meanwhile, isn't too sure if his sperm is OK so he's getting it checked by a doctor.<br /><br />Now, I had read the back of the DVD, but my girlfriend didn't, and she blurted out after about 20 minutes: 'oh yeah, she's gonna end up pregnant but her husband can't have any baby's'. Spot on, as this movie is soooo predictable. As well as boring. And annoying. Meaningless. Offensive. Terrible.<br /><br />An example of how much this movie stinks. The two couples set out in their big car towards Nevada, when they are stopped by 2 police-officers, as they didn't stop at a stop-sign. The guys know each other and finally bribe the two officers with a case of beer. Not only is this scene pointless and not important (or even relevant) for the movie, it takes about 5 minutes! It's just talk and talk and talk, without ever going somewhere.<br /><br />I still have to puke thinking about the ending though. Apparently, Roy ISN'T having problems down there so he IS the father of the child. How many times does that happen in the movies... try something new! The cheated wife ultimately forgives her husband and best friend for having the affair and they all live happily ever after. Yuck.<br /><br />Best scene of the movie is right at the end, with a couple of shots of the Grand Canyon. Why couldn't they just keep the camera on that for 90 minutes?<br /><br />One would expect more from this cast (although Thornton really tries), but you can't really blame them. Writers, shame on you!<br /><br />1/10."
tt0237616,"I went to school with Jeremy Earl, that is how I heard of this movie, I don't really know if it was in the theater's at all. I don't recall the name. I have seen it, it is like one of those after school specials. The acting is OK, not great. The plot was kind of weak and the lines were pretty corny. So the only comment I can give this movie is ""Eh"" I borrowed the movie from Jeremy, if I was in a movie rental place, this is one that I would walk past and after watching it I wouldn't recommend it to anyone past middle school age. I've also noticed that many times when urban kids are portrayed, the slang is overused or just outdated. Many times I think thats what makes their characters unbelievable."
tt0240684,"Disney goes to the well one too many times as anybody who has seen the original LITTLE MERMAID will feel blatantly ripped off. Celebrating the birth of their daughter Melody, Ariel and Eric plan on introducing her to King Triton. The celebration is quickly crashed by Ursula 's sister, Morgana who plans to use Melody as a defense tool to get the King 's trident. Stopping the attack, Ariel and Eric build a wall around the ocean while Melody grows up wondering why she cannot go in there.<br /><br />Awful and terrible is what describes this direct to video sequel. LITTLE MERMAID 2 gives you that feeling everything you watch seemed to have come straight other Disney movies. I guess Disney can only plagiarize itself! Do not tell me that the penguin and walrus does not remind you of another duo from the LION KING!<br /><br />Other disappointing moments include the rematch between Sebastien and Louie, the royal chef. They terribly under played it! The climax between Morgana and EVERYONE seemed to be another disappointment.<br /><br />I will not give anything away, but in 75 minutes, everything seemed incredibly cramped and too much to handle. An embarrassment to Disney, LITTLE MERMAID 2 is better left to rent and laugh at. Then you can prepare for the rest of the other sequels Disney is going to drown you in later on."
tt0245407,"I was gifted with this movie as it had such a great premise, the friendship of three women bespoiled by one falling in love with a younger man.<br /><br />Intriguing.<br /><br />NOT! I hasten to add. These women are all drawn in extreme caricature, not very supportive of one another and conspiring and contriving to bring each other down.<br /><br />Anna Chancellor and Imelda Staunton could do no wrong in my book prior to seeing this, but here they are handed a dismal script and told to balance the action between slapstick and screwball, which doesn't work too well when the women are all well known professionals in a very small town.<br /><br />And for intelligent women they spend a whole pile of time bemoaning the lack of men/sex/lust in their lives. I felt much more could have been made of it given a decent script and more tension, the lesbian sub-plot went nowhere and those smoking/drinking women (all 3 in their forties???) were very unrealistic - even in the baby scene - screw the baby, gimme a cigarette! Right.<br /><br />Like I said, a shame of a waste. 4 out of 10."
tt0253335,"Heavy-handed moralism. Writers using characters as mouthpieces to speak for themselves. Predictable, plodding plot points (say that five times fast). A child's imitation of Britney Spears. This film has all the earmarks of a Lifetime Special reject.<br /><br />I honestly believe that Jesus Nebot and Julia Montejo set out to create a thought-provoking, emotional film on a tough subject, exploring the idea that things are not always black and white, that one who is a criminal by definition is not necessarily a bad human being, and that there can be extenuating circumstances, especially when one puts the well-being of a child first. However, their earnestness ends up being channeled into preachy dialogue and trite situations planted to move the plot along. The decent production values and interesting use of documentary-style camera footage are not enough to accomplish their aim when the script and the acting fall flat.<br /><br />Logic is often compromised for the sake of creating tension: Soid first tries to blackmail Pablo into participating in her documentary in exchange for helping them escape, then in the same breath basically tells him not to trust her because she's not helping them out of altruism. Well, duh. And for a man on the run, Pablo is far too swayed by a temper tantrum. Cristina's well-being is so important to him that he's fleeing capture and jail or deportation for her, but he's willing to risk all that to appease her when she doesn't want to go to Mexico. Right. Talk above over-permissive parenting. Third, when Pablo's employer Charlie gives the phone to Detective Bright, she is remarkably unprofessional, especially given her seniority - did she really think she was persuasive? Oh, yeah, I would have turned myself in. CCH Pounder's Detective Wims could wipe the floor with her.<br /><br />To be fair, I'd like to list the things I liked. Um, I liked the midget. And I liked the fact that the midget was named Sexy. There's cross-dressing, always a plus; juvenile cross-dressing, no less! Harry is infinitely cuter than Cristina. But my favorite moment in the film has to be when Cristina kicks Detective Not-So-Bright. I also find it interesting that, in a heavily minority cast (which I much appreciate, by the way), the black character is the racist one. Too bad it's just thrown out there and not further explored.<br /><br />There's a distinctive, unconventional score, but it's nonetheless generally context-unspecific, not enhancing mood or tension in any scene, except the pathetic, anguished wailing every time the main character is in anguish, as though they think his acting doesn't show it enough: 'Just in case you weren't sure, he's upset, and we have the musical cues to prove it.'<br /><br />Stilted, clichéd dialogue results in a depressing lack of subtext; everything has to be spelled out in dialogue, even when the body language had been up 'til then conveying it just fine. For example, every impassioned speech Pablo makes, and Mrs. Knight's lament that her child won't be crawling into bed with them in the morning.<br /><br />'Papi, tell me about Mama again' - what shameless, blatant exposition introducing the generic dead wife! (She's always the most beautiful woman the widower had ever seen, the kindest he had ever met. Why can't we see a man cry over a woman like Shakespeare's - she may be fat, ugly, obnoxious, but his love for her is deep as oceans? Now _there's_ a story which would move me.)<br /><br />The police always being literally one step behind them gives many scenes the out-of-place feeling of a French farce. Most boring foot chases ever - Bright and Lightning are so out-of-shape and easily-fooled (he certainly isn't quick as lightning, and she, well, I don't feel the need to spell things out). Some guy dragging along a small child outrunning a bicycle cop, complete with macho biker picking a fight but then being felled by a child? To quote Margaret Cho, that's so sad. Would we ever see this on 'Cops '?<br /><br />Hackneyed and over-the-top deus ex machina: as an employer, would you really waive checking his green card just because he can quote the author of the inspirational saying on a poster behind your desk?<br /><br />Plus several scenes, including the above, threaten to devolve into porn: 'Well, I'll do this favor for you, as long as you do something for me...' I can almost hear the bowm-chicka-bowm-bowm.<br /><br />When the parents view the footage shot of Pablo's remorse, the grieving mom's freak-out is the most real the movie feels. Unfortunately, this is diminished by the fact that she looks completely swayed by his emotional speech right up until she goes ballistic. A more ambivalent look would be more convincing here.<br /><br />I'm in constant awe of the stupidity of the main character doing things for the sake of plot: holding up a convenience store without a mask, visiting the dead girl's grave. And why doesn't the mother recognize his face from when she saw him before he drove off?! 'You seem awfully familiar...'<br /><br />What is the purpose of that wholly unnecessary, somewhat gratuitous scene with Soid and the artificially-enhanced bartender? Character development? Tch. Too little, too late.<br /><br />Speaking of unnecessary traits that never went anywhere, Detective Lightning's saying skeptical Detective Bright must be a Scorpio shows how little he really knows about the occult. And I don't think that believing in fate quite qualifies as voodoo mumbo jumbo.<br /><br />At the end, when Bright holds Pablo as he dies - wait, why does she care now? Her character is as inconsistent as Soid's. What, she has to shoot him just because she said 'Stop, or I'll shoot'? (She's cared _so_much_ about her integrity thus far.) He was unarmed. There was no need for lethal force. What's wrong with shooting him in the leg to immobilize him?<br /><br />Finally, Cristina's childlike acceptance of her mother's death giving Dr. Knight peace over his daughter's death - so forced. And the contrivance of the family whose child was killed becoming Cristina's new family... It angers me that she could be a 'replacement' for their little girl. It's also unrealistic that a white couple would take in the Latino daughter of the man who killed their own daughter. I'm not saying there aren't generous, loving people who would do that. I'm just saying that the characters here are never developed far enough for me to believe that _they_ would do that.<br /><br />I find it offensive that another IMDb reviewer said that of course as a woman she was moved by the sappy scenes. I am a woman who reserves my emotional movements for moments that don't wax sentimental in a manufactured manner.<br /><br />Co-writer, co-director, co-star Nebot said himself he wore too many hats during this production. Too many cooks may spoil the broth, but one cook alone just might end up making an after-school special.<br /><br />In conclusion, this film's title has less to do with the story and more to do with the feeling of regret, helplessness, and loss accompanying the revelation that you will never see your money again."
tt0257106,"I *loved* the original Scary Movie. I'm a huge fan of parody- it is my favorite form of humor. It is sometimes regarded as the most intelligent form of humor. The Wayans boys seemed to grasp that concept perfectly in the original film, then temporarily forgot it when making the sequel. I think the Wayans' are a family of comical geniuses. Alas, even geniuses make mistakes.<br /><br />The movie begins with promise. I liked ""The Exorcist"" parody, especially the ""come on out, ma"" gag. Now, that's Wayans-quality material. But, other than that, I can only think of two other times I laughed: 1) when Tori Spelling is seduced in the middle of the night by a spirit, then becomes clingy and starts talking about marriage with him. Meanwhile, he's saying, ""It was just a booty call!!"" That was kinda funny. 2) The ""Save the Last Dance"" parody where the Cindy character inadvertently beats up a girl while practicing her new moves. But even the short-lived giggles are no match for the side-splitting laughs of the first Scary Movie.<br /><br />The rest of the movie is pure trash, filled with cheap gross-out gags. Jokes from the first movie which were subtle or implied are magnified and overdone. For example, in Scary Movie I, several innuendos are made to imply that the character Ray is gay. This was hilarious. But, in Scary Movie II, the whole penis-strangulation scene with Ray under the bed was mind-numbing and incredibly unfunny. This is the pattern of the whole film. Shock humor *alone* doesn't take a movie very far. This was a trend in 2000 and 2001, unfortunately. <br /><br />As much as it pains me to rate a Wayans movie so low, I have to give this one a 2 out of 10."
tt0275067,"This movie is S-L-O-W. Spent most of the movie actually waiting for it to 'begin'.<br /><br />The setting was bleak, the script was bleak, the cinematography was bleak, the plot was bleak, the budget was low (not that all low budget movies are bad, but this one had no redeeming features).<br /><br />The plot was more consumed with a vengeful, slightly deranged hunter than the actual Wendigo which made a very brief appearance toward the end of the movie. This in itself was disappointing as this 'Wendigo' was just a bizarre mix of a tree and a stag. Everything about the movie was uninspiring.<br /><br />The parents of the little boy appeared to be rather aloof and at times seemed completely detached from their son. Whether this was down to bad acting or a bad script I'm not sure, but it only heightened my disappointment and boredom levels.<br /><br />There was no food for thought, nothing to pique an interest. With no real intrigue or chill factor, this movie creaked along so painfully, you just couldn't care less what happened by the end.<br /><br />Wendigo's ambiance reminds me of the dull movie shown at the awards ceremony toward the end of 'Mr Bean's Holiday': a movie which is artistic and nonsensical, trying too hard to to be deep and meaningful, but coming across as pretentious and boring.<br /><br />I would never want to watch this again. I only watched it to the end in the vain hope that something interesting might happen ... but it didn't."
tt0286610,"While it's early to say how the series will evolve, I can say that the pilot was less than I thought it would be. There is still potential for the series, however. Of course when I first saw Voyager I thought it had potential, too - but was sorely disappointed. My gut tells me Enterprise won't be as bad as Voyager, however.<br /><br />As for the impressions of the pilot...<br /><br />The pilot had some good ideas and good themes. I liked the introduction. The show's opening credits were interesting, with the progress of exploration and a fitting theme song. Scott Bakula is excellent in the role of captain.<br /><br />Where it fell short for me was largely that the story lacked the ""feel"" of setting out on a grand adventure. The plot of the episode itself was more a ""generic"" Trek story with the themes of ""exploration"" and ""first step towards space"" merely subplot and subtext. Were you to edit out the references to this being the first deep space mission, the plot would be hard to differentiate between the eras of Enterprise, TOS or TNG. The central plot didn't reflect or do justice to the grand theme of the series.<br /><br /> The plot of launching the first mission would have been grand enough without the ""action"". Instead of isolated references to the newness of exploration, they could have been the story. Get a little more nostalgic and philosophical about it (oh, for a TV show that once again would make us THINK). Make us feel the excitement of ""the wind"" and being on ""the sea"" instead of distracting us with a rescue and a plethora of gunplay. There was WAY too much gunplay.<br /><br />We had the feeling more that humans were the ""freshmen"" in an established school. New kids on the block, as opposed to venturing into a largely unknown universe. Sadly, the Klingons landed on our doorstep instead of us finding them. That meeting could have been far more historic and far more sociological. Just how DO two such different societies interact? Don't just hint about it, SHOW it!<br /><br />I had to think of it more as `Trek with an akward crew and limited technology' as opposed to `the first brave steps into the unknown'. I wanted to see something newer and fresher. The series promises to have a new concept but so far I haven't seen this new, great concept.<br /><br />I will conclude with reiterating the sentiment that the series has potential. There are some interesting characters. Bakula is wonderful. Blalock has potential. The overall theme is the most interesting since we first saw Kirk in a world before Apollo 11. If only future episodes can do justice to this grand and wonderful theme, we will have a show which will create new legends.<br /><br />You shoot an arrow into the air... Good luck Capt. Archer.<br /><br />To the producers: TAKE MORE RISKS AND MAKE US *THINK*! :-)"
tt0319147,"(Spoilers)<br /><br />I was very curious to see this film, after having heard that it was clever and witty. I had to stop halfway because of the unbearable boredom I felt.<br /><br />The idea behind the film would have been acceptable: depicting the way the relationship between a man and a woman evolves, through all the problems and difficulties that two people living in a big city can experience. What made me dislike the whole film were two things.<br /><br />First of all, the film was so down-to-earth that it looked as if, by describing the problems that a couple must solve on a day-to-day basis, it became itself ordinary and dull.<br /><br />Secondly, the overall sloppiness of the production, with dialogues that were barely understandable.<br /><br />Too bad."
tt0332658,"This was no Trainspotting or Guy Ritchie film. It was a big wannabee. It wanted to be an edgy, nervous-laughter, urban-life affirming film, but it's more of a camera jerky, mess. It's a lot easier to imitate something else, than to create a real story with real characters. From the beginning, I couldn't care less about the characters or what they were involved in. They were always always hitting, pissing, or crying on each other. Only, there wasn't any substance to what they were doing. The dialog between characters is meant to be hip, revealing, instead it comes out trite, and one scene after another is predictable. I know there are viewers out there that really liked this movie, so I could be wrong."
tt0334541,"Well...tremors I, the original started off in 1990 and i found the movie quite enjoyable to watch. however, they proceeded to make tremors II and III. Trust me, those movies started going downhill right after they finished the first one, i mean, ass blasters??? Now, only God himself is capable of answering the question ""why in Gods name would they create another one of these dumpster dives of a movie?"" Tremors IV cannot be considered a bad movie, in fact it cannot be even considered an epitome of a bad movie, for it lives up to more than that. As i attempted to sit though it, i noticed that my eyes started to bleed, and i hoped profusely that the little girl from the ring would crawl through the TV and kill me. did they really think that dressing the people who had stared in the other movies up as though they we're from the wild west would make the movie (with the exact same occurrences) any better? honestly, i would never suggest buying this movie, i mean, there are cheaper ways to find things that burn well."
tt0337640,"Ouch! This one was a bit painful to sit through. It has a cute and amusing premise, but it all goes to hell from there. Matthew Modine is almost always pedestrian and annoying, and he does not disappoint in this one. Deborah Kara Unger and John Neville turned in surprisingly decent performances. Alan Bates and Jennifer Tilly, among others, played it way over the top. I know that's the way the parts were written, and it's hard to blame actors, when the script and director have them do such schlock. If you're going to have outrageous characters, that's OK, but you gotta have good material to make it work. It didn't here. Run away screaming from this movie if at all possible."
tt0367817,"Hey everyone...<br /><br />There really isn't much to say for this movie at all. The basic plot is that a guy (Brandon) takes a few friends on a trip to his cabin in the woods for a weekend holiday away from work. After picking up a girl on the way there, things start going badly wrong for all of them.<br /><br />The storyline alone (written by the actor playing Brandon, I believe, although I could be wrong here) is unlikely and unconvincing, and is acted out accordingly. The ""Clown Killer"" himself is a rather a sad excuse for a psychotic killer. Far from being a dark, mysterious but most of all, intelligent predator, we are instead offered a rather clumsy, nursery rhyme-singing buffoon who appears to be going through a minor mid life crisis. The only thing that warranted the writing of this comment were the sex scenes and whatever gore there was in the film (the quality of the film led me to derive some enjoyment out of such things).<br /><br />In short, this film falls below every possible set standard. Admittedly, I was sharing a few beers with a close friend as I watched this, so we managed to scrape together some relative entertainment value out of this film and it is therefore only fair to mention that S.I.C.K did fall just shy of a two rating. However, in reality, (and with the benefit of hindsight) the one star rating is a more than legitimate score for this film.<br /><br />1 star out of ten."
tt0374569,"(48 out of 278 people found this comment useful, and counting...)<br /><br />People are such suckers for image and looks - as much as for the intellectually hollow ""idealism"" that lurks behind Communism. Che's charisma and looks have as much to do with his iconic stature as the misinformation that has been spread by Leftist propaganda (such as this movie) about him.<br /><br />I don't know what's worse: being captured by one of Che's murder-squads or having to sit through 4 hours of this typically Soderberghian garbage. The question isn't why this pet-project was made but what took them so long. By ""them"" I'm referring, of course, to Left-wing Hollywood and its ""secret"" love of Marxist tyrants (Lenin, Castro... take your pick). I am fascinated that it took decades for one of Tinseltown's least talented liberal directors to finally take on such an irresistibly biased propaganda project. Where was Oliver Stone all these years? Robert Redford? Tim Robbins? Warren Beatty? Alan Pakula? George Clooney? Barbra Streisand even? It's a mystery. All these overrated ""artists"" have often indulging themselves in similar, politically one-sided projects, yet somehow Che Guevara, who is arguably the most popular and well-known Communist, hasn't been a film topic of theirs yet.<br /><br />""Guerrilla"" has all the hallmarks of an American truth-bending story of an epic scale; there is as much factual detail to be found here as in other similar Hollywood big-budget political fairy-tale bios such as ""Malcolm X"" or ""Gandhi"", i.e. almost none. The movie stars Del Toro as the famous Argentinian revolutionary. Nevertheless, however controversial and criminal this man's actions may have been, one thing nobody could take away from him: he was an intelligent manipulator who came from a rich family - which is why Del Toro fits the bill only visually. Del Toro may be an interesting, charismatic actor and he may resemble Guevara physically, but he exudes no intellectual qualities whatsoever, hence he makes Guevara come off as too primitive. Casting such mediocrities as Bratt, Philips and Franka Incompetente only underlines the director's lack of sound judgment.<br /><br />The movie is to the most part extremely slow (no surprise there), and visually uninteresting. Even a director as brilliant as Kubrick would have carefully considered releasing a movie that goes beyond the 3-hour mark, so it's quite telling that this Soderbergh, who has only made one or two solid movies and early on in his career, would think that His Oceanic Grandness was up to the task. If you think the film's length indicates that a bulk of Che's life has been shown here - then think again. Soderbergh focuses on Che's last phase, and a lot of the movie is tedious jungle nonsense, full of Guevara's alleged idealism. (Psychopaths don't have ideals.) I do wonder what kind of a mind this highly esteemed director has to have to actually choose to ignore some of Che's earlier life. Did he actually consider it too uninteresting? A massacre of 600 people holds no interest for the viewer, huh? Amazing. Some much better directors than this over-praised charlatan would have easily fit not one but two complete biographies into a 4-hour movie.<br /><br />Soderbergh, in a sense, becomes an accomplice by never addressing the negative, dark side - which is more than 90% - of Guevara. By spreading this kind of historical inaccuracy, consciously ignoring the ugly truth (God forbid he should taint the holy image of Che), Soderbergh proves himself not a humanist - a fake image which most Hollywood and pop music personalities struggle very hard all their careers to uphold - but the opposite: that he cares only about ideas, never about the people on whom these ideas are tested (like on guinea pigs). Soderbergh and the like are elitists of the worst kind; such people often have a latent contempt for the ""proleteriat"" (what a stupid term) they're supposedly siding with.<br /><br />Half of all students around the world wear Che's image on their red and orange shirts, but without ever knowing why. He has become an iconic figure for clueless, uninformed, very often young people, who think that by having this man's face on their chest that somehow makes them appear ""edgy"", intellectual, hip or interesting. In reality, wearing a Che shirt only underlines one's overall shallowness and total disinterest in self-education. (Wouldn't YOU want to find out more about a person before you start advertising his/her face to the world?) Wearing Che's by-now cliché image has become as common as having a Bart Simpson coffee cup. All those ""Che-wearers"" probably know more about Marge's blue hair than they'll ever read up on about Fidel Castro's dead ally.<br /><br />After everything that'd been done in the name of Marx, one would think that these mongrel ""ideals"" would be finally laid to rest. It seems mankind will never learn. Stalin, Mao, Kim Il, Pol Pot, Castro, Milosevic, Ceausescu, the Iron Curtain, a hundred million dead, more than a billion ruined physically and/or mentally through this system... so none of that matters, huh? <br /><br />The fact that Del Toro won a Cannes Award should only surprise those who are absolutely clueless as to how Cannes and other European festivals work - and vote. Hint: Sean Penn headed a jury not long ago.<br /><br />For my music-related rants, go to: http://rateyourmusic.com/collection/Fedor8/"
tt0384814,"The 1930' were a golden age of Los Angeles with its film industry and great potential of various other possibilities to become rich and famous and happy. People were arriving there hoping to fulfill their dreams. Expecting open arms and welcoming offers there were only a few who managed to succeed and find their way to stardom, majority then condemned to live starving, disillusioned and unwanted, searching for a bit of respect in dirty bars and nasty hotel rooms. <br /><br />Young Italian-American writer Arturo Bandini arrives to LA on a similar quest - to spread his charms around to get one of those beautiful wealthy women and to write an excellent novel that would set him on a career path, having so far written a single short story published in an obscure anthology. Wishing to create a romantic masterpiece he seems to be unable to produce anything without experiencing it himself though, occasionally, he sends pieces of magazine stories to a local editor that helps him survive. He is proud to present himself as an Italian but deep in his heart he truly feels his Italian origin as a burden. The little money and the courage to conquer the world he once had are all long gone and watching his dream turning into a hangover he holds a last single nickel to spend. <br /><br />The coffee she brought him was cold and sour and spitting a curse on her triggers a never-ending relationship of insults, unspoken excuses and a love concealed beneath. Camilla being an uneducated girl trying to receive US citizenship through a marriage also carries her heavy cross of a non-perspective racial heritage. Though she is much of a stronger and life experienced person her situation as a beautiful Mexican woman is much harder to deal with than Arturo is able to realize. <br /><br />Is it obvious that Arturo eventually finds his inspiration to work on the novel? Is it possible that their love finally finds its place in the sun? Is it likely that their romance takes an unlucky turn?<br /><br />It is very surprising to find out that the chemistry between the two main characters, performed by Salma Hayek and Colin Farrell, does not work. The relationship lacks the raw and authentic feelings. Hayek though livelier a character compared to Farrell's forgot to arm Camilla with the passion and strength of her once brilliant character Frida. Also it is hard to have faith in a character which being intelligent but uneducated and illiterate uses quite difficult vocabulary and complicated sentences. A tougher character of a Phil Marlowe sort would definitely suit Farrell better, though he looks stunning in a period costume, he seems very lost trying to find the fragile world of a twenty-year old dreamer balancing between a hidden love and desire to be true to himself. <br /><br />Feeling embarrassed watching the two on the screen is not right. Their relationship might have been wild but it is more likely what a thunder and a lightning are without a storm, far from real passion, feelings just described not felt inside. It is very sad that such a potential of an interesting script and good actors was wasted, turned into a grey average of soon-to-be-forgotten."
tt0400497,"There are few uplifting things to say about this, but I can mention Matt Dillon doing his best to make something out of nothing and the many split screens and graphics that are worthwhile. As most race movies suffer from the premise that car lovers are not that intelligent, we end up with movies like this.<br /><br />Lindsay Lohan who surprised so much in Mean Girls has to make better decisions which roles to take. Here she can only fail.<br /><br />Children will only be mildly entertained because it tries to appeal more to adults than children (although still pretty dumb). The ones in the theater I saw it with showed no real interest after a couple of minutes. And as a family sports movie this is horrible. The better moments are in the beginning at the scrapyard creating some sentiment and later in the car-bash fest creating some tension. If you develop a car as a central character you have to develop it better than here. After a few obligatory race scenes you are in for the best part: being able to leave the multiplex in your own car."
tt0410162,"THE KING MAKER will doubtless be a success in Thailand where the similar (but superior) 'The Legend of Suriyothai' set box office records. The film directed by Lek Kitaparaporn after a screenplay by Sean Casey based on historical fact in 1547 Siam has some amazingly beautiful visual elements but is disarmed by one of the corniest, pedestrian scripts and story development on film.<br /><br />The event the picture relates is the arrival of the Portuguese soldier of fortune Fernando de Gamma (Gary Stretch) whose vengeance for this father's murderer drives him to shipwrecked, captured and thrown into slavery and put on the bloc in Ayutthaya in the kingdom of Siam where he is purchased by the beautiful Maria (Cindy Burbridge) with the consent of her father Phillipe (John Rhys-Davies), a man with a name and a past that are revealed as the story progresses. There is a plot to overthrown the King and Fernando and his new Siamese sidekick Tong (Dom Hetrakul), after some gratuitous CGI enhanced choreographed martial arts silliness, are first rewarded by the King to become his bodyguards, only to be imprisoned together once Queen Sudachan (Yoe Hassadeevichit) reveals her plot to kill the king and son to allow her lover Lord Chakkraphat (Oliver Pupart) to take over the rule of Siam. Yet of course Fernando and Tong escape and are condemned to fight each other to save the lives of their families (Tong's wife and children and Fernando's now firm love affair with Maria) with the expected consequences.<br /><br />The acting (with the exception of John Rhys-Davies) is so weak that the film occasionally seems as though it were meant to be camp. The predominantly Thai cast struggle with the poorly written dialog, making us wish they had used their native Thai with subtitles. The musical score by Ian Livingstone sounds as though exhumed form old TV soap operas. But if it is visual splendor you're after there is plenty of that and that alone makes the movie worth watching. It is a film that has obvious high financial backing for all the special effects and masses of cast and sets and shows its good intentions. It is just the basics that are missing. Grady Harp"
tt0417148,"I chose to see this movie because it got a good score here on IMDb. But a lot of people either have really poor taste or someone's been fixing the score.<br /><br />Either way it was a real disappointment. The movie is exactly as stupid and far fetched as the title would suggest. There really is no reason to give a summary of the plot - but here goes: it felt like someone had been thinking: ""Wouldn't it be cool to make a movie where there were snakes on a plane? And then the snakes for some reason would go crazy and start biting and stuff?!?"" And that's about it! The plot is thin and unoriginal. The snakes are bad CGI (but it makes sense to cut corners on a movie that no one in their right mind will recommend to anyone!). The acting is poor, and all people are unbelievable stereo types.<br /><br />To sum it up: It's one of the worst movies I've ever seen - stay away!"
tt0420223,"STRANGER THAN FICTION angered me so much, I signed up on IMDb just to write this review. STRANGER THAN FICTION is a surprisingly complex, touching and thought-provoking movie until the very end. Once you suspend multiple lapses of logic (why didn't Will Ferrell hear Emma Thompson's voice 10 years ago when she fist started writing her book? ""The phone rang. The phone rang again."" How could she not know it's him calling? etc.), the movie challenges one's thoughts about mortality, fate, and sacrifice.<br /><br />The brief history of literary themes provided by Dustin Hoffman should especially entertain former English majors. And Maggie Gyllenhaal is always a pleasure, even though Will Ferrell might just as easily be an ax murderer as a bumbling soul. Her quick trust of him is a mighty big leap of faith.<br /><br />Ah, but the ending. Until the very end, I would have given 9 out of 10 stars to this movie. The movie as a metaphor for life's journey, as a tribute to the notion of 'writing true,' as a reminder that great literature is either comedy or tragedy, but not both, is outstanding. The entire movie leads the viewer to understand and accept the moment of Will Ferrell's fate. And no matter how endearing a character he may have become, we know full well why we will accept the ending. The last act occurs, the screen goes white, the credits roll. A profound and powerful end to an almost perfect film. An end that would have been debated for weeks.<br /><br />NO!!!!!!!!!! No credits rolled. Say it isn't so. Say Hollywood didn't tack on another 10 minutes of crap that completely undermined the integrity and heart of the movie. Dustin Hoffman got it right when he said, ""It's no longer a masterpiece; it's OK."" An apt review of the movie. Except to me, it wasn't even OK. I was so offended about the betrayal of 'writing true,' about the decision to pander the film that I actually burst into angry tears explaining this on the ride home from the movie. I don't often cry. I could care less about most movies, but I am still angry about this one.<br /><br />My questions for Zack Helm, the writer, are this: did the original movie end when the screen went white? And were you forced by the vapid movie powers-that-be to tack on an ending unfaithful to the core of the movie? Or did you tack that maudlin ending on yourself? I've read you're brilliant. I hope your original script ended the movie the first time.<br /><br />I know Zack Helm will never see this review, and I've been unable to find a contact for him to ask myself. But, please, movie-goers, am I the only one who feels this way about STRANGER THAN FICTION? One good thing came from me seeing this movie: I doubly admire LOST IN TRANSLATION now."
tt0427038,"Quote: theurgist: Anyone with an I.Q. over 50 would have seen this film what it is, an intelligent well acted prequel to a modern day classic, yes it doesn't have a blockbuster cast or a huge budget BUT it is still very well done and had me hooked for the full duration.<br /><br />An I.Q. over 50 you say.. that most mean you have an I.Q. lower than 50.. its name is CARLITOS WAY: Rise to power !!! meaning it should have something whit the first one to do.. <br /><br />all and all its a OK movie if.. YOU CHANGE THE TITLE AND NO CHARACTERS NAMED CARLITO BRIGANTE!!!<br /><br />P.s don't comment on a movie if you don't know anything about movies. but i guess an I.Q. under 50,, you wont know what the hell i am yelling about...<br /><br />Peace out!!"
tt0430768,"One would think that a film about a young person's coming to terms with his burgeoning homosexuality would be anything but boring. Think again. This production should be bottled and sold as a cure for insomnia because it's about ten times as potent as any sleep aid on the market. It's almost as if the film maker *considered* making a movie, but got lazy and decided instead to run a series of random (and randomly BORING) images and go-nowhere scenes, throw in a couple of actual scenes featuring actual acting, pretend that good lighting ins't important in the film-making process, and wrap it up under the auspices of an ""arthouse"" film. This is exactly kind of crappy product that makes it easy for a lot of traditional film-makers to poo-poo the indie film movement, and which keeps the general public from more easily embracing indie films.<br /><br />If you're interested in films covering this subject matter, you'd be much better off tuning in to some of the great short films available at Logo's website or renting Get Real. Better yet, read Stone Butch Blues. Whatever you do, skip this long-winded piece of dreck."
tt0432283,"I went in not knowing anything about this movie and I walked out in an half hour knowing everything about it. It was one of worst movies I've ever seen. I'm a generally a nice person but if somebody told me they liked this movie, I would probably never talk to them again. Anybody who likes it throughly is most likely to have an extremely dry, hermit type personality. I'm gonna also include that they think they are pretty intelligent too, just like the self-centered fart bags who do the voices for the movie. I know everyone has different types of humor, some people may not even like mine, but that's okay; I don't think this covers any range of humor though. This movie is as flat and dull as Wes Anderson's mind. Go in and get ready to walk out; it's best to get your money back too."
tt0450345,"If Edward Woodward was the the flicks watching this film then that's what he would scream out in horror. <br /><br />I'm sorry folks but enough's enough. We had Get Carter, The Italian Job, Alfie and now this. What's the similarities? No. It's not exactly a coincidence that three of the originals star Maurice Micklewhite and the other stars another great British actor. The main common ingredient in those originals IS the britishness of the films. They weren't made to impress Hollywood. They were quirky English films with a unique charm/atmosphere that just cannot be replicated in the USA. The word is CULT and what better way to destroy a cult film than to bastardise it with a remake or even a sequel. <br /><br />Wicker 06 had a tough task before it even hit the road. Wicker 73 is even more enigmatic that other said cult films; it defies genre, intelligent scripts, A-grade actors, the music score, set-pieces that defy description and all the stories surrounding the film.<br /><br />So here comes a remake. Don't worry. No originals were harmed in the making of this remake. Some major aspects of the story needed to be reworked for the modern USA - communications, paganism, virgins. But that's just about the whole premise. So we give the cop a Nam style trauma past complete with shock music flashbacks for the cheap scares. Then with no mobile phone mast on the island that sorts the communication out - but in the real world this wouldn't happen. Cops just don't go missing. Give him a blood link for motivation rather than the clash of beliefs and you have the remake. Wafer thin though, isn't it?<br /><br />It's just that it was all laid on with a trowel. The name alterations were simply hammy, almost Carry On, there was no sense of community on the island, no centre of town to catch your bearings, just a few houses dotted about a forest and that was it. Willow was just annoying by not giving out any info at all and Cage was useless to let her get away with it. When he went into the well you just knew he would get locked it. The screenplay was signposted all the way to the end - and you just wanted it to hurry up and end. The epilogue was absolutely hilarious and didn't know when to stop. <br /><br />That ending is probably the best way to summarise the difference between the two. One ends in the most beautiful sunset after the most horrific day. The other ends with a post-production explain-it-all-to-the-thickies type conclusion.<br /><br />I loved the original but went to the cinema with an open mind and was excited to see the film. I left thankful in the knowledge that this film will probably end up beneath a highway somewhere only this time mercifully forgotten forever."
tt0461642,"Despite what a lot of other people thought about the first movie, I really liked it. This one however. How to sum it up in one word?: This movie is (and here comes the word): CRAP!<br /><br />But let's look at it part by part: Here is the plot: Finally the old queen has been removed from her castle, but her successor: Snow white has problems of another sort: The Court-Jester, Father of her son, has gone astray, as the super, Spliss, goes to the extreme, to battle his gray hair and sells the royal offspring for some blond and full hair. In her desperation Snow white seeks the help of Bubi (Otto Walkees),who must first find his other six dwarf companions and then try to find the royal offspring or at least try to find the name of Rumpelstiltskin.<br /><br />The whole plot seems to have been written on a weekend, where the writers were very drunk but were just under pressure from the studio to write the screenplay. <br /><br />Yes, there are some good jokes. Even for fans of the first part, or for fans of any of the other actors, it's really not worth buying the the DVD. Believe me. <br /><br />The only thing, that at least kind of saves the movie from complete oblivion, are the performances of some of the actors. That's why I gave the move 3/10. Sadly, the script is so bad that none of the actors or all of them combined can make up for the bad story.<br /><br />For example, at one point, they even cross over in our reality, and sadly.. they don't do anything funny while being here. <br /><br />Still, a lot of great actors in this movie: Otto Waalkes, Ralf Schmitz, Martin Schneider, Nina Hagen, Cosma Shiva Hagen, (Especially funny): Rüdiger Hoffmann as the mirror, Helge Schneider and many more but sadly all these comedians aren't able to bring this really bad script to life. <br /><br />Maybe it is a treat for some hardcore fans but for regular movie goers or by now DVD Renters or buyers it's not worth the money. <br /><br />I even regret renting the movie."
tt0461887,"I've just visited Russian forum of our TV-channel that had showed this film. Well... 99 per cent of active Russian audience is disappointed. We wanted to see more true facts of our space achievements in this film. But authors had in mind something else... :( We are big and beautiful country with intelligent people living here. We are proud of all our space dreams, real achievements on the one hand in this field and in science on the other hand. So I'd like to ask authors: Where is our LUNOHOD? And where, the Hell our MIR station? Ah? I'm quite sure, that LUNOHOD events took place much earlier Armstrong's ""walk on Moon"". And to comment numerous technical and science mistakes - I really have no time and enough space here! Se our constructive critics in Russian forum on www.1tv.ru"
tt0463392,"This film has to be the worst I have ever seen. The title of the film deceives the audience into thinking there maybe hope. The story line of the film is laughable at best, with the acting so poor you just have to cringe. The title 'Zombie Nation' implies a hoard of zombies when in fact there are six in total. This cannot be categorised as a horror film due to the introduction of cheesy 80's music when the zombies 'attack'. The zombies actually talk and act like human beings in the film with the only difference being the make up which looks like something out a La Roux video. If you ever get the chance to buy this film then do so, then burn the copy."
tt0494230,"I watched this movie last week sometime and had the biggest laugh i've had in a long while. The plot of the film is pretty dumb and convoluted in a badly crafted way. The only plus to be found anywhere in the film are Corey Savier's impressive abs. Alexandra Paul (i think that's her name) is horrendous as the preacher's wife who has a history of depression. Ted McKenzie is gross and his character's a twit on top of it all. And as if the fact that you think she's having sex with her son isn't enough, they throw in needless sax solos at every opportunity! The end and climax of this film is absolutely abysmal and also laughable. I mean who the hell wants to carry the child of a con who tried to make you think he was your son and that you were having an incestuous relationship with him!"
tt0758781,"The name Uwe Boll is automatically linked to bad horror/cult cinema and every new movie he releases  which is about two, three per year  immediately always receives negative ratings and harsh criticism. You're actually almost tempted to think this is just a contemporary hype. You know, like it's popular to hate Uwe Boll whether you liked his movies or not. Let me just assure you that this is NOT the case. Uwe Boll is a terrible writer/director and quite frankly a menace to the entire film-making industry. ""Seed"" is another most unfortunate of proof that. In here, Boll tries so desperately hard to come across as controversial and shocking that he overlooks numerous other elements that any movie essentially needs to exist, like a plot, a narrative structure, character development, tension building ""Seed"" is a hideous movie, full of gratuitous filth and incompetent padding footage. I once read that ""Seed"" was Uwe Boll's interpretation of the nowadays popular horror trend of Torture Porn flicks, but that's not even close. The film inarguably does borrow some influences from ""Saw"" and ""Hostel"", but basically it's just another umpteenth dull slasher with an indestructible killer and video game violence. <br /><br />The first 45 minutes of ""Seed"" are beyond boring and actually just confirm all the obvious things you already knew were going to happen. For you see, Boll was stupid enough to begin his film with a (hyper- fast) scrolling text explaining there's a federal US law claiming that death row prisoners have to be set free if three attempts to electrocute them fail. So you know this will happen later on, but still the first three quarters are wasted on catching a serial killer and bringing him to the electric chair. Seed is a mute serial killer who supposedly slaughtered 666 victims (exaggerate much?) who wears a bag over his head. He watches real-life animal cruelty footage (and thus WE watch real-life animal cruelty footage; thanks for that Mr. Boll) and videotapes people as the slowly decompose in their cellar (including a crying baby which is really sick and twisted). When he's finally captured, during the most amateurish and implausible police manhunt ever filmed, and put on death row, the film even becomes more retarded. After being buried alive because the electric chair couldn't fry him, Max Seed crawls back to the surface and goes on a brand new killing spree; this time mainly focusing on the people who arrested and executed him. <br /><br />The senseless plot twists and complete lack of story depth of this movie go way past being just bad; they're downright infuriating and insulting the intelligence level of the average horror movie fanatic. Multiple twists and sub plot in ""Seed"" are simply impossible to accept by the reasonable functioning human mind because they're just too dumb! Nobody believes that cops and prison staff members will just bury a mass murderer alive without shooting a few bullets through his head first. Nobody will accept that a fugitive convict cannot be found for another six months even though he went straight back to the exact same hideout place where they first caught him! ""Seed"" is full of retarded little things like these and the movie gets dumber with each minute that passes. Personally, I refuse to accept that the cast & crew members didn't notice this as well. It really makes you think that Uwe Boll simply neglects all advice and criticism, and just stubbornly shoots his movies the way he wants to. I imagine his yelling stuff like ""shut up and do as you are told"" to his actors whenever they remark that the scene they're shooting doesn't make a lick of sense. <br /><br />Just for the fun of upsetting people, there's a gigantically overlong sequence where Max Seed smashes an elderly lady to death with a hammer whilst she's tied up to a chair in the middle of her own living room. Instead of shocking, as Boll intended it to be, this sequence masterfully epitomizes how pathetic and wannabe controversial the whole film in fact is. ""Seed"" is horrendous, it's disgusting, it's pitiable, it's  Boll."
tt0787475,"Quite possibly the worst movie I've ever seen; I was ready to walk out after the first ten minutes. The only people laughing in the theater were the tweeners. Don't get me wrong, I love silly, stupid movies just as much as the next gal, but the whole premise, writing and humor stunk. It seemed to me that they were going for a ""Napoleon Dynamite"" feel - strange and random scenes which would lead to a cult audience. Instead, it ended up being forced, awkward and weird.<br /><br />The only bright light was Isla Fisher and I just felt utterly awful that she (and Sissy Spacek) had signed up for this horrible thing.<br /><br />Thank gosh I didn't pay for it."
tt0791304,"I haven't seen this, & don't plan to see this movie or any other that includes Lindsay......unless & until ""poor little rich girl"" straightens out her life for a 2 year period beginning with her most recent arrest in July 2007.<br /><br />In fact, I don't know anyone that has gone to see ANY of Lindsay's recent movies. I rather imagine 2007 will be the high water mark in her movie making career, until she cleans up her act. All of the recent publicity has only hindered her movie making career, if she has any further aspirations to make any more movies <br /><br />Up to this time, movie producers have actively sought Lindsay for roles in their upcoming production. Now, Lindsay will probably have to go to auditions & actually compete for ANY role. Her reputation is currently ""poison"" & quite possible could have a negative effect on box office ticket sales on any movie she is in.<br /><br />Sooooo....now Lindsay is going to have to deal with ""not being wanted"".....is she going to be able to handle this?<br /><br />I wonder if even Jay Leno will want to have Lindsay back on his TV Show?<br /><br />All of the foregoing is merely my OPINION. I have no inside information."
tt0800069,"The premise of this awaited sequel was really good and after the huge success of the remake I expected a lot sincerely.<br /><br />The sad truth is that this movie is really absurd and inept. The situations are dumb and beyond reason and the acting is truly awful.<br /><br />This time there aren't likable characters or violins unlike the remake. Also, the gore is not that abundant and when it happens it's truly bad.<br /><br />The violence is minimal and it's a shame because there are many arguments that make you think that there's room for heavy violence. I mean, there's a SWAT team that is hunting a family of cannibal mutants. You surely expect something different! When I watched it on the movies I wanted my money back.<br /><br />Anyways this is a clear example of how rushed out movies turn out to be a mess and demonstrate poor quality on all aspects.<br /><br />A mess that let down the fans of the remake like me. That's why sequels are never welcomed; at least this movie isn't as terrible as the 1985 sequel to the original."
tt0806203,"""Carriers"" follows the exploits of two guys and two gals in a stolen Mercedes with the words road warrior on the hood hightailing it down the highway for the beach with surfboards strapped to the top of their car. Brian (Chris Pine of ""Star Trek"") is driving and his girlfriend Bobby (Piper Perabo of ""Coyote Ugly"")has shotgun, while Brian's younger brother, Danny (Lou Taylor Pucci of ""Fanboys"") and his friend--not exactly girlfriend--Kate (Emily VanCamp of ""The Ring 2"") occupy the backseat. This quartet of twentysomething characters are living in a nightmare. Apparently, a viral pandemic--which co-directors & co-scenarists Alex Pastor and David Pastor tell us absolutely nothing about--has devastated America. Naturally, the lack of exposition shaves off at least fifteen minutes that would have slowed down this cynical melodrama about how humans degenerate in a crisis and become their own worst enemies.<br /><br />This lethal virus gives you the shingles and then you bleed and die. Most everybody runs around wearing those white masks strapped to their nose and mouth by a thin rubber band. Initially, this foursome encounters a desperate father, Frank (Christopher Meloni of ""Runaway Bride""),and his cute little daughter Jodie (Kiernan Shipka of ""Land of the Lost"") blocking the highway with their SUV. Brian swerves around Frank when he tries to waylay them, but in the process, the oil pan in their Mercedes ruptures and they wind up on foot. Reluctantly, they hitch a ride with Frank after they seal Jodie up in the rear of the SUV. She wears a mask over her nose and mouth and it is speckled with blood. Frank has heard that doctors are curing ailing people at a hospital and they head to it. Sadly, somebody has lied to Frank. The hospital physician is giving the last couple of kids some Kool-Aid that will put them out of their misery. The cure did not improve their condition. Everybody else in town is dead. Kate tries without success to get a dial tone on every phone. Frank realizes that there is no hope for his daughter and he lets the heroic quartet appropriate his SUV and take off.<br /><br />Indeed, ""Carriers"" qualifies as a relentlessly depressing movie about the effects of a pandemic on four sympathetic people who degenerate into homicidal murderers to protect themselves. They reach a country club and frolic around on a golf course until another four show up in suits and masks with pump-action shotguns. Incredibly, our protagonists manage to escape without getting shot, but Brian has a scare when he almost falls into the water with a floating corpse. Eventually, they discover that one of them has become infected. Later, as they are about to run out of gas, Brian blocks the highway like Frank did at the outset. Danny tries to stop a pair of older Christian women driving the car. Danny lies that his pregnant wife is about to give birth and he needs their help. Brian throws caution to the wind and blasts away at the ladies with his automatic pistol when they refuse to help them. Brian catches a slug in the leg from the passenger, but he kills her. <br /><br />No,""Carriers"" is not a beer & pizza movie that you can either laugh off or laugh with because the humor is virtually non-existent. By the end of this 84-minute movie, our heroes have turned into villains who only care only for themselves and their plight. Chris Pine makes quite an impression as fun-loving Brian and his energetic performance is the only reason to hang with this hokum, while the only other well-known actress, Piper Perabo, is relegated to an inconsequential girlfriend role. As Bobby, she makes tragic the mistake of showing compassion to a dying little girl and pays an awful price. It is a testament to Pine's performance that he can change his character to the point of putting himself before others. Essentially, Pine has the only role that gives him the ability to pull a one-eighty from happy-go-lucky guy to heartless guy. <br /><br />The two directors are Spanish brothers, and they never let the momentum flag. Since there is no relief in sight, ""Carriers"" sinks into predictability. ""Irréversible"" cinematographer Benoît Debie does a fantastic job with his widescreen lensing and as unsavory as this road trip becomes, Debie makes it look like a dynamic film. Aside from the lack of a happy ending or closure in any sense of the word, ""Carriers"" suffers because it is so horribly cynical. The scene when the German shepherd attacks Danny conjures up the most suspense, but even it could have been improved. Unfortunately, the Pastor brothers do not scare up either much tension or suspense. By fade-out, you really don't care what happens to anybody."
tt0818682,"It is not obvious from viewing this film (so I recommend viewers research the people who present their case in it) but this presentation on the realities of Islam, and its encouragement of violence and intolerance against all non-Muslims is lacking objectiveness, and also completely fails to factor in the human condition. It is one thing to document that the Koran says many things about how a devout Muslim is required to interact with non-Muslims, but any realist is able to realize that not every human who feels himself or herself to be a follower of Islam, will agree with and comply with all tenets of that faith and system. There is reason to call much about the presenters into question, such that viewers need to see the presentation with a healthy skepticism; don't swallow it all, hook, line, and sinker, without some thinking of your own.<br /><br />One specific, for instance, is researching the person Walid Shoebat; who claims to be a former Muslim who perpetrated an act of terrorism in Bethlehem. There are many wise people in the world who believe neither of these assertions. I am not nor have I ever been a Muslim. I have never read the Koran. I am not a Christian, nor a member of _any_ faith. But I am an intelligent and discerning human. While the film is quite disturbing, in its presentation of how SOME Muslims view their obligation to Islam; I remind you that there is more to Islam than the views of the fundamentalists. Just as their are fundamentalists and evangelical Christians, so, too, there are variations in the intensity of belief and obligation among Jews and Muslims.<br /><br />When you watch this film, you need to have the salt shaker on hand. One grain will not be enough, you'll need more. Please use your own mind and think for yourself, research what is presented, and evaluate the state of the world and how Islam fits within it based on more than what is said in 98 minutes of video. There is a common thread of political affiliation among those who put this film together, indicating a definite bias. Be your own brain."
tt0974959,"First off to get my own personal feelings out of the way let me start by saying that I hate so called comedies where every single character is written and played as being so stupid that you wounder if they're all the result of inbreeding.<br /><br />Now I will say this I did see the first three American Pie movies and while they weren't the most amazing movies that I'd ever seen they were all right (and outright masterpieces compared to the three ""American Pie Presents"" films), I still feel compelled to ask what the hell were they thinking when they made this movie?<br /><br />I also have a few other questions too.<br /><br />Who thought that this was an acceptable use of studio funds and production resources? <br /><br />who approved the final script (and what was that person smoking when they approved it)? <br /><br />And lastly why did anyone think that it deserved to be released into theaters where the average cost of admission is between 10 and 15 dollars depending on where you live when it should have gone straight to the discount bin at Blockbuster or Wal Mart?<br /><br />There is so much wrong with this movie that I can't write a really comprehensive review of it because it would exceed the maximum allowed words on this forum so I'll just touch on the biggest things wrong with it.<br /><br />The plot is generic uninspired and stupid and characters are all about as interesting as watching paint dry for eighty minutes but the biggest thing that I can see wrong with this movie is the acting.<br /><br />While most of the cast are talentless no namers who will probably be forgotten in a few years,<br /><br />the one and only big name in this movie is Eugene Levy who spends almost all of the time he is on screen with this knowing smirk on his face that says to the viewer ""I know this isn't funny and I'm wasting my talents but hey I'm getting payed for it so who cares"" he doesn't even try to make any of his jokes funny (he really deserves better than this garbage). <br /><br />As I mentioned above most of the rest of the cast are horrible even though some of them have been in some really great TV shows, Tyrone Savage (from the classic Canadian series Wind At My Back) plays a character who is so unbearable unlikeable and irritating (there are things that he could teach to tropical skin diseases)that you almost wish he'd die a slow and painful death on screen, Christopher McDonald (NCIS, Law & Order) just hangs around on screen and wastes what talent he does have by being in this film.<br /><br />Maybe the next film in this series will just be a soft core porn with a story line so they can get around the MPAA and get an R rating this movie goes all out with pointless nudity vulgarity and pointlessly offencive sexual content that it should have gotten the X rating (the ratings board must have been drunk or on drugs when they reviewed this film for its rating). <br /><br />It's interesting that twenty five years ago when Wes Craven submitted A Nightmare On Elm Street to the MPAA for a rating review they forced him to cut twenty five seconds of footage (I believe that it was part of a death scene that had a silicone casting of a breast in it) to avoid getting an X rating and he had no other choice but to do it or the film wouldn't have been released, <br /><br />but this kind of needlessly offensive trash can get the R rating today because it's all done in the name of comedy, if this movie was a drama or horror film with this kind of content there would have been a huge stink over the content and it would havegotten the dreaded X rating.<br /><br />The last thing that really annoys me is the writing, this movie is written to play out like the wet dream of some twelve year old kid with an extremely overactive sexual imagination its quite juvenile and extraordinarily crass, nearly every expository situation that is supposed to move the corpse that this movie calls a plot along is so telegraphed that any intelligent viewer can see it coming a mile away and and the so called characters are just stereotypes of stereotypes of stereotypes, never mind the often repulsive sexual references and constant unnecessary scenes of deviant sexual behavior it feels like this film was written by some incompetent first year hack in a low rent film school script writing class.<br /><br />the long and short of it is its time to kill this series before it gets any stupider more crass and offensive, this pie is filled with road apples."
