movie_id,title,director,year,runtime,genres,review
tt0027800,The Invisible Ray,Lambert Hillyer,1936,80,"Horror,Sci-Fi,Thriller","When you see Boris Karloff and Bela Lugosi as co-stars, you expect to find a well done horror movie, but this was actually quite different, representing as it did what I would describe as an early effort at science fiction. Karloff and Lugosi both play scientists (Rukh and Benet respectively) - competitors to an extent, until Rukh wins Benet over with a demonstration that proves his great theory. The science here was - to say the least - a bit rough around the edges (thus science fiction, with the emphasis on the fiction) but somehow Rukh harnesses some sort of ray from Andromeda that allows him to look at the earth ""several thousand million years ago."" In that pre historic time, a huge meteorite slammed into Africa, leaving deposits of a substance the scientists call ""Radium X"" - which can heal and destroy. A large portion of the movie is set rather tediously in Africa, on a search for the meteorite deposits, which Rukh eventually finds and harnesses to create a great weapon, unfortunately infecting himself with some sort of disease that makes him a great weapon as well.<br /><br />Karloff and Lugosi were both pretty good here. Lugosi pulls off a role in which he's the good guy pretty well, although I frankly found him a bit unconvincing - especially during the scenes set in Africa. The story also plodded along a bit, and while it held my attention it didn't captivate me. Given that this is really a sci-fi rather than a horror flick, and that sci-fi was in its very early stages, I suppose the movie needs to be cut a bit of slack. It was OK - nothing more, but also nothing less than that. 4/10"
tt0028358,Things to Come,William Cameron Menzies,1936,100,"Drama,Sci-Fi,War","The message of a world on the brink of war is disregarded by the masses; the mythical city of Everytown in 1940 represents England in general, but it could just as well stand for any nation of the world. When war finally does arrive, it's ravages continue not for another five years, but until 1966 at which time Everytown is completely destroyed. Adding to the desolation and toll on humanity is the ""wandering sickness"", a pestilence that continues for another four years.<br /><br />""Things to Come"" balances both a fatalistic and futuristic world view, where science holds out a hope for a revived civilization. The ""Wings Over the World"" concept plays out a bit corny, though it's spokesman Cabal (Raymond Massey) is unwavering in his mission and dedicated to his cause. If he fails, others will follow. This message is continually reinforced throughout the film, brought home convincingly in Massey's end of movie speech. Man's insatiable need to test the limits of knowledge and achievement requires an ""all the universe or nothing"" mindset.<br /><br />The film's imagery of automation and machinery in the second half is reminiscent of the great silent film ""Metropolis"". As Everytown is rebuilt and transformed by the year 2036, the spectacle of the city's rebirth strikes a resonant chord, as architecture of modern cities of today suggest the movie's eerily prophetic vision is coming to fruition. Where the movie gets it wrong by sixty seven years though is man's first mission to the moon, but in 1936, a hundred year timetable probably seemed more legitimate than 1969.<br /><br />""Things to Come"" is one of those rarities in film, a picture that makes you think. Which side will you come down on, the forces for advancement in the face of uncertainty or maintain the status quo? It's not a comfortable question, as both choices offer inherent dangers and unknowable outcomes. Those who choose to be bystanders risk being swept away by forces beyond their control."
tt0034613,The Corpse Vanishes,Wallace Fox,1942,64,"Horror,Sci-Fi","A number of brides are mysteriously murdered while at the altar, and later their bodies are stolen en route to the morgue. Newspaper writer Patricia Hunter decides to investigate these mysterious killings. She discovers that right before each ceremony, the bride was given a rare orchid (supposedly from the groom) which contained a powerful drug that succumbed them. Patricia is told that the orchid was first grown by a Dr. Lorenz, who lives in a secluded estate, with his wife. In reality, Dr. Lorenz is responsible for the crimes, by putting the brides in a suspended state, and using their gland fluid to keep his wife eternally young. Patricia, along with Dr. Foster (who is working with Dr. Lorenz on the medical mystery surrounding his wife) try to force Dr. Lorenz's hand by setting up a phony wedding, which eventually leads Patricia into the mad doctor's clutches. This movie had a very good opening reel, but basically ended up with too many establishing shots and other weak scenes. The cast is decent, Walters and Coffin deserved better, but that's life. Russell steals the show (even out hamming Lugosi- who does not give one of his more memorable performances, even considering his Monograms) as Countess Lorenz playing the role with the qualities of many of the stereotypical characteristics of many of today's Hollywood prima donnas. Weak and contrived ending as well. Rating, based on B movies, 4."
tt0038514,The Face of Marble,William Beaudine,1946,72,"Horror,Sci-Fi","A scientist (John Carradine--sadly) finds out how to bring the dead back to life. However they come back with faces of marble. Eventually this all leads to disaster.<br /><br />Boring, totally predictable 1940s outing. This scared me silly when I was a kid but just bores me now. I had to struggle to stay awake! With one exception, the acting is horrible. Such expressionless boring actors! Hopeless.<br /><br />There are some good things about this: Carradine, despite the script, actually gives a very good performance. And there are a few mildly creepy moments involving a ghost of a Great Dane walking through walls. There's also one of the worst-looking knockouts in cinema history. Still, none of this is fun enough to sit through this. Avoid."
tt0044091,Superman and the Mole-Men,Lee Sholem,1951,58,"Action,Adventure,Sci-Fi","Superman and the Mole Men is quite possibly Superman's toughest adventures ever.<br /><br />Lois Lane and Clark Kent are sent to Silsby, home of the world's deepest oil well. While there, some radioactive mole men come up through the oil well and explore the town. Jeff Corey and many other townspeople try to dispose of the invading mole men. Can Superman change the people's ways in time to save the mole men? Can Superman warn the people in time about the radioactive danger the mole men bring?<br /><br />In my opinion, Superman and the Mole Men is a very intelligent, well-written and well-acted movie. Even though we only get to see Superman fly once briefly, It still makes a great Superman adventure. A must see for anyone.<br /><br />10/10 Stars"
tt0044876,The Man in the White Suit,Alexander Mackendrick,1951,85,"Comedy,Drama,Sci-Fi","The Man in the White Suit is one of those delightful comedies that Ealing studies made so well in the 40's and 50's. The plot of this one follows a man that invents a cloth that neither gets dirty nor breaks. Of course, this is a huge breakthrough in the world of textiles. However, things are not that simple as the cloth will threaten the way of life of many people, including cloth manufacturers, the cloth mill's workforces, and even an old lady that does her washing every week. The Man in the White Suit is a film about scientific advances, and the way that they don't always help; as the old woman says at one point in the movie, ""Why cant you scientists just leave things alone?""<br /><br />Like a lot Ealing comedies, this one stars Sir Alec Guinness. Alec Guinness is a fantastic actor; he has the ability to light up the screen with his presence (and he does in this film, literally), but he also manages to portray his characters in a down to earth and believable way. He is suitably creepy in this film, and he captures just the right atmosphere for his character; an intelligent and ambitious, but slightly naive scientist. Along with Guinness, The Man in the White Suit also features Joan Greenwood, the deep voiced actress that co-starred with Guinness in the simply divine ""Kind Hearts and Coronets"" and Michael Gough, a man that would go on to get himself the role of Alfred in the Batman films. The acting in the film isn't always great, but it is always decent, and it's fits with the film.<br /><br />The Man in the White Suit is an intelligent, thought-provoking and witty comedy with a moral. The comedy isn't always obvious, and it doesn't always work, but the film is not meant to be a film that provokes belly laughs, so that is forgivable. I recommend this movie, basically, to anyone that is a fan of movies."
tt0045064,Radar Men from the Moon,Fred C. Brannon,1952,167,"Action,Family,Sci-Fi","This serial is interesting to watch as an MST3K feature, but for todays audience that's all it is. I was really surprised to see the year it was made as 1952. Considering that fact alone makes this a solid (lowly?) 2 in my book. The cars used don't even look contemporary, they look like stuff from the 30's. It's basically Cody (the lone world's salvation? Sheesh talk about an insult to everyone else, like the military), anyway it's Cody in his nipple ring flying suit against Graber and Daley two dumb*ss henchman who sport handguns and an occasional ray gun thats pretty lame in its own right, enjoy. If you want to watch a really good serial see Flash Gordan, it's full of rockets that attack each other and a good evil nemesis and also good looking women, this has NONE of that. And Flash was made 15 or so years before this crap so you can give it some slack. Something made in 1952, this bad, deserves a 2. Nuff said. give it a 6 if your watching it as a MST3K episode, those guys have some good fun with it; a tweak of the nipples here, a tweak there and I'm flying! And now as an added bonus, I bring you the Commander Cody Theme song as originally sung by Joel and his two character bots Tom Servo and Crow aboard the satellite of love for episode eight The Enemy Planet:<br /><br />(Singing at the very beginning credits);<br /><br />(TOM SERVO SINGING) YOUR WATCHING COMMANDER CODY.... HE IS THE NEW CHARACTER FROM REPUBLIC,<br /><br />HE GETS IN TROUBLE EVERY WEEK... BUT HE'S SAVED BY EDITING,<br /><br />JUST A TWEAK OF HIS NIPPLES... SENDS HIM ON HIS WAY,<br /><br />A PUMPKIN HEAD AND A ROCKET PACK.... WILL SAVE THE DAY,<br /><br />(JOEL SINGING) HIS LABRATORY IS A BOXING RING... WHEN BAD GUYS COME TO MIX IT UP,<br /><br />SOMEBODY ALWAYS GETS KIDNAPPED... AND CODY HAS TO FIX IT UP,<br /><br />HE DRINKS HIS TEA AT AL'S CAFE... AND FLIES ALONG ON WIRES,<br /><br />HE BEATS THE CROOKS AND FLIES WITH HOOKS... AND PUTS OUT FOREST FIRES,<br /><br />(CROW SINGING)<br /><br />BAD GUYS BEWARE... CODY IS THERE,<br /><br />YOU'LL LIKE HIS HAIR IT'S UNDER HIS HELMUT... AND BECAUSE WE CAN'T THINK OF A GOOD RHYME,<br /><br />THAT'S THE END OF THE COMMANDER CODY THEME SONG... SO SIT RIGHT BACK WITH A WILL OF GRANITE,<br /><br />AND WATCH CHAPTER EIGHT, CAUSE THAT'S THE ENEMY PLANET"
tt0046240,Riders to the Stars,"Richard Carlson, Herbert L. Strock",1954,81,"Drama,Sci-Fi","Put aside a Dr. House repeat that I had missed, and a Desperate Housewives (new) to watch this one. I don't know exactly what plagued this movie. I never thought I'd say this, but I want my 15 minutes of fame back.<br /><br />Script, Direction, I can't say. I recognized the stable of actors (the usual suspects), but thought Herbert Marshall was a class addition and sat myself down for a good cheesy flick. Boy, was I wrong. Dullsville.<br /><br />My favorite parts: where the ""office girl"" makes with the 029 keypunch and puts the cards into a 087 sorter. LOL @ ""the computer"". I'd like someone identify the next device - a 477 ? It's before even this dinosaur's time.<br /><br />And we dinosaurs don't have that much time to waste."
tt0049223,Forbidden Planet,Fred M. Wilcox,1956,98,"Adventure,Sci-Fi","I liked how this started out, featuring some decent special-effects especially for a film 50 years old. There was some pretty impressive scenery. However, the film bogs down fairly early on with some very dumb dialog as the males all try to flirt with Anne Francis ""Altaira Morbius."")<br /><br />Viewing this in the '90s after a long absence, it was fun to see Francis again, an actress who has done mostly television shows since this film was released....and is still acting. It also was interesting to see a young-looking Leslie Nielsen (""Dr. John J. Adams""), who I wouldn't have recognized had it not been for this voice <br /><br />I watched half of this movie before the boredom came almost overwhelming and I had a strong desire to go to sleep. I appreciated them re-doing this VHS tape in stereo. but it was a weak effort. This is one those overrated film where ""elites"" think is so ""heavy"" and ""thought-provoking."" That's nonsense. It only appeared ""intelligent"" because the rest of the '50s sci-fi films were so stupid!!<br /><br />Some if the early scenes would have looked great on wideescreen, which I didn't have at the time of this writing. Perhaps another look - this time on the 2.35:1 widescreen transfer would make me change this review."
tt0051418,The Blob,"Irvin S. Yeaworth Jr., Russell S. Doughten Jr.",1958,86,"Horror,Sci-Fi","Sure, it's a 50's drive-in special, but don't let that fool you. In my little book, there are a number of intelligent touches with unexpected dollops of humor. Catch the redoubtable Mrs. Porter who's supposed to keep an eye on the doc's place. She not only steals the scene, but darn near the whole movie. And where did those indie producers come up with the bucks to film in color, a wise decision, since the blob would not show up well in b&w. Yes, the result is ragged around the edges as the number of goofs illustrate. But except for several of the teens, the non-Hollywood cast performs well. Then too, the byplay among hot-rodders and cops comes across as lively and entertaining. Pretty darn good for a couple of directors more at home in a pulpit than on a sound stage. Apparently, they wanted to portray teens in a positive light at a time when the screen was filled with ""juvenile delinquents"". Then again, the 27-year old McQueen hardly qualifies in the age department, but manages the hot-rodder attitude anyway. The movie was a hit at the time, helped along, no doubt, by the catchy title tune that got a lot of radio play. And except for the unfortunate final effects, the movie is still a lot of fun, drive-in or no drive-in. Meanwhile, I'm awaiting the blob's return now that the polar icecap is turning into, shall we say, refrigerator water."
tt0051484,The Colossus of New York,Eugène Lourié,1958,70,"Horror,Sci-Fi","This is a rip off of the old Frankenstein premise. An acclaimed scientist is killed in a freakish accident and his father, a noted brain surgeon saves the brain. It is then put into a robotic body of his own design. His brother, an electrical genius, gives the 'colossus' impetus to transfer thoughts into motion. The whole project goes bad, when the creation goes berserk.<br /><br />Special effects are undeveloped. The script is lacking. And it is humorous that this is not scary a bit. Well, very small kids will think this is good. If you are wide awake at three in the morning and this comes on....night, night.<br /><br />The lead characters are played by Otto Kruger, John Baragrey and Ross Martin. Ed Wolff played the 'Colossus'."
tt0051881,The Lost Missile,"Lester Wm. Berke, William Berke",1958,70,"Mystery,Sci-Fi","The story idea behind THE LOST MISSILE isn't bad at all, but unfortunately the story does get a bit dull towards the middle and the overuse of stock footage as well as poor special effects sink this film to the sub-par level.<br /><br />The film begins with a missile heading towards the Earth. In a panic because it's about to strike the Earth, the Soviets manage to deflect the object. This isn't necessarily good, however, as this seemingly unmanned craft has a vapor trail that destroys everything in its path AND the ship is now in a low orbit over the planet. In other words, with each pass it makes, a swath of death follows--one that could potentially kill us all!! So, it's up to the good scientists of the US (led by a very young and hardly recognizable Robert Loggia) to formulate and plan to save us--and especially save New York that is in its immediate flight path! Unfortunately, they aren't able to save Ottawa (I've never been there, so I can't say whether or not this is a big loss) but thanks to good old American know-how, they are able to eventually destroy this harbinger of destruction!! <br /><br />So, as you can see, the story idea isn't bad and rather original. But, so many old clips of fighter planes and guys manning radar scopes gets a bit old and it seemed like padding. Overall, a decent but hardly inspired film that extreme fans of the genre may like--all others, see it at your own risk."
tt0052646,The Brain That Wouldn't Die,Joseph Green,1962,82,"Horror,Sci-Fi","... or an audience. A quick recap....<br /><br />So you've got this doctor who's been experimenting with stolen body parts for some vague reason. He wants to perfect transplants, but feels he needs to do this in his basement. WTF??? And then suddenly, unfortunately, and conveniently, his fiancé gets her head cut off in a traffic accident that HE'S responsible for. Agonized with grief, he preserves her head in a lasagna pan (or is it strudel?) and pumps it full of ""adreno-serum"" (sic) to keep it alive. And then she awakes, talking her head off (so to speak) even though her neck was obviously severed at the vocal cords, and she has no lungs so she couldn't speak even if she had 'em. Seems the ungrateful b*tch doesn't appreciate all that her fiancé has done for her. Just like a woman.....<br /><br />Then his grief turns to horniness as he sees the possibility of grafting his beloved's head onto the body of the first sleazy bimbo he can pick up off the street. Meanwhile, the doctor's assistant, a sort of dime-store Igor, gets into philosophical arguments with the head, who has struck up a telekinetic friendship with the ""monster in the closet"" (every mad scientist has one). Eventually the screenwriter realizes that he can't keep inflicting his misogyny and fear of intimacy issues on the audience ad infinitum, so he kills everybody, then presumably goes to the bank to cash the check before the movie's financial backers have a chance to stop payment on it. <br /><br />Have I mentioned that I think this is a bad movie?<br /><br />Someone should tell Turner Classic Movies to stop showing that edited version without the gory stuff. The sight of the assistant with his arm ripped off, pirouetting around the house without leaving much blood anywhere is just too precious."
tt0052880,Have Rocket -- Will Travel,David Lowell Rich,1959,76,"Comedy,Family,Sci-Fi","Three Stooges - Have Rocket, Will Travel - 1959 This was the first feature length film to star the Stooges and it is pretty bad. It makes THE THREE STOOGES GO AROUND THE WORLD IN A DAZE (from 1963) look like a masterpiece.<br /><br />The Stooges are janitors at a rocket place. They climb into a rocket and it goes to Venus. They meet some stuff there including a talking unicorn they call ""Uni"" which they bring back to Earth with them. ""Uni"" speaks like an average, pleasant person - 'Oh, hello. How are you? Lovely planet here. Hope you like it.' Hilarious.<br /><br />Very few gags and so many of the scenes just go on and on and on.<br /><br />The Stooges arrive back from space and the film is over as far as the story goes, but no one told that to the film makers for the picture continues for another 10 minutes or so at a party where nothing much happens. The Stooges leave the party and then the film is almost over.<br /><br />High point of the film - the end where the Stooges sing a dapper little song about their journey. The Larry and Curly Joe hit Moe in the face with two pies. Brutal.<br /><br />Another writer mentioned the fine musical score. Huh? The only music I even noticed were two classic tunes - I'LL TAKE ROMANCE and THERE GOES THAT SONG AGAIN, both of which are played at the party. And *that* really is the high point of the picture - music from old Columbia films.<br /><br />The tall sexy blonde was nice.<br /><br />Awful - a brand new VHS video from the 99 Cents Only store."
tt0053041,The Man Who Could Cheat Death,Terence Fisher,1959,83,"Drama,Horror,Sci-Fi","Mimicking its long title the movie finds ways to come close to the 90' mark. The beautiful sets are here with all that made the Hamer production values a trademark, yet Paris drowned in the fog is a sign of indolent neglect. The story is obvious and can be summed up in a dozen words so there comes nothing unexpected and nothing worth more than 5% of your attention to be expected.<br /><br />The directing is heavy as a direct transfer from the stage play, actors are mostly stiff as wax figures (ok this is a Hamer feature, only it's sometimes better featured in the whole package). My conclusion: this movie is trash, not worth the time I spend that evening. Eternal life is a boring matter and I should have hoped the guys in charge of programming at the Cinemathèque would have known better."
tt0053103,Battle Beyond the Sun,"Mikhail Karyukov, Aleksandr Kozyr, Francis Ford Coppola",1959,77,"Adventure,Sci-Fi","My giving this a score of 3 is NOT what I would give the original Soviet version of this film. It seems that American-International (a studio that specialized in ultra-low-budget fare in the 60s) bought this film and utterly destroyed it--slicing a two hour plus film into a 64 minute film! Plus, much of this 64 minutes was new material (such as the ""monsters"")--so you know that this film bears almost no similarity to the original. The original film appears to be a rather straight drama about the Soviet conquest of space--though I really am not sure what it was originally! For insight into the original film, read Steven Nyland's review--it was very helpful.<br /><br />By the way, this was the third Soviet sci-film I've seen that American-International bought and then hacked apart to make a ""new"" film--standard practice to a company that was willing to put just about anything on the screen to make a buck--provided, of course, it didn't cost them much more than a buck in the first place!! This Americanized film was about two rival world powers (NOT the US and Soviets) trying to be the first to Mars. The tricky ""bad guys"" try but fail and the ""good guys"" rescue one of the idiot astronauts and then head to Mars. Unfortunately, they are temporarily stranded on a moon of Mars where they see some monsters (added by American-International) that are REAAAALLY cheesy and one does bear similarity to a certain part of a female's anatomy. Then, they are rescued--returning to Earth heroes.<br /><br />The bottom line is that the film was butchered--turning an incredibly beautiful piece of art (for the time) being turned into a grade-C movie. Because of this, the Soviets really had a reason to hate America! I'm just shocked that the horrible job A-I did with this film didn't convince them to refuse to sell more films to these jerks! It's worth a look for a laugh, but the really bad moments that make you laugh are few and far between. So, the film is a dud--not bad enough to make it a must-see for bad movie buffs and too dopey to be taken seriously. I would really love to see this movie in its original form--it must have been some picture."
tt0062159,The Projected Man,"Ian Curteis, John Croydon",1966,77,"Horror,Sci-Fi","I remember this film, exhibit in Barcelona (Spain) in 1970, for the time of a week. Although it could seems incredible, and I can't offer any explanation for it, this movie was exhibit in a theater dedicated to... movies of art and big quality (that, is, Bergman, Resnais, Malle, Buñuel, and... The Projected Man). Few people saw it (luckly people, no doubt) and no reference about this very boring SF movie can be found in the Peter Nichols Science Fiction Encyclopidie, or about the author of the original novel. Very indicative. I remember of it, after all this years, a no-story, a lot of special effects that seems ridiculous effects in fact, and no more. It seems that in some countries the running time is 90 mm. and in anothers 77 min. Well, it means only a little more of pain."
tt0062190,The Reluctant Astronaut,Edward Montagne,1967,101,"Comedy,Family,Sci-Fi","This movie is all ultra-lightweight fluff, predictable from beginning to end. As a Don Knotts vehicle, ""The Incredible Mr. Limpet"" was much better, with Knott's character there not nearly as incompetent or ignorant. His performance there was toned down, with none of his trademark goggle-eyed stare, although that may have something to do with him being replaced for most of the movie by a cartoon fish. Knotts made a living of playing the likable imbecile, much as Bob Denver did. Neither really seemed to be able to break out to other types of roles, assuming they were simply typecast. It was probably because of the slouch, the wild stare and the high-pitched voice. John Ritter, whom Knotts worked with in ""Three's Company,"" was able to transcend his genre, branching out successfully into dramatic roles like ""The Dreamer of Oz,"" but the closest Knotts ever got was a small role in ""Pleasantville."" Even Leslie Nielsen was a bad fit here, uncomfortably neither straight dramatic actor as he was at the time nor deadpan comedic actor as he later became in ""Airplane!"" and ""Police Squad.""<br /><br />There's also no way the then-43 year-old Knotts could pass for a 35 year-old, as his character insisted he was. It was as ludicrously unbelievable as Tom Hanks at 38 playing the college-age Forrest Gump.<br /><br />The film was clearly made on a shoestring budget, very much looking like a hastily-filmed TV episode. It's especially evident in the ""exterior"" scenes of the ""town"" where Roy goes after he's fired. It's unlikely even a pre-schooler would be fooled by the Mayberry-like soundstage artificiality.<br /><br />Even viewing this strictly as a children's movie, it's very disappointing. It's not because it lacks action or special effects, although it does. The pace is much too slow, the situations repetitive. How many times can you watch Roy getting onto a bus? A comedy for kids should at least sometimes be madcap, with breakneck gags, otherwise you risk boring them (and any adults in the theater as well). Movies, even kid's movies, have improved quite a bit in the intervening decades. Even many contemporary comedies were better filmed and written. Disney's ""The Love Bug,"" for instance, at least had some interesting race action."
tt0062551,The Champions,"Cyril Frankel, Paul Dickson, Robert Asher, John Gilling, Roy Ward Baker, John Llewellyn Moxey, Leslie Norman, Don Sharp, Sam Wanamaker, Freddie Francis, Ray Austin",1968,60,"Adventure,Sci-Fi,Thriller","Well, What can I say, other than these people are Super in every way. I quite like Sharon Mcreedy, I enjoy this pure Nostalgic Series And I have the boxed set of 9 discs 30 episodes, I did not realise that they had made so many, I also think that it is a great shame, that they have not made any more. I wish that I got given these powers, Imagine me, being knocked off my cycle, somewhere and being knocked out cold, then waking up in a special hospital. Later on, I discover that my body has been enhanced. Just like Richard Barrat. These stories are 50 Minutes of pure action and suspense all the way, You cannot fight these 3 people, as they would defeat you in all forms of weaponry. The music is well written, and to me, puts a wonderful picture of 3 super beings in my mind, The sort of powers that the champions have are the same as our domestic dog or cats, Improved sight, Improved hearing and touch. and the strength of 10 men for Richard and Craig and the strength of 3 women for Sharon. Who I thought was beautiful and intelligent. When I was a boy, I had a huge crush on her!!!! Now I can see why, on my DVD set. The box is very nice and it comes with a free booklet all about the series. I also thought that Trymane was a good boss, firm but he got things done!"
tt0064470,Latitude Zero,Ishirō Honda,1969,89,"Action,Adventure,Sci-Fi","This is a bigger budgeted film than usual for genre director Honda (with more evidently elaborate sets)  though the special effects still have that distinctive cheesiness to them (witness the giant bats and rodents on display). It also utilizes a surprising number of American actors: Joseph Cotten playing the visionary scientist looks ill-at-ease and frail (but, then, his character is supposed to be 204 years old!), an innocuous Richard Jaeckel is the photographer hero while, as chief villains, we get Cesar Romero and Patricia Medina (both essentially campy). As I've often said, I grew up watching English-language films dubbed in Italianbut hearing Hollywood actors in Japanese is another thing entirely! <br /><br />LATITUDE ZERO feels like a juvenile version of a typical Jules Verne adventure, and is fairly entertaining on that level; indeed, it's preferable to Honda's low-brow variations on the monsters-on-the-rampage formula because of the inherent quaint charm of the set-up in this case. The plot involves the kidnapping of a famous scientist by Romero  he was intended to establish himself in the underwater, technologically advanced city devised by Cotten (to which the world's foremost minds are being recruited). We're treated to plenty of silly battles between the rival subs, but the most amusing scenes are certainly the raid on Romero's cave  in fact, Cotten doing somersaults and fending off men in rubber suits (via flames and laser emitted from his glove!) must surely count as the nadir of his acting career; the other elder in the cast, Romero, is more in his element  after all, he had been The Joker in the BATMAN TV series and movie of the 1960s! Cotten has a scantily-clad blonde physician on his team, and is assisted by a hulking Asian; Romero, on the other hand, is flanked by an Oriental femme fatale  who, however, ends up getting a raw deal for her efforts (the girl's brain is eventually transplanted into a hybrid of lion and condorwhich is among the phoniest-looking creatures you ever saw!). Apparently, a 2-disc set of this one from Media Blasters streets on this very day!!"
tt0065738,Frankenstein Must Be Destroyed,Terence Fisher,1969,101,"Drama,Horror,Sci-Fi","I loved ""The Curse of Frankenstein"" so much that I rushed out to get ""Frankenstein Must Be Destroyed"" to see Cushing at it again...even if it was without Chistopher Lee this time. To my great disappointment, this movie not only does without Lee, but it does without Frankenstein's Monster altogether! Was it a case of ""If we can't get Lee, we won't have a monster at all""? Why would they do that? The monster is half the fun of the whole thing!! This film is dedicated solely to the study of Baron Frankenstein and his quest to finish experiments he had begun in brain transplants before ending up in an asylum. I found the script extremely weak, with the need to suspend disbelief forced upon the audience a little too much. I'm willing to suspend a fair amount, but this movie got fairly ridiculous, which took me out of the film rather than immersing me in it.<br /><br />Peter Cushing, though, is absolutely brilliant playing pure evil in this film. For being one of the most beloved actors and notoriously sweet men, he sure could play menacing and malevolent extremely well. The supporting cast is competent, but has little to do, even the young doctor and his fiancée blackmailed into helping Frankenstein. A bumbling police chief is introduced, along with his put-upon sidekick, to generate some comic relief, then they are completely dropped from the movie! Why? We are led to believe that the police chief will be the main nemesis of the Baron, then we are led to believe it will be the young doctor, and then it ends up being the victim of Frankenstein's brain transplant experiment. There was no tension, we weren't invested in the ""creature"", and the ending was left so ambiguous as to leave one unsatisfied because it is so clear they are setting up another sequel.<br /><br />Also, there are virtually no ""horror"" elements. Yes, there is a beheading in the beginning (off-camera), and we are treated to the sounds of Cushing cutting the tops of two men's skulls off (again, off camera), and there is the most unsettling and thoroughly unnecessary rape scene (90% of which is, again, off-camera). I understand that there is a love of ""letting the audience imagine it all, for their imaginations are far worse than what we can show"", but come on, if you're not going to give us a Monster, then at least let us SEE the few ""horrific"" elements you do choose to include. Showing us a skeleton in the lab lit with a green light is just not scary.<br /><br />On top of a weak script, I thought the directing was mostly flat. There were a couple of nice shots, but otherwise no excitement, atmosphere, or suspense was generated. The same director did ""Curse"" back in 1958 and I thought it was brilliantly directed...guess he was as uninspired by this film as I was.<br /><br />The movie gets a 4 out of 10 from me strictly for Peter Cushing's powerful, nuanced performance...beyond that, I found little in this movie worth recommending. Instead, my suggestion is to watch ""The Curse of Frankenstein"" and see a truly great Hammer horror film."
tt0065776,Space Amoeba,Ishirō Honda,1970,84,"Adventure,Sci-Fi","The Japanese have always had incredible ambitions in their fantasy movies. They have always been ready to destroy cities by huge plastic monsters coming from outer space and elsewhere. The problem is they have never had the money to succeed in making convincing special effects. This film, released in France under the title Les envahisseurs de l'espace, is no exception. Its ambition is to show three creatures from the giant octopus to the giant lobster trying to have the upper hand on the humans. It's extremely awkward and laughable, but well quite enjoyable too. After all, we do like these creatures and these films after all, don't we?"
tt0067871,The Toy Box,Ronald Víctor García,1971,89,"Horror,Mystery,Sci-Fi","THE TOY BOX (1971) BOMB<br /><br />Sure, I like looking at nude women. While I prefer hardcore porn flicks, I'll take softcore exploitation grindhouse junk like this too under the right circumstances. Well, these aren't the right circumstances. These aren't ANY circumstances. There's supposed to be a horrific subplot lurking in here somewhere, but I'll be damned if I can untangle it. This is another of those amateurish steaming piles of badly made manure that bores you to tears rather than stimulates you, despite all the simulated sex going on all over the place. Bah -- if I want to see good sex scenes, I'll watch the real stuff."
tt0070723,Soylent Green,Richard Fleischer,1973,97,"Crime,Mystery,Sci-Fi","Is this the future that awaits us? An overpopulated, unforgiving wasteland with a hellish, unwanted existence? This film brings to mind a problem that still plagues us, doubly so since the film was released in back in 1973. Let's hope that the world isn't going to end up like this...<br /><br />Soylent Green is a wild movie that I enjoyed very much. It had likable characters, a semi-apocalyptic setting, a compelling and thought-provoking storyline, and the macho-est macho man out there: Charleton Heston. Richard Fleischer gave the movie a very unpleasant, dirty feel. You're almost choked by the stench from the city and its filthy inhabitants.<br /><br />The characters are wonderful. Charleton Heston, who has become one of my favorite actors, IS Thorn. The man created this role of badass, yet likable tough-guy. I could definitely put myself in Thorn's shoes. He sees that something isn't right, but everyone around him either doesn't listen (more like paid not to listen) or wants him dead. Edward G. Robinson (in his last film, R.I.P.) plays the lovable old Sol, who has had enough of this nasty place. Everyone else is great, especially Leigh Taylor-Young as Shirl, a piece of ""furniture"" that comes with the apartment in which she resides.<br /><br />The special effects are fantastic, even for 1973. The Soylent Green factory, the futuristic apartments, and especially the ""scoops"" (bulldozers that get rid of people) were excellent. The polluted air outside looks disgusting and very nasty. The empty city streets filled with the vile and putrid people are very unsettling.<br /><br />One final note is the ending, which even now still shocked me. It is gruesome, but if you think about it, it's a pretty good idea.<br /><br />The Bottom Line: <br /><br />An excellent 70's Science Fiction flick that makes you think and leaves you feeling very uneasy."
tt0073260,The Land That Time Forgot,Kevin Connor,1974,91,"Adventure,Fantasy,Sci-Fi","This was recently on AMC's vibrant movie classics and I had to laugh. I had high hopes for this adventure that follows in the vein of ""Voyage to the Earth's Core"" and ""Mysterious Island"". I was sorely disappointed not only in the acting credentials but in the silly story line that reads from a five year old's comic book. Be sure to catch sight of the wires that are holding on to the Pterdactyl's wings when they grasp ""Ogar"" a half idiot pre-modern man who befriends the lost adventurers. The ending left it open for further rehashing of the same effects in ""People that Time Forgot"". Don't waste your time."
tt0075781,The Brain Machine,Joy N. Houck Jr.,1972,85,"Sci-Fi,Thriller","Unlike other commentaries, I found this film fascinating, even with all its faults and the zombie acting of some of the actors.<br /><br />Being a technologist, I found that the experiments interesting and the hardware realistic. Although the reading of people minds via computer sounds fantastic, experiments are being conducted now to do just this. I will note that this experiments are in a very early stage, with results so far not favorable.<br /><br />The characters in the movie are well cast. The girl, although overacting a bit, looks suitable dumb. The truck driver is a a ringer for real truck drivers. The minister conveys doubt at first, (The principal investigator tells the minister that him (the minister), is not sure whether he believes that God created man or that man created God. But the minute when the chips are down, he falls back on his faith. Only the PhD plays the zombie. The secrets that they harbor are suitably appropriate for their characters. In the face of death they react as real human beings would.<br /><br />The movie is a warning against the dangers of unlimited surveillance by government. As strictly a thriller, the movie does not have enough thrills. As a scientific exercise with philosophical underpinnings it is fascinating."
tt0075850,Cinderella 2000,Al Adamson,1977,89,"Fantasy,Musical,Sci-Fi","This film is roughly what it sounds like: a futuristic version of the Cinderella legend but with songs and (fairly tame) sex scenes! The film is not sure what it wants to be and pretty much ends up a mess. It's more expensive looking than most of director Al Adamson's films but it's not at the same budget level that viewers have come to expect from sci-fi films. The actors are pretty bad and unlike most Adamson films, there are no former big namers or B actors. Some of the music is OK but it's easy to see why Cinderella 2000 has been forgotten for so many years."
tt0075990,End of the World,John Hayes,1977,86,"Horror,Mystery,Sci-Fi","A good deal of running around. A badly conceived adversary with very little complexity. A scientist who works in communications sending off signals into space and receiving them, gets caught up with aliens. Along with his pretty wife, he invades their territory and is given secrets about them. He becomes rather traitorous in the process. Granted, he is given little choice anyway. There is a scene where he gives them everything they want. This is a dull movie with lots of long stretches where little happens. The plot isn't technically bad. It's just that we are usually following a car, a trip through a woods, investigating a building. This is what editing is all about. I suppose the story wouldn't technically support much more. Not much here."
tt0076191,The Incredible Melting Man,William Sachs,1977,86,"Horror,Sci-Fi","A truly unpleasant film. While Rick Baker's special effects are quite impressive (if stomach-turning), it has no other redeeming features. Like many 70s movies, it leaves you feeling as if you need to take a long shower, and scrub the slime off of yourself. The characters are uniformly unpleasant, and plot makes no sense."
tt0080596,The Day Time Ended,John 'Bud' Cardos,1979,79,"Adventure,Horror,Sci-Fi","Okay, now what the hell is this supposed to be? Is it a family fantasy movie to cash in further on the huge success of Spielberg's ""Close Encounters of the Third Kind""? Or a throwback to the glorious days of prehistoric epics such as ""When Dinosaurs Ruled the Earth"" and ""The Lost World""? Perhaps it's an intellectual & philosophical masterpiece we all fail to comprehend? Yes, that must be it! Whatever it is, the creators of ""The Day Time Ended"" (good old John 'Bud' Cardos of ""Kingdom of the Spiders"" and writer David Schmoeller of ""Tourist Trap"") must have been sniffing quite a lot glue when they penned down the ideas for this demented hodgepodge of genres. The story doesn't make the slightest bit of sense and the narrative structure is incoherent as hell but, hey, who cares as long as it's got papier-mâché dinosaurs, miniature spacecrafts, headache-inducing light & laser shows and spontaneously combusting supernovas! The voice-over introduction is practically inaudible, but no worries as it's all gibberish! Did you know that the definition of 'time' isn't what we all think it is? Time doesn't necessarily pass by chronologically, it is one giant paradox! Words that were spoken thousands of years ago are still floating around now and even things that will happen in the future are already surrounding us. I have absolutely NO idea what all this means, but apparently it provides an easy excuse to gather tap-dancing midget aliens and well-mannered dinosaurs on screen together. I deliberately say well-mannered dinosaurs, because at a certain point one of the prehistoric monsters politely knocks on the front door before menacing his targets. The crazy plot revolves on a family of weirdos living in their solar-powered house in the middle of nowhere. Grandpa is extremely annoying, the granddaughter even more, granny is a walking & talking advertisement billboard for plastic surgery, the youngest son strangely resembles Prince Valiant and the young mother is  incredibly hot! Chris Mitchum for some reason also pointless wanders around the filming sets as the hot mommy's husband on business travel. The special effects are purely cheesy and absolutely laughable (I sincerely hope that the other reviewer who talked about ""excellent special effects"" was being sarcastic), but the absolute most genius aspect here are the dialogs! Just read this wondrous example of extraordinary writing: <br /><br />Grandpa: ""You know what this is, don't you? This is a time-space warp!<br /><br />Stevie: ""I'm not quite sure if I know what that means, dad""<br /><br />Grandpa: ""Well, I guess nobody really does"" <br /><br />Make up your mind, gramps! Do you know what it is or don't you? And stop talking about ""The Vortex"" like you're some kind of expert in the field! ""The Day Time Ended"" is an incredibly childish and not-worth-bothering-for fantasy movie, though I can totally understand that some of its fans cherish the film because they saw it at young age and became fascinated with the flamboyant effects. The ending completely comes out of nowhere, like they suddenly ran out of money or like the effects of the mushrooms they were eating wore out unexpectedly."
tt0082642,The Last Chase,Martyn Burke,1981,101,"Action,Adventure,Sci-Fi","After watching this on the MST3K episode, I have to wonder how many movies this film borrows from. It seems to combine elements of Logans Run, Farenheight 451, Final Sacrifice and at least several others. At one point I was really expecting Cris Makepease to call Lee Majors ROWSDOWER. <br /><br />I wonder if the director has any clue how many holes there are in the plot. like the fact that, even though gas is unavailable, there is plenty of it in abandoned gas stations, and the stations are located close enough together to keep an F1 race car going all the way across the country."
tt0083050,G.I. Samurai,Kôsei Saitô,1979,85,"Action,Adventure,Sci-Fi","I'm sorry but this is just awful. I have told people about this film and some of the bad acting that is in it and they almost don't believe me. There is nothing wrong with the idea, modern day Japanese troops get pulled back in time to the days of Busido warriors and with their modern weapons are a match for almost everything. When the troops first realise something strange is happening does every single person in the back of the transport need to say ""Hey my watch has stopped""? Imagine lines like that being repeated 15+ times before they say anything else and you have the movie's lack of greatness in a nutshell."
tt0083690,BrainWaves,Ulli Lommel,1982,77,"Horror,Sci-Fi,Thriller","And a self-admitted one to boot. At one point the doctor's assistant refers to himself as Igor.<br /><br />Working with the increasingly plausible idea that computers could be used to replace or reconstruct brain functions, this movie doesn't spend enough time exploring the premise. Most of the screen time is split between girlfriend-in-a-coma domestic strife and chasing down the brain donor's killer. It attempts to be a sci-fi/drama/thriller but fails to deliver on any of the three.<br /><br />As a Frankenstein remake this one is missing everything that made the original good. Nobody calls the doctor insane or even threatens to kick him out of the hospital. The transformation scene consists of a coma victim opening one eye and the amazing computer that makes it happen isn't even shown. When the experiment works there is no praise, and when it starts going wrong there is little reaction.<br /><br />Any suspense over who the killer might be is shattered by progressively showing him in the same room with all of the possible suspects. Finding the killer is as easy as opening one file and interviewing one person.<br /><br />San Francisco as a setting is both overplayed and underused. The opening sequence hammers home the point that this is happening in SF, a cable car plays a significant role, the leads live in a hilltop Victorian, Pier 39 makes an appearance, and the final showdown happens at Golden Gate Park. More specifically along ten feet of cliff side at the park - just enough to keep the bridge in the picture at all times. Once the obvious scenery bases are rounded no other attempt is made to explore the city.<br /><br />The acting is the only saving grace here. Keir Dullea shows a good range and pulls off a couple of genuinely emotional scenes. Suzanna Love portrays recovery from a coma well. Tony Curtis only gets a handful of lines and twice as many evil guy stares with most of the Frankenscience explained away by his assistant. The little blond kid hits his cues fairly well also.<br /><br />I also gave it one extra star for the scene where the husband drives south from the bridge, it cuts to a U-turn in an unrelated parking lot, and then he's instantly back on the bridge driving north. It takes a whole lot of something - bravery, ignorance, deadlines - to try and slip that one by the viewer during the one single car chase."
tt0085627,Warriors of the Year 2072,Lucio Fulci,1984,90,"Action,Sci-Fi,Thriller","fulci experiments with sci fi and fails. usually in his non horror films we still get sum great gore, but not here. Sum very funny scenes like when the prisinors are forced to hold onto a bar for 12 minutes and if they drop they are electecuted. the guy falls and and has some kind of fit on the floor for about two minutes until his friends who were struggling to hold on anyway lift him off the floor. The city is an obvious model but not a bad one. and the end explosion is at best laughable. And dont get me started on the terrible battle scenes.<br /><br />4/10"
tt0086662,Airwolf,"Virgil W. Vogel, Sutton Roley, Alan J. Levi, Harvey S. Laidman, Bernard L. Kowalski, Ray Austin, Donald Baer, Georg Fenady, Bernard McEveety, Tom Blank, Daniel Haller, Don Medford, Donald P. Bellisario, Nicholas Corea, Ivan Dixon, Stephen Dollinger, David Hemmings, Leslie H. Martinson, Gerald Mayer, Bruce Seth Green, Sidney Hayers, Allen Reisner, Don Chaffey, Alan Cooke, Dennis Donnelly, Richard Irving, Vincent McEveety, Gregory Prange, Ron Stein",1984,60,"Action,Adventure,Sci-Fi","I really looked forward to this program for two reasons; I really liked Jan Michael Vincent and I am an aviation nut and have a serious love affair with helicopters. I don't like this program because it takes fantasy to an unbelievable level. The world speed record for helicopters was set at 249 mph by a Westland Lynx several years ago. The only chopper that was ever faster was the experimental Lockheed AH56A in the 1960's. It hit over 300 and was a compound helicopter, which means it had a pusher propeller at the end of its fuselage providing thrust.<br /><br />In short, no helicopter can fly much over 275 because of the principle of rotary wing flight. And the Bell 222, the ""actor"" that portrayed Airwolf wasn't very fast even by helicopter standards. And it didn't stay in production very long.<br /><br />There was a movie that came out during this time period called ""Blue Thunder"" that was much more realistic."
tt0086967,Biohazard,Fred Olen Ray,1985,84,"Horror,Sci-Fi","I was always curious about this film because it is so tough to find, so when I stumbled upon it on Ebay I forked over the $10 and bought it, now I understand why its so rare! This film is SO bad, so terribly written and hopelessly low budget that the ending credits, which show all of the cut scenes where they fumbled their lines, are literally the movie's highlight. The film is about a psychic (Pettyjohn, cast for one obvious reason, her topless scene) whom uses her powers with an experimental machine to pull objects from another dimension into this reality. When she pulls in some kind of box like object the military nonchalantly throws it into the open back of a truck with one soldier to guard it, and gee, what do you know? SURPRISE! A kid in a foam-rubber monster costume pops out, instantly kills the soldier with a scratch across his face, then escapes to a nearby city. But rather than deploy half the armed forces of the county to find it and protect the public those in charge just leave it up to Pettyjohn and Ray to find it on their own, but no matter, this movie blows all its credibility LONG before then. This barely escapes being voted a 1 by me only because of unintentional laughs, somebody needs to alert the producers of ""Mystery Science Theater 3000"" if they don't know about it already! 2 out 10, really, REALLY bad!"
tt0086980,Blood Suckers from Outer Space,Glen Coburn,1984,79,"Comedy,Horror,Sci-Fi","I bought Bloodsuckers on ebay a while ago. I watched parts and deemed it just too dumb to review again. The excessive amount of watery 'blood' at the beginning is just plain obsolete - not to mention the ""whip-around"" wind sounds. My friends and I made a super low budget movie, and the effects still exceeded this crap fest.<br /><br />As for the amount of mistakes in this movie, there are way too many to count. I knew one of the actors - believe it or not, he was my THEATRE teacher. HA! <br /><br />Final verdict: Don't bother with this ""horror"" flick. <br /><br />3 Stars (out of a possible 73)"
tt0087452,Iceman,Fred Schepisi,1984,100,"Drama,Sci-Fi","I went to see this film based on the review by Siskel and Ebert; not only did I get duped, but I took some friends along, and had to spend the rest of the day profusely apologizing for making them sit through this pointless crap. After this, I never went to see a movie based solely on Siskel & Ebert's advice."
tt0087464,Impulse,Graham Baker,1984,91,"Horror,Mystery,Sci-Fi","I think that that creator(s) of this film's concept deserves a lot more accolades than they probably ever received. It isn't an Oscar caliber film of course, but, at least for me, this film has left a lasting impression since I first saw it back in 1984 (in the theatre). <br /><br />I don't think this is (and hope it isn't) a spoiler, but: imagine acting on your impulses. Doing the first thought that pops into your head, saying the first words on your lips... No restraint, no conscious, nothing holding you back from saying or doing the things that, as intelligent adults, we know we shouldn't actually say or do. If anything, this film only scratches the surface - It doesn't go as far as it could go. <br /><br />In a time when Hollywood seems obsessed with remaking older ""classics"" to try and cash in on today, wouldn't it be nice to see them remake an older film of modest success, for the sake of taking it to the next level? A bit further, or even to explore what the original crew didn't, wouldn't or couldn't deal with 20 years ago? <br /><br />That's just my opinion anyway. :o)"
tt0087480,Invitation to Hell,Wes Craven,1984,96,"Horror,Sci-Fi,Thriller","I still can't believe that Wes Craven was responsible for this piece of crap.This movie is worse than ""Deadly Friend"".The plot is stupid,the acting is mediocre and the film is deadly dull.I don't know why Wes Craven hates his debut ""Last House on the Left""-an absolute masterpiece of the genre and likes(probably)this turkey.Don't get me wrong,I really like some of his movies,but it was a real torture sitting and watching this."
tt0087544,Nausicaä of the Valley of the Wind,Hayao Miyazaki,1984,117,"Adventure,Animation,Sci-Fi","I am partly a fan of Miyazaki's work. I say ""partly"" because most of his films fall into two categories: brilliant, and boring. Sadly this film falls into the later category.<br /><br />This film suffers from the same fundamental problems as Miyazaki's recent film ""Howl's Moving Castle"". An intriguing premise is set up, but then immediately reduced to little more than a backdrop for some unfathomable events that only serve to confuse the plot rather than explain it.<br /><br />The first third of the film reveals the post-apocalyptic world the story is set in, and actually looks like an very interesting story is about to unfold. From then on things go down hill. The middle part of the film is mostly made up of thinly-veiled eco-propaganda, and the ending is heavily marred by the reliance on the kind of impenetrable spiritualism which ruins a large number of Japanese animated films.<br /><br />Overall the film feels as though someone ripped out every other page from the script before passing it on the the animators. What is left is something which is visually stunning (although sadly the version I saw was an Nth-generation copy, with poor colour - which gives rise to the common myth that Nausicaa shows her bare bottom when flying), but which makes little sense and ultimately left me confused."
tt0087799,Night of the Comet,Thom Eberhardt,1984,95,"Comedy,Horror,Sci-Fi","This movie was bad. This movie was horrible. The acting was bad. The setting was unrealistic. The story was absurd: A comet that appears once in eons is set to appear one night. Most of the world's population decided to watch this comet. Then, the next morning everyone but a select few of people has been turned to dust from the comet's radiation. People's clothes are still intact, there are plants which are still alive, but the people were turned to dust. No bones, nothing. Thats ridiculous. How can radiation incinerate people but leave their clothes and other biological substances intact?<br /><br />Even better, the comet mutated some people into zombie flesh eating monsters. Their makeup would not have even looked frightening to a newborn child. The Insane Clown Posse scare me more...and they're supposed to look stupid.<br /><br />Then there were the survivors. People who had been surrounded by steel when the comet passed were spared from zombie-dom and death. How can steel block a comet's radiation that supposedly incinerates people in their tracks?<br /><br />Equally insulting is the 60's horror music playing in the background through parts of the movie, or the 80's hair rock which serves no purpose in the film and makes you want to shoot your television.<br /><br />The stupidest part of the movie, however, are the characters it focuses on: two Valley Girls and Chakotay from Star Trek: Voyager. These three characters were totally unrealistic. Who would go looting the day after an apocalypse with flesh eating mutants running everywhere? There were four 5 minute horror scenes in the entire movie, and most of them were dreams. In between these scenes is unsophisticated dialog which makes South Park seem intelligent. The silence in between the elementary dialog was painful. I could have made a better movie with four monkeys and a bag of Cheetos. Don't see this movie, ever."
tt0087803,1984,Michael Radford,1984,113,"Drama,Sci-Fi","I saw this movie literally directly after finishing the book, and maybe that was a neutral idea or a very stupid one. I think it was the latter. First of all, it was inaccurate in many small, yet important details. One of the first things I noticed was, during Winston's day to day life in his work, his conversations, eating in the cafeteria, etc. he feels free to look unhappy and make suggestive glances at people without immense fear. One of the most important parts of the book, was that even in small activities it was virtually impossible to safely show even a hint of his true emotions on his face AT ANY MOMENT. This is also shown in the scenes on the streets of the proletarions. In the book Winston knew that this was a huge risk to wander around there and was skeptical and frightened at every trip. While in the movie, he does it so often and without fear, that you lose the important feeling of heavy surveillance and risk right off the bat.<br /><br />Other minor inaccuracies included Winston hiding his diary in the wall, yes a very small change, but it begs the question, what's the point? There was also the most annoying thing a director can do with a book, and that is morphing characters.<br /><br /> The large inaccuracies were far more disturbing, however. First of all, one of the important pieces of the book is that Big Brother is a government based on an intelligent, yet crude philosophy. In the movie, they skip that and go straight to making you think that the government is run by Hitler with technology. Which is true, in a sense, when directed with its facism, but if that's all you get out of Big Brother, you really missed the point of the book. The terrifying thing about Big Brother is that, in a way, it has some points behind its philosophy. When O'Brien is picking at Winstons mind in the Ministry of Love, he is LISTENING to everything Winston says against Big Brother. The fact that he listens, and advances forward in his philosophy, is in effect what is most creepy and intriguing. In the end, (careful SPOILER ahead) when Winston says he loves Big Brother, the terrifying thing is that you are not sure whether it was souly the beating and torture that caused this, or the actual power behind the philosophy. I am in no way saying that the Big Brother's philosophy has points that appeal to me, but its intelligence and depth is what makes this book incredibly disturbing.<br /><br /> Also, how could anyone feel any connection between Julia and Winston in the film? It was awful, no connection whatsoever.<br /><br /> And where was O'Brien before he gave Winston his address? One of the things that carried the book was Winstons thoughts about O'Brien BEFORE he made contact with him. In the movie, they just jump the gun.<br /><br /> But that about sums up why this movie was a terrible adaption: because its impossible NOT to jump the gun and morph characters in less than two hours. How could anyone think this movie was watchable if it was under two hours? At the very least, the movie demands 3 hours to be able to capture some of the important moods and connections. Anything less is just pointless.<br /><br />If you loved the book, and I mean TRULY adored it, you will not approve of this movie, and chances are, you already knew you wouldn't. Because the book is unfilmable, and this movie just proves how impossible it is cram something decent into a small reel of film.<br /><br />Two stars out of ten"
tt0088393,Wheels of Fire,Cirio H. Santiago,1985,81,"Action,Adventure,Sci-Fi","Max had the V-8, Trace (Wheels of Fires last and only hero) has a jet engine on the back of his car allowing him to make unintentionally humorous faces as he rockets around the halfway desolate wasteland. Be amazed as Mad Max 2 (aka The Road Warrior) is dissected and spliced back together as a new movie albeit filmed in a lackluster manner with bad actors and lousy stunt work.<br /><br />Why is WoF set in a post-apocalyptic wasteland? Simple, The Road Warrior was! Actually any questions can be answered by: it was that way in the Road Warrior! Except for the out of work mutant actors from the original 60's The Time Machine film that make a cameo appearance for sake of giving the audience some non-vehicular action to chew on for a few minutes.<br /><br />In typical 80's fashion, all cars driven by bad guys that are bumped or slightly jostled explode in a huge billowing explosion. Inevitably all car chases will happen near convenient cliff sides and cars will unavoidably fall off of them. Along with this 80's cinematic wild ride is the general rampant misogyny in this style of cheapie film. Generally I waited for Trace's rocket powered car to accelerate and shoot flames so there would be another shot of him scrunching up his face like he is supposed to be tough, which comes off more as him looking constipated. Badly choreographed action coupled with bad acting makes this film a true sinker. The unintentional humor value even manages to wear thin.<br /><br />Rats: Nights of Terror by Bruno Mattei is superior. And that in and of itself is saying a lot! By this count 2020 Texas Gladiators is a cinematic masterpiece compared to Wheels of Fire. A poor Road Warrior knock off that doesn't have near enough cheese factor to make the film watchable.<br /><br />"
tt0088760,Baby: Secret of the Lost Legend,Bill Norton,1985,95,"Adventure,Family,Sci-Fi","For those who are too young to know this or for those who have forgotten, the Disney company went almost down the tubes by the end of the 1980s. People were NOT seeing their movies anymore and the company was not producing the usual wholesome material....at least no what people expected. A major problem: profanity.<br /><br />Yes, the idiots running the Disney movies during that decade would produce films with swear words - including the Lord's name in vain, if you can believe that - interspersed in these ""family films."" In fact that happens twice here in the first 20 minutes! <br /><br />This movie, in addition to the language problems, has a nasty tone to it, too, which made it unlikeable almost right from the beginning. Thankfully, Disney woke up and has produced a lot of great material since these decadent '80s movies. (""Touchstone"" is Disney, just under another name.)"
tt0088933,Cocoon,Ron Howard,1985,117,"Comedy,Drama,Sci-Fi","This is a classic stinker with a big named cast, mostly seniors who were well past their prime and bedtime in this one.<br /><br />This is quite a depressing film when you think about it. Remain on earth, and you will face illness and eventually your demise.<br /><br />Gwen Verndon showed that she could still dance. Too bad the movie didn't concentrate more on that. Maureen Stapleton, looking haggard, still displayed those steps from ""Queen of the Star Dust Ballroom,"" so much more down to earth from 10 years earlier.<br /><br />I only hope that this film doesn't encourage seniors to commit mass suicide on the level of Jim Jones. How can anyone be idiotic enough to like this and say it gets you to think?<br /><br />Why did Don Ameche win an Oscar for this nonsense?<br /><br />If the seniors were doing such a wonderful thing at the end, why was the youngster encouraged to get off the boat? Why did Steve Guttenberg jump ship as well? After all, he had found his lady-love. <br /><br />This would have been a nice film if the seniors had just managed to find their fountain of youth on earth and stay there.<br /><br />Sadly, with the exception of Wilford Brimley, at this writing, Vernon, Gilford, Stapleton, Ameche, Tandy, Cronyn and lord knows who else are all gone. The writers should have taken the screenplay and placed it with this group as well."
tt0089280,Hobgoblins,Rick Sloane,1988,88,"Comedy,Horror,Sci-Fi","For starters, ""Hobgoblins"" tries to ape the more successful ""Gremlins"". That's bad enough but they don't even try to make anything that closely resembles a movie here. Instead, it's more like a bargain basement, everything-must-go clearance of embarrassing scenes, inappropriate sound FX, acting as bland as unflavored tapioca and a script that takes everything humans hold sacred in their motion pictures and throws 'em down the old tube-aroo.<br /><br />The plot? Grrrr.... Meddling kids track down gremlin-like creatures from movie lot before they kill people by projecting their fantasies. Sound cool, does it? Well, see that wall on the other side of your room? Run right at it, top speed, face first. See, THAT is cooler than this movie.<br /><br />You dare to doubt? Quick, name something else one of the leads has been in other than this. What other scripts have the writers done since ""Hobgoblins""? Name another Rick Sloane directoral effort. How many ""Hobgoblins"" action figures do you have? See? THANK you.<br /><br />I cannot believe I took so long to write about such a horrible film. I'd rather write about more important things; like the separation of church and state, economic restructuring in Europe, that kind of thing. But no, ""Hobgoblins"" it is and it is bad - bad like your grandparents' wallpaper, bad as pink flamingos on your lawn, bad like underwear that says ""Home of the Whopper""...and I think we'll stop there.<br /><br />Well, Mike and the robots fight valiantly but try as they might, they can do only so much with ""Hobgoblins"" before they realize that, yes, the director DOES need kicked in the shin.<br /><br />Real, real hard.<br /><br />One star for ""Hobgoblins"", seven stars for the MST3K version."
tt0090849,Class of Nuke 'Em High,"Richard W. Haines, Lloyd Kaufman",1986,85,"Comedy,Horror,Sci-Fi","It looks to me as if the creators of ""The Class Of Nuke 'Em High"" wanted it to become a ""cult"" film, but it ends up as any old high school B-movie, only tackier. The satire feels totally overshadowed by the extremely steretyped characters. It's very un-funny, even for a turkey."
tt0091631,Nightmare Weekend,Henri Sala,1986,85,"Horror,Sci-Fi","Nightmare Weekend is proof positive that some people are so desperate to be 'in the movies' they are prepared to do almost anything.<br /><br />I'm not referring to the countless women who seem quite happy to appear completely starkers in this dreadful piece of trash (after all, the naked female form is a beautiful thing and nothing to be ashamed of). No...I'm talking about those who are more than willing to co-star with a badly made hand-puppet called George. Now that is embarrassing!!!<br /><br />A bio-electronic being created by brilliant scientist Edward Brake (Wellington Meffert), George (who looks like a demented felt clown with green wool for hair) is the artificially intelligent interface for an advanced computer system that operates a revolutionary device (a silver sphere about the size of a golf ball) that, when ingested, can reverse character disorders.<br /><br />Edward's personality altering experiments have been successful on lab animals, but the cautious scientist is reluctant to carry out tests on human subjects, fearing that there may still be side effects. His evil assistant Julie (Debbie Laster), however, has no such qualms, and proceeds to use three beautiful young women as guinea pigs. Inevitably, they all turn into hideous killer mutants.<br /><br />With bargain basement special effects, a cast totally devoid of talent, and a plot that is almost impossible to follow (I took notes as I watched the film, and even then I am not entirely convinced that my synopsis is accurate), Nightmare Weekend is a complete and utter disaster that not even several soft-core sex scenes and a touch of gore can rescue.<br /><br />This film also features one of the most irritating characters I have ever seen in a horror movie: Tony (Bruce Morton), a Walkman wearing idiot who bops away to crap 80s music in a manner that makes me look like Justin Timberlake in comparison."
tt0091993,SpaceCamp,Harry Winer,1986,107,"Adventure,Family,Sci-Fi","Space Camp, which had the unfortunate luck to be planned around the time of the Challenger accident, deserves such luck. The ""stars"" make a mockery of acting, Lea Thomson actually being turned sideways, when asked for more than her usual wide-eyed innocent smile, presumably to mask her risible attempts. The movie is at times hilarious, when it begins to ask far too much of you. A small boy keeps a multi-million dollar robot in his closet which breaks when given too many commands by the hordes of cliched dorm-mates. This hackneyed and unlovable machine, ""Jinx"", is a major player in the ridiculous premise of the movie, which seems part Short Circuit, part 2001 by the Airplane team. I shan't bore you with this, suffice it to say you can only laugh when faced with it. Having said all of this, it is enjoyable to watch, in a SeaQuest, Saved by the Bell kind of way. The romance and technology, beware, are as unbelievable as each other. Also, if you're an eighties freak, its unmissable for the amusing performances of Kate Capshaw (Willie from Temple of Doom) and, obviously, Lea Thompson. Also, Joaquin Phoenix puts in a dodgy turn as a sort of wannabe Goonie who befriends Jinx. Do not go near this movie if you are not a fan of trash."
tt0092677,Blue Monkey,William Fruet,1987,96,"Horror,Sci-Fi","Never even knew this movie existed until I found an old VHS copy of it, hidden deep in my dusty horror closet. The title on the box said ""Insect"" and the illustrations on the back made clear that it is just another insignificant and poorly produced 80's horror movie. They can surely be fun, of course, as long as don't expect an intelligent scenario and as long as you're not irritated by seeing a giant amount of cheesy make-up effects. Just about every important aspect that makes a horror movie worthy viewing is substandard here in ""Blue Monkey""! The plot is ridiculous and highly unoriginal, the acting performances are painful to observe and there's a total lack of suspense. Following the always-popular trend of ""big-bug"" movies, ""Blue Monkey"" handles about a new and unknown insect species that wipes out the doctors and patients of a remote hospital. The makers couldn't be more evasive about the actual origin of this gigantically over-sized critter! All we know is that it's not from outer space and it initially crawled out of a tropical plant. Other than this, there's absolutely no explanation for where this new type of insect all of a sudden comes from! Like I said, don't get your hopes up for an intelligent screenplay. The first half of the film is entertaining enough, with some nice gore and the introduction of a couple deranged characters (an 80-year-old blind and alcoholic lady!) but the second half (when the entire hospital is put to quarantine) is dreadfully boring. It is also near the end that ""Blue Monkey"" begins to exaggeratedly rip-off older (and better) films. Approaching the climax, they apparently ran out of budget as well, since the lighting becomes very poor and the guy in the monster suit isn't very well camouflaged anymore. ""Blue Monkey"" is worth a peek in case you're really bored or if you really want to see every 80's horror movie ever made. Fans of B-cinema may recognize John Vernon (""Killer Klowns from Outer Space"", ""Curtains"") in the small and meaningless role of Roger, who's in charge of the clinic."
tt0093533,Miami Golem,Alberto De Martino,1985,85,"Action,Horror,Sci-Fi","The basic premise of ""Miami Golem"" most definitely deserves a spot in the top, say, fifty of most demented cinematic plots ever scripted down! I know top 50 doesn't sound too impressive, but I've seen a lot of really weird films with lunatic plots. I was prepared from something convoluted, because the film was directed and co-written by Alberto De Martino, who was one of Italy's most ambitious and creative but sadly underrated film makers. De Martino steals multiple ideas from successful blockbusters, like most Italian directors did around that time, but he always adds a lot of stuff to make it even more complex, confusing and overwhelming. Not all of De Martino's films are worthwhile, but some of them are extremely underrated, like ""A Special Magnum for Tony Saitta"", ""Holocaust 2000"" and ""Formula for a Murder"". The concept of ""Miami Golem"" contains elements from numerous great Sci-Fi and adventure flicks (like ""Alien"", ""Starman"" , ""Close encounters of the Third Kind"", ""ET"", ) but I wouldn't exactly call it a rip-off. The only thing that is really shamelessly stolen from another film is the opening synthesizer theme song that sounds almost identical to Harold Faltermeyer's Axel F. from ""Beverly Hills Cop"". The rest of the film is an amusing hodgepodge of fantasy, Sci-Fi, action, horror and superhero-movie gimmicks. It certainly doesn't always make sense (most of the time it doesn't, actually) but ""Miami Golem"" is undeniably an imaginative and multifaceted film that kept my mate and I fascinated from start to finish.<br /><br />The plot is extremely difficult to briefly summarize but I'll try anyway. Sceptical journalist Craig Milford is reporting the story of a German scientist who allegedly discovered extraterrestrial DNA inside a crashed meteorite and managed to clone it. The DNA cell belongs to an evil alien force that already exterminated another interstellar race in the past and it will unquestionably destroy the whole of mankind as soon as it grows large enough in size. If this isn't problematic enough already, the rich Mr. Anderson ordered to steal the slowly growing evil fetus because he thinks that he can manipulate it and use it to obtain world domination. With the help of some good aliens in an earthly disguise, Craig Milford has the difficult task of safeguarding the planet from the evil fetus. Okay, I know all this sounds grotesque and silly, but I assure that ""Miami Golem"" is in fact a light-headed and easy digestible flick. The first half of the film may come across as overly hectic and confusing, because Alberto De Martino attempts to keep the plot secret through the use of preposterous red herrings. There are subliminal ghostly appearances, supportive characters behaving exaggeratedly mysterious for no real reason and at a certain point there are even speculations about the lost continent of Atlantis. This is all misleading padding material, however, and as soon as the set-up is more or less clear ""Miami Golem"" turns into an ordinary early 80's popcorn action movie with bloody massacres, flamboyant chase sequences (in the Florida Everglades!), explosions, gratuitous sleaze and nasty little fetus-monsters in jars.<br /><br />Now, I really don't want to raise the impression that ""Miami Golem"" is a lost and undeservedly obscure gem of Italian exploitation cinema. Make no mistake, this is a pretty bad movie! The events only become endurable if you accept the stupidity and incoherence of the plot and if you don't succeed in that, well than this is just a non-stop spitfire of negative aspects. The acting performances are painfully awful. Particularly B-movie veteran John Ireland, as the archetypal James Bond villainous character, doesn't seem the least interested in the script. You can tell from his grimaces and by the way he delivers his lines that he also thinks the whole production is retarded and simply signed up for the paycheck. Laura Trotter is probably the least sexy female lust-object ever, and the person who drew the marvelously chaotic VHS cover must have felt exactly the same way, because the ravishing girl on the cover does not appear anywhere in the movie. What an embarrassment this must be for Mrs. Trotter. Still, her completely gratuitous nudity sequences compensate for this, as she's quite hot from the neck down. And, finally, there's the unforgettable scene where David Warbeck takes down a helicopter from a moving school bus with a regular pistol! I don't think even John Rambo can do this, while he's a beefcake Vietnam veteran and Warbeck's character is a simple TV-reporter."
tt0093741,The Pink Chiquitas,Tony Currie,1986,83,"Comedy,Horror,Sci-Fi","Sly Stallone is hardly the finest actor in the world but compared to his brother, Frank...well, roll out those awards now! Mullet haired, muppet Frank seems to think that every part he plays, calls for him doing the role as an American/Italian Wise-guy refugee from the 'Godfather.' Please, somebody make him an acting offer 'he can refuse!' This film just stinks the place out, even by the terrible overacting in this, Frank still steals the acting dishonours. All the people compensate for their lack of talent by shouting their lines and throwing their arms about, gesticulating wildly in a style that went out of fashion back with silent films.<br /><br />The plot, what there, is, makes no sense as a meteor lands and turns all the women into sex-crazed nymphets but as this is 15 certificate film, that just means they strip to their underwear and make moaning sounds like dogs on heat. What happens in the end, I'm not quite sure as I was losing the will to live long before the film finished.<br /><br />Avoid this like the plague and watch 'Deep Impact' for a reasonable film about a meteor about to hit the earth.<br /><br />N.B. Point of order: when one of the female leads strips down to her underwear, she has her knickers/panties under her suspenders/garter belt, it's knickers over the suspenders to allow women to go to the toilet with less fuss. A trivial point, perhaps, but shows how dumb this film is when they can't even get this right!"
tt0093894,The Running Man,Paul Michael Glaser,1987,101,"Action,Sci-Fi,Thriller","The Running Man is often dismissed as being just another Arnie action thriller full of explosions, bad puns and gunfire, and to be fair, there is a lot of that in it. People used to look at it and compare it to the Terminator series, saying it was one of the poorer Schwarzenegger films.<br /><br />But, give it 18 years, and you find yourself being able to appreciate it in a different light. Rather than just being another brainless action film, it works very well as a parody of reality TV. It is quite different to the Stephen King book, true, but I doubt whether Hollywood, with its love of upbeat endings and so-called 'ordinary guys' who turned out to have the skills of a trained commando, would have accepted it in its current form.<br /><br />But, on with the review.<br /><br />Ben Richards (Arnold Schwarzenegger) is a cop working in a dystopian United States where democracy is a thing of the past, and the entire country is ruled by a government/media conglomerate amalgamation. The economy is in tatters, food is scarce and the state keeps people distracted by producing sadistic gameshows for them to watch, like Jumping for Dollars, where people jump for money over a pit of rabid dogs, and the most popular one is The Running Man, a gameshow hosted by the slimy Damian Killian (played by the entertaining Richard Dawson) where supposed 'criminals' are hunted down by theatrical, pro-wresting-esquire 'stalkers'.<br /><br />Some, however, try and speak up against the government. When a group of hungry people hold a protest in the town of Bakersfield, California, a helicopter piloted by Richards is sent to 'calm' (i.e. kill) the protest. When Richards refuses to fire on innocent people, he is arrested and framed for the murder of the people in the crowd. He is sentenced to a slave labour camp, but escapes with the aid of a resistance leader (Yaphet Kotto) and goes on the run.<br /><br />However, his freedom does not last long, and after he kidnaps network employee Amber Mendez (Marita Conchita Alonso) in an attempt to escape those pursuing him, he finds himself taken prisoner again, but this time he is forced to appear on The Running Man.<br /><br />And there, of course, the entire film kicks into standard Arnie mode. Richards is launched into the post-apocalyptic wasteland of Los Angeles (why is LA always destroyed in these dystopian worlds?) and forced to run from the 'stalkers', along with two other prisoners who escaped from the labour camp with him. Amber also becomes curious about Richards' protestations of innocence, and discovers he was framed. Guess what happens to her, then? So, as Amber, Richards and the two other guys run around trying to avoid the stalkers, we soon become aware that Richards is no ordinary cop. He's Super Arnie, the unkillable one man army who can collapse evil corporate dictatorships and fight obese men covered in Christmas lights all while being just your average American guy with an Austrian accent.<br /><br />Yes, the remainder of the film becomes dumb, loud, classic 80's Arnie fun. There's a lot of exciting fight sequences, the trademark dreadful puns ('He had to split' being my favourite), and the general formulaic final confrontation and happy ending. It's a lot of fun watching Killian react to it in the typical 'wholesome' gameshow host way, as well, and some of the funniest moments in the show revolve around the contrast between his interactions with the crowd as the seemingly benevolent host (watch out for the cursing old lady!) and the cold, cyncial man he is in reality who will do anything to increase ratings.<br /><br />If you expect a high-brow, intelligent film, you'll be disappointed. But if you want a great 80s flick, well, this is it. But the great thing about this film is it was quite prophetic.<br /><br />If you look at the entertainment we have today, you'll have noticed the way reality TV is going nowadays - shows featuring people willing to put themselves through anything for five minutes of fame, and producers all too willing to let them humiliate themselves on TV. It's not too far a leap to imagine that some vile TV exec out there has been trying to get the right to show people be executed live on TV. We've already had that, however, with the ghoulish al-Qaida hostage beheading videos posted on the internet. It seems that in the current climate, at least some people are perfectly fine with watching real death on their television sets.<br /><br />With that in mind, and coupled with the fact that everything these days appears to be a revival of the 80s, you have to be impressed by the far-sightedness of this film. Of course, we haven't reached there yet, as it's terrorists, rather than the mainstream media, who have bought us easily available programs featuring real human death, but you just have to wonder how long it is before some exec decides to see if he can find a way of pitching a show that combines people's desire for entertainment and desire to indulge their morbid curiosity..."
tt0094794,The Brain,Ed Hunt,1988,94,"Horror,Sci-Fi","Insignificant and low-brained (haha!) 80's horror like there are thirteen in a dozen, yet it can be considered amusing if you watch it in the right state of mind. The special effects are tacky, the acting atrocious and the screenplay seems to miss a couple of essential paragraphs! ""The Brain"" takes place in a typical quiet-American town setting, where every adolescent works in the same diner and where the cool-kid in high school flushes cherry bombs down the toilet. It is here that a TV-guru named Dr. Blake and his adorable pet-brain begin their quest for nation-wide mind controlling. Under the label of ""independent thinkers"", a giant cheesy brain sends out waves through television sets and forces innocent viewers to kill! How cool is that? Now, it's up to the Meadowvale teen-rebel to save the world! The funniest thing about the plot is that it never explains where Dr. Blake and his monstrous brain actually come from. There are obvious references towards extraterrestrial life but that's about it. Meh, who needs a background in a movie like this, really? There's not that much bloodshed unfortunately and the ""evil"" brain looks like an over-sized sock-puppet. The only more or less interesting element for horror buffs is taking a look at the cast and crew who made this movie. Director Ed Hunt and writer Barry Pearson are the same men who made ""Bloody Birthday"" (guilty pleasure of mine) and ""Plague"". Both those are much better movies and they wisely decided to resign the film industry. The most familiar face in the cast unquestionably is the great David Gale, whom horror fans will worship forever for his role in Re-Animator. A girl named Christine Kossak provides the nudity-factor and she's obviously a great talent She has exactly 3 movies on her repertoire of which THIS is her ""masterpiece"". In her debut, she was credited as 'runaway model' and in ""3 men and a baby"", her character is referred to as 'one of Jack's girls'. I really wonder how she feels about her career as an actress"
tt0095043,Doctor Hackenstein,Richard Clark,1988,88,"Comedy,Horror,Sci-Fi","This movie features an o.k. score and a not bad performance by David Muir as Dr. Hackenstein. The beginning and end credits show along with the most of the actors and the ""special effects"" that this is a low budget movie. There is nothing in this movie that you could not find in other mad scientist, horror/comedy, or low budget movies. Not special for any nude scene buffs or bad movie lovers either. This movie is simply here. Anne Ramsey and Phillis Diller are nothing to get excited about as well. If you are curious as I was and can actually find this, you will realize the truth of the one line summary."
tt0096126,Heart of a Dog,Vladimir Bortko,1988,136,"Comedy,Drama,Sci-Fi","Not only is this film entertaining, with excellent comedic acting, but also interesting politically. It was made at the end of the Soviet Union, but makes fun of the soviet mentality through and through. The story is set during the early days of the soviet union, and it questions the rationale behind the revolution both in cultural and practical terms. Of course, by the late 80s and early 90s, the bizarre strictures of soviet society are already relaxed, but the ideology and mentality is still alive and well and ready for some well-deserved deconstruction. Happily, all this deep philosophical commentary is wrapped in a funny and entertaining package!<br /><br />Jur"
tt0096511,Zombie 3,"Lucio Fulci, Claudio Fragasso, Bruno Mattei",1988,84,"Action,Horror,Sci-Fi","Although the likeliness of someone focusing on THIS comment among the other 80+ for this movie is low, I feel that I have to say something about this one. I am not the kind of movie-watcher who pays attention to production value, thought-provoking dialog, or brilliant acting & directing. However, I claim that this movie sucks. I don't know why I don't like it... I mean it has almost everything i want out of a horror movie: blood, outrageousness, unintentional humor, etc. According to this evidence it should be my favorite. Still, Zombi 3 is a baaad movie.<br /><br />There are just too many things that compels you to yell at the screen. Like when the girl leaves the army guy when their car breaks down to find water (this spoils nothing so don't worry). She walks into what I see as an abandoned hotel or something. Did she not see that there was a friggin' lake in the middle of the building??? Yes she's looking for water and passes up a lake. Why? Cuz she wants to know why the people (who aren't there cuz the place is abandoned) won't answer her when she calls out: ""Is anybody there?"" Oh this is just a little, insignificant piece of the big picture I'm painting.<br /><br />There is a reason, though, why I gave this film more than 1 star. It's one of those movies where if you forget how bad it really is, like I have a few times, you'll want to watch it again because it's just so over-the-top in every aspect. I called it blood in the first paragraph, but this movie has no blood, it has an ocean of gore. Also, it has pretty weird creatures in it as well: a zombie-baby (with an adult-size hand???) and a magically flying head to name just two.<br /><br />You know when you try to think of the worst and cheesiest movies ever made and you come up with '50's sci-fi movies? I believe that Zombi 3 and movies like it should top those. It has all the elements: scientists arguing with the government, warnings of the apocalypse on the radio, armies battling monsters, and so on. This IS the Plan 9 of the '80's! While I won't say that this is a waste of money if you want to buy it, just expect the very worst. And when you find out that expecting the worst is underestimating Zombi 3, it won't be all that bad. You might actually like it, I'm not saying that's impossible.<br /><br />Don't think I hate this movie, I don't... really. Oh, P.S. Killing Birds (aka Zombie 5) rules! (did I just blow my credibility?)"
tt0097371,Food of the Gods II,Damian Lee,1989,91,"Horror,Sci-Fi","In the first one it was mainly giant rats, but there were some wasps and a giant chicken too. This one, however, is just giant rats period, well giant rats and one really growing little boy. This one is about this growing boy and a scientist that is trying to help him so he accidentally creates giant killer rats...you know how it is. This movie has some kills and its moments, but I find it to be on par with the original, I just prefer some variety in my giant creature movies. Well, that is not true...I actually like ""Empire of the Ants"", maybe I just do not care for giant rodents. All in all a rather drab movie though it does have one rather odd turn of events in this one dream sequence that is truly bizarre. I just can't recommend this one."
tt0097630,Journey to the Center of the Earth,"Rusty Lemorande, Albert Pyun",1988,100,"Adventure,Sci-Fi","Journey to the Center of the Earth is the story of some tourists of Hawaii, three of them siblings, and one of them a young British nanny babysitting a dog. When the siblings accidentally drive off in their jeep with the basket of dog biscuits, the nanny follows them (it might've just been safer to purchase more) all the way to the cave the siblings intended to explore (I guess). For some reason, they actually go in the cave and then, when the place starts caving in, they try to get out to no avail, except for the six-year-old sister who they tell to go get help. Meanwhile, the more they move around in the cave, the more they continue to plummet further and further towards the earths cavernous core. And behold, it is here where they find the City of Atlantis and its bizarre alien habitants who are living under the oppressive rule of one alien that doesn't want them asking to many questions about the worlds external to their own.<br /><br />I see that Rusty Lemorande, the named director of the film has provided comments on this film, in which he explains that part of latter half of this film is actually the sequel to Alien in L.A. Well, whatever it was, it was an amazingly cheap movie that I would rank only slightly higher than City Limits (a 1988 sci-fi film also made on a non-existent budget) because at the least ending of this dreadful piece of mostly incoherent film-making that cuts corners where it can aims for some humor and amusement in the last 20 minutes when we finally see what life is like in the alien world at the center of the Earth. I also give it a two star rating rather than one because it was at times, funny, even if only in its subtleties. For example, the aliens asks the British girl if she's an alien and she explains that the Ministry should be sending her work visa shortly. Or when the alien girl finds Bryan and explains that he is in the city of Altantis and he mistakes this for Atlantic City, New Jersey. Little things like that make the idiocy of the first hour or so tolerable. Imagine how great the film could've been though if they had 1) actually intended to make it, and 2) actually had money to make it.<br /><br />I do like how in the end, no one wonders what happened to the little sister who was sent away in the beginning to get help. She'd just be wandering around the Hawaiian caves and not too far from the erupting volcano, mind you."
tt0097874,Metamorphosis,George Eastman,1990,96,"Horror,Sci-Fi","""Metamorphosis"" hold a tiny bit of cult-value, simply because it was written and directed by George Eastman. This Italian bloke is more or less the personification of male sleaze and starred in pretty much every rancid Joe D'Amato production during the late 70's/early 80's. Wouldn't it be interesting for avid Euro-cult purchasers to own the only movie directed by the guy who walked around bare-butted in ""Erotic Nights of the Living Dead"" all the time? I thought so! Now, unlike the movies he starred in, Eastman's own ""Metamorphosis"" is kind of disappointing in the gore & sleaze departments. There are a handful of nasty murders, cheesy monster effects and naked female bodies (a guest appearance by sleaze-queen Laura Gemser!) on display, but it's mainly a talkative movie. The handsome & eloquent Dr. Houseman is on the verge of a scientific breakthrough with his research on human DNA codes when suddenly the university he works for threatens to cancel his funds. He developed a theory to decode genes and block the human ageing process, but if he doesn't come up with detailed reports any time soon, his research will be stopped. So Dr. Houseman does what any intelligent scientist would do and injects the untested serum into his own veins. Needless to say (and like the title implies), he slowly turns into murderous monster that actually ages much quicker! In other words, his research sucked! Like the other reviewers already mentioned, this movie ""borrows"" a lot of ideas from David Cronenberg's ""The Fly""  the dramatic romance sub plot included - but doesn't add any originality from its own. The big difference is that you constantly feel connected with Jeff Goldblum's character in ""The Fly"", whereas Dr. Houseman becomes just another monster that needs to be destroyed as fast as possible. The rapid-ageing-syndrome aspect also reminded me of Ruggero Deodato's sadly underrated giallo ""Phantom of Death"", only the protagonist in that film inherited the disease and didn't inflict it on himself. The physical deterioration of the carriers is very similar in both films, though. Few scares or excitement to discover here, instead the movie features loads of bad acting, poor lighting, lousy editing and a completely retarded climax to boot. Feel free to skip this one."
tt0097982,Nightwish,Bruce R. Cook,1989,92,"Horror,Mystery,Sci-Fi","I have seen many a horror flick in my time, all of them absurdly bad, but none reach the depths that this piece of trash lowers itself to. This movie made me angrier and angrier as I watched it as I tried to wrap my head around exactly what this movie was about. Now, after I've seen it, I understand - sort of - what was going on and why, but the movie itself is just too confusing to be enjoyable when you're watching it. Yes, there are the customary scenes of gratuitious violence, one-liners that show the mind-blowing insightfulness of its characters (""The highway belongs to me...ME!""), and enough nudity to sufficiently distract us from the ""plot"", but still you'll leave this movie feeling alone and taken advantage of, like a puppy who isn't wanted anymore and is left in a box by the side of the road. Blech."
tt0098375,Spontaneous Combustion,Tobe Hooper,1989,97,"Horror,Sci-Fi,Thriller",how can a director that makes such great films as poltergeist and the texas chainsaw massacre make such rubbish as this? i got this film off a friend and he didnt want it back its so bad. how this can be classed as horror i will never know.<br /><br />2/10
tt0099173,Brain Dead,Adam Simon,1990,85,"Horror,Mystery,Sci-Fi","I felt brain dead, I'll tell you. This is the worst film I have ever bought. (in my ignorance I thought this was the Peter Jackson film of the same name). The performances are so terrible they are laughable. The special effects have not stood the test of time and look dire. The script promotes that kind of TV movie, stare into the middle distance kind of acting. The cast look as if they have been taking lessons from Joey Tribbiani, they have one look each, and stick to it. Plus I have never been confused by a movie until I sat down to watch this. The is it a dream or no plot is so terrible that frustration sets in within a few minutes. Avoid like a plague."
tt0099856,The Invisible Maniac,Adam Rifkin,1990,86,"Comedy,Horror,Sci-Fi","Here's an interesting little movie that strictly gives the phrase ""low budget"" a horrible name. Our physics teacher who has about nine kids creates a strange serum that causes ""molecular reorganization"". Students are hopelessly killed from fake coincidences of submarine sandwiches and flying school supplies. Sounds like a resurrection of classic B-movies from the 50s, right? Nope! It's not an example of high camp fun, which is way, WAY off the mark. A glamorous showcase of breasts and butts ensues our desire for pleasure, opposing the horror that should have had 99.44% more in the first place. Bottom-of-the-barrel entertainment at its best, aided by pints of red blood and dead student bodies. Atrocious movies like this would make the ultimately catastrophic GURU THE MAD MONK (1970) the work of an intelligent genius who has a Master's degree in film production! It's an automatic ""F"", so rest easy!"
tt0100649,Solar Crisis,"Richard C. Sarafian, Alan Smithee, Arthur Marks",1990,112,"Sci-Fi,Thriller","This su*k! Why do they have to make movies that they must know su*k from the beginning? I mean, look at Alien from 1977. If the movie you´r about to make is not better than anything made billions of years before, why make it? I had problems with the plot and who the main character was. That's not good either."
tt0100666,Spaced Invaders,Patrick Read Johnson,1990,100,"Adventure,Comedy,Sci-Fi","This movie is funny and suitable for any age. It is definitely family-type entertainment. The cast does a fine job playing folks in the mid-western town of Big Bean, Illinois. Where we must assume nothing ever happens since the excitement (pre-invasion) of the decade is the new (and only) exit ramp from the Interstate. The location appeals as suitably boring and totally unlikely for the invasion of earth by Martians. But these Martians are totally inept, despite being well-equipped with an arsenal of suitably ghastly and deadly weapons... including one set on eradicating the Martians, too! The Martians dead-pan their lines and throw in just the right accents to make us the viewers and the locals wish to help them... leave earth. J. J. Anderson playing the very young Halloween carnivorous duck has just great lines. Watch this movie for laugher and entertainment; thought-provoking it isn't. But subtle and enjoyable it is."
tt0101368,Severed Ties,Damon Santostefano,1991,92,"Comedy,Horror,Sci-Fi","A young scientist is trying to carry on his dead father's work on limb regeneration.His overbearing mother has convinced him that he murdered his own father and is monitoring his progress for her own evil purposes.A young doctor uses reptilian DNA he extracts from a large creature and when his arm is conveniently ripped off a few minutes later,he injects himself with his formula and grows a new murderous arm...Admittedly the special effects in ""Severed Ties"" are pretty good and grotesque,but the rest of the film is awful.The severed arm is behaving like a snake and kills few people.Big deal.The acting is mediocre and the climax is silly.3 out of 10."
tt0102101,The Immortalizer,Joel Bender,1989,96,"Horror,Sci-Fi","THE IMMORTALIZER was, uh, interesting. It certainly didn't kill me during its hour and a half duration, but it didn't impress me much either. A group of kids are abducted in an alley by musclehead mutants (in a scene featuring cinema's least convincing head crushing sound effect) and taken to a fancy house in the suburbs. Here Dr. Divine and his team are performing brain transplants for his rich old patients so they can have young bodies again. Hey, this was quietly remade with a big budget a few years later as FREEJACK! Who knew that when you transplant an old person's brain into a different body that their new voice will sound exactly like their old voice? With all this talk of pineal glands and the use of a glowing green serum, you can almost see visions of FROM BEYOND and RE-ANIMATOR dancing in the producers' heads. But the production literally doesn't have the guts to pull it off. I've never understood why, when someone is making a low budget horror film, that they don't pack it to the edge of the frame with gore. The acting is uniformly terrible, with the only good performance coming from Clarke Lindsley as the assistant Dr. Price. He has a nice evil laugh. The only other thing of note about THE IMMORTALIZER is that it features lots of old people doing their own stunts. Seriously, most of the cast takes some serious bumps for old folks."
tt0102800,Robot Jox,Stuart Gordon,1989,85,"Action,Sci-Fi,Thriller","This film seems to get bad critiscism for some reason. Probably just by the mass populace. Anyhow, this is actually a very interesting movie. The film is an under-budget sci-fi movie which actually works, due to an interesting storyline and well done scenes. <br /><br />This movie may not be for everyone though. If there are any Sci-Fi fans reading this, I truly recommend this movie if you like good ole science fiction. The film has crazy ideas. The setting includes nations going to war with GIGANTIC machines which the entire countries invest all it's money in! The world has been divied up into territories. Anyone can challenge anyone else to a war, or rather, a 'robot-duel'. The method of warfare is cleaner than nuclear war, since now everyone is wearing those breath masks. Definetly a movie that makes you think. Intelligent, well written, and good effects for the measly budget.<br /><br />I tend to like movies which have small budgets and actually work."
tt0103157,The Unborn,Rodman Flender,1991,83,"Drama,Horror,Sci-Fi","The Unborn is a pretty good low-budget horror movie exploiting the fears associated with pregnancy. It's very well acted by the always-good Brooke Adams and b-movie stalwart James Karen, although the supporting cast is pretty average for a b-grader. The music, by Gary Numan of all people, is good too. Henry Dominic's script is quite intelligent for this sort of thing, although there is a hint of misogyny about it. Rodman Fender's direction is merely adequate, and there are some unnecessary cheap scares. If you're a fan of Adams, whose movie career is nowhere near as illustrious as it should be, check it out; she's great, as always."
tt0103336,Zombie '90: Extreme Pestilence,Andreas Schnaas,1991,75,"Horror,Sci-Fi","This review is based on the dubbed Shock-o-Rama video released on an undeserving world in 2002. How bad is it? It's awful, which is what a '1' represents on the IMDb scale--but it's much worse than that. It's nice to imagine that an original German-language print might improve matters--the comedic English-language dubbing isn't funny at all--but truthfully, this is one of the worst amateur films of any genre you're likely to see. The zombies in the film are as slow and clumsy as ever, and they don't seem to have the ability to speak or think about anything beyond their next meal. However, they're also intelligent enough to operate chainsaws and malicious enough to know that western taboos about genitalia will no doubt enliven their dinner table conversation. George Romero's Land of the Dead posited a zombie nation that retained a shred of social coherence; here, zombies are nothing more than an empty canvas for the perverse imaginings of director Andreas Schnaas. Utterly without redeeming social value, and even worse, entirely lacking as entertainment, Zombie '90 is a bad joke on anyone who wastes money on it."
tt0105249,Return to the Lost World,Timothy Bond,1992,94,"Adventure,Sci-Fi","This was filmed back-to-back with the 1992 re-make of Conan Doyle's famous novel 'The Lost World'. And it shows.<br /><br />The film starts promisingly enough, with a ruthless organization intending to exploit the lost world and Challenger et al returning to defend the prehistoric plateau, but then things go downhill. Everybody is stranded on the plateau and we're left with a feeble, boring, over-length rehash of the first film.<br /><br />The dinosaurs (who are hardly ever seen) are just laughable. Are we expected to take that cuddly toy that's supposed to be an ankylosaur seriously? And the tyrannosaur seems rooted to the spot.<br /><br />Do yourself a favor and get hold of the 1925 silent version of the Lost World. Unbelievably in this age of CGI and other advanced effects, the twenties version is the best and will remain so until somebody finally decides to do a decent re-make."
tt0105410,"Silent Night, Deadly Night 5: The Toy Maker",Martin Kitrosser,1991,86,"Horror,Sci-Fi","Warped take on the Pinocchio theme, and set during the Christmas season(..after the previous entry abandoned ties to Christmas) has booby-trapped toys sent to murder a child(..yet through this, other victims are accidentally harmed in the process)perhaps by a toy maker's ""son"". Screaming Mad George was responsible for the killer toys(..including a larvae which enters a victim's mouth and out his eye, another where soldier toys actually shoot real bullets at a babysitter after her boyfriend was practically strangled by a severed hand toy, operating from a remote control). The little target is a mute child named Derek(William Thorne)whose stepdad was murdered by a red ball with extending arms that ensnare his face, causing him to land on a fireplace poker. Mother Sarah(Jane Higginson)worries about her son's mental state, figuring his reluctance towards opening presents or, more importantly, talking, derives from watching her husband's horrific murder. Derek's real father, Noah(Tracy Fraim)fears for his son't safety, and informs, reluctantly, his ex-girlfriend Sarah that the local toymaker, Joe Petto(Mickey Rooney)once was arrested for setting traps in toys to harm kids due to the loss of an unborn child when his wife was killed in a car crash..kind of a retaliation in saying that if he couldn't have a son, then others shouldn't either. Still quite a heavy drinker(..often seen swigging Jack), Petto seems to have set aside his feelings towards kids, but his creepy son Pino(Brian Bremer)hasn't and Derek he harbors angst towards. Why? You'll soon understand.<br /><br />Pretty disappointing special effects and rather goofy premise. Rooney's name adds an allure to the film, gaining it a notoriety, but his histrionics can only help so much. Attractive lead actress Higginson(Slaughterhouse)and Fraim as the man who re-enters her life aren't so bad, but the lame plot that develops is hard to take seriously. I'm guessing that's the point, but Rooney has no reason to be in such a film as this..he has no room to bring any personality to his toymaker other than rage and desperation, quite volatile, barely holding himself together as he explodes in anger towards Pino, when not downing liquor. Bremer is appropriately weird and ""robotic"" as Pino, longing to have Sarah as his mama. The practical effects used during the attacks on victims are rather unconvincing..Screaming Mad George's work with Savage Steve Holland was far more effective than what we see in this film. The sex everyone talks about isn't as gratuitous as many would have you believe(..I can't even recall any nudity). Probably the best of the numerous sequels greenlighted, but that's not exactly an endorsement. I'm pretty sure written on paper, this was an entertaining concept, the idea of spoofing Pinocchio using horror elements, but the result doesn't exactly blow you away."
tt0106244,Alien Intruder,Ricardo Jacques Gale,1993,120,Sci-Fi,"As usual, on IMDb, going by the majority vote instead of the ""weighted average"" is far more indicative of the movie's entertainment value. In this case, the majority gives it a ""one"". How right they are! To start my review, I'll first admit that I am completely clueless as to why this movie is titled ""Alien Intruder"". It does involve space and even an ""alien"" (I suppose), but there's no rhyme or reason (at all) for anything in the long run, at least, no actual plot basis or resolution that I can make out anywhere.<br /><br />There are quite a few scenes that are so atrocious (with regard to both the lines, the timing, and how they are spoken), that it far exceeds the weird feeling you get when watching similar really bad movies. I have no idea about that part near the beginning where an electronic Bugs Bunny seems to be ranting about something.<br /><br />The ""plot"" solely involves an area of space known as the G-Spot, sorry, make that G-Sector...and a virtual reality program infected with some sort of alien(?) virus. I think it is alien since the image of the otherwise normal Ariel appears as a photographic negative.<br /><br />For most of the movie, we see people getting shot with space weapons, falling out of lofts, and seemingly endless, pointless close shots of ""Where's Ariel?"", ""Can't find Ariel"" (pointless because most of the other shots INCLUDE interaction with Ariel, anyway - whatever) on a computer monitor. Commander Skyler (Billy Dee), sits and watches each fantasy of the convict's VR programs hoping to find this Alien virus and become one with it...??? Or maybe I missed something...<br /><br />Billy Dee Williams took a few courses on ""how to act in despair"" prior to the filming of this. We know this because he spends a lot of time moving his fingers down over his face and looking mournful.<br /><br />The docking scene with the nose of one ship going into the rear of the other was semi-hilarious at least, and provided for a laugh in addition to the early scenes where we see several shots of the ship as it is just spinning in a circle, looking much like a Lego experiment gone awry.<br /><br />It seems everyone dies in this movie, so why bother? Even the VR females get killed, as if that is supposed to mean anything (especially since everyone else dies anyway)...outrageous.<br /><br />Because of the money I save on groceries, I won't rant about wanting my money back that I paid for the DVD of this. The dollar that I saved on that bag of vanilla wafers paid for this reviewer's time.<br /><br />I'll just add that the story itself, at least as a novel, and with far more detail added, could probably be quite interesting with the right author.<br /><br />1/10"
tt0106983,Future Shock,"Eric Parkinson, Matt Reeves, Oley Sassone",1994,98,"Horror,Sci-Fi","Imagine a woman alone in a house for forty five minutes in which absolutely nothing happens. Then this goes on twice more. The writing is flat and lifeless, and jokes unfunny, and the bad acting keeps you from caring about any of the characters, even when they battle wolf packs and get beaten up by fraternity goons. Anyone that ranked this movie higher than a two is not fully sane."
tt0107333,Knights,Albert Pyun,1993,90,"Action,Adventure,Sci-Fi","This movie is probably the worst I have seen. Bad acting, bad script, bad everything. Comparing it to mainly two other movies in the same genre and from approximately the same time is interesting. Both Cyborg (Van Damme, 1989) and Nemesis (Olivier Gruner, 1993) are much better and seems more robust in both story and directing and still it's Albert Pyun who has directed these two as well!<br /><br />The story is not original. The world has become a terrible place, possibly due to an environmental disaster or a nuclear war, and people live under medieval circumstances. A special breed of robots (cyborgs) live on human blood and there's the story... The cyborgs need to get a lot of humans to fulfill there ""prophecy"" and the humans need someone to stop them. One girl together with a robot (Kris Kristofferson) built by the creator of the cyborgs has been appointed by destiny to save mankind.<br /><br />In this movie the director tries some Hong-Kong stylish fighting scenes with the participants flying high and leaping far. The movie fails miserably in this attempt.<br /><br />I recommend this film with the only reason that most people will get a new ""worst ever"" movie to relate to. And to fans of the genre I recommend ""Cyborg"" since I think it's a very underestimated movie with quite a high entertaining factor. And if you can't stand Van Damme then check out ""Nemesis"".<br /><br />I rated this movie 1/10."
tt0107415,Lifepod,Ron Silver,1993,89,"Mystery,Sci-Fi,Thriller","i tried to sit through this bomb not too long ago.what a disaster .the acting was atrocious.there were some absolutely pathetic action scenes that fell flat as a lead balloon.this was mainly due to the fact that the reactions of the actors just didn't ring true.supposedly a modern reworking of the Hitchcock original ""Lifeboat"".i think Hictcock would be spinning circles in his grave at the very thought of it.from what i was able to suffer through,there is nothing compelling in this movie.it boasts a few semi big names,but they put no effort into their characters.but,you know,to be fair,it was nobody's fault really.i mean,i'm pretty sure the script blew up in the first explosion. LOL.it is possible that this thing ends up improving as it goes along.but for me,i'm not willing to spend at least three days to find out.so unless you have at least a three day weekend on the horizon,avoid this stinker/ 1/10"
tt0107979,Robot Wars,Albert Band,1993,72,"Action,Sci-Fi","There's nothing quite like watching giant robots doing battle over a desert wasteland, and Robot Wars does deliver. Sure, the acting is lousy, the dialogue is sub-par, and the characters are one-dimensional, but it has giant robots! The special effects themselves are actually quite good for the period. They are certainly not as polished as today's standards, but it contains a minimum of computer graphics and instead uses miniatures, so it has aged fairly well. Its shortcomings are easily overlooked given the films short runtime, and it does have a certain tongue-in-cheek humour in parts that make it quite enjoyable. I would recommend this to any fan of giant robots or cheesy sci-fi who is looking for a lighthearted hour of distraction."
tt0112762,Cyber-Tracker 2,Richard Pepin,1995,97,"Action,Sci-Fi,Thriller","Years have gone by since Don Wilson used his martial arts expertise to take down a robot who was programmed to destroy him, he's also married to the blonde reporter (Stacie Foster) who led the rebellion in the first film, now a new conspiracy is in the works, one that involves look-alike droids who frame our two heroes, and a corporation looking to rule the world (There is no plot to back any of this up) and Cyber Tracker 2 becomes a virtual replay of the first movie. I admit that I have bought DVDs from the bargain bin that were made by PM, PM was a company that specialized in cheap-jack action flicks (like this) which had tons of explosions, little story and overall nothing but mean edged action. Some of these titles have been (mildly) enjoyable (Last Man Standing and The Sweeper) however Cyber Tracker 2 is stuck with the casting of the charisma-less Don Wilson. When comparing the protagonists of similar PM efforts both Jeff Wincott and C. Thomas Howell are Oscar nominees when compared to Don Wilson. Another telling sign is that this was directed by Richard Pepin who has none of the flair Joseph Merhi seems to have in crafting action sequences that feel much more expensive than their budgets. Then again though both C. Thomas and Wincott are probably more expensive to obtain. Cyber Tracker 2 is a rip off with a capitol R, there are so many steals from better movies (Robocop, Terminator, Universal Soldier to even Halloween III!) that it's almost as if Richard Pepin is trying to infuse a sense of identity to the pedestrian material yet without the intelligent ideas or at least the mindless zip of great action, Cyber Tracker 2 falls flat. There is literally no good idea that isn't borrowed from a better movie and the supporting cast overact. The only exception comes from Tony Burton who is miles better than the material. Also Stacie Foster looks like she could be better with far better material. However Cyber Tracker 2 comes off mainly as noisy, bland and lackluster as its leading man, however with no real martial arts sequences to fall back on, all there is, is lots of cars tipping over and that alone is no substitute for the bankruptcy of ambition expressed here.<br /><br />*1/2 out of 4-(Poor)"
tt0112765,Cyborg 3: The Recycler,Michael Schroeder,1994,90,"Action,Sci-Fi,Thriller","Cash (Now played by Khrystyne Haje in for Angelina Jolie) has wandered to a post apocalypse wasteland (after her protector has died from old age, said protector was played by Elias Koteas, an actual decent actor) and now she finds that people wander through the rubble looking for cyborgs to trade for scrap metal and cash. She leads a group of burned out cyborgs (That includes William Katt, Evan Lurie and a human scientist played by Zach Galligan) against bounty hunter Richard Lynch. Malcolm McDowell has two minutes of screen time as Lynch's employer. Cyborg 3 does manage to be better than the other two entries but it still is a largely dull feature. The problem this time is that the ideas with potential are never used well, the action sequences are routine and the name cast such as McDowell, Katt and Galligan are given little to do. Haje is indeed a whiny heroine and Lynch is too over the top(as usual) and the film lacks the inspiration or ambition to be as fun-bad as it's hilarious predecessor. (The one with Van Damme, the second one is just dull.) Also disappointing is the science fiction angle which almost aggressively resists any good idea it has. As an action flick this is routine and by the numbers B-movie stuff and it is competently made, that's the only thing positive I can say about it.<br /><br />*1/2 out of 4-(Poor)"
tt0112974,Alien Visitor,Rolf de Heer,1996,92,"Drama,Sci-Fi","EPSILON, a.k.a. ALIEN VISITOR, is not what I expected. This is a no-budget Australian film with no special effects other than speeded-up film and quick scene cuts. The female alien (who comes over immediately able to speak perfectly accented Australian) can ""blip"" from place to place or time to time and alter her perception of the flow of time to match the ""faster"" humans.<br /><br />An elderly grandmother tells her two granddaughters about a story a wandering man told her 40 years before, when an unnamed ""She"" came to the planet naked and completely disoriented, unable to recognize which star in the sky she came from...She meets a man alone camping in the Australian Outback, apparently bewildering him. She is here by ""mistake"", and gets angry when she is told she is on Earth. The Earthlings are known as consummate despoilers of the environment and a metaphor for the most insulting thing imaginable to the rest of the universe: those who ""breathe the foul air"" but do nothing about it, sticking their heads under the sand like an ostrich. In another amusing metaphor, Earthlings are ""frogs"".<br /><br />From there, it is entirely a film about dialogue, as the perplexed man tries to understand She's peculiar psychology and viewpoints, even as She calls him unintelligent and ""quaint"". The man begins to realize maybe it's humans who are irrational and not thinking straight. Yet, while waiting to be ""beamed up"" back home, She sees that this human is not entirely faulty in his thinking and even falls in love with him.<br /><br />The dialogue about perspectives is in spots interesting, but it is all layered with a heavy-handed environmental message and a low-budget feel (there are only two main actors, who blip around various deserted scenes, and the evil despoiling humans on the planet are never seen at all). The environmental message offers no solutions, but paints one or two dire metaphors about what will happen to nature and man if something isn't done. The logic also doesn't hang together: the rest of the universe has ""given up"" on Earth, yet one space woman caught on Earth by mistake manages to effect some positive change by the conclusion of the movie. What would a battalion of aliens deliberately sent here manage to achieve against pollution and waste?"
tt0113948,Nemesis 2: Nebula,Albert Pyun,1995,83,"Action,Drama,Sci-Fi","I saw this movie in a theater in Chicago and should have enjoyed it, since I love Nemesis but if the first half an hour is skillfully done, the rest is just sub-Predator video fodder, a long chase through those post-modern empty factories Pyun affectionnates. My girlfriend fell asleep. I still like Pyun though, but not this"
tt0114003,Not Like Us,Dave Payne,1995,87,"Horror,Sci-Fi","A top contender for worst film ever made. Joanna Pakula's character seems to have an I.Q. of 3 which is only one less than the writer and director. The screenplay would not have passed in a high school writing class; the ""jokes"" are juvenile; the concept corny. These performers were obviously desperate for work. I stayed to the end only to see if it would get worse. It did. Life is too short to spend any part of it watching this film."
tt0114746,12 Monkeys,Terry Gilliam,1995,129,"Mystery,Sci-Fi,Thriller","The big problem is where to begin as this movie needs your attention the forthcoming two hours and you better not miss some minutes for getting a coke as there is a danger you can't follow. But good there is also a pause-button. Bruce Willis must travel into a timemachine to find out some antivirus for a virus that made animals rule over the world in 1996. Thanks to some mistakes he first ends up in 1990, then in the First World War and how messed up it all might look like, Terry Gilliam comes up with what must be one of the most intelligent scripts ever. This ex-Monty Phyton man knows exactly how genius SF-stories has to be told like and his choice of cast couldn't have been any better, there is the lunatic Brad Pitt (his performance in the asylum is memorable) and a superb Bruce Willis who proves he is more than some Schwarzenegger-wanna be. It's a movie you can watch over and over again as the script is so weird and complicated (and yet you can follow) that every view gives you other surprises. One of my big favourites."
tt0115834,Carnosaur 3: Primal Species,Jonathan Winfrey,1996,80,"Action,Horror,Sci-Fi","This is probably one of the worst ""wanna be a low budget hit films"" to credit the dinosaur genre. The film is so predictable you could go away, cook yourself dinner, go answer the phone or whatever and when you're back you'll know exactly what has happened. The special effects are so poor you would have thought Lego bricks were used and the ""super fast"" dinosaurs were so tame that it makes a pet dog look like a super predator. The acting is over cooked. They try so hard, yet there just isn't enough character behind them to get into the characters and as for the scientist... Yeah okay we know exactly whats going to happen to the blonde chick in glasses. Stereotypical was created for films like this. If you want to watch this film, I suggest you aren't in as a serious mood as the cast and crew obviously were. And if you are really really into dinosaurs and know everything in the world about them, don't watch it, you might break the screen - the facts are that far off."
tt0116770,Killer Tongue,Alberto Sciamma,1996,98,"Comedy,Horror,Sci-Fi","Can A-Pix ever, ever, ever do anything right? This movie was meant to be seen on TV in a letterbox format. Since A-Pix doesn't even believe in pan and scan, we see whole scenes where a shoulder on the left side of the screen talks to a shoulder on the right side. Of course, not that you are missing much. This movie is incredibly bad. It's very hard to enjoy a film where characters are screaming at the top of their lungs during 80% of the movie for no reason."
tt0117734,Starlight,Jonathon Kay,1996,100,Sci-Fi,"I shudder to think what people must have thought of environmentalists after viewing this piece of overbearing, preachy cinematic trash. Larded with enough Indian-wannabe nuttery and space brother buffoonery to stock a new-age shop, Starlight makes anyone who gives a damn about the planet look like a feather-wearing crystal-fondling idiot.<br /><br />The plot? Alien Rae Dawn Chong arrives to guide a flute playing underwear model in a mystical quest to avert Earth's impending environmental collapse. But first they must defeat an evil alien who looks nothing so much like a refugee from a Castro street bar. Fortunately, they've got mystical grandpa Willie Nelson along to help (who looks faintly embarrassed by the proceedings, as well he ought to be) along with buckets of cheap F/X and reams of pointlessly swelling music.<br /><br />Sure, the clunky script helps to obscure the film's trite plot and staggering pace, but that's just the tip of this melting movie iceberg. Everyone concerned with this film should have their union cards revoked until they complete a real course in environmental science."
tt0118183,Within the Rock,Gary J. Tunnicliffe,1996,85,"Horror,Sci-Fi","This crew-versus-monsta has been done a hundred times, sometimes better. This one was pretty slow-moving ; only the monster's resurrection was really worthwhile. Attempts at character developments gets botched by routine. Yeah, ""routine"" is the word. Went straight to video in France. No wonder"
tt0118537,2103: The Deadly Wake,G. Philip Jackson,1997,100,"Drama,Sci-Fi,Thriller","Terrible use of scene cuts. All continuity is lost, either by awful scripting or lethargic direction. That villainous robot... musta been a jazz dancer? Also, one of the worst sound tracks I've ever heard (monologues usually drowned out by music.) And... where'd they get their props? That ship looks like a milk carton... I did better special effects on 8mm at the age of 13!<br /><br />I'd recommend any film student should watch this flick (5 minutes at a time) so as to learn how NOT to produce a film. Or... was it the editors' fault?<br /><br />It's really too bad, because the scenario was actually a good concept... just poorly executed all the way around. (Sorry Malcom. You should have sent a ""stunt double"". You're too good an actor for such a stink-bomb.)"
tt0118882,Conceiving Ada,Lynn Hershman Leeson,1997,85,"Drama,Fantasy,Sci-Fi","I'm the sort of person who went down to the local library and read books on Babbage's difference engine whilst my schoolmates were playing football etc.. So, if there is any such thing as a target audience for this film, then I guess I'd probably be included in that.<br /><br />Maybe I just need to watch it again. A previous reviewer mentioned not to watch this film whilst being tired. Maybe that was my mistake.<br /><br />I tried my best to enjoy this film, and there are aspects of it that I do like, but overall I found it amateurish and quite plodding.<br /><br />Being somewhat of a self confessed computer nerd, I just can't help but pick up on the exact time frame when the movie was actually made, and how the employed graphics reflect that time (i.e. 1997). Having played games of the era c.f. ""Mind Grind"" to cite one example, this film cannot escape that 16-bit colour low res multimedia explosion of that time. Now thankfully this has somewhat lessened in more recent years in the gaming world at least, in favour of actual game play.<br /><br />Having to resort to watching this movie via a German FTA satellite channel (as I don't think it's ever been aired on UK FTA TV, well not recently anyway), I was mildly amused to see the end credits note Gottdog (God dog) had 4 people working on it's design. Maybe it's mean spirited of me to be amused by this, given that ten years have elapsed since the movie was made, nevertheless the end result makes movie graphics from the eighties look good by comparison.<br /><br />But, as for the main story, I agree that the format isn't the best idea. Like others I agree that Ada deserves a film without the sci-fi angle, and a more straightforward biographical approach would perhaps be better suited to covering the life story of this remarkable lady.<br /><br />There are fundamental mistakes that undermine my enjoyment of this movie. First of all the underlying idea that somehow lost real-world information from the past can be accurately reconstructed through some sort of extrapolation via software based intelligent agents, seems somehow ludicrous.<br /><br />Also, the theme running through the movie that a computing device can indeed predict the mechanics of all things through the course of time (e.g. the winds) is now known not to be the case.<br /><br />OK, so the Victorians may have held this view, but the 20th century works of Gödel proving that no mathematical system can be complete, Turing's works on the limits of computability, not to mention chaos theory and quantum mechanics, have all completely undermined these ideas, which seem central to how the modern day researcher's software is supposed to work.<br /><br />Finally, the clicking of the mouse in the air to mean ""programming"" is also just plain wrong, as previously mentioned.<br /><br />This film maybe could have been OK, but at least some technical and scientific consultation would have given the film some much needed credit in the believability stakes.<br /><br />I won't forget the film though, as like ""Pi"", it is clearly a unique work, but with too many fatal mistakes for me to truly enjoy it, 3/10 from me."
tt0119380,The Invader,Mark Rosman,1997,93,"Action,Sci-Fi,Thriller","Here we are: two travelers from a distant futuristic world arrive on earth... one is on a desperate mission to preserve a life, another is an inhuman killing machine determined to eliminate the woman who will give birth to the saviour of an entire race.<br /><br />So what could we call this killing machine? It's almost like he's some kind of destroyer, or eradicator... sort of like an exterminator or something. What's the word I'm looking for... something that -terminates- things? Hmmmm....<br /><br />Anyway, the protector (who swiftly doffs the white tunic he stole from Luke Skywalker in favour of local clothing) finds the young woman first and impregnates her with a future-born hero-to-be. The evil uhhhh... ""exterminator"" kills some rednecks and steals their guns and clothes, then attempts to locate the woman by visiting her workplace and asking around by looking menacingly into people's eyes and repeating her name threateningly.<br /><br />Then begins a desperate race for survival as the seemingly deathless and unstoppable ""exterminator"" pursues the couple across the countryside. At some point he may acquire boots and a motorcycle, but I'm not sure.<br /><br />Perhaps, in an exciting finale, he will attempt to crush them under the wheels of an enormous tanker truck full of... acid. Then the truck will crash. They will be saved... but no! He will then re-emerge, as strong as ever. He will kill the protector and pursue the girl into a meat packing plant, where in a terrifying finish, he is pushed into a large piece of industrial chopping machinery, and destroyed once and for all.<br /><br />But maybe I'm extrapolating too much... after all, I did stop watching this movie after Mr. Protector magically impregnates Sean Young by kissing her at a bar, then tells her the child will be born in 3 days. <br /><br />The costumes and effects are great in this movie... I loved them the first time I saw them on Star Trek: Next Generation too! Sean Young does another great turn as an unemotive Replicant, and career sweat-hog Stephen Baldwin is also on board as Young's Fat Cop Boyfriend. Not sure where he fits into the plot though... maybe he's an import from a different James Cameron movie?"
tt0119700,Moonbase,Paolo Mazzucato,1997,89,"Action,Sci-Fi","I watched this movie last night and already I am struggling to recollect very much about it. The story is about a group of criminals who escape from a space penal colony. They fly to the Moon in a space-age dustbin carrier; when there, they terrorise the dustbin men who work on the Moonbase.<br /><br />It strikes me that rubbish low-budget sci-fi films often involve either desert planets or, like this movie, criminals escaping from penal colonies. Why this is I have no idea. But I can say with some certainty that such films are always diabolical. This one is really no exception. It begins reasonably well with a decent credit sequence and a half-way alright dance music soundtrack. It then degenerates into a boring sci-fi thriller. So little of consequence actually happens in this movie that I am literally struggling to write a helpful review, so if you're reading this I apologise for not being able to enlighten you to the film's subtleties and nuances. For the record, I recall a tedious bunch of baddies, a tedious bunch of goodies, some nuclear warheads and a hologram of a naked woman. Other than that, I'm struggling.<br /><br />If you feel you could be interested in the activities of lunar dustbin men then I would not hesitate to recommend this film. I would also recommend it to those of you who wish to send their friends to sleep and steal their wallets."
tt0120157,Soldier,Paul W.S. Anderson,1998,99,"Action,Drama,Sci-Fi","David Webb Peoples meets Paul Anderson...if it already sounds weird to you, then you are right, because it is.<br /><br />Peoples is known for his scripts with moral implications of what is right and wrong, the value of life, etc... He covered these issues in Bladerunner, Unforgiven, and pretty much in all of his screenplays there is something along those lines.<br /><br />Paul Anderson's first successful movie was a violent thriller. Not surprisingly so have all of his other movies! And here is a violent thriller with moral implications!<br /><br />Peoples' script is quite apparent in the first half of the movie. Soldiers trained from birth, taught to kill, and never had a normal life. They are replaced by better, genetically engineered soldiers and Todd, one of the original soldiers, is left on a planet and left for dead. There he must cope with a group of refugees, some want him to stay others hate him and there is an interesting drama here. BUT THEN...<br /><br />...The bullets start to fly as the new soldiers move onto the planet for a military exercise and try to kill all the people. Big, violent, loud action ensues and Peoples' script turns into an Anderson action-fest. It is hard to believe that the script was originally written that way, but the end product is better then I expected. Entertaining, somewhat, though admittedly not very, thought-provoking, and exciting once the action starts. 7/10<br /><br />Rated R: a lot of violence"
tt0120764,My Favorite Martian,Donald Petrie,1999,94,"Comedy,Family,Sci-Fi","I saw this bomb when it hit theaters. I laughed the whole time. Why? Because the stupidity of it seemed to have made me go insane. I look back on it and realize there was not ONE funny thing in the whole movie. At leat nothing intentional. It IS awfully funny that Lizzie cn chew a piece of Nurplex and become a gigantic, carnivorous demon...yet her itty-bitty little dress is perfectly intact, despite the fact that she is now hundreds of times larger than she was when she first put it on. Or the kind of movie in which a man can be shocked with a defibulator and only fall unconcious, and return to conciousness without ANY medical attention. And don't let me get started on the ridiculous fate of the ""villain"" that they decided they needed to create ""conflict."" Uh huh.<br /><br />To the person complaining about Disney only targetting kids-The raunchy parts of this film seems to disprove that statement. Do we really need Daryl Hannah accusing Jeff Bridges of having kinky video tapes? You do if you're Disney and you're out of ideas for making the movie appeal to the above-8 crowd without writing a more intelligent script! I am thoroughly convinced that Disney pays off the ratings board so it's movies can get away with murder and still get family-friendly ratings.<br /><br />What a waste of the DVD format."
tt0127503,Death House,John Saxon,1988,90,"Action,Horror,Sci-Fi","*Contains some spoilers* This movie is cheesy 80s horror in all its awfulness. The plot takes way too long to get off the ground, never steadies itself, and then just plain crashes about 40 minutes into the film. There are a few gem moments for zombie fans, but not nearly enough zombies to create a real sense of terror.<br /><br />The zombies also take a long time to make their appearance. First, there's a whole half of a movie about mobs and prison gangs. The hero of the movie is an ex-Vietnam vet who gets caught up in the mob. The main mob boss sets him up and he goes to jail. In this jail, they are experimenting on the prisoners to find a way to cure them of homicidal tendencies and criminal behavior. But the badie psychotic head scientist/military guy has other plans in mind. He wants to use a slightly different version of the serum to make ....da da da.... super soldiers! After some infected prisoners kill a few guards and most of the prison has a round of infected communion wine, the military/crazy scientist guy goes ""hey this might be a problem"" and gives a call to the genius scientist turned investigative journalist hot babe ultra-empowered independent woman character, who of course invented the original serum. She goes to the prison to see what's going down, the military guy calls in a few SWAT teams from his secure position outside the prison, and the hero guy takes charge of the few prisoners with a heart of gold when a riot breaks out. The hero guy and the scientist/journalist lady team up to find a cure, save the warden's kids, and deal with some irate prisoners, both infected and not. Meanwhile, the mob boss guy has made a deal to get into the prison so that he can save his imprisoned brother. The military gets ready to blow the place up, and everyone inside scrambles to find a way out.<br /><br />There are a lot of gory scenes where people are killed by being pressed or pulled through prison bars. There's also a creepy decapitation scene and electrocution scene involving the same infected rasta prisoner. Still, the most disturbing scene is in the early part of the film, when a gross corrupt guard rapes a prisoner.<br /><br />The main highlight of this film is one scene towards the end. The hero, woman, and kids are trying to make their way to the only escape route. Their path leads them to a long hallway, on one side there is a wall and on the other are prison bars. Hundreds of bloody zombie hands reach through, gracing their hair and faces as they pass by. There's also a few good scenes of the classic ""couple of zombies munching on freshly dead bodies"" and ""many zombies ripping one guy to shreds"" bits.<br /><br />Overall, worth watching if you're researching the zombie genre as it has so many zombie clichés worth noting; it's practically an instruction manual on what not to do when making a zombie movie. But if you're new to zombie flicks and want a real scare, you should look elsewhere."
tt0130089,Lolita 2000,Cybil Richards,1998,83,Sci-Fi,Cybil Richards directs another Full Moon/Surrender Cinema masterpiece of erotica. This time Jacqualine Lovell (dressed in rather fetching silver outfit) is tasked with destroying all evidence of sexual activity. However she can't resist watching the tapes and she kinda likes them. The sex scenes are well filmed and set to a superb soundtrack (at least for this sort of film). The cast are largely awful and mainly very average looking too. Jacqueline Lovell is her exceptionally attractive self and between viewing the sex files she manages to expose her chest and fumble a little down below. She also fits in a little lesbian activity. To be honest Lovell deserves so much better than this kind of fare. Here she looks great naked but actually is much more appealing in her silver attire narrating the 'drama'. Utterly rubbish movie with Lovell and soundtrack the only real redeeming features. Mediocre even for Surrender's output and clearly a new budget low for them also.
tt0156789,Men in White,Scott P. Levy,1998,83,"Comedy,Sci-Fi","If you see this turkey listed in your TV guide, AVOID IT LIKE THE PLAGUE!!!!!!!!!!!!!!!!<br /><br />A steaming great pile of fetid dingoes kidneys doesn't begin to describe how bad this movie is! There is only one funny scene (the memory eraser scene) but even that rates only .001 on the laughometer (out of 1000). Whoever wrote this turkey should be banned from writing another movie for their entire lives."
tt0160986,Time at the Top,Jim Kaufman,1999,96,"Family,Sci-Fi","Anyone who loved the two classic novels by Edward Ormondroyd will be disappointed in this film. All the magic and romance have been modernized out of his original story of a girl who does a good deed for a mysterious old lady, and given ""three"" in return. Three what? Not three wishes, but three rides into the 1800's on a rickety elevator...<br /><br />The first novel is Time at the Top. The second is All in Good Time."
tt0164052,Hollow Man,Paul Verhoeven,2000,112,"Action,Horror,Sci-Fi","Within the realm of Science Fiction, two particular themes consistently elicit interest, were initially explored in the literature of a pre-cinematic era, and have since been periodically revisited by filmmakers and writers alike, with varying degrees of success. The first theme, that of time travel, has held an unwavering fascination for fans of film, as well as the written word, most recently on the screen with yet another version of the H.G. Wells classic, `The Time Machine.' The second theme, which also manages to hold audiences in thrall, is that of invisibility, which sparks the imagination with it's seemingly endless and myriad possibilities. And this theme, too, has again become the basis for a film adapted from another H.G. Wells classic, `The Invisible Man,' the realization of which, here, is `Hollow Man,' directed by Paul Verhoeven, and starring Kevin Bacon and Elisabeth Shue.<br /><br />Sebastian Caine (Bacon) and his colleagues have for some time been conducting experiments for the U.S. Government, exploring the possibility and practicality of invisibility, which they have, at last, achieved in a number of the primates upon which they have tested their method. They have, in fact, progressed to the point that effecting the invisibility is assured; their only problem now is bringing the subject back to the original `visual' state of being. It's a problem, however, that Caine, after diligent effort and too many hours in the lab, has solved-- or so he thinks. And when the application of his theory on a live subject is successful, he decides to present the results to the board of directors, in an effort to thereby maintain the funding necessary for the continuation of the project.<br /><br />At the last minute, though, Caine demurs, fearing that control of the project will be wrested from him before they can proceed to the next level-- the testing of a human subject. And he takes it upon himself to become that subject, securing the assistance of his research team by telling them that they've been given approval by the board to do so. But something goes wrong, and Caine becomes trapped in his cloak of invisibility; and as he and his team struggle to find the solution to his considerable dilemma before it's too late, it all begins to take a toll on Caine's mind. And suddenly, his fear of losing funding and control becomes inconsequential, as he finds himself facing the imminent danger of losing much more than that. Now there's a very real chance that he may lose everything-- Including himself.<br /><br />Verhoeven has crafted what is initially an exciting, even thought provoking film; he establishes a good pace and uses the F/X at his disposal to great effect, though he does tend to allow the striking visuals to overwhelm the character development. Anyone familiar with `The Invisible Man,' or actually anyone who can logically follow the progression of the story, will know early on that Caine is not destined for happier times. Still, Verhoeven has a style of storytelling that is definitely going to capture the attention and engage his audience. But he seems bent on rushing toward the climax, and along the way he abandons any and all of the nuance that has made his film thus far successful, opting to enter into a final sequence that is nothing more than a mindless blood-and-gore fest that betrays his audience and everything he's worked for earlier in the film. Rather than seeking an intelligent resolution to Caine's suffering, and using some inventiveness and imagination to take the film to it's inevitable conclusion, Verhoeven takes the low road, and though it may succeed on a purely visceral level, any meaning one could derive from the story dissolves like so many ashes in the wind, along with anything that would have made this a memorable film. And it's a shame, because Verhoeven has it at a higher level than much of what is offered in this genre, and he allows it to sink unnecessarily to one much lower.<br /><br />Kevin Bacon does a good job of creating a character that is believable, if only on the surface, which seemingly serves Verhoeven's purposes perfectly. There's little depth to Bacon's portrayal, but it has more to do with his director's agenda than his own acting abilities. Verhoeven simply does not allow Bacon the time to develop Caine to any extent; the character is mainly a vessel around which Verhoeven can build his story, and toward that end, it works. The film would have been better served, however, had Verhoeven and Bacon collaborated more closely on at least developing a bond between Caine and the audience that would have prompted some emotional involvement on the viewers part, something that would have drawn them in a bit, rather than leaving them at the gate, as it were, as mere observers of an F/X laden extravaganza.<br /><br />Elisabeth Shue comports herself well in the role of Linda McKay, Caine's willing accomplice in the ill-fated experiment, but it's basically a thankless part that offers little challenge, especially to an actor of Shue's caliber. The same can be said of Kim Dickens (so magnificent in the 2001 film, `Things Behind the Sun'). Her character, Sarah Kennedy, does little more than support the action and F/X. Both actors are capable of so much more, and deserve better than what they are given to work with here.<br /><br />The supporting cast includes Josh Brolin (Matthew), Greg Grunberg (Carter), Joey Slotnick (Frank), Mary Randle (Janice) and William Devane (Dr. Kramer). Entertaining to a point, and even successful on a certain (low) level, `Hollow Man' is one of those films that leaves you contemplating what could have been. Like an annual fireworks display, it will give you some momentary thrills, but after awhile it'll begin to blend in with all the others you've seen, without anything special to set it apart. And it's too bad, because given the talent and abilities of those involved here, it could have been so much more. I rate this one 4/10.<br /><br /> <br /><br /> <br /><br />"
tt0170989,The Nightmare Man,Douglas Camfield,1981,30,"Horror,Sci-Fi,Thriller","Oh dear. Some of the best talent in British TV made this serial, and so I can only assume that they were working under incredible time pressure, and had to settle for first takes of many scenes.<br /><br />There ARE some frightening scenes in this Highland mystery (mostly when the ""monster"" attacks and we see it from his point of view), but I'm afraid that I found most of the story unintentionally funny ! Such as the moment when the hero discovers a dismembered corpse on a golf course: Oh look, there's a hand ... oh, and there's another hand over there ... hmm this is a bit puzzling ...<br /><br />For many years fans of British cult TV shows campaigned to have this serial released on VHS or DVD, but the BBC always said no. Now I think I understand why !"
tt0176269,Universal Soldier: The Return,Mic Rodgers,1999,83,"Action,Sci-Fi","OK I saw this movie to get a benchmark for bad but with this movie it's Unisol's best movie now plot Luc Devereux is now a technical expert who is working with the government with his partner Maggie, who's been through countless hours of training and combat with him, to refine and perfect the UniSol program in an effort to make a new, stronger breed of soldier that is more sophisticated, intelligent, and agile. All of the new Unisols, which are faster and stronger than their predecessors, are connected through an artificially intelligent computer system called SETH, a Self-Evolving Thought Helix. When SETH discovers that the Universal Soldier program is scheduled to be shut down because of budget cuts, he takes matters into his own ""hands"" to protect himself. Killing those who try to shut off his power, and unleashing his platoon of super-soldiers, led by the musclebound Romeo, SETH spares Deveraux, only because Deveraux has the secret code that is needed to deactivate a built-in program that will shut SETH down in a matter of hours. With the help of a hacker named Squid, SETH takes human form. Not only must Luc contend with ambitious reporter Erin, who won't leave his side, but Luc also must contend with General Radford, who wants to take extreme measures to stop SETH. SETH has also kidnapped Luc's injured 13-year-old daughter Hillary, and is now holding her hostage. Luc is the only person who can rescue Hillary, because Luc knows firsthand how a UniSol thinks, feels, and fights. now there are problems like in any movie like did anyone find it weird how a reporter just-so-happened to be there and The soldiers can take being flattened with a truck however when Vanne Damme shoots them with a gun with one bullet and they die and the final fight scene was unbelievable when Luc is now human and Seth is 5x stronger and faster than any other Unisol and Luc can take a hit from him. with the final fight when Luc smashes him to pieces I was really surprised that the pieces didn't melt and reform him (Terminator 2). another thing that bugs me is how the hell does Vanne Damme get good actors to play relatives I mean in the case of Vanne Damme it's completely off the grid of how Science Fiction this movie is. The Music Score now that must have a mention have you ever listened to a song where you'd rather cut a blackboard with a knife well Universal Soldier 2 is like that. The good points are there's no Dolph (HOORAY) and unlike the 1st one there is only one naked scene whereas in the 1st one there are many (I'm still haunted by the scenes in #1) also the actors in this have some talent whereas in the first one the casting guys were sadists (if you don't believe me look it up)"
tt0176700,Escape Velocity,Lloyd A. Simandl,1999,100,"Action,Sci-Fi,Thriller","A pretty average scifi film. The plot was more or less obvious from the start. Although the acting was reasonably good, the writing seemed very cliched, using ideas taken from numerous films.<br /><br />The basic plot: Scientists working on a deep space research platform rescue a fighter from crashing into the red dwarf that they have been orbitting. Onboard they find a stasis pod, which coincidently malfunctions at that very moment. After 2 or 3 minutes of the man in the pod waking up, you realise that he is a complete lunatic. Something which totally escapes the 3 person crew of the research ship...<br /><br />After that it becomes a rip off every other film involving a psychotic madman terrorising innocent victims, overall I think Speed 2 was a better exploration of the subject matter, which I didn't consider to be a good film either.<br /><br />Not a good film, get Aliens out and watch that again.<br /><br />"
tt0202250,Attack of the Super Monsters,"Tôru Toyama, Tom Wyner",1983,83,"Animation,Drama,Sci-Fi","This movie is incomprehendably bad. It begins with several random explosions and then cuts to a sock puppet of a T-Rex that talks (!) to the audience. It goes back and forth between sock puppetry and animation throughout, probably because the film makers couldn't afford live actors. I'll spare you the long, tiresome, relentless plot that drags this pitiful film on for a brutal 85 minutes.<br /><br />One of my friends found this very rare video at a hobby shop somewhere that sells out of print b-movies, and he bought it for the sole purpose of making fun of it, but, as it turns out, our intervention was not neecessary. This film makes fun of itself better than we could.<br /><br />I thought that Ed Wood's ""Plan 9 from Outer Space"" was the cheesiest movie in existence, but leave it to Japanamation/Lego cars/Sock puppets to outdo him. If you see this movie anywhere, buy it without hesitation. It is very rare and worth many, many good laughs."
tt0217679,Naked Blood,Hisayasu Satō,1996,76,"Drama,Horror,Sci-Fi","Well. this was not a surprise. many people will tell you this is gory. but they are all talking ""shiztz"" this film is very slow.<br /><br />It starts off with some guy who makes a concoction to feel no pain he calls it ""my son"" there is some gory scenes but i found them kind of weak. you might as well skip 40 minutes of the movie and get to the eyeball scene which was surprisingly impressive and sickening. there is some really stupid scenes in this. and they dub over the hits and slaps with stupid fake slapping sound which makes me laugh! i would not recommend it. keep looking gore hounds.<br /><br />check this out if you want the like 20-10 minute ending scene which still is not that amazing and has a random scene of the guy trying to like rape his mum.. yeah its weird."
tt0220238,The Invisible Man,"Michael Grossman, Jay Tobias, Joshua Butler, Greg Yaitanes, Bill Norton, James A. Contner, Ken Girotti, Boris Damast, Breck Eisner, Ian Emes, David Jackson, Adam Nimoy, Carlton Prickett, Philip Sgriccia, Ian Barry, Jonathan Glassner, George Huang, Martin Wood, Jeff Woolnough, Adam Davidson, Craig Silverstein",2000,120,"Action,Comedy,Sci-Fi","Intelligent, wry, and thrilling, ""The Invisible Man"" stood out in 2000 among Sci-Fi's usual lineup, balancing out ""Farscape""'s fantastical art direction and sometimes melodramatic script with gritty, cynical plots and modern noir dialogue. The show sat between ""Law and Order"" and ""Doctor Who"" on the believability meter, but there was no denying the fact that ""I-Man""'s characters went beyond caricature. Even characters that verged on predictability like the Keeper, the Official, and Eberts were given reprieves from the formulaic. Paul Ben-Victor and Vincent Ventresca had a chemistry that evolved and shifted elegantly, made even more remarkable by the revolving door team of writers and directors. The effects are never allowed to overwhelm the plot, and the science only sometimes verged on the totally unbelievable. The show's low points are still entertaining, and I've never seen such taut pilot episodes. Matt Greenberg and Sci-Fi should be commended, and fans have the right to demand a comprehensive DVD edition of the show. Every time I come across a marathon of ""Hercules: The Legendary Journeys"" on Sci-Fi, I roll my eyes and sigh, mourning the excitement and possibility of science fiction television that ""Invisible Man"" and its ilk represented."
tt0222817,Entrails of a Virgin,Kazuo 'Gaira' Komizu,1986,72,"Horror,Sci-Fi","OK the plot is, wait you got me there is no true discernible plot here just a string of optically fogged sex scenes, strung together by scenes of photographers taking pictures of pretty ladies (Sometimes a combination of the two) Then a demon comes around kills the men, rapes and kills the women, and waxes poetic about the meaning of life. Moronic special effects, bad acting and bizarre philosophy aside, you get what you expect from a film with a title like this. I guess it would have to be someone's cup of tea, just not mine as I have yet to see a good Kazuo 'Gaira' Komizu directed film.<br /><br />DVD Extras: Subtitled Interview with Director Kazuo Komizu Part 1 (Part 2 is on the Entrails of a Beautiful Woman DVD); and Theatrical Tailer<br /><br />My Grade: F"
tt0234215,The Matrix Reloaded,"Lana Wachowski, Lilly Wachowski",2003,138,"Action,Sci-Fi","As a fan of Science-fiction movies, I have been aware of The Matrix since its release in 1999. From the little bit I would allow people to tell me about it, I assumed it was highly original and sophisticated. I am also a devotee of Alice in Wonderland. I could never quite figure out how I missed The Matrix when it was released. With the imminent release of The Matrix Reloaded, it was time to buy the DVD and watch it.<br /><br />The disappointment was too great. The premise of the matrix (the controlling device as opposed to the movie) was clever. The philosophical premise of parallel worlds, alternate realities is shopworn. However, I could still have bought into the film, as science-fiction, if it stayed firmly in that genre. Unfortunately, it turned into a standard, ""will they or won't they escape, break through, rescue those in need of rescue, etc."" To make matters worse, it turned out to be another martial arts exercise. The problem is that science-fiction and martial arts films are really two different types. To the purest, the devotee of one or the other, mixing the two doesn't work. It is like mixing science-fiction with romance. You can have one or the other, but not both in the same film, or, at least, not both to the same extent in the same movie.<br /><br />If there were such problems with The Matrix, The Matrix Reloaded really compounded the problems. At least thirty minutes of the film were either martial arts sequences or the protracted car-chase. (This observation ignores the question, made in every professional, negative review of the movie: If Neo could do the Superman thing, why bother to fight at all? The answer, of course, is that's what draws the young, male demographic group into the theatre.) Then there is the ""redemption through love"" aspect. That plot device was worn out by Richard Wagner over a hundred years ago. It was actually handled better by him in Die Gotterdammerung.<br /><br />So where does that leave those who saw the Matrix Reloaded. Martial arts fans probably groaned through the trite, but arcane sci-fi philosophizing. Science fictions fans were wondering why they were sitting through a kung-fun fest. Most of the males in the audience where probably bored by the silly romance aspect of the film.<br /><br />Just what are you supposed to be getting for your bucks when you see The Matrix franchise films: Science fiction, martial arts, or soap opera? A bit of each does not make for a whole lot more of any of them, nor for a satisfying film for the afficionados of each."
tt0254123,Duran Duran: Arena (An Absurd Notion),Russell Mulcahy,1985,58,"Musical,Sci-Fi","For loyal Duran Duran fans who want to watch a good music video, skip this one. The producers decided to get creative and make this 80's video something of a sci-fi story, involving the evil Barbarella villain from which the band got its name. <br /><br />What makes this idea fail is that right in the middle of some great 80's Duran Duran songs, confusing and annoying cut scenes take place showing the fictional antagonist trying to stop the band at one of their concerts. Not only is the good music repeatedly interrupted, but we have to suffer through some cheap spin-off story hosted by an evil Dr. Mario. It's almost too much to bear. 2/10"
tt0254199,CQ,Roman Coppola,2001,88,"Comedy,Drama,Sci-Fi","This is a movie about making a movie. Such movies may be entertaining, but they need some substance, to do so. It did not happen here, I am afraid. Mr Coppola did not inherit his father's skills, unfortunately (neither did his sister, who can however make movies which one might watch).<br /><br />I do wonder how this movie came to get such rave reviews. <br /><br />Let's see: the lead male actor, supposedly a director, is as expressive as a frozen squid and his voice has the same pitch whatever he says, the lead female actress has an expression on her face that never changes, the plot is totally segmented in bits with perhaps one single connecting element, the movie within the movie idea must be more stale than paleolithic rocks... Would that be enough?<br /><br />I regretted every single moment I watched this movie. A walk with the dog is far superior entertainment to this unbelievably lame movie. It's as if a François Truffaut plot were directed by Dick Cheney...<br /><br />Brazil, some other classic SF movies? You must be really joking..."
tt0255798,The Animal,Luke Greenfield,2001,84,"Comedy,Sci-Fi","Marvin(Rob Schneider)does not have the ingredients to be a cop which is his lifelong dream. But his luck changes when he has a car crush(a very bad one)and is found by a doctor. The doctor has to use animal organs to rebuild him. After this moment, he starts to have wild behaviours unconsciously and becomes a best cop one could ever be. By the time, he realises the changes and his animal instincts starts to take over his human side. In the mean time, he finds a lovely girl and try to be a perfect gentleman that means he has to control himself and behave civilised. I am not a big fun of Rob Schneider. In fact, this is the his first film I have seen. However, I can easily say that he is the best person to play the loser.(See his part in Ally Mcbeal, quite funny actually).There are some good parts in the movie such as his flirting with the goat. In such movies, the biggest problem is that the script is seems to make the viewer feel less intelligent. I am sure this movie is okay to watch as long as it is not taken too seriously. But very sad to see such films doing very good in the box office. The Animal is not the worst film I have seen to date but fails to get more than *."
tt0272202,Mysterious Planet,Brett Piper,1982,71,"Adventure,Sci-Fi","This is blatantly a futuristic adaptation of Jules Verne's ""Mysterious Island"". The sound editing is pretty bad. You hear the dialogue on set and you hear the voices being recorded on a recording booth at the same time! This is an amateur film with actors from Boston and shot around New Hampshire. For those living in New Engalnd and who is reading this comment will be wowed with a capital W. This film is full of flaws. You get to hear the director's voice giving directions and giving out directions to the actress. ""OK now stand up."" As for the other characters. There is this guy who talks with his mind instead of his voice and this blue alien. The alien guy talks with a deep voice. When he is yawning or grunting when he is fighting you hear the actor's voice. As for the special effects, man! This was Brett Piper's early work for crying out loud! The creatures are good but the animation is jerky. Really jerky. Sort of like Karl Zeman animation in JOURNEY TO BEGINNING OF TIME (1955). The special effects are imaginative. Thge music is good. Bottom line, this film makes EQUINOX or PLANET OF THE DINOSAURS look like a Ray Harryhausen epic. Did you know MYSTERIOUS PLANET was a home movie and was on a shoes string budget? A must watch for aspiring film makers."
tt0274518,Gayniggers from Outer Space,Morten Lindberg,1992,26,"Comedy,Sci-Fi,Short","I was recently online looking at a site that featured public domain movies. In their long list of films was this film and I thought I must be hallucinating at such an offensive title and premise. But, no, that's really what it was. And since the film was only about 27 minutes long, I decided to give it a try. If it had turned out to be some porno movie, I would have stopped watching. Instead, it turned out to be the most bizarre film I have ever seen. The Danish production crew tried, with a budget of about $49, to make a Star Trek-style film about a crew of very gay men traveling about the galaxy wiping out female oppression by killing all the women--like they proceeded to do on the Earth! And in every case, they were met with cheers and thanks from the now gay men of the planet.<br /><br />Subtle, this ain't. With some of the most obscene and juvenile names of characters I've ever heard, I don't even think I can write them on IMDb without having my review removed! However, despite the utter crappiness of it all, it was strangely watchable and worth a peek. But, as I mentioned already, due to the crude names and odd subject matter (though no nudity), it's a film for adults only. <br /><br />By the way, this movie left me with 1001 questions as to WHO would make this, WHY make it and WHO was the intended audience?! It may not be the absolute worst thing I have ever seen, but it probably is the weirdest and possibly the most offensive!"
tt0275410,Horrorvision,Danny Draven,2001,72,"Horror,Sci-Fi,Thriller",I found Horrorvision almost unwatchable. While only 70 minutes in length I still found myself hitting the fast forward button again and again. The acting was of the `if I scream and say ***k a lot I'm intense' school. And the story was at best a scenario that had yet to be fleshed out.<br /><br />While I never go to Full Moon for great film making I have never seen them produce as bad a piece of junk as this.
tt0284978,Cypher,Vincenzo Natali,2002,95,"Mystery,Sci-Fi,Thriller","'I'm working for a sinister corporation doing industrial espionage in the future and I'm starting to get confused about who I really am, sh*#t! I've got a headache and things are going wobbly, oh no here comes another near subliminal fast-cut noisy montage of significant yet cryptic images...'<br /><br />I rented this movie because the few reviews out there have all been favourable. Why? Cypher is a cheap, derivative, dull movie, set in a poorly realised bland futureworld, with wooden leads, and a laughable ending.<br /><br />An eerie sense that something interesting might be about to happen keeps you watching a series of increasingly silly and unconvincing events, before the film makers slap you in the face with an ending that combines the worst of Bond with a Duran Duran video.<br /><br />It's painfully obvious they have eked out the production using Dr Who style improvised special effects in order to include a few good (if a little Babylon 5) CGI set pieces. This sub Fight Club, sub Philip K Dick future noir thriller strives for a much broader scope than its modest budget will allow.<br /><br />Cool blue moodiness served up with po-faced seriousness - disappointingly dumb. This is not intelligent Sci-Fi, this is the plot of a computer game."
tt0295725,Time Changer,Rich Christiano,2002,95,"Drama,Fantasy,Sci-Fi","Not being familiar with US television stations, when I flicked onto this on my in-laws' cable, first I thought it was just a low-budget sci-fi film, then after a couple of minutes I started thinking it might be a clever satire on the worst excesses of Christian fundamentalist, and then it dawned on me - good grief, these people are serious! It's been a while since I saw anything so unintentionally hilarious. I hesitated about writing a review of this for fear of offending believers, but then I saw other reviews and thought, hey, they can take it. Tough philosophical conundrum: how do you make a movie criticizing movies without actually showing what it is you're criticizing? Answer: make it in such a way that the only people who'll appreciate it are people who hate the kind of movies you're criticizing. I suppose some liberals (ugh! spit when you say that!) might be offended at the filmmakers' contempt for those in the audience who aren't obsessed with the J**** C***** myth, but I didn't mind - it was so darn funny!"
tt0308132,The Corpse Grinders 2,Ted V. Mikels,2000,102,"Horror,Sci-Fi,Thriller","The original exploitation classic-though far from enjoyable on almost any level concerning some guys who turn cats into human flesh eating monsters because the cat food they make is made with people is remade with scifi elements added. The cats can't get enough and when the flesh tainted food runs out the cats turn on their owners. Poorly put together on almost every level this is an example of the absolute bottom of the barrel material that used to actually play movie theaters in the early 1970's updated with alien cat and dog races battling for supremacy. Director Ted Mikel is a hack, but is so lovable a person (I generally like the guy thanks to his smile inducing interviews and commentary tracks) that you can pretty much excuse the garbage he mostly turned out. Mikels wanted to make films and he didn't care how they turned out so long as he was producing something. More power to him, but I wish he wouldn't subject us to his home movies"
tt0310149,The Princess Blade,Shinsuke Satô,2001,93,"Action,Sci-Fi","Judging by some of the comments in IMDB, I was expecting an action movie - perhaps a dramatic one or a stupid one or a simple one or a comicy one, but essentially an action movie.<br /><br />Whatever it is that I watched, it certainly didn't feel like a movie. The story is simple and straightforward (even though the prologue tries to make it seem complicated). Take three interest groups: 1) the government 2) the rebels 3) a group of assassins.<br /><br />Now subtract the first (they never appear in the movie). Then simply let one of the assassins, the princess, become a rogue on a revenge trip. Add in a rebel love-interest with a guilty conscience. And you've got the ingredients.<br /><br />But they still did not manage to turn it into a story or a movie. Between some random action sequences and some odd visuals trying to be Sci-Fi on a low budget, what you're left with is a feeling of emptiness. The movie just does not feel like a movie, but a weird, incoherent, boring dream.<br /><br />Avoid.<br /><br />2/10"
tt0312640,Dragon Fighter,Phillip J. Roth,2003,85,"Action,Sci-Fi,Thriller","The first 45 minutes of Dragon Fighter are entirely acceptable and surprisingly watchable. The characters are believable and interesting. The cloning lab looks really high-tech. After that, it all collapses. The characters start behaving idiotically, and a new subplot is introduced from nowhere about a fusion reactor (and this is supposedly ""present day"") going critical, the only plot justification of which is that it is required to kill the dragon - only it doesn't. The finish is incredibly weak. One wonders what made a movie that started out so well turn so wrong.<br /><br />All the characters except Dean Cain are played by Russians. This results in some weird situations and details, like the character being played by Vessela Dimitrova being called ""Bailey Kent"" despite her heavy accent (and despite her, on one occasion, inexplicably switching to *Spanish*!).<br /><br />Because of the decent start, I considered rating this movie a 5, but it really was more disappointing than that, so I only give it 4."
tt0314063,Immortal,Enki Bilal,2004,103,"Drama,Sci-Fi,Thriller","My first attempt at watching this ended in 8 minutes, roughly after the TV report scene, which I couldn't handle. It went approximately like this:<br /><br />Reporter 1: Hmm, there's a pyramid in our skies. Reporter 2: I think it's aliens. *awkward silence* Reporter 1: In other news...<br /><br />A few days later I watched it to the end, and it wasn't as horrible as I've imagined, but there are serious problems with this. About half of the plot can be easily discarded. And the other half should be expanded to explain the background story or something.<br /><br />What use are the detective, the eugenics people, and the monsters which are disposed of momentarily by Horus? More amusing was the monopoly scene. ""We're all powerful ""Gods"", who have lived for aeons, and of all the games in the multiverse we happen to play monopoly."" Monopoly? Monopoly?! Even Erich von Dainiken looks coherent, compared to that.<br /><br />The other half is terribly lacking. What did our protagonist do to get himself cryo-frozen? Why was there no big event when he was released at the end? He had those pesky followers, remember? What happened to normal humans? What's the deal with the masked guy? How did the blue-haired girl appear? What's with her eyesight? Etcetera, etcetera.<br /><br />Visually it's OK, more or less, if you disregard the Egyptian Gods looking like walking turds with rotweiller heads."
tt0318763,Timecop: The Berlin Decision,Steve Boyum,2003,81,"Action,Sci-Fi","since this is part 2, then compering it to part one...<br /><br />man that was on many places wierd... too many time jumps etc.<br /><br />I have to say that I was really disapointed...<br /><br />only someplaces little lame action... and thats it....<br /><br />they could have done that better....<br /><br />"
tt0327409,Alien Hunter,Ron Krauss,2003,92,"Action,Adventure,Sci-Fi","""Hey everybody! I've got an idea, we found this egg-shaped thingie from outer space so why don't we thaw it out and open it up?"" ""Yes, I know that would be the dumbest thing a scientist could do, and it could be filled with contaminating bacteria or viruses unknown to earth and could potentially wipe out the human race, but hey, I want to know what's in it"". ""And nobody tell NASA, they might take it away from us"". ""Wow this thingie gives off vibes!"" ""Yes,really strong ones on contact so don't touch it but it's okay to cut it open"". ""Hi there handsome, check out my nips"". (Later that day); ""DO NOT OPEN""!!!!! Uh oh, we have to run all the way to the lab and tell them not to open it because we don't have phones or radios or intercoms even though we have a gazillion dollars worth of other equipment here. ""I've never seen such organic technology!"" ""Yeah, lemme take this stick and stab it."". ""I'm getting out of here, I don't care if I do kill the other 6 billion people on Earth, nobody's nukkin' me!"" ""Look! it's the friendly aliens from ""The Abyss""! They want us to come with them"". THE END"
tt0343818,"I, Robot",Alex Proyas,2004,115,"Action,Mystery,Sci-Fi","This is probably the most boring, worse and useless film I have seen last year. The plot that was meant to have some philosophical aspects emerged to me as a very bad hollow copy of the matrix, with plenty of clichés: the lone wolf cop, good looking, psychologically disturbed, sleeping with his gun... + nice hard worker and shy, but good looking she-scientist, you add a 2 cent plot and you have I, Robot! I was terribly disturbed by the obvious advertising of brands like FedEx,Audi,converse etc. This movie stinks the commercialization and tend to be more a poor ad spot that unfortunately will not end after 30 sec. I wouldn't recommend this to my worse enemy, if you have some spare time, watch a good TV program instead or better read a nice book."
tt0346899,Dr. Jekyll and Mr. Hyde,Mark Redfield,2002,109,"Drama,Horror,Sci-Fi","I love low budget independent films and had high hopes for this one. But this film is static. Never mind the production value, which is very noble for its budget, but the pacing is deadly. Admittedly these folks achieve much with little, but the film fails on the most fundamental level. It's boring. The editing is glacial and the pacing stalls. It should have been 65 minutes. The best thing about the Dr. Jekyll is Mr. Hyde who isn't seen nearly enough. He had the most dramatic potential. Instead we have to suffer through dithering Baltimorean-Brits stammer through endless and tiresome exposition. It feels like a backwater stage play committed to video.<br /><br />Noble efforts by everyone in the production, but a story this tired needed a kick in the pants and funky new low budget technology should have given it a fresh voice. Instead it's just a lame retread."
tt0348150,Superman Returns,Bryan Singer,2006,154,"Action,Adventure,Sci-Fi","I saw the movie last night and I really wanted to like it. My expectations for the movie had been going up and down ever since I heard it was being made. Some days I'd see something spectacular and some days I'd be disappointed.<br /><br />Yet being the kind of fan I am, I had high hopes for this movie but in the end I was sorely disappointed.<br /><br />While I love the Richard Donner movies I didn't like their sometimes campy nature or the changes they made to Superman's character and his powers.<br /><br />Singer however chose to take the worst elements of the Donner movies and put them in his version.<br /><br />While his Lex Luthor is slightly darker he's still nothing more than a shyster, a conman and a common criminal. He's no more intelligent than when Gene Hackman played him. Kevin Spacey does his best to play Luthor well but ultimately he falls victim to shoddy writing and unremarkable dialog.<br /><br />His henchmen are more two dimensional than even comic book henchmen. Most of them literally have no dialog in the movie.<br /><br />****SPOILERS AHEAD**** Kitty Kowalski is almost exactly the same character as Ms. Tesmacher. She seems to be as evil and cold as Lex Luthor but she proves to be just an underling who melts after seeing Superman in trouble and quite predictably betrays Luthor.<br /><br />The biggest disappointment in the movie was Frank Langella as Perry White. I wasn't a huge fan of the over the top Perry White in the Donner movies but at least he had a soul. He was after all said and done, a veteran reporter who cared about the truth and a good story. Langella's Perry White is nothing but a corporate stooge. He wants everyone to concentrate on the Superman related stories because they sell papers even though every other paper is doing the same thing. He doesn't care about the real stories, the real mysteries like the black out and what Lex Luthor is up to now that he's out of prison.<br /><br />The worst thing about Langella is that he's DULL! Some actors can be quiet and sober and yet have an undercurrent that lets you know that still waters run deep. Frank Langella is puddle.<br /><br />Brandon Routh is not a bad actor. He's OK but again there is not a single memorable line in the whole movie. Not the actor's fault. His movements are clearly meant to look graceful, like even the slightest movement of his fingers effects the way he flies. But it still looks choreographed and artificial.<br /><br />Lois Lane while badly written was surprisingly well acted by Kate Bosworth. Unfortunately, again, for a Pulitzer Prize winning journalist and writer, she is about as eloquent as any teenage on Dawson's Creek.<br /><br />James Marsden was my favorite actor in the whole movie, mostly because he looks more like Superman than even Routh. Without any superpowers he manages to figure out Lois Lane's message, flies a plane to the location, gets on board Luthor's yacht and rescues Lois and her son.<br /><br />The only moving moment in the movie is when they are all trapped pantry as it is flooding with water and the ship is sinking. You see them slowly going being immersed in the water. You know Superman's going to come by at the last moment to rescue them but still you can't help but feel sorry for them.<br /><br />As I said before the plot is very haphazard. Unlike Singer has said, this is not a movie about a superhero returning and trying to find his place in the world. As soon as he returns the world welcomes him back with open arms. Lois is the only one who's not happy to see him back. Even Luthor is happy to have Superman back because it gives him a chance to settle the score with the man of steel.<br /><br />Superman is shown to be probably one of the dumbest heroes in the universe. A big green piece of meteorite is stolen from a museum, Lex Luthor is out of prison, he now has knowledge about Superman's powers and weaknesses, and yet he's still not able to connect the dots enough to know Luthor would be using kryptonite against him.<br /><br />According to the movie the only thing Superman is good for is lifting really, really heavy things. The action sequences are all incredibly predictable."
tt0365514,Moon Child,Takahisa Zeze,2003,120,"Action,Drama,Sci-Fi","I wasn't sure how to rate this movie, since it was so bad it was actually very funny. I'm not a Gackt fan by any means, though he is talented, despite the weird pseudonym that sounds like a cat coughing up a hairball. I always thought Hyde was talented though, Faith is an interesting album.<br /><br />But on topic here folks. This movie is ridiculous. It's so over the top and nonsensical it's almost like a parody of supernatural action films.<br /><br />The movie has almost no plot here, except it's just about vampires with gangster friends. In a way, this film almost reminded me of Spider-Man 3, with how there were too many ideas, which resulted in not enough time to pay attention on one of them.<br /><br />The action scenes were laughable. Quickly edited, almost hard to understand, with choreography that's so laughably bad. Though Hyde looked very stylish during the action scenes, but that's this film's only such redemption. I'm a sucker for good action movies, but the action was horribly done. Though the final shootout was OK and the highlight of this otherwise depressing movie.<br /><br />It keeps jumping between genres, not a good thing. It wants to be a drama, or an action flick, or a horror, or a romance... what the hell.<br /><br />If this review is making you mad, why? Is it because Gackt and Hyde are your love? Don't fool yourself, this MOVIE IS BAD."
tt0369226,Alone in the Dark,Uwe Boll,2005,96,"Action,Horror,Sci-Fi","This movie succeeds at being one of the most unique movies you've seen. However this comes from the fact that you can't make heads or tails of this mess. It almost seems as a series of challenges set up to determine whether or not you are willing to walk out of the movie and give up the money you just paid. If you don't want to feel slighted you'll sit through this horrible film and develop a real sense of pity for the actors involved, they've all seen better days, but then you realize they actually got paid quite a bit of money to do this and you'll lose pity for them just like you've already done for the film. I can't go on enough about this horrible movie, its almost something that Ed Wood would have made and in that case it surely would have been his masterpiece.<br /><br />To start you are forced to sit through an opening dialogue the likes of which you've never seen/heard, this thing has got to be five minutes long. On top of that it is narrated, as to suggest that you the viewer cannot read. Then we meet Mr. Slater and the barrage of terrible lines gets underway, it is as if he is operating solely to get lines on to the movie poster tag line. Soon we meet Stephen Dorff, who I typically enjoy) and he does his best not to drown in this but ultimately he does. Then comes the ultimate insult, Tara Reid playing an intelligent role, oh help us! Tara Reid is not a very talented actress and somehow she continually gets roles in movies, in my opinion though she should stick to movies of the American pie type. <br /><br />All in all you just may want to see this for yourself when it comes out on video, I know that I got a kick out of it, I mean lets all be honest here, sometimes its comforting to revel in the shortcomings of others."
tt0371282,Tales from Beyond,"Josh Austin, Nate Barlow, Eric Manning, Russell Scott",2004,115,"Drama,Fantasy,Sci-Fi","This doesn't quite plumb the depths of Creepshow 3, but it comes close. It also uses the same technique of using some of the same actors in multiple roles throughout the anthology, which is distracting to say the least.<br /><br />It also rather irritating rips off The Twilight Zone (with the bookshop being comparable to Serling's later Night Gallery). Unfortunately, the producers & writers forgot that Serling would build up sympathy for his characters before messing them over. None of the characters are particularly sympathetic or interesting until the last segment.<br /><br />Framing story: Adam West is... well, himself. He doesn't go the Bruce Wayne/Batman campy 60s route, but he rarely does. He simply plays the not-particularly-enigmatic ""Jay"" (there's an ominous spine-chilling name to compare to the likes of Dr. Terror, Eramus, and The Cryptkeeper), and makes some mildly awkward/creepy statements.<br /><br />Abernathy: Seen Rod Serling's ""A Stop in Willoughby""? Then you've seen this. The red herring of the nutso wife is introduced to no purpose, but even the main character's friend identifies him as a wimp. As well directed as can be expected, but basically incoherent.<br /><br />Nex's Diner: Reminiscent of various Serling time travel stories, mixed with Steve Allen's ""A Meeting of Minds."" Most of the actors aren't too bad (except for Josh Astin as Cassius, who manages to walk, talk and even breathe awkwardly), and the idea is mildly interesting. But like Abernathy, it doesn't go anywhere. The main character raises some relatively reasonable questions, bugs out a bit (who wouldn't?), and for some reason he ends up banished to a nuclear wasteland.<br /><br />Life Replay: Not a bad little piece, and manages to predate both Click and Creepshow 3. I suppose it says something that people are fascinated by the magical properties of remote controls. The main character is mildly sympathetic. Nothing substantially innovative here, but it's okay.<br /><br />Fighting Spirit: You see the twist coming a mile away but like the main character, it has some heart and it's a decent story of defeat and redemption.<br /><br />Finale: So... why do people end up in cold storage in silver lame suits? Don't know. And doesn't make sense. So... all the protagonists wandered into the bookstore and became trapped? Kinda undermines the happy ending with the boxer (thanks, guys!), and the guy in the first segment died. So how did he get trapped? Did he visit the bookstore before he died, got trapped and... didn't die? What? Huh? I supposer this isn't expected to make sense because it's supernatural. But still...<br /><br />Overall: basically not dissimilar from the two newer Twilight Zone series, or some episodes of Tales From the Darkside or Monsters. The last two stories and part of the second are probably worth your time. But there's nothing really spectacular here."
tt0377713,Cube Zero,Ernie Barbarash,2004,97,"Drama,Mystery,Sci-Fi","The plot doesn't offer any new excitements, it even starts the same as cube I. This time there are no other enhancements for the cube machinery, except for having an extra exit, which is not guarded, very ingenious. The characters are also not so well elaborated as in the first episode, they just became ""flat"" as in a soap opera. <br /><br />If somebody makes it to the normal exit, the person would be asked some questions, like ""do you believe in god?"", its not really creative or original and especially in my opinion it doesn't fit into the mystery of the cube with it traps. Really there is nothing much else to say about it."
tt0383353,Evil Aliens,Jake West,2005,93,"Comedy,Horror,Sci-Fi","Evil Aliens owes a huge debt to Peter Jacksons early films Bad Taste and Braindead.I must confess to never enjoying those films particularly and i say the same about this.Jake West is a director who clearly lacks inspiration of his own and chooses to steal from those whom he looks up to.I lost count of the amount of times a major Hollywood film was quoted most notably James Camerons Aliens.The amount of blood and gore on show here isn't funny either,the latter end of the film becomes tired and dragged out.Maybe it would have worked better as a short film.The actors a poor,the direction is weak and the plot is non existent.I can see what the director was trying to do,the homage he was trying to pay,but others have done the same thing a lot better than presented here. 4/10"
tt0386741,Renaissance,Christian Volckman,2006,105,"Action,Animation,Sci-Fi","For all its visual delights, how much better Renaissance would have been in live action. The animation is fantastic in the big picture, yes, but the characters are cold and hollow, much like the story and the style of this film. With real actors, perhaps the world of the film would not have felt so lifeless. There is much to admire here, but at the end I found that all I could do was admire. I did not enjoy the movie that much, and it clarifies something that I did not see before: that the visual elements can be the defining positive aspect of a film, but without a good story and strong characters, it can all be for nothing. I will not go so far as to say that this movie comes to nothing, but sometimes it comes dangerously close. I love Dark sci-fi thrillers. Blade Runner and Dark City are two films I thought were wonderful. But Blade Runner had its tragic villain and Dark City had its thought-provoking story arc. Renaissance has shadow and light, but little else. I wish I could have liked this movie more, but the weak story and the empty characters stood in the way of that. The Renaissance was a historical and artistic burst of color and life. How ironic, then, that one of the most bleak and lifeless movies I've seen this year takes its title from the Renaissance."
tt0404325,Phil the Alien,Rob Stefaniuk,2004,82,"Comedy,Sci-Fi","Well this film has certainly had a fair amount of hype; From the buzz at the Toronto Film Festival to gushing reviews on CBC Radio. A refreshing, wacky, hilarious indie movie apparently. I'd been looking forward to it for months.<br /><br />How can I put it this simply? It sucked in a very big way. An exercise in cinematic lameness that makes Adam Sandler look like a comic genius.<br /><br />At best it was mildly amusing and at worst coma inducing. An amerterish script badly directed and shoddily edited into a ramshackle mess.<br /><br />And what was with the music being 500db louder than the rest of the sound track? That was about the only truly odd thing about it.<br /><br />If you want to see a genuinely funny, bizarre movie involving aliens then try Repoman. There is no comparison!"
tt0417191,They Are Among Us,Jeffrey Obrow,2004,99,"Sci-Fi,Thriller","No scenario, bad actors (poor Melissa Gilbert)... Beurk Beurk Beurk ...<br /><br />Give a such budget to make this... In Belgium, we make ten films which win all prices in Cannes with this.<br /><br />Last time that I've seen a such NULL-Film was Hypercube. But scenario was better.<br /><br />Is anyone knows if the director was a graduate in school-film or a cop ?<br /><br />The better things in this film was the word ""End"".<br /><br />Why authorize to sell this ? 1ç is to expensive. <br /><br />I've pay ten dollars to buy this.<br /><br />For me, pay for this was my BIG MISTAKE of millennium.<br /><br />Too bad.<br /><br />Next time I'll break my arm but buy this type of sh*t."
tt0425638,The War of the Worlds,Timothy Hines,2005,179,"Action,Adventure,Sci-Fi","Wow...<br /><br />I picked this up at the local Wal-Mart after reading online that it had been released early. I've been following this online for some time, and just had to buy the film.<br /><br />Wow...<br /><br />I guess the thing that really struck me was the editing, or lack thereof. Time and again, characters (usually The Narrator and whoever he is with) are shown walking...and walking...and walking. I am not an editor, but I do know that you can cut between someone leaving point A to show them arriving at point B. There is no need to show almost the entire journey! Wow...<br /><br />I actually ended up feeling somewhat sorry for the actors involved in this. They seem to have been given no direction as to what to do during scenes other than to look scared or look happy, depending on what action was to be added at a later date.<br /><br />Wow...<br /><br />Why it was decided to do almost all the effects using CG is beyond me. Even ILM still employs miniatures sometimes. One of the most distracting uses of green screen in this film is the constant rushing about of (according to the end credits) the same group of people representing the citizenry of different towns and cities, including London. At times these folk are coming and going with no regard as to the angle of the shot or the distance they are from the camera. In one shot in London, there appear to be at least two men over six feet tall walking just behind the narrator's brother (played by star Anthony Piana without his distracting mustache). Not since GETTYSBURG have I seen such a fake piece of facial hair.<br /><br />Wow...<br /><br />Why Timothy Hines talked up this film the way he did is beyond me. It is a turkey, plain and simple. On the plus side (at least for me) it has provided some of the most genuine laugh-out-loud bits of hilarity I have seen in quite a while."
tt0427688,Studio 666,Corbin Timbrook,2005,76,"Horror,Music,Sci-Fi","Whoever wrote the script for this movie does not deserve to work in Hollywood at all (not even live there), and those actors need to find another job. The most dreadful hour and some minutes of my life... and I only kept watching to see if it would get better which, unfortunately for me it did not.<br /><br />Even at the end, the credits gave me anxiety. I guess there weren't a lot of people behind the movie so they had to roll the credits slowly... very slowly.<br /><br />This movie is definitely a great ""How Not To Make a Movie"" guide. Too bad I can't give a 0."
tt0430926,Bloodsuckers,Matthew Hastings,2005,99,"Action,Horror,Sci-Fi","Second movie in the boxset. Originally titled Bloodsuckers, This movie was pretty average. It is kinda boring in some parts but there is some good gore effects, but they're not great though. <br /><br />The movie takes place in the year 2210. Vampires have pretty much taken over the whole world. The V-SAN (Vampire Sanitation) Squad, which also has their own spaceship and is lead by Churchill, who is captured by the vampires, receives a message from an Earth and the team, formed by Quintana (Played by the very hot Natassia Malthe), the rookie officer Damian and the rebels Rosa and Roman (Roman being played by Aaron Pearl from Wrongfully Accused.) V-SAN later meets up with the leader of the vampires Muco, played by Michael Ironside from Total Recall. He has no plans of living peacefully with humans, as he is bent on world domination. <br /><br />While this movie was not a waste of time, I doubt I'll be putting back in the DVD player anytime soon."
tt0434964,Gammera the Invincible,"Sandy Howard, Noriaki Yuasa",1966,86,"Family,Sci-Fi","What's that there in the skies? Is it a plane? Is it Superman?? Errr, no It's a TURTLE!?! See, that's what becomes of the Cold War! Nothing but bad news and other issues! The Americans shoot down a Russian combat plane somewhere over Artic territory and the subsequent explosion defrosts & literally awakens the giant prehistoric turtle-creature named Gammera. He/she is not a very friendly critter as it promptly ensues to destroy everything and everyone on its path. The arguing governments finally decide to kill the ugly bastard with a brand new and super-sophisticated ice-bomb, but Gammera has another surprise in store The damn turtle can fly! The first time this happens results in a tremendously grotesque and hilarious sequence! Gammera lies on his back looking defeated when suddenly fire blows from his armpits and he skyrockets himself up in the air. How can you not love that? Then there's also a dire sub plot about an annoying kid who's able to telepathically communicate with the monster, but that's just not interesting enough. Flying turtle, people!! There's very little else to write about this Japanese (and American re-edited) Sci-Fi effort, apart from that it's an obvious and totally shameless rip-off of such classics like the original Godzilla and The Beast from 20.000 Fathoms. The effects and monster designs are extremely hokey and, unlike the aforementioned films, it never succeeds in creating an apocalyptic ambiance. Respectable actors like Brian Donlevy (""The Quatermass Experiment"") and Dick O'Neill (""Wolfen"") seem unaware of what film set they're on and even the original Japanese mayhem-scenes aren't very convincing. Gammera's very own and personalized theme-song is rather cool, though, so it gets one extra point for that."
tt0439815,Slither,James Gunn,2006,96,"Comedy,Horror,Sci-Fi","I don't know what I missed here, but I can't believe all these positive comments by so many people on this film. I thought it was silly, and a bit over the top. I did like the performances of Gregg Henry and Michael Rooker, however the others were just... boring.<br /><br />Now I like B movies, I really do, but this was a bit further down the alphabet for me. I saw someone compare the humor and horror in this to ""Army Of Darkness"" and ""Shaun of the Dead"", as well as ""On par with The Re-Animator"". You must be joking. I didn't find this film funny, it tried, it did make an effort, (possibly too much of an effort), but it failed in my opinion. By the time I was hit with the 3rd or 4th one-liner I was rolling my eyes and checking my watch.<br /><br />There were definitely homages made to several other films, which is always cool, kind of like an inside joke for us horror fans. But here it may have just been a lack of original thought. Admittedly there were some nice special effects, good gore, but that can't carry an entire movie. The mutated Grant looked like a cross between Jabba the Hut, and in the early stages of mutation- Chet from ""Weird Science"" (after he was turned into the monster) and one of the alien creature/children from ""The Explorers"". It just didn't work. I thought it looked like something some kid from Grade 5 art class could have designed. Then there was Brenda, the woman that Grant impregnated and chained up in the barn. When help finally arrived she looked like a giant tick waiting to be popped. The design once again was totally unimaginative. A round flesh colored balloon with a face in the middle. *yawn* <br /><br />Now about the zombies- The more movies I see with zombies in them these days the more I wish George A. Romero had a patent on them and was the only writer/director allowed to make movies about them. He's the only person so far to do it right, with the exception of Edgar Wright and Simon Pegg (but that was a comedy). Oh, and Danny Boyle, but they were a different style of Zombie. Maybe Mr. Romero has ruined any zombie film for me due to his ingenious ability to get his actors to moan, groan and shamble about as if their joints are dried up and lacking even a drop of synovial fluid, and their muscles are fighting the effects caused by rigor mortis that had started to set in right before they were re-animated. The people of ""Wheelsy"" just didn't have the proper motivation... they were horrible zombies.<br /><br />So in the end I give ""Slither"" a 3, for a couple of laughs and a few nice gore scenes."
tt0443678,Unholy,Daryl Goldberg,2007,90,"Horror,Sci-Fi,Thriller","This is a movie of tired, yet weirdly childish, clichés. There's a Nazi witch master performing sf-related experiments in the basement? Oh please! <br /><br />Aiming for a creeping sense of horror and fear, the general impression of the film is that of a very immature conception of fright. Not having any expectations beforehand, I am left with: an aged Xander from Buffy and a heroine with ape-like face who doesn't seem to know how to act. Said Adrienne Barbeau have I only only encountered before in the much more enjoyable ""Cannibal Women in the Avocado Jungle of Death"".<br /><br />Camera and editing adds to the general impression of lame."
tt0445161,4,Ilya Khrzhanovskiy,2004,126,"Drama,Mystery,Sci-Fi","I saw the film at the Belgrade Film Festival last week, and I'm still working off the trauma. Essentially my view seems to match a number of others - the first half hour was fresh, sharp, deep, entertaining and promising. Well acted too. Natural. My problem, however, is not simply with the fact that the final hour and a half of the film have nothing to do with the likable beginning, nor the fact that I spent most of this time convulsing in agony at sharp, grating industrial sounds and squinting at drunken, toothless, bread-chewing hags. It's rather with the fact that THEY NEVER WARNED ME!!! The festival brochure synopsis described only the (utterly intriguing-sounding) first half hour - a whore, piano tuner and meat seller chat in a bar, pretending to be an advertising agent, genetic engineer, and petty government administration official, respectively - making no mention whatsoever of the never-ending gum-smacking to come. Serves me right for not reading the reviews, you might say - but to my defense, a number of reviews I looked at post-fact um didn't at all stress the immensity and utter unbearableness of the greater part of the film.<br /><br />The first hint should have been the introductory words by the director (a bashful, tousle-haired Russian youth) who stepped in front of the crammed auditorium (the film seems to be doing incredibly well critically, and tickets were sold out well in advance of the screening, though most of the audience seemed as unaware as I was of the pain to come, judging by the plethora of unearthly moans and groans that utterly permeated the theatre during the last half hour, and many exasperated comments on exit) to say the following: 'Well, I... um, thank you very much for coming to see this film, and I just wanted to say... well, it's a very long film... it took me four years to make it, and... it's.. I suggest that you see it and immediately try to forget about it. It is very long. Thank you for coming.' This is what he said. Alarm bells should have been ringing. 'What's he talking about?' I thought in happy confusion. 'This is gonna be fun!' Of course, by the time his strangely apologetic comments started making sense to me, it was far too late to get out. All I could do is writhe in increasing agony until the lights came on again. And in the end I can't say I feel in any way improved by the experience. Yes, I absolutely loved the first half hour. It was intelligent, new, and had a lot to say. And yes, Russia is probably in a bad state. Yes, every society has many hidden faces. Yes, toothless life in barren wastelands is probably unimaginably hard. Yes yes yes. I get all of this. Really I do. But I see no earthly reason why art and meaning should be so agonisingly drawn out, and so painful to bear. If you want to see a film land somewhere between the extremes of glitzy Hollywood plastic fantastic and hours of muddy vodka swigging, try the Korean-Chinese Bin Jip (3-Iron). It's artsy and surprising, but also to-the-point and fun."
tt0457275,Altered,Eduardo Sánchez,2006,88,"Horror,Sci-Fi,Thriller","I might not have been the biggest Blair Witch fan but nonetheless appreciated that effort, so I was looking forward to Altered, especially after reading the superlatives thrown around in various IMDb comments. ""Unique"", ""intelligent"", ""A future cult classic"" and so on... you gotta wonder where people come up with that stuff to describe such a poor effort.<br /><br />Because alas, Altered is a poor, weak movie that fails to engage in any and every respect. The silliness is not funny. The horror and gore is not scary. And whatever ""thinking"" aspect some poor fellows saw in this movie were due to severe delusions because there's certainly nothing profound or smart about this mess.<br /><br />OK, so we know nothing stands out. Is it at least bearable? Is the experience worthwhile in any way? Unfortunately, no. For starters, get very poor acting. It's not a stretch to say most B-movies these days feature better acting. The plot? Boring and messy. Dialogs? Many amateurs actually do better.<br /><br />It's really the direction that puzzles. I did not expect major improvements over Blair Witch but at least small steps forward. Instead, our director seems to have worsen over time, completely oblivious to previous experiences.<br /><br />If there is a major flaw in Altered, it's the main set. A major part of the plot takes place in a single location, where the main characters are confined but Sánchez has failed to give the place any personality whatsoever. Considering that in Blair Witch, the forest plays a major part and is as much a character (an antagonist, if you will) as the three students, you would think the director would realize the same thing was needed here. But no... this place has no personality whatsoever thanks to sloppy direction and no attention to details.<br /><br />There's nothing salvageable here. Die hard fans of ""Blair Witch"" are better off following Daniel Myrick. Although his output is far from being golden, it shows better structure than Sánchez and some lessons from Blair Witch are applied (unfortunately, in weak stories but still)."
tt0465624,My Super Ex-Girlfriend,Ivan Reitman,2006,96,"Comedy,Romance,Sci-Fi","It's easy to see how this below-average screenplay got by in the early sales-pitch meetings at Regency Films (and later with Fox): cross the superhero genre with a comedic take on ""Fatal Attraction""...voilà! I don't know how on earth a talented director like Ivan Reitman got involved, unless the pay was just too tempting. A dateless employee at an architectural design firm in N.Y.C. meets a girl on the subway and asks her out; despite the fact she's distracted and unpleasant, he eventually gets her into bed--only to find out later she's the Big Apple's resident superhero, G-Girl. This distaff Superman, with powers bestowed upon her by a fallen meteorite, isn't a fantasy heroine, however...screenwriter Don Payne has conceived her as a needy, possessive, vindictive bitch (he telegraphs this to us from miles away, though Uma Thurman still plays the role for sassy laughs). This is the kind of worthless movie that can't let an insult slip by. Our introduction to leading man Luke Wilson, talking with Rainn Wilson on the train, is accompanied by a sour dig at gays (it prods at us to be assured these two buddies are strictly ladies' men). After being approached by G-Girl's nemesis, who wants to zap her powers, Wilson is told this will make her just an ordinary woman scorned...and isn't that better after all? Thurman's early performances in films like ""Henry & June"" and ""Jennifer 8"" showcased an intelligent woman with angular grace and hypnotic poise; her films with Quentin Tarantino helped expose her sinewy hardness and intensity, but that came at a price (the actress has seemingly lost her graceful touch). The picture is exceedingly well-produced and shot, with expensive-seeming special effects, yet nobody bothered to find the humor in this scenario. It's pushy, leering, ugly, and badly-cast. Bloated, frozen-faced Wilson can't tell any of his co-workers that he's dating G-Girl because she made him swear he'd rather have a chainsaw stuck up his rectum. I wonder if writer Payne actually thought that was hilarious...or, indeed, if anyone involved did? * from ****"
tt0467491,Star Trek: Hidden Frontier,"Jennifer Cole, Risha Denney, Dave Mason, Rob Caves, J.T. Thepnapa Chaiyakam, Adam Browne, John Whiting, Quinn Promarug, Carlos Pedraza, Jason Munoz, Anthony Diaz, James DeRuvo, David O'Neill",2000,30,"Action,Sci-Fi","For the record, I am not affiliated with the production in any way.<br /><br />Hidden Frontier is probably the Star Trek fan film with the most episodes produced to date. Over 7 seasons (this is the last) they have produced some 50 or so episodes.<br /><br />This is no mean feat on almost no budget and everyone volunteering their time and energy.<br /><br />By their own admission, the earlier seasons do not have as good production qualities as later ones but as they progress the effects, green screen work and acting all improve.<br /><br />I did find it difficult to ""dip into"" so started from the beginning and watched all the way through. HF benefits from story arcs just like all the best sci fi and dovetails nicely into the Star Trek universe in which it is set. Characters and ""relatives"" from the original series have been brought into the stories and add a lot to the feel of the stories, sometimes improving on the characters over the original.<br /><br />The whole experience includes an excellent web site, blooper reels, a high membership forum which is frequented by many of the actors and production staff and a weekly chat.<br /><br />If you are looking for high definition, high budget productions, this is probably not for you.<br /><br />If you are looking for continued adventures in the Star Trek universe with stories that does Star Trek credit and makes you think, this is the one."
tt0468492,The Host,Bong Joon Ho,2006,120,"Drama,Horror,Sci-Fi","this by far one of the worst movies I have ever seen in my life. I gave up to watch it after an hour and regretted that hour a lot. the acting is horrible and there is almost no plot. my guess is that someone came up with a strange shape of an animal and started to make a story around of it. borrowing some ideas from movies like Resident Evil and Aliens doesn't result in a movie like them. if this going to be a top Korean movie, I'd rather won't bother to see even a Korean movie trailer...<br /><br />By the way, this movies is a good reason to believe that not necessarily a high rating means the movie is promising. I think every Korean who has internet for online gaming rated this movie over the 8, even though has no clue what it is about."
tt0493424,Attack Force,Michael Keusch,2006,95,"Action,Sci-Fi,Thriller","Steven buddy, you remember when you said this: <br /><br />""Try to find the path of least resistance and use it without harming others. Live with integrity and morality, not only with people but with all beings."" <br /><br />you have not been doing that, you have mortally wounded your fans and their morality with these ""films"" I wouldn't even bother if I didn't know you are so much better than this, I've seen the videos of you teaching, you are so much better than this why why brother why...<br /><br />steamroller productions has been steamrolled I promise bro i am not afraid of you I will tell you the truth to your face so we can fix it.<br /><br />well I like some others fell asleep 90% in, but to be fair i was tired and had a large meal just an hour before hand Sensai, what are you doing. 12 million? really? do you have any idea what we could have done with $12,000,000 It could have been in the theaters and a blockbuster hit, if you wanted we could have donated money from the huge profit to a homeless shelter or something. These post production people are ripping you off man the choreography was non existent, we can do better man, the eye blinking thing was from the men in black movie, i half expected will smith to appear or tommy lee Jones to tell your they were gills not eyelids.<br /><br />Seagal you are an Aikido master, why are you doing this to yourself, to us? when you came on the scene, you had such a fresh direct style, and it was obvious you are a teacher cause the way your moves were so clear and crisp, watching your first three movies i felt like you were teaching me something, now i feel like you are just being ripped off or something i feel like I need to save you buddy, this time you are the one who was killed and I'm gonna go and get revenge for you by helping you make the best movie ever. bro i know who you really are, i know the truth about the Nico movie. let's talk.<br /><br />contact me man i got some fresh ideas I am a nit picker, I swear you will not be disappointed with my attention to detail and we'll do it for the fans man, your fans deserve better, we're hanging on, but the strand is about to snap. I swear I will not let your movie out the door with a single mistake in it I'm still trying to figure out if that was the worst dubbing ever, or you have laryngitis, but i promise you i can do a better impression of your voice than the lame **** who didn't even try. I sure hope you kicked him in the nuts as his payment. i can come up with a story and a plot that can be matched to your avenging the death of your student/daughter/wife/dog/house plant niche and I promise you we will bring you back, I promise, also I want to go in the direction, that makes people think, if you let me in i promise we will make a movie that people will walk away and have to have a discussion about it, a serious thought provoking, perception altering experience.<br /><br />Steven Seagal This is my official in writing permission for IMDb to release my contact info to you for the purpose of resurrecting one of the best martial arts heroes I have ever seen also, for the record hes not Italian, hes Irish and Jew so you call it bad acting i call it terrific acting, because you have believed for 20 years that Seagal is Italian :) kinda changes your perception doesn't it."
tt0579535,Serenity,Joss Whedon,2002,86,"Adventure,Sci-Fi","........and an extremely bad one at that!!! How long did this train-wreck last?? 14 episodes or something?? I can see why now.<br /><br />I bought the ""Serenity"" episode from Amazon Unboxed. It was my first purchase, so was free. That is the ONLY good thing about the experience (incident??)<br /><br />I won't comment really on the acting, since these were, I guess, fairly new people who hadn't really gotten the job down just right yet. At least I've never seen them before in any type of major show, theater or TV. If I did, then I have easily forgotten them.<br /><br />But the special effects were absolutely horrendous. True, this isn't exactly a multi-million $$ project, but the original Star Trek did better than this & that was THIRTY-FIVE YEARS ago. I especially got a laugh out of the bad guys (reapers or something like that) ship as it chased the hilarious looking Firefly, with smoke coming out of the engines looking something like a gigantic model rocket. I fully expected to eventually see the Wiley Coyote riding on top, while chasing after the Roadrunner. MODERN jet/rocket engines don't even do it that bad.<br /><br />And that wasn't even the worst of it. The wild-west type shoot-outs had me wondering if I was actually watching a sci-fi film or a Gene Autry one.<br /><br />Regardless of the hype, don't waste your time...I did...all 80-something minutes of the disaster called ""Firefly""."
tt0708433,Is There in Truth No Beauty?,Ralph Senensky,1968,51,"Action,Adventure,Sci-Fi","I just don't get some of the big premises of this episode - that Miranda is so remarkable, and that there's anything so ugly it would make you insane. Someone here made the remark that maybe it's the frequency of the light waves or something rather than it being ugliness. Miranda is just a jerk. The episode is slow, inconsistent and way too talky. I also don't quite understand why Kolos is an ambassador - why doesn't the Federation just leave the damn Medusans be? There's one part I do like, when Kolos is speaking through Spock about the loneliness of the human experience. Overall, I love TOS and even at its lamest, I'll always tune in. This episode though - mmm, I wouldn't purchase it except for a used copy under $3."
tt0708446,Shore Leave,Robert Sparr,1966,50,"Action,Adventure,Sci-Fi","C'mon guys some previous reviewers have nearly written a novel commenting on this episode. It's just an old 60's TV show ! This episode of Star Trek is notable because of the most serious babe (Yeoman Barrow's) ever used on Star Trek and the fact that it was filmed in a real outdoor location. Unlike the TNG and Voyager series which were totally confined to sound stages.<br /><br />This use of an outdoor location (and babe) gives proper depth and an almost film like quality to a quite ordinary episode of this now dated and very familiar show.<br /><br />Except a few notable exceptions i.e ""The city on the edge of forever"" , ""assignment Earth"" and ""Tomorrow is Yesterday"" The old series of Star Trek needs to be seriously moth-balled and put out of it's boring misery. Half a dozen good episodes from 79 is quite a poor batting average.<br /><br />This is typical of the boring stuff Gene Roddenberry produced back then actually, contrary to popular belief where some people worshiped the ground he walked on, he actually made a LOT of rubbish! He doesn't deserve to be spoken of in the same breath as Irwin Allen for example.<br /><br />Just look at the set of the bridge of the Enterprise from a modern point of view. They used wobbly plywood for the floor, cafeteria chairs with plastic backs and cheap cardboard above the instrument panels. You can clearly see the folds in the paper ! Every expense spared or what !"
tt0756448,The Satan Pit,James Strong,2006,45,"Adventure,Drama,Sci-Fi","This two-parter was excellent - the best since the series returned. Sure bits of the story were pinched from previous films, but what TV shows don't do that these days. What we got here was a cracking good sci-fi story. A great big (really scary) monster imprisoned at the base of a deep pit, some superb aliens in The Ood - the best ""new"" aliens the revived series has come up with, a set of basically sympathetic and believable human characters (complete with a couple of unnamed ""expendable"" security people in true Star Trek fashion), some large-scale philosophical themes (love, loyalty, faith, etc.), and some top-drawer special effects.<br /><br />I loved every minute of this."
tt0758442,Black Night,Olivier Smolders,2005,90,"Drama,Mystery,Sci-Fi","I was really horrified by this eerie movie. What an unusual dark atmosphere. And such a creepy musical score. Really promising! Indeed, after ten minutes you really start sweating, and feeling uncomfortable, for you start fearing the worst. This movie has the atmosphere of a true nightmare, and what's worse-it all comes out. For one hour and a half I have been trying to fight complete boredom and falling asleep, but the monstrous soundtrack kept me awake. Nuit Noire is a truly horrifying picture - for your eyes, your ears, your intelligence, and most of all: your wallet, since the thought of spending precious money on a movie ticket for this cheap amateuristic homevideo is the biggest horror of all."
tt0799862,Caprica,"Michael Nankin, Jonas Pate, John Dahl, Wayne Rose, Jeffrey Reiner, Roxann Dawson, Tim Hunter, Omar Madha, Ronald D. Moore, Eric Stoltz, Michael W. Watkins",2009,60,"Action,Drama,Sci-Fi","I had to endure teen-aged, high school angst and family conflict for almost all of the show. I really do not care about high-school girls fretting about their relationships. I've spent my time in Hell dealing with such issues and I care nothing about fictional teenies going through ""lite"" versions of the horrors I endured. I want science fiction. That's the only reason I'm here. There were a few seconds of science fiction late in the show. We FINALLY see a proto-Cylon. It was good but with one problem. Its red eye-dot would lock onto an object of interest. We all know that Cylon eyedots always scan back and forth, giving the machine a map of the world. The red eye-dot does not ever stop moving back and forth.<br /><br />I really hope the writers fix this abuse before the second episode."
tt0800080,The Incredible Hulk,Louis Leterrier,2008,112,"Action,Sci-Fi","I had somewhat high hopes for this since I like Tim Roth. I was not pleased with this film. I liked the Ang Lee The Hulk a few years back so I figured this would have more of a bang to it. First I was very disappointed with John Hurt's performance here. He looks as if his eyebrows were re-shaped for this. His performance was not convincing. He was not as good as one would expect. Tim Roth is cool as always here. The Gama thing didn't really stick to the original story line I don't think. I guess the best part of the film was the end. It had some cool action. The only problem with the original was that it was too long. This one is not as long but it got a bit boring at times. I remember some time ago when Walmart had this movie really cheap for sale and I always wondered why?. Now I know. I was hoping to to get blown away, but I was not."
tt0807840,Elephants Dream,Bassam Kurdali,2006,11,"Animation,Sci-Fi,Short","As said before, the visual effects are stunning. They're breathtaking. I personally use Blender and graphics like that are not easy AT ALL. But that's all this movie is. Not only is the plot confusing, but the overall conflict is not clear. For example, in the first scene, Proog and Emo are trying to run away from who knows what. The conflict seems to be between man and nature here. Later, when they enter the room of the bottomless pit, Proog explains that ""one step out of place and (you're dead)"". Here, there's a more precise conflict between the careless man and nature. As the movie progresses, it's clear that a conflict exists between man and nature. But suddenly, a conflict exists between man and man when Proog, out of nowhere, murders Emo. Proog immediately changes from being a caring guardian looking after a lost child to being a ""sick man"". He betrays us. Not only is this depressing, but we don't care because the conflict between the character's thoughts and actions is not developed. It's not a story about someone, through struggle, emerging stronger. It's depressing and has not point because there's no great truth about the human soul or about the world brought to light like a great drama does. In my opinion, the movie is severely underdeveloped in all aspects. However, the graphics are stunning, but a movie is so much more than mere eye candy. There's no truth, no struggle and a bad surprise ending. In conclusion, an underdeveloped movie without a point. ...but the graphics are good."
tt0820111,Meatball Machine,"Yūdai Yamaguchi, Jun'ichi Yamamoto",2005,90,"Action,Horror,Sci-Fi","""Meatball Machine"" has got to be one of the most complex ridiculous, awful and over-exaggerated sci-fi horror films that I have ever came across. It is about good against evil and a coming-of-age tale, with the aim of to entertain with bloody, sleazy and humorous context. Because of that the violence isn't particularly gruesome and it doesn't make you squirm, but the gratuitous bloodletting and nudity does run freely. The performances by Issei Takahashi and Toru Tezuka is the worst i have seen, if that was not enough it is also directed by an unheard of director called Yudai Yamaguchi. This movie just have it all, it is bad to the bone!, A must see for every b-movie freak!!!... Simply: an enjoying and rare gem."
tt0845463,Grendel,Nick Lyon,2007,82,"Drama,Fantasy,Sci-Fi","Where to begin? Anachronism? High tech cross bow with a scope in about 500AD? Arrows with explosive charges in 500AD? A monster Grendel that looks like a robocop and obviously never interacts with any of the weapons fired or swung against him? The heart torn out of his victim's chest without any sense of contact? Possibly the blond who would fit in on a recent fashion show with her make-up and streaked hair? The ancient Danish court represented in Classical Greek style? The queen played by Marina Sirtis more savaged by her makeup artist than by madness? The effects are way too weak to carry this story. There are some stories that don't mind or even benefit from cheap effects, but this Grendel isn't one of them. <br /><br />What about characters who seem to jump about in their attitudes without motivation? A bravado idiot prince whose home has already been savaged more than once by the monster Grendel seems to have less respect for the danger he faces than Beowulf who was sent from afar from the land of the Geats to help the desperate Danes. In this it feels more like an old cowboy western than any kind of myth.<br /><br />Beowulf is an ancient tale from an era with almost no literary tradition and much of both its sentiment and its drama is obscure. I suspect that any modern telling which doesn't make an intelligent attempt to penetrate the obscurity must fail. I didn't love the recent ""Beowulf and Grendel"" which sees Grendel essentially as human and sees Hrothgar and his Danes as too arrogant and stupid to recognize Grendel's attacks as well-justified vengeance, but I had to respect its revisionist position that Hrothgar's Danes were a bunch of macho thugs who never grasped, even after it was all over, that they had brought this nightmare on themselves, and therefore, the original story of Beowulf, as it was written, was a misrepresentation of the real story. I think there's a more complex meaning to be understood than that, but this ""Grendel's"" terrible secret that Grendel's attacks are tied to previous human sacrifice doesn't really bring us closer to the shame experienced by Hrothgar and the Danes. <br /><br />This Beowulf has little to recommend it as traditional myth or as modern fantasy. I give it a 4: higher than it deserves, but always hopeful that a poor effort will draw attention by someone who is up to telling the story intelligently. In the meantime, Sci-Fi's movie-making seems to be following the NASA policy that it's better to build lots of probes that fail than a few that succeed."
tt0865957,WarGames: The Dead Code,Stuart Gillard,2008,100,"Drama,Sci-Fi,Thriller","Will Farmer (Lanter) plays a computer game that simulates a terrorist attack, and Ripley, the super government computer, designed to profile potential terrorists, tracks him because Will borrowed (by hacking) some money from his next door neighbor's bank account to pay for a class trip to play chess in Philadelphia. The next door neighbor whose computer Will was fixing, has relatives in the mid-east who thru their bank send money to the neighbor's bank , and Ripley sees a terrorist connection. Ripley has the power to call up missile strikes. Oh, oh!<br /><br />This version of War Games has a much faster pace and more aggressiveness than the War Games movie in the early 1980s. Well, the electronic industry has so much more to work with these days. Makes sense. So the movie dazzles us with fantastic CGI on computer screens, and once Joshua, the forerunner to Ripley, is found operational, we are left with watching computer against computer and the humans are cringing, hoping, praying.sort of, oh-oh-ing, OMG-ing, and more cringing hoping things will go their way. In other words we are now experiencing a made-for-TV type movie, and it's Oh Hum Time. Go back to the 1980s and watch the original War Games movie. It's much better. <br /><br />But, we really have to ask ourselves: are we making computers too intelligent where one day, in time, they will rule us? Hmmm..<br /><br />Violence: Yes. Sex: No. Nudity: No. Language: No."
tt0872335,Serum,Steve Franke,2006,89,"Horror,Sci-Fi","Dr. K(David H Hickey)has been trying to master a formula that would end all disease and handicaps, but needs live donors to complete his work. His doctor brother Richard(Dennis O'Neill)has a son named Eddie(Derek Philips)who is accepted to medical school. Eddie has a girlfriend named Sarah(Lizabeth Cardenas)who is pre-law and plans to attend law school herself the coming fall. She and Eddie resume their relationship when Sarah calls things off with her current boyfriend who is also shagging the lady of Walt(Bill Sebastian;Eddie's best friend who recently paid for his cheating girlfriend's boob job). Eddie accidentally gets hit by a car and appears on the throes of death when Dr. K makes a suggestion to Richard..let him ""recuperate"" Eddie using his secret, illegal methods. When Dr. K applies his serum to Eddie horrifying results occur. Eddie's face bulges massive warts while he has also acquired a taste for human flesh. Many will die so that Eddie can feed this uncontrollable appetite he can't quench. Soon he may even pose a threat to his father and girlfriend..Eddie Monster must be stopped.<br /><br />Typically awful direct-to-video horror flick suffers from a severe lack of budget, acting, and overall talent. The premise, which seems like an interesting fright-fest, fails to deliver even as a zombie flick. The gore is limited with a few munching scenes but most of the violence occurs off-camera. The use of time to move the story along can really get annoying."
tt0874917,Hybrid,Yelena Lanskaya,2007,90,"Action,Horror,Sci-Fi","This movie has some fatal flaws in it, how someone could walk through an open back door of a highly secure medical facility is unbelievable. Then this same person just walks around the facility and enters the Dr.'s office, is just bad writing or bad editing. <br /><br />Very very very predictable movie. <br /><br />I am not sure how this film got made, except it is was filmed in Canada, and probably received a government grant. <br /><br />I must say the person playing Aaron, Cory Monteith, did a good job.<br /><br />Unless you are really bored and there is nothing else to watch on television then I would say it will kill some time, but otherwise, it is a movie no actor would want on their resume."
tt0947076,The Silent City,Ruairi Robinson,2006,7,"Sci-Fi,Short","I've seen this movie today for the first time and I never heard of it before, probably because of it's poor message. <br /><br />First of all, the directing itself is quite good, the actors played well and the CGI (I'm not a fan of CGI) is magnificent. But that alone doesn't make a movie. No story at all, no message behind beautiful exploited talents.<br /><br />Or do I have to make people remember, the art of a director is not only your vision but to know how to tell a story. And this is what's missing the whole 7 minutes.<br /><br />There for a simple 4 rating."
tt0981216,Cavemen,"Josh Gordon, Will Speck, Lee Shallat Chemel, John Blanchard, Linda Mendoza, Fred Savage, Millicent Shelton, Ken Whittingham, Gail Mancuso",2007,30,"Comedy,Sci-Fi","I wasted my time and gave this show a chance. This has to be one of the worst new shows. If they gave an award to shows that suck THIS one should sweep the category. The acting is poor and the story line is contrived. Now Dinosaurs was a bit strange but at least it was entertaining. That show lasted three seasons and was finally scraped. This new show, based on an insurance companies commercials, is not funny and really has nothing going for it. Possibly the original commercials and the amount of times they were, and still are, repeated is what is wrong with this show. It just came to TV and already we are tired of seeing the ""caveman"" characters."
tt0024605,The Sphinx,Phil Rosen,1933,64,"Adventure,Crime,Mystery","Another of many nearly forgotten movies cranked out by Poverty Row in the 1930's, resurrected by the magic of DVD.<br /><br />Starring stock Universal player Lionel Atwill (often a supporting actor in numerous Frankenstein movies) as a pair of twins involved in a murder racket. One kills the victims (stockbrokers involved in a scam) and asks witnesses for the exact time, while the other is deaf and is proved ""innocent"" because he could not have spoken to witnesses.<br /><br />Of course, where it falls apart is if it was a congenital deafness, wouldn't they both be deaf? Oh, well.<br /><br />Atwill does a pretty good job here, faking being deaf and mute. Unfortunately, no one else here can really act worth a darn."
tt0025420,The Lost Jungle,"David Howard, Armand Schaefer",1934,243,"Action,Adventure,Drama","The only reason I watched this film was because I had recently read Robert Hough's less than perfect, but interesting, fictionalised account of the life of Big Cat trainer Mabel Stark. Beaty appears as a character in the book, in a less than flattering light.<br /><br />I hadn't realised until checking the movie out later on the IMDb that it was originally a serial. Whoever edited the original running time of 233 minutes down to the 68 minuted version available on DVD has done a hell of a good job. The shortened version plays just as well as any B movie of the period despite the many 'duh-what?' moments. For instance are we really expected to believe our hero dug that twenty foot deep tiger trap in a morning without even getting his jodhpurs dirty? Looking over the chapter titles I see that number five is titled ""Gorilla Warfare"" and number eleven is called ""The Gorilla"". There were no gorillas at all in the movie. I guess that's where some of the cuts were made.<br /><br />Historicaly interesting."
tt0026273,The Desert Trail,Lewis D. Collins,1935,54,Western,"Falsely accused, skirt-chasing chums John Wayne (as John Scott) and Eddy Chandler (as Kansas Charlie) change identities to become ""Alias Smith and Jones"". Mr. Wayne becomes ""John Jones"". Mr. Chandler's is supposed to be ""Rev. Smith"", but Wayne calls him ""Dr. Smith"". At no time are either of them as entertaining as Roger Davis, Pete Duel, Jonathan Harris, or Ben Murphy; although, Wayne can be considered infinitely more successful than any of them, career wise. Pretty blonde Mary Kornman (as Anne), grown-up from her days in ""Our Gang"", is a lovely interest for Wayne. She and Chandler have a couple of cute scenes with Wayne. If you're not a fan of low budget John Wayne films of the 1930s, this movie won't make you one."
tt0028313,The Story of Louis Pasteur,William Dieterle,1936,86,"Biography,Drama,History","Apparently none of the previous reviewers,most of whom praise the film for its accuracy, have actually read a biography of Louis Pasteur.The most glaring inaccuracy is in the relationship between Pasteur and Napoleon III.Back in the 1930's the latter was invariably shown in a bad light.While far from an admirable character-he was an inept politician and a self-appointed ""military genius"" who allowed France to be dragged into a disastrous war,he was not the stupid reactionary depicted here. He had an intelligent interest in science,and like many other people in the 19th century saw a bright future because of the improvements it would bring.Far from exiling Pasteur, he was his PATRON,building him a laboratory and providing him with all the resources that he needed for his research.While the lab was under construction, Pasteur became gravely ill.A bureaucrat, deciding it was a waste of money to build a laboratory for someone who would soon be dead, ordered work halted on his own authority.When the emperor heard about this, his outrage shook the bureaucracy so that there was a flurry of buck-passing, and work promptly resumed.The Emperor personally visited Pasteur to comfort him and reassure him that he would get his lab.The emperor would often bring members of his court to admire Pasteur's projects,and it was obvious to everyone that Pasteur was one of the emperor's favorites.Pasteur's main worry concerning the Emperor was that Napoleon thought Pasteur was virtually a miracle worker who could do almost anything, and was constantly assigning him tasks outside of his previous experience.Pasteur, a very modest man, was always protesting this, but Napoleon would say that he had complete faith in him,and Pasteur despite his misgivings, always came through.They always had a close and friendly relationship,and after the Emperor was overthrown, Pasteur refused to say a bad word about him,grateful to the end of his life.<br /><br />The part about his daughter having the baby, and Pasteur sacrificing his principles to get a doctor, never happened.The part about the anthrax and rabies, for which he was famous, is generally correct, but the notion that the anthrax experiment raised him from obscurity to fame is false.He was famous and respected at the time this happened.This movie is OK from a dramatic standpoint,but very distorted as biography."
tt0029608,Stella Dallas,King Vidor,1937,106,"Drama,Romance",i should love this movie . the acting is very good and Barbara Stanwyck is great but the the movie has always seemed very trite to me . the movie makes working class people look low and cheap .the fact that the daughter is ashamed of her mother and that the daughter does not rise above it has always made me a bit uneasy . Barbara Stanwyck as the mother worships the daughter but the daughter forgoes a mothers love to find happiness with her well to do fathers family . i wonder how many others who have seen this film feel this way about it.again the acting was very very good and worth watching . i really don't like the story line . just a personal preference .thank you
tt0031676,Mr. Moto Takes a Vacation,Norman Foster,1939,65,"Action,Crime,Drama","Between 1937 and 1939, Twentieth Century-Fox made a ton of Mr. Moto films. However, towards the end of the series, it was obvious that the studio had ""jumped the shark"", so to speak. This phrase indicates that a TV show has passed its prime and the executives in charge decided to invigorate the show by fundamentally changing the formula. For example, with ""The Brady Bunch"" they introduced the annoying 'Cousin Oliver' and with ""Family Ties"" they introduced a freak baby who grew up six years in only one season! With the Moto films, they'd jumped the shark by introducing comic relief because they thought that these intelligent films needed to be re-tooled. In the previous film, Warren Hymer played an annoying wrestler. And, in this film the character Archibald Featherstone appears. Featherstone might just be one of the most annoying examples of comic relief ever, as you kept hoping someone (preferably Moto) would kill him just to shut him up!! Although he's supposed to work for the famed Scotland Yard, he shows all the intelligence and acumen of a brain damaged turnip. Again and again, his scenes were boorish and unnecessary and Peter Lorre just looks pained as he stands there and watches this buffoon ""act"". It's so bad that it truly destroys what COULD have been one of the better Moto films due to its clever plot.<br /><br />As for the plot, the crown of the Queen of Sheba is discovered in the opening scene. Moto, now more of an international policeman than the amoral character he originally was, is on hand to protect the precious item from being stolen. In a great twist, several thieves all try to steal the crown independently of each other.<br /><br />Overall, the film is watchable but is also ample evidence that the Moto series should have ended here. With WWII approaching, the films couldn't have survived much longer anyway, as having a sympathetic Japanese leading character simply wouldn't have been accepted in the US or in allied countries."
tt0038621,House of Horrors,Jean Yarbrough,1946,65,"Adventure,Crime,Drama","The peculiar charisma of Martin Kosleck brings a certain believability to his character of the frustrated artist. He imbues his dialog with an odd sense of realism, making the sculptor Marcel a convincing individual. The character manages to come across as a real person and not so much a typical B movie villain.<br /><br />The story line is nothing to write home about, and many scenes are dull. What makes it work is the strange chemistry between Kosleck and Rondo Hatton as the Creeper. Kosleck's talkative, philosophical character is contrasted with Hatton's low key, monosyllabic approach. The character of the Creeper isn't developed much beyond a basic monster level, but Hatton suggests undeveloped possibilities and makes you wonder about his back story.<br /><br />This movie was on Shock Theater a lot when I was a kid, so I have a certain nostalgic fondness for it. It's worth seeing once, anyway, for those who enjoy Forties horror movies."
tt0038873,The Razor's Edge,Edmund Goulding,1946,145,"Drama,Romance","The author of numerous novels, plays, and short stories, W. Somerset Maugham (1874-1965) was considered among the world's great authors during his lifetime, and although his reputation has faded over the years his work continues to command critical respect and a large reading public. Published in 1944, THE RAZOR'S EDGE is the tale of a World War I veteran whose search for spiritual enlightenment flies in the face of shallow western values. It was Maugham's last major novel--and it was immensely popular. Given that the novel's conflicts are internalized spiritual and philosophical issues, it was also an extremely odd choice for a film version--but Darryl F. Zannuck of 20th Century Fox fell in love with the book and snapped up the screen rights shortly after publication.<br /><br />According to film lore, THE RAZOR'S EDGE was to be directed by the legendary George Cukor from a screenplay by Maugham himself--and it does seem that Maugham wrote an adaptation. When the film went into production, however, Cukor was replaced by Edmund Goulding, a director less known for artistic touch than a workman-like manner, and the Maugham script was replaced with one by Lamar Trotti, the author of such memorable screenplays as THE OXBOW INCIDENT. Tyrone Power, recently returned from military service during World War II, was cast as the spiritually conflicted Larry Darrell; Gene Tierney, one of the great beauties of her era, was cast as socialite Isabell Bradley. The supporting cast was particularly notable, including Herbert Marshall, Anne Baxter, Clifton Webb, Lucille Watson, and Elsa Lanchester. Both budget and shooting schedule were lavish, and when the film debuted in 1946 it was greatly admired by public and critics alike.<br /><br />But time has a way of putting things into perspective. Seen today, THE RAZOR'S EDGE is indeed a beautifully produced film--but that aside the absolute best one can say for it is that it achieves a fairly consistent mediocrity. As in most cases, the major problem is the script. Although it is reasonably close to Maugham's novel in terms of plot, it is noticeably off the mark in terms of character and it completely fails to capture the fundamental issues that drive the story. We are told that Larry is in search of enlightenment; we are told that he receives it; we are told he acts on it--but in spite of the occasional and largely superficial comment we are never really told anything about the spiritual, artistic, philosophical, and intellectual processes behind any of it. We are most particularly never told anything significant about the nature of the enlightenment itself. It has the effect of cutting off the story at its knees.<br /><br />We are left with the shell of Maugham's plot, which centers on the relationship between Larry and Isabell, a woman Larry loves but leaves due to the growing ideological riff that opens up between them. Tyrone Power and Gene Tierney were more noted for physical beauty than talent, but both could turn in good performances when they received solid directorial and script support. Unfortunately, that does not happen here; they are extremely one-note and Power is greatly miscast to boot. Fortunately, the supporting cast is quite good, with Herbert Marshall, Clifton Webb, and Lucille Watson particularly so; the then-famous performance by Anne Baxter, however, has not worn as well as one would hope.<br /><br />With a running time of just under two and a half hours, the film also feels unnecessarily long. There is seemingly endless cocktail party-type banter, and indeed the entire India sequence (which reads as faintly hilarious) would have been better cut entirely--an odd situation, for this is the very sequence intended as the crux of the entire film. Regardless of the specific scene, it all just seems to go on and on to no actual point.<br /><br />As for the DVD itself, the film has not been remastered, but the print is extremely good, and while the bonus package isn't particularly memorable neither is noticeably poor. When all is said and done, I give THE RAZOR'S EDGE four stars for production values and everyone's willingness to take on the material--but frankly, this a film best left Power and Tierney fans, who will enjoy it for the sake of the stars, and those whose ideas about spiritual enlightenment are as vague as the film itself.<br /><br />GFT, Amazon Reviewer"
tt0040862,Tarzan and the Mermaids,Robert Florey,1948,68,"Action,Adventure","Last of the Johnny Weissmuller Tarzan films and a good thing too, as this is easily the worst of the 12 films he made over a period of 16 years. No mermaids are featured here either as a beautiful island woman tries to escape the clutches of her people, who worship a god and try to force her to be its bride. She finds Tarzan and Jane, who try to protect her. George Zucco is present as a potentially villainous High Priest but isn't used to his full advantage. Also on hand and worthy of mention is a hugely annoying guitar player/singer who goes into song every so often. Even the ""great"" Robert Florey can't aid this one.<br /><br />*1/2 (of four)"
tt0043278,An American in Paris,Vincente Minnelli,1951,114,"Drama,Musical,Romance","I don't know what the Oscar voters saw in this movie, but they must of seen some pretty hard stuff to see in it to be able to award it with the best picture Oscar. All I know is that fortunately there was Gene Kelly to play in it or this would have been twice as bad as I believe it is. First of all, I don't think Leslie Caron was really fit to play such a role. She isn't that talented, she isn't a great dancer and she's not good looking at all. It's a shame that one actor or actress may ruin a movie just like by playing in it because if Leslie Caron hadn't been in this, it might have made a terrific movie. The story was intelligent, the directing wasn't bad, and, as I said, Gene Kelly was pretty good. Now I'm not saying all this stuff about Leslie Caron just to criticize her, I'm just saying it because I think that's what the worse part of the movie is. She's probably a good actress but I can't tell because I haven't seen her in anything else but I think she was pretty bad in ""An American in Paris"". So if you want to see it, go ahead but I'm telling you, you're way better off watching ""Singin' in the rain""."
tt0044070,Starlift,Roy Del Ruth,1951,103,"Comedy,Drama,Music","This oddity in the new DORIS DAY COLLECTION doesn't really need to be included as she is only in the film for less than 30 minutes. What she does do however, is shine when she's on screen. The near plot less movie is just an excuse to showcase some Warner contract players of the day. JANCIE RULE shows promise and it's a shame she didn't become a big star. RUTH ROMAN handles the role of the ""go-getter"" with aplomb. Better if this was in color. The Travis Air force base locations with some rear projection work well. What's best about the movie are some wonderful musical interludes. If you enjoyed THANK YOUR LUCKY STARS and Hollywood CANTEEN you'll like this one."
tt0045815,The Girl Next Door,Richard Sale,1953,92,"Comedy,Musical","I often feel like Scrooge, slamming movies that others are raving about - or, I write the review to balance unwarranted raves. I found this movie almost unwatchable, and, unusual for me, was fast-forwarding not only through dull, clichéd dialog but even dull, clichéd musical numbers. Whatever originality exists in this film -- unusual domestic setting for a musical, lots of fantasy, some animation -- is more than offset by a script that has not an ounce of wit or thought-provoking plot development. Individually, June Haver and Dan Dailey appear to be nice people, but can't carry a movie as a team. Neither is really charismatic or has much sex appeal. They're both bland. I like Billy Gray, but his character is pretty one-note. The best part of the film, to me, are June Haver's beautiful costumes and great body."
tt0049513,Moby Dick,John Huston,1956,116,"Adventure,Drama","This esteemed production has it's fans. But to paraphrase the classic bad review of 'Mary Reilly,' Moby Dick is like a painting, only slower.<br /><br />This is because the philosophical grounds for a movie ""production"" are never to make a great film, rather it's to substitute the lack of a strong guiding idea (in this case for a books transference to film) with a list of hopelessly atomized, undynamic but dazzling conceits in an effort to trick viewers into thinking they've seen greatness. As viewers & critics are apt to fall for this, Oscars follow, feeding the whole dumb equation.<br /><br />I don't share in the pleasure all these reviewers found. Moby Dick is stunningly uninvolving. Actors dutifully recite essays about Jonah, Moby Dick, the ocean, Moby Dick, Moby Dick... all things that can't respond, and not one of which is absorbing in the slightest. It's dramatically inert. It doesn't build. In narrative terms Moby Dick (as a movie) is little more than a foregone conclusion in search of an actual story. After half an hour I was muttering ""Oh terrific... another oath ...another 4 minute soliloquy!""<br /><br />In the failed effort to involve you, it's a pretty campy overacting showcase. A lot of grey hair here. Starbuck is supposed to be a golden god. (!)<br /><br />One knows one is looking at a great director when he makes the medium his own rather than trying to replicate the feel of someone else's paintings & palette, or reverently embalming a classic as Huston does here. Paintings and books are nice but they're a different mediums. A movie like this fails to grasp that an honestly enjoyable piece of crap (Village of the Damned) is better in most respects than an insufferable piece of culture. This is the Eat Your Vegetables school of film-making.<br /><br />One appreciates the work that must have been done to make the movie, but not the narrative. Only a few segments reflecting maritime research are interesting; the recording of shanties as a means of structuring work & various sea efforts; and the technology of whaling. And that doesn't call for a two-plus hour movie."
tt0052169,The Screaming Skull,Alex Nicol,1958,68,"Horror,Thriller","I am SURE there is some sort of IMDB cult that likes movies that MST3K made fun of. After seeing both this and ""Werewolf"" and reading dozens of comments about how underated they are, I became convinced that there is some conpiricy going on here. Alot of people are saying that people who hate it ""are only scared by gore"", ""Don't know good horror"" or stuff like that. Well, I don't really care for gore, but I do want SOMETHING to happen in a movie! Most of it is just the wife sitting and looking around! Or walking around the house/garden! A movie requires something to give it atmosphoere, you don't get it by just have pointless scenes were someone walks around and stares. Oh, and ""Makes you think""? Yeah, I was thinking ""MOVE! YOU @#$0&%!!"" One of the worst horror movie I have ever scene! <br /><br />P.s. For the record, I am a big fan of the old style of horror, Dracula, Frankenstein, That kind of stuff."
tt0052218,Some Came Running,Vincente Minnelli,1958,137,"Drama,Romance","But I doubt many were running to see this movie. Or ""Some Came Running Out Of The Cinema"". Okay, that's a bit harsh.<br /><br />The film starts in an unintentionally comical way: Frankie-boy comes back to his hometown after many years (this already smells of clichés) and the whole town is shaken by his arrival: he is talked about, everyone wants to talk to him, and every woman he meets flirts with him like there's no tomorrow - even his niece hints that she would gladly have dropped her date to chat with Frankie-boy a little longer! Even his pretty niece wants a piece of him! Sounds like one of those laughable ""Mike Hammer"" episodes where EVERY single female wants Stacey Keach. And, like Stacey Keach, Frankie-boy is anything but a good-looking woman's wet dream. In real life, someone like Sinatra (without the fame) wouldn't get within 100 m of someone as beautiful as MacLaine. But in this Hollywood movie it's the other way around: MacLaine is absolutely nuts about Frankie-boy, but HE couldn't care less! Sinatra plays his ""cool"" shtick much too often in his movies, and it is rarely credible. Dean Martin is kind of miscast; he isn't miscast as a card-player, but rather because of the accent which simply doesn't suit him. MacLaine is charming as ever, but she plays a caricature - and this reliance on caricatures is one of the basic problems with the film. The main characters are all some sort of stereotypes out of bad or seen-it-all-before movies and cheap novels; Frankie is the ""cool cat"" who comes back to town to get all the women, and he couldn't care less about his writing (which, predictably, eventually garners recognition); Martin is a sleazy but friendly card-player; MacLaine is the dumb, but very likable bimbo; Frankie's blond love-interest is a snotty literary expert; Frankie's brother is the successful guy who married into his wife's business and has a lousy marriage; and so on. Clichés.<br /><br />The story contains a couple of coincidences which are a little too far-fetched for my taste: Frankie just happens to bump into his niece in a locale; his niece just happens to be meters away from her daddy when the latter kisses his secretary for the FIRST time; and then there is the awful, stupid ending.<br /><br />In it, a drunk guy bent on killing Frankie-boy somehow manages to find him in a carnival of all places! The place is utterly crowded, with the typical noise and chaos - plus it's happening in the evening - and yet the guy somehow finds Frankie (in spite of being drunk as a doorknob) and shoots at him. But guess who he kills? MacLaine. She jumps in front of the bullet to save Frankie: a cliché which comic-book writers might cringe at. This utterly pathetic, over-dramatic, and annoying ending certainly cannot please any, even semi-intelligent, viewer. And this happens on the same day that MacLaine and Sinatra got married! The writer of this nonsense seems to have read crappy dime novels his whole life - how else is the writing of this movie to be explained? There is even a card game in which a brawl ensues with Frankie & Martin vs. some cliché caricatures out of the writer's ""vivid"" imagination. (It was like a damn Western suddenly.) Another dumb thing is the way Sinatra was crazy about the boring snotty-nosed bimbo and pretty much ignored MacLaine. As the movie progresses we find out that Sinatra finds MacLaine to be too dumb for him, just as the blond bimbo finds Sinatra to be too low-class for her. There is a certain snobbism and disdain to be detected in the script regarding MacLaine. MacLaine is treated as worthless by everyone, while the blond bimbo is treated as a princess and an intellectual; the ironic truth is that the latter's character comes off as rather dumb and not at all as intellectual; her behaviour, comments, and opinions are mostly clichéd, silly, confused, pretentious, and primitive. At least MacLaine's character KNOWS that she (MacLaine) is dumb. There is another irony that I didn't fail to notice: Sinatra had trouble finding an ending for his latest story - much like the writer of this movie, and that's why he came up with the corny, crappy finale.<br /><br />The film basically has a solid cast, and the photography is nice, but the script, though sometimes okay, relies to heavily on silly nonsense instead of on reality-based characters and events.<br /><br />If you're interested in reading my ""biographies"" of Shirley MacLaine and other Hollywood intellectuals, contact me by e-mail."
tt0053142,Operation Dames,Louis Clyde Stoumen,1959,74,"Drama,Romance,War","Relentlessly stupid, no-budget ""war picture"" made mainly to show off the attributes of the spectacular Eve Meyer--not a bad idea in itself--but that should be an embarrassment to everyone connected with it. Laughable ""script"", performances that wouldn't pass muster in an elementary-school Christmas pageant, inept ""action"" scenes, confused direction by the normally competent documentary director Louis Clyde Stoumen--who is apparently not quite sure if he's making a comedy, a philosophical treatise on the futility of war or a leering T&A (by early 1960s standards, anyway) travelogue of Eve Meyer's magnificent body--and a general air of shoddiness and incompetence. Worth seeing in order to watch Eve Meyer strut her stuff, but that's pretty much it."
tt0062032,Succubus,Jesús Franco,1968,79,"Horror,Mystery,Thriller","I've come to realise from watching Euro horror, especially films made by cult luminary Jess Franco, that you can't expect a plot that makes much sense. However, Franco has gone overboard with this film; and despite a surreal atmosphere, and the film's reputation as one of the director's best - Succubus is unfortunately is a truly awful film. I've got to admit that I saw the American cut version, which runs at about 76 minutes; but unless it was just the logic that was cut, I'm sure the longer European version is just as boring. The plot has something to do with a woman marauding around; practicing S&M and talking rubbish, and it's all really boring. There's no gore and the sex is dull, and most of the runtime is taken up by boring dialogue and despite the fact that this is a short film; I had difficulty making it all the way to the end. I have to say that the locations look good and Franco has done a good job of using his surreal atmosphere; but the positive elements end there. Jess Franco is definitely a talented director that has made some classic trash films - but this looks like it was one he made for the money, and overall I recommend skipping it and seeing some of the director's more interesting works."
tt0063850,If....,Lindsay Anderson,1968,111,"Crime,Drama","if.... is the cinematic equivalent of Sgt. Pepper's: Revered by baby boomers as the pinnacle of creation, and viewed as rather a silly bit of business by preceding and subsequent generations. Now that the children of the middle classes the world over are seemingly super human due to the internet, and view the prospect of boarding school as a wonderful opportunity thanks to the Harry Potter books/films, the relevance of if.... couldn't be further from modern concern. In fact, many scenes appear so alien and exaggerated as to hint at an inspiration for Pink Floyd's The Wall.<br /><br />One should never hold personal bias against a film while reviewing, and the cemented date of this film aside, there are a few flaws which others have overlooked. Lindsay Anderson was known to be a fan of Luis Buñuel, on top of generally being too smart for his own good. And despite a straightforward narrative through the first and second acts, the latter portion of the piece it taken hostage by cod Buñuel surrealism and strained attempts at symbolism. Anderson wasn't capable of this feat due to his over-intelligent cynicism, failing to see that Buñuel was jovial in his work. I have not found a critic whom champions the 'Chaplain in a drawer', and am almost certain it still gets sideways looks from those who adore this film. The ending is not so much a concise punch to the established class/values system, as a wet slap on a moving target.<br /><br />The British public school system was firmly for the middle classes (the upper crust being educated at home by private tutors). And the modus operandi of if.... was to check the boxes of public school life which Lindsay believed had been unexplored in film, thereby savaging middle class pretense. Homosexuality, generational cutlery, cold showers et al. In reality, such issues HAD been covered in many other great British films, if.... merely brought them to the fore. The Browning Version was a more oblique damning of such pomp, to name but one.<br /><br />if.... is oddly quaint, and simply can not be viewed with modern (especially American) eyes. Kudos to Anderson for avoiding Mick and Kieth in favour of African chant, and a few brownie points for the latent homoerotic overtones. Points deducted for pretension, establishing characters who disappear, and inciting a glib revolution which came to naught."
tt0064135,Carter's Army,George McCowan,1970,70,"Drama,War","This movie is a waste of film stock. Do you believe that the map of a plan of a military mission would be placed on an easel on a patio in broad daylight for anyone with binoculars or a camera with a zoom lens to see? It happened in this film. Do you believe that a DEAF person would actually be enlisted in the active duty army in Europe during WWII to serve in a ""Negro"" unit...cooking, supply services, burial detail, etc.? It happened in this film. Do you believe that a black (and supposedly intelligent) officer would select this same DEAF K.P. to be part of an active combat mission to protect a dam from being destroyed by the Germans before the allies arrived? It happened in this film. Would you be surprised that the DEAF soldier didn't realize that a German plane was approaching from behind and would strafe and kill him? It happened in this film. Would you be surprised that a group of American soldiers hold-up in a barn at a farmhouse that the Germans happened upon would SHOUT out their emotions at the sight of the German soldiers who were just 50' away? They did it in this film, and left any possible entrances to the barn the Germans might check totally unprotected. Would you believe that, over the airwaves and in clear English, the Captain mentioned the General's rank, if not his name, as the person he was speaking with and that the general, in plain English over open airwaves, said that the dam had to be protected the next day? Maybe they should have just sent in an emissary to tell which direction the American attack would be coming from just to make it a little easier on the Germans. This so-called movie should be placed on a list of the top 50 worst films. If it were, I'm sure it would do well. Watch it at your own risk."
tt0064888,The House That Screamed,Narciso Ibáñez Serrador,1969,94,"Horror,Mystery,Thriller","First be warned that I saw this movie on TV and with dubbed English - which may have entirely spoiled the atmosphere. However, I'll rate what I saw and hope that will steer people away from that version. I found this movie excruciatingly dull. All the movie's atmosphere is lost with dubbing leaving the slow frustration of a stalker movie. I'm sorry, but the worst movie sin in my book is to be slow except when the movie about philosophy. I didn't see any deep philosophical meaning in this movie. Maybe I missed something, but I have to tell it like I see it. I rated it a ""1"". What can I say, U.S. oriented tastes, maybe."
tt0065622,The Decameron,Pier Paolo Pasolini,1971,111,"Comedy,Drama,History","Pier Paolo Pasolini, or Pee-pee-pee as I prefer to call him (due to his love of showing male genitals), is perhaps THE most overrated European Marxist director - and they are thick on the ground. How anyone can see ""art"" in this messy, cheap sex-romp concoction is beyond me. Some of the ""stories"" here could have come straight out of a soft-core porn film, and I am not even so much referring to the nudity but the simplistic and banal, often pointless stories. Anyone who enjoyed this relatively watchable but dumb oddity should really sink his teeth into the ""Der Schulmaedchenreport"" soft-porn German 70s movie series, because that's what ""Decameron"" looks like to me.<br /><br />Besides, the movie is sloppy on nearly all levels, from start to finish: <br /><br />1. Editing. An example: at 1 hour:15 minutes:45 seconds there is a chasing scene that is put quite clearly in the wrong place. It was supposed to be placed about a minute later, but I guess that Pasolini must have hired boozed-up editors who have little time for the ""fine details"" of movie-making. Pee-pee-pee's fans would probably counter this by saying that it was placed there intentionally - which I very much doubt. Besides, even if that were true, that would be even worse, because that story gains absolutely nothing by making it harder to follow. (This isn't exactly ""Eraserhead"" or one of Tarantino's broken-form films...) <br /><br />2. Acting. Vey sloppy. Triple Pee's fans (all 8 of them) proudly declare how 3P-O uses ""real people instead of actors"". (Aren't actors people? Or are they Martians? Sure, many actors have sub-par IQs but does that mean we should treat them with contempt...?) Other directors have used amateurs and succeeded (such as Alan Parker or De Niro), so why are PPP's amateurs so utterly awful in his movies? The answer is once again appalling sloppiness. Pasolini is sloppy in everything, and that includes trying to get as much out of his toothless amateurs as he can. He is a lazy director, an IMperfectionist if you like. The anti-Kubrick, I suppose... Pee-pee-pee's principal goal when casting must have been to find as many toothless old people as possible (and young men that are to his liking). In Pasolini's world there is a simple formula: lack of teeth + strange face = realism. It's all well and fine to have them toothless, but at least try to eke out some at least semi-decent performances out of these inexperienced neo-thespians, otherwise you're an amateur yourself - an amateur director, in Pasolini's case. Whether 3P-0 wasn't capable of this feat or simply didn't care doesn't change anything. (Who knows... maybe he didn't even notice the awful acting?) <br /><br />3. Audio. The synchronization. If 3P-0 felt that microphones are too much of a hassle when filming a movie, then he ought to have at least made a concerted effort in post-production, i.e. getting all these bum actors to say their lines on cue in the studio, so that we the viewers wouldn't have to watch mouths move while the elusive dialogue floats elsewhere in the movie.<br /><br />4. Lack of concept. We have close to a dozen stories which aren't connected in any meaningful way. Some are anti-Church (more on that later), while some are merely sex yarns i.e. cheap male (sometimes gay) fantasies designed to titillate and nothing else. The stories and characters are not amusing (if at all) on an intelligent level, but on the basest level. 10 year-old kids can laugh here... And there is nothing wrong with that, but then don't call it exalted, intellectual art! <br /><br />5. As a result of point 4, there is also a lack of logic in the order of the stories. That goes without saying. Pee-pee-pee could have arranged the order in any other way, and we would have had the exact same movie. This also means that you can feel free to start from the middle then go back to the beginning, etc. ""Decameron"" is like a bowl of spaghetti that way: when you start eating it you can begin with any thread you want, it makes no difference at all.<br /><br />6. The pointlessness of the stories' resolutions. Most stories end with a cheap gag/joke, i.e. some damn dumb punchline straight out of a porn comic-book, whereas some stories don't even have a conclusion: they merely end. Finito. At best, the stories are watchable semi-anecdotes, barely any deeper meaning there - unless you find ""deep"" meanings in a porno. There is, of course, nothing easier than looking for and finding ""meaning"" where there is an absence of it. Hence even any hardcore porn film can be philosophized/mused over endlessly. It's easy and fun. Try it, oh ye 8 PPP fans! <br /><br />As for the Church-bashing... Some viewers get all excited about his attack on Catholicism and what-not. In principal, that's all well and fine - after all, I'm an atheist myself - but what those people ignore is the simple but essential fact that Pasolini was a Marxist. It's like the pot calling the kettle black. A Marxist criticizing the Church for hypocrisy and stupidity? Where does he get the nerve? Besides, Pasolini wasn't an atheist, hence his high-and-mighty and self-righteous stance isn't justified. After all, Marxists are believers: they merely substituted the accepted god with the idea of a Utopia, which is merely another supernatural wishful-thinking fantasy. Hence I cannot get excited about PPP's anti-religion antics.<br /><br />This sophomoric humpdorama anthology ends with Pasolini saying rather pretentiously: ""I wonder... Why produce a work of art when it's nice just to dream about it?"" He wasn't actually referring to this silly little movie as art, was he...? In case he was - the poor deluded man - then I have to wonder why he didn't just leave it at dreaming, and NOT make all those bad movies...<br /><br />Wanna read my altered subtitles of Bergman movies? E-mail me."
tt0065750,Fury of the Wolfman,José María Zabalza,1972,86,Horror,"Despite some mildly thought-provoking oddities in the script and the film's overall curiosity value, Fury of the Wolfman emerges as a dull, uninteresting excursion into lycanthropy, saved only by the statuesque presence of villainess Perla Cristal. The rest of the players, including the hammy Naschy, are a complete write-off (though admittedly none are helped by often atrocious dubbing). Although the screenplay packs in enough variations on werewolf/Frankenstein/Dr Moreau themes to flesh out a dozen movies, the plot is so unevenly developed, the characterizations so feeble and the dialogue so verbosely ridiculous (at least in the English version), that any latent interest in the turgid proceedings is soon quashed.<br /><br />Zabalza's direction seems jerky, even amateurish. His staging is clumsy and ineffective. He is not helped by Villasenor's over-bright lighting. Even promising sets are so unatmospherically photographed that the director's few attempts to give the audience a fright are signaled far in advance<br /><br />Other credits fall into a similar pattern of ineptitude, though the stridently over-emphatic music score and the laughably crude, totally primitive special effects deserve special condemnation."
tt0066115,Myra Breckinridge,Michael Sarne,1970,94,Comedy,"MYRA BRECKINRIDGE is one of those rare films that established its place in film history immediately. Praise for the film was absolutely nonexistent, even from the people involved in making it. This film was loathed from day one. While every now and then one will come across some maverick who will praise the film on philosophical grounds (aggressive feminism or the courage to tackle the issue of transgenderism), the film has not developed a cult following like some notorious flops do. It's not hailed as a misunderstood masterpiece like SCARFACE, or trotted out to be ridiculed as a camp classic like SHOWGIRLS. <br /><br />Undoubtedly the reason is that the film, though outrageously awful, is not lovable, or even likable. MYRA BRECKINRIDGE is just plain mean. As a Hollywood satire it is cold-blooded and mean-spirited, but in a hollow pointless way. MYRA takes for granted that Hollywood is a corrupt town, but goes further to attack such beloved icons as Laurel and Hardy, Shirley Temple, Judy Garland and Gary Cooper. The film seems to imply that everything about Hollywood is by its very nature vile. It seems to think that there is something inherently courageous about mocking sacred cows, but doesn't supply a rationale for doing the mocking in the first place. The film is also viscously anti-American and anti-establishment and anti-this and anti-that, but all in a superficial, late-1960's, trendy way. Like CASINO ROYALE; SKI-DOO; I LOVE YOU, ALICE B. TOKLAS and other would-be hip epics, MYRA is a middle-aged vision of the hippy-dippy youth culture. It tries to embrace the very attitude that it belittles. But instead of being cheerfully self-mocking, MYRA makes no attempt to conceal its contempt for everything that comes within its grasp. MYRA BRECKINRIDGE has the humor of a bully; there's not a single moment of innocence in it. Its intentions aren't honorable. TIME magazine aptly described it as being ""about as funny as a child molester,"" but it's not nearly as sympathetic.<br /><br />For instance, poor Mae West bore the brunt of so much of the criticism aimed at the film, being described as looking like everything from an aging drag queen to a reanimated walking corpse. The octogenarian star obviously didn't know just how ridiculous she looked playing a lecherous talent agent lusting after men young enough to be her grandsons or even her great-grandsons. But, director Michael Sarne had to know, but he used her anyway. Why? Because, she apparently was the joke. Just like John Huston, John Carradine, Grady Sutton, Andy Devine and other veteran performers in the film, they are there only so the film can mock their age and use them to trash their film images. They are cast as smarmy self-parodies, as is Rex Reed, the arrogant, fey film critic, who is cast as just that in the film. But the real Reed, the celebrity hound, jet-setting, talk show gossip, can be charming in an obnoxiously funny way; but as Myron, Myra's alter ego, he is just obnoxious. Again, apparently for Sarne, Reed is the joke.<br /><br />You watch MYRA BRECKINRIDGE and you don't see actors, you see victims. None more so than Raquel Welch. No one will ever accuse Welch of being a great actress, but it is a testament to her tenacity and her appeal that she survived this film and her career prospered. Being in almost every scene, Welch was front and center as a target for abuse aimed at the film, but to her credit, she gives a remarkably nuanced performance. Though, of course, centered between the scenery chewing Huston and the almost catatonic West, Welch doesn't have to do much to strike a good balance. Even so, she renders her horribly unfunny dialogue with a deadpan smirk, with just the hint of self-righteous glee that would do any James Bond villain proud. Legend has it that Welch was snubbed by a condescending West and subjected to repeated verbal abuse on the set by bumbling director Sarne, not to mention being featured in one degrading scene after another, making it all the more remarkable that she was able to give such a cool and collected performance.<br /><br />The film's only intriguing element is trying to figure out just what the film's agenda is. The whole story is a fantasy fable, which should indicate that it has a moral to deliver, but what that might be is anybody's guess. With all of its talk about destroying ""the last vestigial traces of traditional manhood from the race,"" it would seem to have a feminist axe to grind. But as a feminist, Myra is a monstrous figure, a sexual predator. Besides, Myra isn't a woman, rather she is a delusion of Myron, who presumably is a gay male. That might explain the male rape scene as well as the character's love/hate attitude toward the macho, seemingly straight, deadhead Rusty, but it doesn't explain his/her obsession for and the supposedly lesbian tryst with Farrah Fawcett's Mary Ann. The film is obsessed with sex, but can hardly be accused of being in favor of the sexual revolution; all the sex is treated as being, if not dirty, than at least perverse and degrading. Turning to Gore Vidal's original novel isn't of any help, because it is as confused and pointless as the movie.<br /><br />And this is a rare movie that actually seems to hate movies. Not just movies as a business, but movies as part of the culture as well. The film itself is wall-to-wall arcane references to old movies, all of which director-screenwriter Sarne approaches with a seething disdain. He has raided the film vaults of 20th Century-Fox and peppered the film with snippets of old films, not as an homage or to provide a social commentary, but to mock the innocence of old Hollywood. How can an artist -- if you generously want to call Sarne that -- make a work of art if he already hates the very medium he is working in? The very effort is totally self-defeating.<br /><br />MYRA BRECKINRIDGE doesn't seem to be in favor of anything other than being just nasty. It hates Hollywood, it hates America, it hates sex, it hates gays and straights and women and men and old people and young people and Laurel and Hardy and, well, you name it and it probably has a scene showing contempt for it. In a very sad and sorry way, MYRA BRECKINRIDGE may be the first punk manifesto, a celebration of pop culture nihilism."
tt0066384,Skullduggery,"Gordon Douglas, Richard Wilson",1970,105,Adventure,"Skullduggery is a strange, strange film based on the novel ""Ye Shall Know Them"" by Vercors. To unleash criticism at the film feels really unkind, since it is a movie that deals with earnest themes like humanity, and pleas for upright moral standards and tolerance. But in spite of its honourable intentions and its well-meaning tone, Skullduggery simply isn't a very good film. For me, the main problem is the terribly disjointed narrative which can't make its mind up how best to convey its message. The first half of the movie is like watching a standard jungle expedition flick of the Tarzan ilk; later it teeters into sci-fi fable; by the end it slips into courtroom melodramatics. The differences in tone between each section of the movie are too great, too jarring, to overlook. They stick out like a sore thumb and remind you constantly that you're watching a muddled, disorganised movie.<br /><br />An archaeological expedition into the jungles of New Guinea is led by adventurer Douglas Temple (Burt Reynolds). One of the main archaeologists involved in the excursion is attractive lady scientist Dr Sybil Greame (Susan Clark). After an arduous trek they stumble upon a tribe of strange ape-like creatures. These primitive, long-lost people are covered in hair and have survived for centuries without being in any way touched or influenced by the developments of modern man. There is some evidence that they may the ancestors of early man  the ""missing link"" in the evolution of apes into humans. Or perhaps a race of humans who simply look and behave differently from usual? Or even a race of animals that have begun to develop human characteristics? The archaeologists call the tribe ""the Tropi"" and are initially thrilled by the implications of their discovery. But things take a devastating turn when nasty opportunist Vancruysen (Paul Hubschmid) declares his intention to exploit the tribe and their idyll on behalf of developers. He questions whether the Tropi are truly ""human"" and takes his argument to the courts, where he hopes to be granted legal backing so that his own greedy ambitions can be continued.<br /><br />This was a very early film in Reynolds' career, and he actually unbalances this movie by acting like he's in a comedy while the rest of the cast take it all very seriously. Not that Reynolds can be blamed  he has an impossible role, asked to play a charming adventurer who really belongs in a Tarzan flick. His character and the film are not relevant to each other. Clark fares much better as the earnest lady archaeologist, and there are nice supporting roles for British actors Edward Fox, Alexander Knox and Wilfrid Hyde-White. A major shortcoming in Skullduggery is the lame and ineffective make-up used to give the Tropi their strange hairy appearance. Rather than making the actors look like believable hominoids, the stuck-on hair merely makes them look unintentionally comical. and that's just not the right idea. We're meant to feel great sympathy for these creatures, but that's awfully hard when they look so unconvincing. Skullduggery is a failed attempt to tell a story that could have been poignant, philosophical and stimulating. The honourable intentions are there for all to see, but the end result doesn't do them justice. A worthy failure it might be but a failure nonetheless."
tt0067328,The Last Picture Show,Peter Bogdanovich,1971,118,"Drama,Romance","I gave this movie a very fair chance, and it betrayed me. This is very little more than a black and white excuse to bore the hell out of the audience even as the egotist Bogdanavich (who did way better with TARGETS) gets ""great performances"" out of a ton of hams in their debuts. Lots of teenage sex clichés come out of this movie, such as Doing the Teacher's Wife, Impotence, Doing the Ugly Prostitute(which is very awkwardly shot and grinds things to a complete halt, not that things were really going anywhere anyway) and skinny dipping.<br /><br />I suppose this movie is supposed to be funny because of all the sex nonsense, to me, it was just annoying. I was seriously much more entertained by cleaning my finger nails than watching this mess."
tt0068509,"Drive, He Said",Jack Nicholson,1971,90,"Comedy,Drama,Sport","I went to see this movie at our college theater thirty years ago because I liked Bruce Dern in Silent Running and Family Plot. To this day (sorry Jack Nicholson), it is still the dullest movie I've ever seen. It just went on and on with no discernible point and then - it just ended. The lights came up and I watched everyone looking around in confusion. Had the projectionist missed a reel? I've never had the urge to find out. All I remember about the movie is that it was a non-drama about some annoying college basketball players and their coach. The most enjoyable part of the movie was watching the totally mystified audience afterwords. Fortunately, this was just an exception for Jack, Bruce, and Karen Black."
tt0069897,Coffy,Jack Hill,1973,90,"Action,Crime,Thriller","Far from providing the caffeine kick you'd expect from a film that shares its name with the most energy-boosting of warm beverages, Coffy clunks about and never really rises above being just a ropey revenge tale. Indeed, if the movie was a cup of coffee, it'd be rather weak and watery, littered with a few undesirable dregs and lacking in a lingering aftertaste. Sporadically it hits the spot, but otherwise it isn't the hot action-drama it hopes to be.<br /><br />Plot-wise, Coffy is a nurse who takes the law into her own hands and delivers hard justice to the drug-pushing, lady-pimpin', mob-suckers that hooked her younger sister into a depraved, sick state. Socio-political commentary on the plight of urban black youths in America is prominent in Coffy, and it makes for some thought-provoking stuff as Coffy crusades against the political corruption and white establishment racism that profits and acts as a parasite off the targeted Afro-American minorities. Sadly, the timely messages are undermined by the film's poor quality and lack of focus. Coffy's ideas are important, it's just that they are not well-aimed.<br /><br />One of the plus points of Coffy is the presence of Blaxploitation icon Pam Grier. Grier goes at her role with gusto and makes for an appealing action heroine as she shotguns down the scum in her often spectacular acts of vigilante violence (how do you deal with a house full of hoods? Drive the car right through the front door!). It's just a shame that the storyline wavers on occasions, wasting time squeezing as much sexual exploitation as possible. The low budget can't have helped, but neither does the fact that for a Blaxploitation flick, Coffy lacks groove. Just as the issues are undermined by the lack of quality, consequently the entertainment and excitement are also skewered by moments of dullness and misdirection.<br /><br />The total result is workmanlike and wooden. We get a hip heroine but not a hip movie. It's a shame as Coffy has its moments and should rightly be regarded as a key film in the Blaxploitation craze; it just never ascends above being an average, lukewarm number."
tt0070795,A Thief in the Night,Donald W. Thompson,1972,69,"Drama,Fantasy,Horror","This is an interesting treatment of a subject that is quite controversial, (just read the other comments on this film). Apparently, you either love it or hate it and it seems most people make that distinction based on whether they believe the tribulation and end times will happen as portrayed in the movie.<br /><br />Basically, the film - and its sequels - were made for about $1.30 each. The production values are right down there with ""Plan 9 From Outer Space"" and the acting is about on the same level as ""Glen or Glenda"", (my apologies to Ed Wood). Putting aside the religious message, the story is as scary as they come. Add in even the slightest thought that the story might actually be close to something that might happen in the future and it becomes even scarier.<br /><br />This movie, and its sequels, didn't try to bring in the reasons why the tribulation happened when it did. ""Left Behind"" and ""The Omega Code"" tried to get in everything ""Thief"" did and to explain all the politics and maneuvering in the Middle East leading up to it. The net effect was ""Thief"" did a much better job on the scary part of movie, instead of spreading itself too thin trying to explain what was happening in the Middle East at the same time. <br /><br />Forget the politics and watch this movie, and its sequels, for what they are - horror stories. That they may be horror stories told, indirectly, by God makes them just that much more frightening. If it makes you think about the subject, it has done its job - even if you never believe."
tt0071198,The Bat People,Jerry Jameson,1974,93,"Horror,Romance","I dunno sometimes...you try and try and try to be charitable towards all the B thru Z grade movies out there, but once in a while a particular movie just tests your patience until you want to slap everyone involved. ""Bat People"" (which I saw under the title ""It Lives By Night"") is just such a movie. You can't watch this without thinking that it really should have been an episode on ""Night Gallery"", and not one of the better ones, either. <br /><br />The movie has something to do with a doctor who gets bitten by a bat and consequently starts to morph into a Were-Bat who drinks human blood. (Actually, you'd think if he was turning into a real bat, he'd be eating mosquitoes by the gallon bucket, but because this is a cheap, lurid horror movie, blood's the word.) In spite of the fact that he has grand-mal seizures at the drop of a hat, and black-out episodes almost every night, his friend and fellow physician, Dr. Mustache Aspen-Extreme, insists that he's just having an 'allergic reaction' to the rabies shots. Meanwhile, the world's most obnoxious and stereotyped county sheriff suspects the doc of being responsible for the brutal murder and exsanguination of several local girls (and one wino). Also meanwhile, the doctor's wife decides that denial IS a river in Egypt and alternately patronizes him and nags him to distraction. <br /><br />It's not so much that the acting is bad - you can tell that the actors are making professional level choices, and are trying to bring some juice and life to the script, even the guy who plays the sheriff. (Okay, it IS pretty bad, but it's bad in a clichéd, wooden, professional way). It's just that everything about the acting, the way the scenes are paced, the costumes, the dialog, the script and the story line in general sets your teeth on edge and makes you want to, well, slap everyone involved.<br /><br />I think the movie had an outside chance at being a spooky, unsettling little cult favorite, BUT:<br /><br />1)The director needed to beat Michael Pataki, an experienced character actor, with a chair until Pataki agreed to ACT, and not just channel Dennis Weaver. <br /><br />2)He also needed to find a script that made a little more sense with regard to the whole ""Bat Bites Human, Who Then Turns Into A Bat"" scenario. <br /><br />3) He also needed the actor who played the doctor to find a little more physically believable bit of stage business for his 'episodes', instead of resorting to ""Man Has A Seizure"" page from the Little Golden Book of Clichéd Acting Mannerisms. <br /><br />4) He needed to rework the whole 'wife' character, make her both more intelligent, less shrill and waaaaay more observant. <br /><br />I would never voluntarily watch this film again, except with the help of Mike and the Bots. It's bad, but it isn't bad in a silly, humorous or interesting way. Still better than ""Battlefield Earth"" or ""Waterworld"", though."
tt0072752,The Beast,Walerian Borowczyk,1975,98,"Drama,Fantasy,Horror","Walerian Borowczyks La Bete (1975) was obviously received in different ways: Some were appalled, some were shocked others applauded the courage. I however am completely untouched, bored and cannot stop asking myself why the display of incoherent, inconsistent images which vaguely orbit around a central theme are considered an intellectual journey.<br /><br />What was this movie actually about? Growing sexuality in a woman? I've seen great films on this subject, but this is not one of them. How can one attempt to portray a growing sexuality in a girl without at least trying to characterize her as a person not only as a narrative device to dream (in the nude) of beasts. Where there are no characters, there is no character study. The woman persecuted by the beast was not adolescent, the girl having sex with the black butler (is he also characterized as a beast?) has a very grown up attitude to sexuality, so where is the consistency? Is it a movie about religion? If yes we would need a bit more thematic material than a priest without function, character and charisma, but with a strong desire towards two young boys.<br /><br />Is it about bestiality? The metaphoric feel of the movie forbids any realistic examination of bestiality, especially as realistic examination requires realistic characters. So no real bestiality here. Some mythic beast and two priests talking to each other about the sin of bestiality. Enough for a college essay on the topic? I don't think so.<br /><br />Is it about sex? Is it about anything? I don't know. I only know that showing a fired gun doesn't make a film a war movie. Dealing with a topic must mean more than displaying its own associations with the theme.<br /><br />So look across the controversy. Don't be scared by the bestiality, nudity, ejaculations, masturbation and stuff. I am not. Look at it as you look at any other story and you might discover that this is a poorly made, poorly edited, poorly acted, really poorly written (okay, some pictures are quite nice, and the main character is a really good looking girl) cerebral masturbation of a director who thinks beating around the bush in a hypnotic slow manner will make a story intelligent. It doesn't. It makes it boring."
tt0075265,A Star Is Born,Frank Pierson,1976,139,"Drama,Music,Romance","Really an amazing pile of pap! <br /><br />A predictable, slow moving, soul destroying, mind numbing movie to which, slitting your own wrists with a rusty bread knife seems... well, almost necessary.<br /><br />The acting is over done for the thin dialogue, every scene is at least twice as long as it needs to be, the intricate details of how this career is collapsing or that career is rising is just far too dreary and mundane for words. The music would be good if you didn't have to sit through the movie, but really, three good songs is not enough reward for the effort required to watch the movie.<br /><br />Watching this film I prayed to God for narcolepsy or for someone to shoot me.<br /><br />Never, ever, ever again."
tt0076504,Orca,Michael Anderson,1977,92,"Adventure,Drama,Horror","Many have stated that Orca  Killer Whale is a Jaws rip-off. This is not really true, though the enormous commercial success of Jaws undoubtedly made these man .vs. beast stories more attractive propositions for film-makers in the second half of the '70s. Orca  Killer Whale would be better described as a modern-day retread of Moby Dick. It's a story about obsession. On one hand a whale's obsessive quest to avenge the death of its mate; on the other a bounty hunter's obsessive quest to kill the whale before it can claim any more lives. Sadly, Orca- Killer Whale emerges a very disappointing film, its fundamentally interesting ideas somewhat ruined by hammy performances and preposterous plotting.<br /><br />Shark hunter Nolan (Richard Harris) encounters a marine-life researcher Rachel Bedford (Charlotte Rampling) diving off the Atlantic coast of Canada. Their meeting almost ends in disaster when Rachel's team are attacked by a Great White Shark, but a Killer Whale arrives in the nick of time to stop the shark. After this, Nolan becomes increasingly obsessed with capturing a Killer Whale and selling it to an aquarium. But his plans backfire when he accidentally kills a pregnant female of the species while the distraught male looks on. Rachel tells Nolan that a Killer Whale is an incredibly intelligent mammal with a strong memory and feelings just like a human. Worse still, native Umilak (Will Sampson) warns him that the whale will always remember its grief and do everything it can to have revenge. Nolan initially tries to forget about the whole regrettable incident, but the whale causes havoc in the fishing town and the disgruntled locals begin to demand that Nolan puts to sea to track it down and destroy it. Eventually Nolan is forced to pursue the Killer Whale the hunt leads all the way to the desolate ice floes of the Arctic Ocean, where man and beast play out their final fatal battle against each other.<br /><br />Two things stand out in this film. One is the haunting score by Ennio Morricone (perhaps the greatest composer of film music of all-time, his talents wasted on various tenth-rate clunkers during the 70s and 80s). The other is the amazing widescreen photography of Ted Moore, which makes the film consistently pleasing to the eye. In every other department, Orca  Killer Whale is a shoddy film that does nothing to enhance the reputation of its talented cast and crew. Harris appears extremely ill throughout the film, his hair bedraggled, black rings around his eyes and skin deathly pale. His performance lacks the usual vitality. Rampling strikes a lot of sexy poses but fails to convince with her long-winded and ill-informed explanations about the ways of whales. The rest of the actors are wasted in brief and undeveloped roles, the most memorable of which sees Bo Derek getting her leg bitten off by the vengeful whale. The plot is total nonsense from start to finish, with such preposterous sequences as the whale deliberately starting a fire in the fishing village that engulfs and destroys the local refinery! Although it's credible to suppose that whales are intelligent creatures with genuine emotions, the idea that a whale could plot revenge against a single human adversary and carry it out so calculatedly is utterly absurd. Orca  Killer Whale is really one for completists of the man .vs. beast cycle from the late 70s. Most will come away from the film shaking their heads in disbelief and grinding their teeth with despair."
tt0076794,Tail Gunner Joe,Jud Taylor,1977,145,"Biography,Drama,History","The title says it all. ""Tail Gunner Joe"" was a tag given to the Senator which relied upon the ignorance of the public about World War II aircraft. The rear facing moving guns relied upon a latch that would prevent the rear gunner from shooting off the tail of the airplane by preventing the gun from firing when it pointed at the tail. When the Senator was practicing on the ground one day, he succeeded in shooting off the tail of the airplane. He couldn't have done that if the gun had been properly aligned. The gunnery officer responsible for that admitted, in public, before a camera, that he was responsible -- he had made the error, not the Senator. The fact that the film did not report that fact, shows how one-sided it is. This film was designed to do one thing, destroy the reputation of a complex person.<br /><br />A much better program was the PBS special done on him. He was a hard working, intelligent, ambitious politician who overcame extraordinary disadvantages to rise to extraordinary heights. He made some mistakes, some serious mistakes, but shooting the tail off an airplane was not one of them.<br /><br />The popularity of this film is due to the fact that the public likes simple stories, one=sided stories, so that they don't have to think."
tt0077372,Corvette Summer,Matthew Robbins,1978,105,"Adventure,Comedy","Mark Hamill should have felt mighty embarrassed with CORVETTE SUMMER! This time, he uses a new kind of ""force"" to regain the possession of his dream machine, a bright red 'Vette. It looks like another sour teen-age flick the first half-hour and does a U-turn in heading for the wrong direction. The writing and directing jobs are dreadfully done, with a few scenes you can't hardly take. You're expecting this to happen anyway, and you're also sniffing the smell of late-70s hodgepodge. Only a former newcomer like Annie Potts would easily steal the show and save this poor movie from the repo creeps! Her impractical but delightful personality holds on to your interest for good, and this is the finest chance to see her in a swimsuit. Hooray for Annie! Sorry, Mark! I guess the Force wasn't with you this time around."
tt0078159,Return to Boggy Creek,Tom Moore,1977,85,"Adventure,Drama,Family","Has to be one of the worst wastes of 35mm movie film ever unleashed on the public, the sequel to the at least entertaining pseudo-documentary original film ""The Legend of Boggy Creek"". Bad script, worse acting, etc., etc., Dawn Wells had to be hoping that Gilligan would come rescue her and take her back to the island just to escape from this piece of clap-trap."
tt0080139,Winter Kills,William Richert,1979,97,"Comedy,Drama,Mystery","Ah WINTER KILLS , based on the novel by Richard Condon which deals with a conspiracy that killed the president of the United States 20 years ago . I knew Condon also wrote THE MANCHURIAN CANDIDATE which dealt with a similar theme and was looking forward to seeing an intelligent thriller<br /><br />WINTER KILLS left me cold . It's not a thriller - It's a piece of worthless crap , possibly the worst movie I've seen this month and boy have I seen a lot of bad movies in June . The problem lies in both the direction and the script and seeing as William Richert was responsible for both then he should be blamed entirely for this unfunny farce <br /><br />There's two things wrong with this movie . First off is the way everything is presented in a totally over the top manner . It's not as OTT as say something like that James Bond movie with David Niven and Peter Sellers but everything has a farcial edge to it with actors completely mugging their performances . This might have been justified if there was entertainment value to the movie but there's none . As a satire it's very silly , so silly that it becomes almost unwatchable . Secondly the scenes seem to have been cut so much that they're rendered senseless . Take for example a scene where the hero is confronting a loopy militia leader called Dawson . Dawson tells the hero he has 30 seconds start then it cuts to the hero being on board a plane . The scenes begin and end with no rhyme nor reason<br /><br />A dire movie that's an ordeal to sit through"
tt0080731,The Fiendish Plot of Dr. Fu Manchu,"Piers Haggard, Peter Sellers",1980,100,"Comedy,Crime,Fantasy","Even if one didn't realize that Sellers was in poor health at the time of filming and passed away before the film's release, THE FIENDISH PLOT OF DR. FU MANCHU would be painful viewing. It is supposedly a lampoon of Sax Rohmer's famous Oriental villain but it lacks any focus. The potential for satirical commentary on the anti-Oriental overtones of Rohmer's concept are ignored. Indeed, the movie employs racist insults. There are hardly any actual jokes or gags, just mostly actors behaving idiotically and spouting dreary lines. It is especially distressing to see Sid Caesar forced to spout curses and racial slurs for attempted laughs. Most of the other actors embarrass themselves as well.<br /><br />And then there's Peter Sellers. He plays the dual roles of the sinister Fu Manchu, who is trying to concoct a formula to regain his youth and his stalwart British foe Nayland Smith. Sellers isn't one hundred per cent bad; he conveys a quirky warmth as Smith when he discusses his fetishistic attachment to his lawn mower and he's oddly moving as Manchu when he expresses his love for English music hall entertainment. But most of the time, he plays both roles with a weary grimness, thus further sabotaging any comical possibilities. Sellers' routines where he revitalizes his fading strength with electric shocks are particularly excruciating; he seems too convincingly agonized to be funny. <br /><br />A few genuinely witty lines, an apt slapstick bit by Burt Kwouk (Cato in the PINK PANTHER films) as one of Manchu's minions, and Helen Mirren's amusing musical numbers cannot salvage this mess. If anyone wants to understand why Peter Sellers is considered a comedic genius, they won't learn anything from THE FIENDISH PLOT OF DR. FU MANCHU."
tt0084021,Grease 2,Patricia Birch,1982,115,"Comedy,Music,Musical","The tenuous connection between this film and the first Grease is established right at the beginning of the film when Didi Conn one of four cast members repeating their roles approaches young Maxwell Caulfield who is a British exchange student. Although in the previous film Olivia Newton St. John's foreign speech pattern is not explained, it's explained here Caulfield is her cousin. What's Conn still doing in school, I guess she just likes hanging around Rydell High even though now she's a beautician.<br /><br />Caulfield's a smart kid, so of course the hood types led by Adrian Zmed have him labeled as a nerd. And that's especially bad when Zmed's girl friend decides she likes Caulfield. But being a nerd just isn't going to cut it.<br /><br />That's when Caulfield decides to put on a modern day Zorro act. He gets a junked bicycle and puts it back together and teaches himself to ride. He gets himself a leather biker outfit with a set of goggles to hide his face. If getting Michelle Pheiffer is not in the cards, Caulfield won't have any trouble making friends at any gay male leather bar the way he's outfitted.<br /><br />Grease 2 introduced Michelle Pheiffer and Maxwell Caulfield and started them on the successful career paths both have enjoyed. If you saw the first Grease film, a much better film, than you definitely have an idea how this film will turn out.<br /><br />In addition to Conn, Eve Arden, Sid Caesar, and Dody Goodman, all faculty members from the original Grease return in their roles. The music score isn't remotely as good as the songs that come from the original.<br /><br />It's not that Grease 2 is bad, it's just not all that great."
tt0087127,Deathstalker,James Sbardellati,1983,80,"Action,Adventure,Fantasy","I don't recall walking out of a movie theater except this once. Not only that, but I was with 7 friends, and we all wanted to go. An uninteresting plot, characters made of clay, violence with no point. I didn't care when the good guys died; I didn't care when the bad guys got it. The fantasy and magic was laid on thick as liver pudding and there was no coherency. In short, fine entertainment if you happen to be spending an eternity in Hell."
tt0087499,"The Jerk, Too",Michael Schultz,1984,95,Comedy,"You can never have seen either film and still know that The Jerk Too is a disaster. The question is not, ""How did it get made,"" because if you throw money at anyone and tell them to make a film, they will do so.<br /><br />No. The question is ""Why, oh why, did Steve Martin allow it to be made?"" I think he needed the money to fight a nuisance lawsuit and was determined it not cost him anything. He knew the sequel was going to be so frightful, that out of pride, he wouldn't even count it's royalties as income. <br /><br />The only way this sequel could not be an embarrassment is to have had Carl Gottlieb and Steve Martin revive the nation's favorite poor black family.<br /><br />And ""dcreasy2001"" (aka Mark Blankfield?): It's just transparently obvious that you worked on this film in some sad capacity, and the only way you can feel better about your involvement is to be the sequel's lone cheerleader as an IMDb user comment. I was praying for you to veer over into satire, but alas, you were really making an effort at spin. Why not 10 stars?"
tt0088729,The Annihilators,Charles E. Sellier Jr.,1985,84,"Action,Crime,Drama","Becky Harris plays the female shopper whose misfortune it is to be in the store at the wrong time and obviously ONLY purpose to be in this film is to supply a reason to wear out remote controls! Miss Harris seems to me to be in her fifties or older when she first comes on the scene. Once the red haired thug is done with her it becomes apparent that this is no AARP queen. If these are not some of the finest assets ever displayed on celluloid, I want someone to clue me in. Absolutely breathtaking in my opinion and I literally wore out my VHS copy capturing her charms. I would like to know if this movie is available on DVD.<br /><br />The rest of this movie really is not worthy of mention. I was hoping to see something fairly convincing and intelligent, however I was disappointed on both counts. God Bless Becky Harris!"
tt0089308,Howling II: ... Your Sister Is a Werewolf,Philippe Mora,1985,91,"Horror,Thriller","to be honest, i didn't watch all of the original 'howling', but those scenes i saw made it obvious that the first howling was a great movie. so great, that seven horrible sequels had to be made. they started off with ""Howling II: Your Sister Is A Werewolf"". i got this movie on VHS from my uncle sometime ago when he was giving away a bunch of old movies he bought back when Atari was brand new. i just watched it last night, and it wasn't really BAD, it was just weird. i mean, the whole thing with Sybil Danning going three-way with two of her werewolf minions was just out of place and quite disturbing (but kinda hot), Christopher lee about to stab a dead karen as if she's a vampire, etc. actually, this movie was actually like some sort of mish-mash of Dracula and The Lost Boys...except with werewolves, because everything Christopher Lee (whom played Dracula himself) was saying about werewolves pretty much ripped off from every other vampire movie (stake in the heart, garlic, the creature of the night must die AT NIGHT, and the ruler of werewolves lives in TRANSYLVANIA). not much for the acting, but the worst of it came from Annie McEnroe. i swear, at some point in the film i found myself rooting for the werewolves to rip her throat out, because that damn throat always had to say SOMETHING. Anyway, the plot is pretty silly and clichéd, so there's no real point in telling you, you could just read about it on Wikipedia. By the way, the thing that really makes me nauseous about this movie is the fact that it's the ONLY film out of all the seven sequels thats related in any way to the original (not counting Howling IV (1988), which was a remake of the original, or in other words, a sequel based on the same novel). so don't see this movie. there's no real horror, hardly any werewolves, and just horrible special fx. 3/10"
tt0089880,Rambo: First Blood Part II,George P. Cosmatos,1985,96,"Action,Adventure,Thriller","The ghost of the Vietnam war has haunted the American psyche for thirty years now. If not because of the fact that tens of thousands of American soldiers went MIA in Vietnam, or the manner in which those who returned were treated, then because it was the first war that America could be said to have lost. Many men came home from the war a shadow of their former selves, and the original First Blood managed to provide a small insight into their problems as they attempted to rotate back into the world, as the saying goes. First Blood Part II, on the other hand, is little more than a fist-pumping mess that goes to illustrate how sore America can be, both in victory and defeat. Stallone puts in another sluggish performance as the titular Special Forces commando, while Richard Crenna attempts to hold up the serious actor quotient. Where it all comes undone is in the script, which didn't do any better when it was called Missing In Action and starred Chuck Norris. What little semblance of logic there was in the original is now gone, as the filmmakers decide to paint a big S on Rambo's massive chest.<br /><br />The film picks up a little while after the end of First Blood. The film, that is - the novel didn't allow for the possibility of sequels. In this mediocre follow-up, Rambo has been put to work at what appears to be some sort of open-air mine. As he is breaking rocks and working up a sweat, a prison guard pulls him away to go and have a chat with Colonel Trautman, who advises him that his government is willing to offer him an early release if he goes on a covert mission. Rambo, never one to back down from a hard day's violent work, accepts, and is promptly shipped off to a covert base in what appears to be Cambodia or Thailand (I forget which). From there, he is commissioned to seek out a camp where American MIAs are supposedly being held, and photograph them. His mission quite clearly specifies that he is not to make any attempt to secure their release. Rambo being Rambo, however, has other ideas in spite of their possible political implications.<br /><br />Of course, things go somewhat awry when it turns out that the people commissioning Rambo's work have more interest in making sure no American MIAs are found. It is the age-old conspiracy theory, and makes no apologies for exploiting the plight of many an American family that was left without a son during the ten years that the official Vietnam war had been raging for. Of course, with the Jingoism that was inherent in American society during the 1980s, they could not help but work in a plot tangent about the Vietnamese army being in bed with what appears to be a single battalion of Russians. Together, the two antagonists attempt to extract what information they can from Rambo, but it backfires upon them in an orgy of bullets, arrows, rockets, and destruction. About the only thing missing is the moment when Rambo drinks from a grail-like chalice and declares himself invincible.<br /><br />To be honest, First Blood Part II is a well-photographed, and well-choreographed, action spectacle. The hand-to-hand combat with the larger Russian commander is one of the few battles in the film that has any dramatic tension whatsoever. The rest is simply a case of the lead actor and the director building a fantasy for Americans to pump their fist to. Fortunately, this fad of America über alles action films soon died down when more introspective and intelligent war films such as Platoon began doing the rounds. Some of the kills shown here are quite creative, despite all the problems. The Vietnamese commander meets an end that many an action film villain would envy. The Russian commander bites it in a manner that is as spectacular as it is ridiculous. Only in a 1980s action film would one see a LAW being used from inside a helicopter. Sure, there have been action film clichés rooted in contradictions of fact, but never this ridiculous before.<br /><br />I gave Rambo: First Blood Part II a one out of ten. It is so bad it is ridiculous, and so ridiculous that it is often funny. One doesn't even need to have served in the military to know how stupid some of the action sequences are. The only risk it takes is in trying to make a stupid political statement with what is a heartbreaking subject for those directly involved. Keep the tongue firmly in the cheek, and it might be watchable."
tt0090523,At the Movies with Ebert & Roeper,"Don DuPree, Jim Murphy, Don Voigt, Michael B. Wall",1986,30,Talk-Show,"Siskel & Ebert were terrific on this show whether you agreed with them or not because of the genuine conflict their separate professional opinions generated. Roeper took this show down a notch or two because he wasn't really a film critic and because he substituted snide for opinionated. Now, when Ben Lyons comes on I feel like I'm watching ""Teen News"" -- you know, that kids' news show, hosted by kids for kids? Manckiewitz is not much better. It's obvious they've encountered only a steady diet of mainstream films their entire lives. The idea that these two rank amateurs have anything of interest or consequence to say about motion pictures is ludicrous. If they are reviewing a non-formula film, they are completely lost. Show them something original and intelligent -- they just find it ""confusing"". Wait -- I think I get it ... ABC is owned by Disney ... Disney makes movies for kids. While Siskel, Ebert, and Roper promoted independent films and were only hit-or-miss with the big budget studio productions -- what a surprise: these two guys LOVE the big studio schlock and only manage to tolerate a few indies. Plus everyone knows the age group TV advertisers are aiming for. The blatant nepotism is the icing on the cake. In what alternate universe do these guys qualify as film critics?"
tt0090567,52 Pick-Up,John Frankenheimer,1986,110,"Crime,Drama,Thriller","The film ""52 Pick Up"" simply does not work. See it if you are at all interested in Elmore Leonard or John Frankenheimer, or anyone in the terrific cast, especially John Glover who's admittedly brilliant. But the book--a slow-burning, noir thriller with lots of pulp--should have translated into an Oscar-contending film instead of this dud that couldn't figure out whether it should faithfully portray the hard-boiled, gritty crime story of the book, or opt for a 1980s Schwarzenegger shoot-em-up spree. Shifting the scene from the original locale in the book, Detroit (an area where Leonard has resided for years and knows very well), to Los Angeles makes for a substantial problem that Leonard tries to fix in his script, but ultimately can't. It was, for example, a clever device making Mitchell's wife a City Councilwoman (she had no job in the book), if you think about it: that's the only way you could ever plausibly blackmail someone in a sex-crazed city like 1980s Los Angeles for adultery, or any type of potential sex scandal. Even then, it's more plausible in a more conservative Eastern state like Michigan to believe that a) its tiny porno ""industry"" is a sleazy, money-grubbing hell where three losers could desperately set up a not-so-stupid upper-middle-class fellow going through a mid-life crisis, and b) adultery alone might be something you could blackmail someone with, if their upstanding careers and old-fashioned wives couldn't handle the shock. As consultant Ron Jeremy will tell you, 1980s Los Angeles was a colorful, stylish porno Mecca, more like the movie ""Boogie Nights"" than Leonard's dark, shadowy world of hijacked tourist buses, grimy apartments, and drug deals in depressed urban squalor. Then again, Los Angeles could be the backdrop of such a tale if one arranged the scenery more carefully--there are still plenty of dark crannies and psychopaths there. Unfortunately, Roy Scheider's Harry Mitchell comes off in the film as a sexy, handsome Uebermensch dancing through his problems without even working up a sweat. In the book he was fending off a jerk union official while struggling with a business that was failing. He also had a skeleton in the closet during the war involving friendly fire that he was responsible for, but never appeared to come to grips with. Elmore Leonard's stories usually have a central image involving a bizarre civility between criminal and law-abiding citizen. Here, Harry Mitchell sitting in his office with his blackmailer, Alan Raimy, turning over his financial books to him and negotiating a more practical ransom, makes for such a central image. Glover's blackmailer plays the scene with convincing intelligence, but Scheider portrays the victim here as a cocky ""good guy,"" in charge of the situation as if he were more a Rambo with an M-16 than the everyman barely staying afloat as his world crumbles around him. ""52 Pick Up"" ends with one of the worst throwaway conclusions ever, considering all the thought that went into the original story and then the film. Trapping Raimy inside Mitchell's Jaguar and blowing him up with marching band music blasting out along with a sadistic monologue by Mitchell, plays to an audience wanting the ""sweet revenge"" conclusion of a Chuck Norris movie, not the intelligent balanced world of Leonard's book, where Mitchell barely escapes in the end and the conflict between good and evil could easily go either way. I left the theater shaking my head and depressed. What a waste of talent."
tt0091065,Teenage Dream,Paul Lynch,1986,90,"Drama,Romance,Sport","I only today, picked this up at the 99 cents only store today, and I still think I got ripped off. ""Dream to Believe"" is a pretty boring and unrealistic gymnastics drama and $1 is just too freakin' expensive for this. This film is probably only notable for 2 things: 1. It has a young Keanu Reeves. And 2. It's directed by Paul Lynch, the man who also did Promo Night. Now onto the movie. <br /><br />It's about a girl named Robin (Played by Olivia D'Abo) who is badly injured from a car accident that also cost her father's life. So the accident prevents her from competing in gymnastic tournaments, she is often picked on during her classes and eventually she meets some wild kid named Tommy (Played by Keanu.) Robin, when not in training, works part-time, along with her mother and stepsister, at a Laundromat owned by her abusive stepfather. Eventually she is chosen to compete. <br /><br />Overall, Keanu alone and some catchy 80s tunes are what prevent me from giving this 1 star, and it's also not one of the worst movies ever, but still far from good. The DVD itself is not getting any medals either as it appears to be sourced from an old VHS and towards the end, the sound goes out of sync and when the end credits are almost over, it fades to black, even though sound can still be heard. So this can probably be passed as a bootleg. The DVD artwork makes no sense either as it has what appears to be recent photos of Keanu and Olivia and the background has nothing to do with the movie, as it's also not in the movie itself, so the cover's obviously photoshopped. In any case, avoid at all costs, unless you're a Keanu fanatic. I probably won't be hanging to it any longer. I'm probably gonna give it to The Cinema Snob, who's a great YT critic btw. Hey, if any of you have any crappy movies that they no longer want in their sight, feel free to donate to him to keep his show running."
tt0091859,"Rita, Sue and Bob Too",Alan Clarke,1987,89,"Comedy,Drama","I can just about understand why some people might wish to stress this film's link with the Eighties but I really wouldn't say it's an accurate depiction of most peoples' lives in that era - even on the poorest Bradford estates. It is however typical of the blunt agitprop rubbish the dear old Royal Court Theatre was churning out at that time. Plenty of 'right-on' artistry for small, small audiences but enough well-connected backslapping to ensure future commissions for turgid playrights. IThe simple fact is that if you want to reflect upon truer common experience you'll find millions more nodding in knowing agreement to love and live as depicted in 'Gregory's Girl'. <br /><br />I would be tempted to call this a 'kitchen sink' drama but that would be doing a great disservice to the plumbing industry. However, as far as having a decent script is concerned, this film is indeed all washed up. For some reason it has accrued an odd following amongst Guardian reading film-goers - I can only assume they get a visual frisson out of pretending to slum it. Steer clear my friends. It is a poor film with a poor script that likes to think it is breaking boundaries by adding humorous insights into grim life on the estates. it isn't..but it is grim. Do the washing up instead."
tt0093176,Hello Mary Lou: Prom Night II,Bruce Pittman,1987,97,"Horror,Thriller","Prom Night 2 is an OK horror movie but prom night is way better and this movies about how the prom Queen Mary Lou in 1957 gets killed by her boyfriend and comes back 30 years later for revenge.The best actor in this movie is Micheal Ironside and the movie stars other OK actors and actress like Justin Louis (I),Wendy Lyon,Lisa Schrage and Richard Monette(I).And there are some good gore scenes like when Mary Lou kills the girl that is trying to hide in her locker by crushing the lockers together and how one of the students are on the computer and Mary Lou electrocutes him to death.Over all this is an OK/good horror movie and my rating is 4 out of 10."
tt0093629,A Nightmare on Elm Street 3: Dream Warriors,Chuck Russell,1987,96,"Fantasy,Horror","what kind of sh*t is this? Power rangers vs Freddy? It was watchable and as good as the first film in the beginning but from the part where the protagonists get super powers in theirs dreams, it started to become childish. This sh*t should have been rated PG or PG-13 rather than R. I expected to see some very mature stuff but it was only for the 1/3 of the film. The rest are for little kids. Plus it's focused too much on Christianity. I know Freddy's a demon but there are many religions that have different ways to fight demons. Why does it always have to be Christianity? This is total Orientalism and filled with white men/westerner's superiority. Don't' watch this, show it to little kids who loves power rangers."
tt0095775,The Ogre,Lamberto Bava,1988,94,"Drama,Horror,Mystery","(aka: DEMONS III)<br /><br />Made for Italian TV although shot in English and was never meant to be a sequel to the earlier DEMONS films. It was supposed to be simply titled, THE OGRE, which is how director Lamberto Bava had released it.<br /><br />An American family rents an Italian villa for the summer. The woman (Virginia Bryant) has recurring dreams of herself as a little girl going down to the old wine-cellar of this villa an encountering this cocoon-like structure hanging down from the ceiling. It glows and is covered in cobwebs and has what looks like spider or insect legs hanging down from it. It drips what looks like green paint.<br /><br />Of course the husband doesn't believe any of this. The villa just is old and creaks and makes strange noises in the middle of the night and she should just ignore it.<br /><br />But then the OGRE itself appears in what looks like some kind of 16th Centaury costume with what looks like a wolf's head attached to it and it's attracted to the scent of orchids.<br /><br />The films isn't really that bad and at least the dialog is halfway intelligent without the ridiculous awkward phrases that dubbing would bring. There's no real gore other than some skeletons rotting in a basement pond that really looks like the bottom of a modern swimming pool. The OGRE itself just simply fades away after it is run over by the family's Jeep Cherokee. <br /><br />The copy of the Shriek DVD I watched was defective, with the picture going black for a few seconds about a half an hour into the film, a flaw I hope Shriek has since corrected. Extras include a short interview with Lamberto Bava where he explains how this wasn't a sequel, etc..etc...along with some trailers to other Shriek DVD releases. This is pretty standard stuff.<br /><br />3 out of 10<br /><br />"
tt0096046,Scarecrows,William Wesley,1988,83,"Action,Crime,Horror","Falls into the film category of ""Way too ridiculous in the dialogue and execution departments to be taken seriously"". Whereas Shriek If You Know What I Did Last Friday the Thirteenth or My Boyfriend's Back know they are bad, Scarecrows doesn't. Evil Dead set such a high standard for the comedic horror on a budget genre, that Scarecrows is simply out of place. <br /><br />Suspicions of inexperience are immediately at play as there are no hints of noise or vibration in the hull and cockpit of an airborne plane. The repeated display of a picture of 3 men just screams for a story arc, but nothing comes. Although the men are obviously the scarecrows, there is no explanation.<br /><br />Knowing this film is too serious for it's own good may produce some grins. I don't recall if Joe Bob Briggs ever previewed Scarecrows, but I believe that he wouldn't stoop this low. However, with an IMDb rating of over 6, there are many people that disagree."
tt0096073,The Seventh Sign,Carl Schultz,1988,97,"Drama,Fantasy,Horror","The movie confuses religious ethics and ideals so much that it fails to create coherent argument against the death penalty on any level. By presenting the lawful execution of a convicted murder as the catalyst for the apocalyptic end of mankind the movie elevates a parent killer to the status of martyr for Christ. Somehow, according to the plot, god is outraged that society has chosen to rid it's self of a fanatic who killed his own parents by starting them on fire while they slept defenselessly in their beds. Yet this same god has no indignation for the acts of the killer. The lead character, an nonreligious pregnant suicidal woman, ultimately gives her own life in a defiant but implausible attempt to unsuccessfully save this convicted killer. In other threads of the underdeveloped plot Jesus comes back as a powerless and frustrated vagabond to symbolically unleash the wrath of God. The modern lackluster incarnation of Christ not just dehumanizes him but mocks the messianic ideal of all religions as well. He is unable to affect humanity for good and unemotionally skates the edges of life waiting for mankind to destroy it's self. Meanwhile, with little help from Jesus the mentally unstable pregnant woman finds herself with the ability to reincarnate herself into her newly born soulless child which somehow saves all of mankind from the wrath of the almighty. I also interpreted that as a statement in support of abortion on some levels. This movie which attempts to weave many religious themes into a thriller fails to make any religious point that I could clearly interpret except to mock people's beliefs. It raises many questions that it never even attempts to answer. It disregards the religious values of its audience while attempting to portray an asinine version of their fulfillment. Silly"
tt0096453,Witchery,Fabrizio Laurenti,1989,95,Horror,"There are many different versions of this one floating around, so make sure you can locate one of the unrated copies, otherwise some gore and one scene of nudity might be missing. Some versions also omit most of the opening sequence and other bits here and there. The cut I saw has the on-screen title WITCHCRAFT: EVIL ENCOUNTERS and was released by Shriek Show, who maintain the original US release title WITCHERY for the DVD release. It's a nice-looking print and seems to have all of the footage, but has some cropping/aspect ratio issues. In Italy, it was released as LA CASA 4 (WITCHCRAFT). The first two LA CASA releases were actually the first two EVIL DEAD films (retitled) and the third LA CASA was another film by the same production company (Filmirage), which is best known here in America as GHOSTHOUSE. To make matters even more confusing, WITCHERY was also released elsewhere as GHOSTHOUSE 2. Except in Germany, where GHOSTHOUSE 2 is actually THE OGRE: DEMONS 3. OK, I better just shut up now. I'm starting to confuse myself!<br /><br />Regardless of the title, this is a very hit-or-miss horror effort. Some of it is good, some of it isn't. I actually was into this film for the first half or so, but toward the end it became a senseless mess. A large, vacant hotel located on an island about 50 miles from Boston is the setting, as various people get picked off one-by-one by a German- speaking witch (Hildegard Knef). Photographer Gary (David Hasselhoff), who wants to capture ""Witch Light,"" and his virginal writer girlfriend (Leslie Cumming), who is studying witchcraft, are shacking up at the hotel without permission. Along comes real estate agent Jerry (Rick Farnsworth), who's showing off the property to potential buyers Rose (Annie Ross) and Freddie (Robert Champagne) Brooks. Also tagging along are their children; pregnant grown daughter Jane (Linda Blair) and very young son Tommy (Michael Manchester), as well as oversexed architect Linda Sullivan (Catherine Hickland - Hasselhoff's wife at the time). Once everyone is inside, their boat driver is killed (hung) and the boat disappears, so they find themselves trapped and basically at the mercy of the ""Lady in Black.""<br /><br />So what can you expect to find here? Plenty of unpleasantries! One of the characters has their lips sewn shut and is then hung upside down in the fireplace and accidentally slow-roasted by the rest of the cast. There's also a crucifixion, witches eating a dead baby, a swordfish through the head, someone set on fire, a possession, a Sesame Street tape recorder, the virgin getting raped by some demon, a guys veins bulging and exploding thanks to voodoo doll pokes and some other stuff. From a technical standpoint, it's a nice-looking film with pretty good cinematography, a decent score and good gore effects. The hotel/island setting is also pretty nice. Blair (particularly at the end) and Ross both seem like they're having fun and Knef is great as the evil witch. Even though people like to ridicule Hasselhoff these days, he's not bad in his role, either.<br /><br />On the down side, despite all the gore, the film seems somewhat dull and it gets monotonous after about an hour. The supernatural themes are muddled and confusing, too. When characters are being swept into the witches lair to be tortured and killed, the filmmakers unwisely decided to superimpose the screaming actors over some silly looking red spiral vortex effect that looks supremely cheesy. And the witch lair itself is vacant and cheaply designed with unfinished lumber. And while most of the cast is at least decent, a few of the performances (particularly the ""actress"" who plays Hasselhoff's girlfriend and the kid) are so bad they're constantly distracting."
tt0096870,Going Overboard,Valerie Breiman,1989,99,Comedy,"...okay, maybe not all of it. Lured by the false promise of bikini-clad women on the movie's cover...but the HORROR...THE HORROR... ...whatever you do, do NOT watch this movie. Gouge out your eyes, repeatedly bash your skull in...do what it takes. Never again--never forget!<br /><br />"
tt0097029,Catch Me If You Can,Stephen Sommers,1989,106,"Action,Comedy,Drama","Wow! I remember so many awful films that loosely revolved around high school from the early 1980s. They usually had someincredibly strained plot and lots of 27 year old actors pretending to be students. As I watched this film I felt a little of the nostalgia of growing up in the 1980s. However, then I find out that this film was made in 1989? Say what! Well, the nostalgia factor ends right there, this is just bad. The plot has the city preparing to close a high school and threatening to bus all of the students to inner city high schools. Which is odd, in that the students at this school are both wealthy and abundant. In fact, the main character lives in a mansion. Makes you wonder how they cannot find money to keep this school alive, have they never heard of property taxes. Oh, but here is the kicker. The school board says that they will keep the school alive, if the students can raise $200,000. So the seniors go about doing this. Hmmm, you raise $200,000 but instead of saving that for college, you put it towards saving the high school that you are a Senior in? And why exactly would they close an overpopulated school before the year is out? And...ahh forget it, this film was stupid and made in 1989!?"
tt0097635,Jesus of Montreal,Denys Arcand,1989,120,"Drama,Romance","This film really disappointed me. The acting is atrocious. Unbelievable. And it's about actors. The story is incredibly obvious: A group of independent actors stage a Passion Play and, in turn, they start to live out the lives of the characters they play. I've been watching a lot of movies lately, thanks to Netflix, and this is the first one I haven't watched all the way through in a long time. I felt I didn't need to see the end; we all know the end of this story.<br /><br />For some, it seems, this ""modernization"" of the Gospels is either sacrilegious or enlightening. I cannot speak to any of this as I wasn't raised in the Christian church. That being said, I was raised in the US and I live in an increasingly Christian culture. I'm curious enough about Jesus and about the modernization of the religion, for better or worse. I haven't seen Mel Gibson's version, but I'm guessing that those who liked that one will like this, except for the most conservative. I just wish this was a better film.<br /><br />Lots of these reviews praise Arcand's direction and especially the cinematography. I liked neither. The film itself is rather prudish and preachy. I didn't believe the characters' personae and I was never involved with their on screen lives. The play within the play is very much dated and would not, I think, carry it's own weight in a real time production. But that's beside the point. What I really needed for this to work would have been stronger development of the characters and the plot to support the philosophical and theological questions the film would like to be about. And the musical choices are obvious and unoriginal.<br /><br />There were two examples of this that come easily to mind. Firstly, there is a reenactment of the parable of Jesus driving the money lenders from the temple: the lead actor, who has fallen for the woman who will play Magdalene and who is also a model and dancer, becomes enraged that she must debase herself by auditioning for a commercial (with a wicked producer and plenty of panting men in the audience) with her pants off. He trashes the place and chases them all out. I guess this is the level that the film wishes to reach. The romance between these two is entirely arbitrary and not at all emotionally realized and the scene is played out like a high-school rendering of Death of a Salesman, i.e., not well. Please stop hitting me over the head with this high-handed ""significance."" The other is the relationship between the other female lead and the priest who has asked them to do the play and who, eventually, turns against them and betrays them to the nowadays-corrupt Church. Why. Why does she sleep with this guy. ""It brings him so much pleasure and me so little pain."" Ah, the saintly whore and the lovable old coot. It seems to be just enough for Arcand to signify but not worth the trouble to enrich and enliven these characters. They are going through the motions and I'm reaching for the eject button.<br /><br />Feel free to write me off as bored, jaded or just not interested. Feel free to watch this movie and see the Passion, in all its beauty, sadness and inspiration, delivered as an amateurish and gimmicky charade. Feel free to have all your preconceived ideas affirmed and see any shred of artistic integrity forsaken for monotonous drivel. But don't say I didn't warn you."
tt0098084,Pet Sematary,Mary Lambert,1989,103,"Fantasy,Horror,Thriller","Stephen King adaptation (scripted by King himself) in which a young family, newcomers to rural Maine, find out about the pet cemetery close to their home. The father (Dale Midkiff) then finds out about the Micmac burial ground beyond the pet cemetery that has powers of resurrection - only of course anything buried there comes back not quite RIGHT.<br /><br />Below average ""horror"" picture starts out clumsy, insulting, and inept, and continues that way for a while, with the absolute worst element being Midkiff's worthless performance. It gets a little better toward the end, with genuinely disturbing finale. In point of fact, the whole movie is really disturbing, which is why I can't completely dismiss it - at least it has SOMETHING to make it memorable. Decent supporting performances by Fred Gwynne, as the wise old aged neighbor, and Brad Greenquist, as the disfigured spirit Victor Pascow are not enough to really redeem film.<br /><br />King has his usual cameo as the minister.<br /><br />Followed by a sequel also directed by Mary Lambert (is it any wonder that she's had no mainstream film work since?).<br /><br />4/10"
tt0098525,True Blood,Frank Kerr,1989,100,"Action,Drama","This movie is like the material S.E. Hinton was writing in the 1970s and Copola was adapting to the screen in the early 80s, and, had Trueblood actually been a product of either, the results might've been much better (especially in the acting department). Instead, we get a rather so-bad-its-funny piece of mediocrity.<br /><br />Jeff Fahey plays Ray Trueblood, a former street rumbler, I suppose is the accurate description. This was in the days of action movies that used guys in their 40s and mid30s and dressed them up in greaser threads or some kind of more effeminate selection of gang garb and they fought to lousy 80s music. Nonetheless, Ray is the lone caretaker of his younger brother, Donny (Chad Lowe in a part where he screams a lot), who he is forced to leave behind inexplicably in a train station when, on the run from the cops, he is nabbed and forced to serve time in the Marines. Flash forward to present day and Ray is back in town and looking for his brother who has also become part of the street gangs, although in a gang that was Ray's adversary and now old scores must be violently settled (and again, cops must be dodged and this time, a lady's honor defended in the action film sense) before Ray can carry on life at normal pace with his brother, Donny.<br /><br />For the most part, the film is quite ridiculous. For me, most of this has to do with far too much overacting, although not by Fahey or Sherlyn Fenn who plays the waitress he befriends. The guys in the gang and Lowe himself seem to do quite a bit of needless exaggerated as New York street toughs. Although, the bigger hang up is recycled plot lines and perhaps a kind of movie that was well past its prime as a product of 1989."
tt0099260,China O'Brien,Robert Clouse,1990,86,"Action,Crime,Drama","I actually saw China O'Brien II before I ever saw the original China O'Brien. And I have to say that the first incarnation is actually worse. But: worse = funnier! And funnier = better. If you're a bad movie fan like I am, this is great material. If, however, you are looking for any sort of meaningful plot, acting ability, or movie-making skill, this is best avoided. The best part is how they filmed all the fighting sequences in stuttering fast-forward. Hilariously bad. See it for a laugh, see it for mindless entertainment, but whatever you do, see it for free on TV."
tt0102585,Omen IV: The Awakening,"Jorge Montesi, Dominique Othenin-Girard",1991,97,Horror,"If you are hoping for ANYTHING new, you have chosen the wrong movie. Who can think that a movie that is a virtual replay of it's predeccesors can be good. Maybe the producer and maybe the director but hopefully they were not serious when they made this THING. This whole movie is like making a greatest hits DVD of the 1st 3 films, but changing the actors. BHHAAAAD."
tt0105428,Sleepwalkers,Mick Garris,1992,89,"Fantasy,Horror","If you're the kind of movie-goer who enjoys original content and intelligent suspense...then look elsewhere, kids, cause Sleepwalkers really sucks. Usually I'm more eloquent than that, but...wow...this was bad. I especially love it when Charles offers Tanya a ride home, she declines, and then he is seen WALKING HOME. Where's his car?? Anyway, just don't see it, folks. I really want to be more specific, but words escape me. Cats jumping on people. A guy getting stabbed by corn. Cheesey lines up the proverbial ""wazoo"". Just don't see it. Wait, I take that back! See it for writer Stephen King's cameo as the guy who owns the graveyard. He's actually pretty good. Even with guest appearances by Mark Hamill and Ron Perlman, King gives the best performance of the film. But, other than that...wow...BAD."
tt0105699,Unlawful Entry,Jonathan Kaplan,1992,111,"Crime,Drama,Thriller","This is another typical unbelievable and non-sensical piece of Hollywood dreck.<br /><br />Kurt Russell, as Snake Pliskin in a business suit, convinces me he was a better 2nd baseman. Ray Liotta as the psychotic cop is totally predictable and absurd. Madeline Stowe is her usual cardboard self, and does little to be a convincing victim.<br /><br />Every scene in this persiflage is absolutely predictable all the way to the end when Kurt clouts Ray with a vase or something, knocking him down and out. Kurt and Madeline then do their obligatory end-of-the-movie embrace, and EVERYBODY--- except Russell and Stowe, KNOWS Liotta is going to get back up and menace the couple again.<br /><br />He does, of course, and Russell drills him 10 times with his 9mm, which was ENTIRELY unnecessary. This movie could just as well ended with the bludgeoning scene--- EXCEPT Hollywood dotes on unnecessary violence, and the more they can add, or ""enhance"", the more slobbery they get."
tt0106669,Darkness,Leif Jonker,1993,90,Horror,"<br /><br />I am a big-time horror/sci-fi fan regardless of budget, but after watching countless horror movies late night on cable and video, this has to be the worst of all movies. With bloody special effects (what looked like a roast covered in fake blood or ketchup that kept being shown over and over again) and people running around screaming from left, then to right, then back again. It should have stayed with the beginning convenience store scene and stopped there and been 15 minutes. Instead, it is dragged out very long. It is very, very x5 low budget. Many scenes were way, way too long. Narrator sounded very amateurish like a random person out of junior high was talking. This is the only movie to rate lower in my opinion than Manos, Red Zone Cuba, Benji,and Godzilla vs. megalon despite their higher budgets. 10 snoozes, try to stay awake through whole movie in one setting or better yet, avoid it like you would an undead brain-eating mob. The Why-Did-I-Ever-See-This-Piece-Of-Zombie-Dung-Blues. Epitome of nauseatingly bad made movies etc..ad infinitum. -infinity/10"
tt0107151,The House of the Spirits,Bille August,1993,145,"Drama,Romance","This movie is a good example of how to ruin a book in 109 minutes. Except for the names of the characters the movie bears very little resemblance to the book. A book full of strong Latino characters and they are represent, for the most part, by non-Latinos. There is no character development in the movie and we have no reason to love or hate the characters. And to delete a complete generation is inexcusable. Isabel Allende has written a powerful book and the book is what should be read!"
tt0108108,Sharpe's Rifles,Tom Clegg,1993,102,"Action,Adventure,Drama","Sean Bean is great, as are the photography, locations and costumes. However, the plot is somewhat muddled, and the conclusion flat. The plot has been SUBSTANTIALLY altered from Cornwell's novel, and not to the better. Unfortunately, this adventure is much better read than watched. Sharpe was too narrowly drawn here, in contrast with his literary alter ego, who seems more intelligent and determined despite his apprehension in his new role as an officer promoted from the ranks. I really enjoyed the brief scene in which Sharpe is tripped by a ""real"" officer, and after a quick pause and piercing stare, pushes the surprised and cowed officer right back. It sets the tone for his later trials as a commanding officer.<br /><br />Rating: ""4"" of ""10."""
tt0112605,Bye Bye Birdie,Gene Saks,1995,135,"Comedy,Drama,Musical","I guess I am coming late to the party. I just saw this 1995 version of Bye Bye Birdy on Sky TV. I didn't know it existed and was fully prepared to see the 1963 film version when I turned it on.<br /><br />I played Albert a long time ago and I am thinking of putting on an amateur production of the show because I remembered it as being so much fun to do. I was not impressed with this newer version. It just wasn't enough fun. It was not colorful. It lacked the exuberance of youth. The lighting was bad. No one seemed to mention this fact. This is not a moody musical, it is bright and up beat. The lighting decision was a poor creative choice.<br /><br />Bye Bye Birdy is a farce, a comedy of errors. I got no sense of that in this version. The lighting was awful and it dulled the overall performances. The dance numbers seemed anemic as well. We do have music videos these day. At least the dance numbers should have measured up to some of the best of those, or how about some of the best of Broadway. The choreographer was asleep at the wheel it seemed.<br /><br />Although all the actors were supremely talented, there were some really bad casting choices. Vanessa Williams is not Latin, and with so many talented Latin performers out there, wouldn't it have been more correct to cast one of them in the role of Rosie. Vanessa is African American, lovely and talented, but bad casting. Jason Alexander's effort was astounding, he always does intelligent work, but he just wasn't Albert. He was miscast and I think that is obvious to most people who see this version.<br /><br />The medium of film is not the medium of stage. There needs to be translation from one medium to another. The exuberance and the flash of stage musical must be TRANSLATED to film. There is no merit being faithful to a stage script when it is being filmed. The spirit, the essence of the production must be brought forth. To me the 1963 film production of Bye Bye Birdy was bright and lively, while the 1995 production was as gloomy as the lighting and as lackluster as the dance numbers. It turned out to be an unfortunate waste of effort by many really talented people."
tt0113305,Higher Learning,John Singleton,1995,128,"Crime,Drama,Thriller","MINOR SPOILERS!<br /><br />Well i just sat up late and watched this film, mainly because i enjoyed and rated some of Singleton's earlier work like ""Boyz n the hood"". However, i have to say this was a major disappointment and is everything i hate about contrived, clichéd, so-called ""message"" movies. <br /><br />The acting is mainly poor,(pop stars and models do NOT necessarily make good actors...take note), the situations hard to swallow, (rape victim becomes overnight lesbian?...please!), but worst of all it reinforces every screwed up stereotype you can think of. By the second half of the film it has become cartoon like in its characterisation, making you lose any shred of empathy you may have had for its one-dimensional players.<br /><br />Not once is any valid point made about the inherent causes of racism and cultural, sexual and political ignorance. As a result it merely ends up sensationalising the results of these problems. It's message is contradictory, resulting in a sense of confusion and a general lack of plot cohesion. As for the films conclusion i found it predictable, embarrassing, exploitative and mildly offensive. For a film called ""Higher Learning"" i have to say all i learned is to avoid seeing this ever again.<br /><br />If you want a true comment on some of the themes that this film completely fails to elaborate upon then go hire ""American History X""....unless you were just watching it for Tyra Banks then go hire a life."
tt0114057,Othello,Oliver Parker,1995,123,"Drama,Romance","Working with one of the best Shakespeare sources, this film manages to be creditable to it's source, whilst still appealing to a wider audience.<br /><br />Branagh steals the film from under Fishburne's nose, and there's a talented cast on good form."
tt0114658,Theodore Rex,Jonathan R. Betuel,1995,92,"Action,Comedy,Family","From the What Was She Thinking? file: Whoopi Goldberg plays a cop in the future who is teamed with a talking dinosaur (!) for a crime case involving a madman who wants to start another ice-age. Straight-to-tape oddity is embarrassing and ridiculous, a high-concept in search of itself. Apparently this was a labor of love for its writer-director, Jonathan Betuel (who also served as one of the producers); sadly, the end results are anemic, to be charitable. Goldberg's mere presence on-screen can often spark good will and laughter no matter how poor the script, but here she's drowning and you can see the unfunny results. NO STARS from ****"
tt0115907,City Hall,Harold Becker,1996,111,"Crime,Drama,Mystery","Admittedly, I find Al Pacino to be a guilty pleasure. He was a fine actor until Scent of a Woman, where he apparently overdosed on himself irreparably. I hoped this film, of which I'd heard almost nothing growing up, would be a nice little gem. An overlooked, ahead-of-its-time, intelligent and engaging city-political thriller. It's not.<br /><br />City Hall is a movie that clouds its plot with so many characters, names, and ""realistic"" citywide issues, that for a while you think its a plot in scope so broad and implicating, that once you find out the truth, it will blow your mind. In truth, however, these subplots and digressions result ultimately in fairly tame and very familiar urban story trademarks such as Corruption of Power, Two-Faced Politicians, Mafia with Police ties, etc. And theoretically, this setup allows for some thrilling tension, the fear that none of the characters are safe, and anything could happen! But again, it really doesn't.<br /><br />Unfortunately, the only things that happen are quite predictable, and we're left with several ""confession"" monologues, that are meant as a whole to form modern a fable of sorts, a lesson in the moral ambiguity of the ""real world"" of politics and society. But after 110 minutes of names and missing reports and a spider-web of lies and cover-ups, the audience is usually treated to a somewhat satisfying reveal. I don't think we're left with that in City Hall, and while it's a very full film, I don't find it altogether rich."
tt0115994,Curdled,Reb Braddock,1996,88,"Comedy,Crime,Thriller","Proof that not everything Tarantino touches turns to gold. This is most definitely plastic, all the way. Its easy to see that without Quentin's involvement this would have probably sat on the shelf for years, that's assuming it would have ever got produced in the first place. It is about a woman with a fascination of death who gets a job cleaning up after crime scenes, Angela Jones is unconvincing in this role, William Baldwin is better as the Serial Killer who keeps Jones in employment!. All in all pretty poor."
tt0116308,Fire,Deepa Mehta,1996,104,"Crime,Drama,Romance","Few movies have dashed expectations and upset me as much as Fire has. The movie is pretentious garbage. It does not achieve anything at an artistic level. The only thing it managed to receive is a ban in India. If only it was because of the poor quality of film making rather than the topical controversy, the ban would have been more justifiable.<br /><br />Now that I've got my distress out of my system, I am more able to analyse the movie: <br /><br />* From the onset the movie feels unreal especially when the protagonists start conversing in English. The director, of course, did not make the movie for an Indian audience; however it underestimated its international audiences by over simplifying it. Watching the character of the domestic help conversing in perfect English is too unreal to be true.<br /><br />* Next we get regular glimpses into Radha's dreams. These scenes are not very effective. They coming up as jarring and obstruct the flow of the movie. I'm still wondering how that philosophical dialogue connected to the story. I felt that the surrealism was lost.<br /><br />* The love scenes felt voyeuristic and are probably meant for audience titillation rather than being a powerful statement. In any case, they do not achieve either of the two.<br /><br />* The names chosen for the women, Radha and Sita, are names of Hindu deities and hence been selected to shock the audiences. However, since the film wasn't meant for Indian audiences in the first place, the shock-through-name-selection is not meant to achieve its goal, which is absurd.<br /><br />* The quality of direction is very poor and some key and delicate scenes have been poorly handled. A better director could have made a powerful emotional drama out of the subject.<br /><br />* The acting felt wooden although Nandita Das brought some life into the role, the others were wasted. I always thought that Shabana Azmi was a good actress but her talent is not evident in this film. The male leads were outright rubbish.<br /><br />In case you are a fan of Earth and wish to see more of the director, stay away from this one. Please."
tt0116581,The Eighth Day,Jaco Van Dormael,1996,118,"Comedy,Drama","An executive, very successful in his professional life but very unable in his familiar life, meets a boy with down syndrome, escaped from a residence . Both characters feel very alone, and the apparently less intelligent one will show to the executive the beauty of the small things in life... With this argument, the somehow Amelie-like atmosphere and the sentimental music, I didn't expect but a moralistic disgusting movie. Anyway, as there were some interesting scenes (the boy is sometimes quite a violent guy), and the interpretation of both actors, Daniel Auteil and Pasqal Duquenne, was very good, I decided to go on watching the movie. The French cinema, in general, has the ability of showing something that seems quite much to life, opposed to the more stereotyped American cinema. But, because of that, it is much more disappointing to see after the absurd ending, with the impossible death of the boy, the charming tone, the happiness of the executive's family, the cheap moral, the unbearable laughter of the daughters, the guy waving from heaven as Michael Landon... Really nasty, in my humble opinion."
tt0116762,Keys to Tulsa,Leslie Greif,1997,113,"Crime,Drama,Thriller","This is a genuinely horrible film. The plot (such as it is) is totally undecipherable. (I think it has something to do with blackmail, but I'm not entirely certain.)<br /><br />Half of the dialogue consists of useless cliches. The other half is spoken by the various actors in such unintelligible imitations of ""southern"" accents that (thankfully) the words cannot be recognized.<br /><br />But the one true tragedy of the movie is that such a historic talent as Mary Tyler Moore apparently was in such dire financial or personal circumstances that she appeared in it.<br /><br />"
tt0117283,The Pallbearer,Matt Reeves,1996,98,"Comedy,Romance",The Pallbearer is a disappointment and at times extremely boring with a love story that just doesn't work partly with the casting of Gwyneth Paltrow (Julie). Gwyneth Paltrow walks through the entire film with a confused look on her face and its hard to tell what David Schwimmer even sees in her.<br /><br />However The Pallbearer at times is funny particularly the church scene and the group scenes with his friends are a laugh but that's basically it. Watch The Pallbearer for those scenes only and fast forward the rest. Trust me you aren't missing much.
tt0117894,Thinner,Tom Holland,1996,93,"Fantasy,Horror","You'll notice that the chemist, who appears in two scenes and gets to speak, is played by Stephen King. ""Don't give up your day job"" is the standard thing to say, but that's not fair. King acquits himself reasonably well: he's no worse than any other member of the cast, and better than most. The story, on the other hand, is pure rubbish. Please, give up your day job.<br /><br />Never have I seen so many dreadful performances - of which the lead actor's (the LEAD ACTOR'S!) is probably the worst - gathered together in the one film. Everyone acts hammily, but not in any entertaining way; they all somehow manage to go over-the-top without expending, or manifesting, energy. I blame screenwriter/director Tom Holland. It can't be that ALL the actors are REALLY this bad. What are the odds against that? Admittedly, I've never heard of any of them before, but still, I don't think I could walk into a talent agency and walk out with this many bad performers if I tried: ONE actor, despite my best efforts, would turn out to have talent. So what's more likely - that Tom Holland rolled a dozen consecutive snake-eyes, or that he wrote a lousy script and then directed it poorly? That would also explain why actors are bad in direct proportion to their prominence in the script. The more direction an actor got, the worse he performed. (""You want me to bend over like a hunchback, talk from the back of my throat, show all my teeth, and look bored, all at the same time? Okay..."")<br /><br />This theory is confirmed by the fact that Holland undeniably managed to co-write a lousy script. Several writers here have commented on the fact that Billy Halleck is not a likeable character, but that's a misleading way of putting it. He's not a knowable character. All we find out about him before the supernatural stuff starts happening is that he's fat, and that all he can think about is food. (""All I can think about is food,"" he tells us, helpfully.) And in the end...<br /><br />(Sigh) I suppose I ought insert a spoiler warning here...<br /><br />In the end he becomes evil. Why? I can only shrug. Perhaps he's under some kind of enchantment. Yeah, that's probably it. By ""evil"" perhaps I mean ""inexplicable"" - it's not so much badness as a socially undesirable suspension of ordinary means-end psychology. Anyway, his actions at the end make no sense, nobody's actions make much sense, and this is despite the fact that the characters do little but explain their motivation for the benefit of the audience.<br /><br />By the way, here's my nominee for hammiest line/delivery: ""I don't think you'd like it. IN FACT..."" [big dramatic pause] ""...I don't think you'd like it at all."""
tt0117979,The Truth About Cats & Dogs,Michael Lehmann,1996,97,"Comedy,Romance","Janeane Garofalo has been very public in her displeasure about this film, calling it, among other things, anti-feminist. She has also said on her radio show she hates making ""romantic comedies"" because she doesn't believe in them. I wholeheartedly agree with Janeane here. This film is a trifle at best. She does her best, but overall, it was just another boring, unbelievable ""romantic comedy"" that has no basis in the real world. Whereas there will be some who will say ""suspend your disbelief"", one grows tired of having to suspend it nearly every time you get a romantic film from Hollywood. Janeane's character, for some reason, is usually filmed in shadows and darkness, which makes her look unattractive, while Uma's character is filmed in lighter tones (which probably displeased Janeane and is probably one of the reasons she detests this film). That really hurts the film if we are to buy the premise that Janeane is supposed to be the better looking of the two. As many have said here and on other comment threads, Janeane is not ugly, but in fact, quite beautiful. I haven't read one review where someone said Uma was better looking. Having said that though, I believe that Ben Chaplin's character would more than likely stay with Uma, not Janeane. Many men don't like really intelligent women (and many women don't like really intelligent men), and sadly, Ben probably would have stayed with Uma. And despite the director's attempt to make Janeane unattractive, it doesn't work. Her natural beauty comes through anyway.<br /><br />I think a lot of Janeane's male fans who are obsessed with her like this film because they like to think of themselves in the Ben Chaplin character, and actually scoring with Janeane. Janeane is a lot more complicated than the character she plays here (real life is always much more complex than Hollywood can imagine), so take a cold shower gentlemen. This is the role that Janeane is best known for, and that's a shame, as this really isn't that good of a film."
tt0119173,G.I. Jane,Ridley Scott,1997,125,"Action,Drama,War","This is easily the worst Ridley Scott film. Ridley Scott is a wonderful director. But this film is a black mark on his career. Demi Moore and Viggo Mortensen, both totally miscast in an overaggressive film about a girl going to the army. Very stupid. And there is never one scene that is convincing in any way. It is really not difficult to make a film such as this. Everything the crew makes could have been an idea of just anybody. The writers didn't have much inspiration either; many foolish dialogs that made no sense at all; and some brainless action. I strongly recommend to stay away from this rubbish. I hope that the many talented persons involved in this project realize this type of film does not deserve their attention, and that in the future they will work on more honorable and more intelligent movies than this useless mess."
tt0119196,The Gingerbread Man,Robert Altman,1998,114,"Crime,Mystery,Thriller","I think I've seen all of the Grisham movies now and generally they're all very poor, except for The Rainmaker, but this one is so bad it's unbelievable<br /><br />WARNING SPOILERISH<br /><br />It's one of those movies where the character does the stupid irrational things that no one would ever do. He's a lawyer for Christ's sake. Why when his children go missing does he not call the Police. Oh yes it's because all the Police hate lawyers so they're just ignore him and let him be attacked.<br /><br />When he's arrested for murder they just let him go free, he would be locked up in a cell pending a bail hearing. <br /><br />Why would you drag your kids halfway across the country when you could easily protect them at home.<br /><br />The Police don't bother to try and find an escaped mental patient, they don't bother to interview his daughter.<br /><br />As for the ridiculous ending.<br /><br />In summary, silly, very unrealistic and a complete waste of time.<br /><br />0/10  One of the worst films ever made."
tt0119303,Home Alone 3,Raja Gosnell,1997,102,"Action,Comedy,Crime","I would like to say that curiosity got the best of me. If only I saw a trailer, I'd be able to tell you the whole plot of the movie; I could have saved myself the most pointless one hour and forty minutes in my entire life, and about twenty dollars. This movie was a disaster waiting to happen, and it is an embarrassment to Hollywood.<br /><br />The movie displays a vivid ignorance of reality. For example, this kid's remote control race car goes all over the neighborhood, and even enters this house. It's even covered with clothes. Is it not rational to believe that a remote can no longer transmit a signal under those circumstances? Hollywood obviously did not believe so. Common logic and any concept of electronics dictates the opposite; I doubt the race car could even have reached the street, let alone a house across the street. Another unrealistic trait is the lack of intelligence the criminals possess. Why is it in all these movies, these criminals are rocket scientists until they encounter an eight-year old? The kid is meant to be the most intelligent person in the movie instead of professional terrorists? Please, there's more reality in The Matrix. Also, the leader puts down his real pistol and ""accidentally"" picks up a plastic pistol; apparently, he could not tell the difference. Even with a glove on, one should be able to do that. Just because they look the same does not mean anything; there is other senses then sight. The traps are unrealistic as well; if any one of them actually worked, the criminals would be dead. But, Hollywood intends for us to ""laugh"" at the ""funny"" results of the traps. I did not laugh; I sighed and rolled my eyes.<br /><br />But, I recommend this movie to anyone who thinks they have seen a really bad movie; the movie they saw will seem like Citizen Kane compared to this one. Otherwise, skip this one for the sake of your pride. Home Alone 3 also raises a question. We all know Alex D. Linz stars in the movie, but did he write it as well?"
tt0119427,Judaai,Raj Kanwar,1997,167,"Comedy,Drama,Romance","JUDAAI was a bold film by Raj Kanwar at it's time In 1997 when such a topic was damn out of the box<br /><br />To give him his credit he does succeed in showing how greed changes a person and to what extent the person can go to get what she wants<br /><br />The film however is damn melodramatic, many places ridiculous<br /><br />One wonders why Anil doesn't buy a TV for his wife? when he earns so much Just to show how poor he is?<br /><br />The twist is well handled but the handling is straight out of 80's The Johny- Paresh comedy which entertains here and there stands out as a sore thumb as it doesn't fit in the story<br /><br />Even there are several cringeworthy scenes<br /><br />Direction by Raj Kanwar is adequate though at times too melodramatic Music is okay but most songs look forced<br /><br />Anil does his part well Sridevi is excellent in her part Urmila is decent Amongst rest Kader Khan is as usual Johny Lever is funny, Paresh irritates Farida is decent"
tt0119453,A Merry War,Robert Bierman,1997,101,"Comedy,Drama,Romance","In spite of sterling work by the supporting actors, and an intelligent script by Alan Plater, this film suffers from a fatal flaw - the lack of charm of the central character/actor. One of the characters describes Richard E Grant's character as ""a whining little turd"" and unfortunately this sums him up perfectly. There is nothing about him or his performance to make it credible that his girlfriend and upper-class publisher/friend would spend so much time and emotional effort on him. He is rude, arrogant, selfish, self-destructive and thoroughly annoying. The part called for an actor who can make you love him even when he is being a prate - a Ewan McGregor, for example.<br /><br />All of the witty satire on the class system etc was wasted, thanks to this irritating and thoroughly unlikeable performance. All I wanted to do was shake him and tell him to get over himself."
tt0120430,Vanishing Point,Charles Robert Carner,1997,91,"Action,Adventure,Drama","Oh, dear lord.... They've turned what was a fairly thought provoking movie into a swaggering testosterone fest.<br /><br />The original 1971 version of this movie was beautifully vague about our hero Kowalski. He was a man trying to drive from Denver to San Fransisco to win a bet. Why was he willing to risk his life for the price of a handful of uppers? We're not really sure.<br /><br />We had a few flashbacks that gave us the picture that he was an adrenaline junkie, and presumably he had led his entire life trying to make it to the vanishing point. That point you see off in the distance where the left and right shoulders of the road come together, and the road itself vanishes. He lives only to be free, and means no ill on anyone. We saw several times when there were accidents he stopped to make sure the other driver was okay before moving on, even the cops that were chasing him.<br /><br />When he saw the futility of his quest he took his life rather than be arrested and live a life of captivity. He died like he lived, running wide open.<br /><br />In the remake Kowalski has a whole history (including a first name, even.) He's trying to get to the hospital where his wife is suffering from complications to her pregnancy. He is a devoted husband, and excited expectant father. He comes to the decision to take his life after hearing his wife died in delivery, but they even leave THAT in question when they suggest that he may have jumped out of the car before it ran into the bulldozers. They even gave the part of ""super soul,"" the blind DJ (brilliantly portrayed by Clevon Little in the original) to JASON PRIESTLY?!?!?!?!?!? Give me a break."
tt0120620,Brokedown Palace,Jonathan Kaplan,1999,100,"Drama,Mystery,Thriller","I had been looking forward to seeing this film for a long time, after seeing ""Return to Paradise,"" which I found to be gritty. I was so disappointed. The most realistic thing about it was the unpredictable ending which I think was partly stolen from ""Return to Paradise."" <br /><br />Maybe I was expecting too much. <br /><br />On the positive side Danes, Beckinsale and Pullman were fantastic in their roles. Although I didnt like Danes's character and first and found her very annoying. <br /><br />I couldnt see anything realistic about the film. It could of been done so much better, for example there could of been more emphasis on the prison conditions and the sheer horror. It was too cheery a movie to be realistic. There could also of been more action and tension<br /><br />The best thing about this film is the ""tragic"" ending. I couldnt of predicted that. But by that time I really didnt care what happened to them.<br /><br />3/10"
tt0120626,April Captains,Maria de Medeiros,2000,123,"Drama,History,War","Okay, I'm not going to critique this film in depth. I note the many elogious reviews in advance of me, and as I generally like Maria de Medeiros, I have been long hesitant to make a disparaging comment - and in such fashion nearly a year has passed. But each time I see that DVD on my shelf, I sense an inner groan. Anyway, let the elogious voices override me! But for other cinephiles like me - beware.<br /><br />Expressed in simplest and gentlest terms, here's my stance:<br /><br />The political turmoil and overthrow providing the backdrop for this film also served as a backdrop for a certain period of my life - via newspapers I read daily in my local middle-European pub. At that time, I followed the newsreports, but never fully grasped what the heck was transpiring. The reporters tended to report either in non-partisan terms, or with a conservatism which frowned upon any groups disturbing the peace or fomenting rebellion against the establishment. Those were times when other winds of unrest swirled through Paris, Berlin, Prague, and various places in the U.S., all of whose issues I understand clearly at the time - but dictatorship or not, my papers tended to treat the govermentment of Portugal simply as the establishment - not as a well-fleshed out ""evil empire"", to use flippant Star War terms.<br /><br />So, week after week, I read of disturbances, but never found an intelligent editorial that might provide the history behind them, or evaluate the practices and social-economic impacts of the dictatorship, etc.<br /><br />So, in purchasing this film, I had at least two hopes: to finally understand the details leading up to the social unrest, and to enjoy a well-conceived drama. This film gave me neither.<br /><br />The film presupposes that viewers already have ample knowledge and deep emotions regarding the historical facts. And the drama - well, as I said, I want to encourage Maria de Medeiros and the Portugues film industry, but - it was trite and shallow.<br /><br />I obtained my copy of the DVD from France - ""Selection Official Cannes 2000 - Un Certain Regard"". The box shows smiling clean-shaven actors, the lead giving the victory sign in a fashion that reminds me more of the Playboy bunny. After seeing the work, I wondered what the French could have thought of it - though as a shallow piece of ""cinema verite'"" with sensitive ethnic content, I can understand their natural inclination to praise it for its ""honesty"" but...<br /><br />Look at the back of the box: ""Un regard chaleuruex sur la Revolution"" - a warm regard? Try describing Allende's overthrown and murder with a a ""warm regard""! Try it with Czechoslovakia in 1968! Try it with the whole line-up of overthrows, and civil rebellions!<br /><br />Another review: Maria de Medeiros a renoue' avec son pays, son enfance et son histoire."" Rubbish, rubbish, rubbish! At least for me.<br /><br />I love Portugal. In all of Europe, Lisbon, Barcelona and Prague are my favorite cities. But my love for a city and a country doesn't flesh out a vacuous film. I'll hang on to my ancient VHS tapes of Capas Negras and A Cancao de Lisboa - meanwhile, I'm stuck with a zone 2 by the above title that might as well go in the trash."
tt0120742,Major League: Back to the Minors,John Warren,1998,100,"Comedy,Sport","MAJOR LEAGUE: BACK TO THE MINORS (1998) ½* <br /><br />Starring: Scott Bakula, Eric Bruskotter, Corbin Bernsen, Dennis Haysbert, Jensen Daggett, Written and directed by John Warren 100 minutes Rated PG-13 (for language and some violence) <br /><br />By Blake French: <br /><br />	Believe it or not, in the new John Warren comedy ""MAJOR LEAGUE: BACK TO THE MINORS"" there is one funny scene. It consists of a sequence where an infuriated coach throws a baseball hard into the wall behind him only to have it hit the cement and bounce back and smash him in the face. It's not much, but with the exception of a few one-liners, it's all this film has to offer...enough said. <br /><br />This movie is not only structurally impaired, characteristically undeveloped, predictable and badly written, but also just plain bad. Even non-critical audience members will hate this movie with all that they got. It is so familiar it just isn't funny. <br /><br />How many times does the same movie about sports have to be made? Last years we saw this same material in ""Air Bud: Golden Receiver,"" and as bad as that film was, this is even worse. At least ""Air Bud"" was family oriented. ""Major League Back to the Minors"" is too vulgar for a wholesome family to view together on a Sunday afternoon. It is too childish for adults. So who is this film for? Teenagers? Elderly? People who are so desperate for entertainment they would rent something like this?<br /><br />	The film, like many others like this, has one basic point it tries to make: teamwork conquers all. Yes it does, and what a great moral to try to prove. Too bad we have already seen and excepted it so many times over and over have such little talent and intelligence that their cheerleaders are men in a ballerina costumes. Where the silly announcers form their own ""buddy comedy routine"" muttering one liners to themselves like ""They suck,"" ""This kids fast ball is timed with an hour glass,"" ""This guy dropped out of ball for a while to find something he lost--maybe it was his mind,"" ""Somebody needs a nap,"" and ""ever see a sunset as beautiful as that play."" Where the characters have such little significance to each other that we never know them by name. And where the only heartfelt lecture scene about teamwork is so unknowledgeable that it is almost funny.<br /><br />	""Major League Back to the minors"" is so bad; it stalls its trite ending right in the middle of a good closing sequence. The good baseball team is on a comeback, they are about to win and--the power goes out. I was thinking for a minute that this piece of trash had come to a conclusion, but in reality, its false final scene exists only to add minutes to the running time. The movie basically consists of a series of unrelated sketches that throw in so many putrid jokes it is are not funny. There is another kind-of-funny line of dialogue that has a coach and a player talking to each other about why a long time outfielder is not wanted in that position any longer. The coach's answer: ""You're too old, too slow, and too fat."" The player's reaction is to die for. But that scene certainly does not make this movie noteworthy of you time, and certainly is not worth a cent of your money. <br /><br />So here is another dreadful entrée into this genre of film, another that is doomed with its own script, which is failed before seen, and another which is so familiar it seems like deja vu all over again.<br /><br />"
tt0123385,Artemisia,Agnès Merlet,1997,98,"Biography,Drama,History","Artemesia takes the usual story about the art world, eg, ""You can't paint that! But I want to!"" and plasters it with sex and scandal to make the whole film, well, interesting, but not remarkable.<br /><br />The story is about one of the first female painters around, Artemesia who course, is fiercely independent, but just can't stop thinking of men, and their bodies for artistic purposes of course. She soon gets private tutoring from one of a well known artist, but soon tutoring becomes much more then art, and soon after that, scandal erupts! Funny how they could take a historical biography and make it almost into a soft-porn fantasy. I mean, was Artemesia THAT much of a man-hungry person? Also, it's quite funny when she's insisting that she ""paints for herself!"" yet falls for the first person she sees.<br /><br />Actually, the story itself is quite fascinating, and it ends with a trial, which I always love. But I wasn't too crazy about the male lead who played her teacher, who looked rather like the person someone like that wouldn't fall for. I woulda gone for the young fisherman :P"
tt0131993,Golden Apples of the Sun,"Barrie McLean, Kristen Weingartner",1973,86,"Drama,Thriller","When I was in school I made a film about a couple roaming around in the trees and talking, and I realized halfway through editing that this was not just a failing aesthetic strategy but a cliché of Canadian cinema: sodden lyricism married to vacant, metaphor-burdened stabs at social commentary. But whatever my own film's failings I feel much better after seeing this...this...thing. For one thing, mine ran 20 minutes, not 85, and had more content at that: every pointless bit of business here is fawned over for four, five, six relentless minutes. The male lead is just incredible, a brow-beating, loudmouthed creep given to outbursts of drama-class improv in between philosophical insights culled from the U of T pub, and he is given lots and lots of space to make us hate him. Admittedly if he weren't such an a**hole then the third act would make even less sense, as a couple snarky dudes show up to provide distant and thoroughly unhelpful echoes of 'exploitation' values; but it doesn't make it any easier to watch the caged creep whimper ""please"" in closeup until the magazine runs out. I take back what I said about AUTUMN BORN, which at least had the courage of its own misbegotten lechery: this cinematic crater is and will remain the very worst Canadian movie of all time. At least, I really really hope so."
tt0138322,Beretta's Island,Michael Preece,1993,97,"Action,Adventure,Comedy","From the first time I saw the box cover of the movie and the stretched out photography I thought this guy, this friend of the 'Scwarz' must be like 6 foot or 6ft 2in. <br /><br />Not 5 feet tall. Not that, it's his fault. <br /><br />At any rating, I turned on the movie one cool night in Tucson, out on the second story-deck with a good cigar and let it roll. At that time my wife was having an affair and things were going down hill for me, so I needed a good diversion. But, as bad as the movie was...I totally enjoyed it, with a bottle of Merlot too, I might admit. <br /><br />Truly, I have watched this movie many times. It always makes me feel good!! It's not that it 'tries too hard' to be cool or that 'It's so close' to hitting the mark for an action film....It's frantic. And then truly clueless. Then frantic again. It's the best of the best when it comes to a slow speed chase scene. Wow!! I never felt safer in my life. Warm and happy too. I was thankful that they conserved on the gasoline during the chase, due to less production in the summer months...anywho <br /><br />The direction was 'uninspired' the action and fight sequences needed to be choreographed, or re-choreographed and tightened up, the sound was off the delivery didn't hit you, it just kept on going, the other way. The 'locals' of that village that they were in, the town rather, were 'Off cue' they also did not seem to follow what was happening very well, the would look and even 'stare' into the camera lens. Like a deer in the head lights kind of thing only some of them with a smile, a smiling deer. <br /><br />I feel bad because 'Columbu' I just bet has a good heart and a caring spirit for people in America as well as for his own countrymen. <br /><br />However ""Baretta's Island"" is very lethargic and unbelievable. Even still I like it a lot. My now x-wife hates it, but I love it! <br /><br />The funny thing is, I am pretty discriminating when it comes to movies I like or even 'love'. All in all, I like Franco. So there it is. <br /><br />As a movie adding addendum to this if you like killing a few hours with truly fun to watch, straight to video-B movies or 'bad' movies for your little library collection then, if you can find it, check out 'The Big Sweat' (1991) with Robert Z' Dar..you know the big guy from 'TANGO & CASH'. 'The Big Sweat', a bomb of a cop story with no real plot discovery and acting that is so lame, it might as well be 'on crutches' and at the end of 'The Big Sweat' I think they ran out of money, because they had a picture of the cast and just set it on fire and let it burn during the credits. -Good fun. <br /><br />But all in all, not as good as Baretta's Island', I gave it a '1' and an overall rating of 'awful' for awful-good B' movie. I'm waiting for the sequel, maybe like 'Baretta's revenge on Montazuma' (Franco takes a Mexican vacation and gets sick on the water then, declares war on the water co.) or 'Baretta's powder war' where as he would stake out a large drug lord in his country and chemically gene-splice and create a hybrid super bug (insect) that would be bred and dropped into the cocaine fields and eat the coke and upon passing it through the bug, it forms a chemical reaction that turns the coke to pure powdered sugar. Then another sequel he would have to get the young people rescued from excessive sugar addiction and so on. He could get a major tooth paste company to endorse and partially fund the project with careful product placement in the feature. Right?(*)"
tt0141369,Inspector Gadget,David Kellogg,1999,78,"Action,Adventure,Comedy","I was a huge fan of the original cartoon series, and was looking forward to finally seeing Gadget on the big screen -- but I never in my wildest dreams expected something so extremely extremely terrible. The pace was WAY too fast, there was no plot, and 'wowser!' - what the hell is that?? It was 'WOWSERS!!'."
tt0143096,The All New Adventures of Laurel & Hardy in 'For Love or Mummy',"John R. Cherry III, Larry Harmon",1999,85,Comedy,"Brief summary: This movie demeans everyone it touches. That means you.<br /><br />First off, let me say I'm not a purist, and this might have been funny for a few minutes. The impersonations are not bad. But overall it's just dull and excruciatingly not funny. A few simple jokes are repeated over and over again.<br /><br />It's clear that this movies only exists to squeeze the last few dollars out of the now-trademarked Laurel and Hardy. The producers cannot have any real regard for their place in film history, or their talents. This is what offended me the most.<br /><br />Of course, my daughter liked it, so I'm also a failure as a parent ;)"
tt0144191,A Face in the Fog,Robert F. Hill,1936,61,"Mystery,Thriller","From the awful death scenes to guns that fire without making sounds to a character called the Fiend. It's all tiresome, slow moving, unimaginative drivel. It was OK seeing the guy with the cape and the hunchback lurking around. Visually it was creepy and probably occupied the moviegoer of the time, but even in 1936 one would think that there would have been a little more imagination and verisimilitude to even a film like this. I just kept waiting for something to happen of any importance as people stood around making speeches and acting like they were posing at an office picnic. And then there are those bullets as a previous commentator mentioned. Perhaps the best clue would have been to search for a water spot on someone's pants pocket."
tt0145531,Stigmata,Rupert Wainwright,1999,103,"Horror,Mystery","I find it hard to believe that anyone would put this movie in the same context as the Exorcist. Where the Exorcist was subtle and creepy, Stigmata was blunt, clumsy, and way too formulaic.<br /><br />This is one of the most visually beautiful films I've seen in a while, but the imagery does not make up for the downward spiral of patronizing exposition that makes it unbearable. <br /><br />My interest in this movie was peaked when it was compared to The Exorcist, and my visit to the official web site increased that interest. The web site had many tales of ""actual"" stigmata throughout history. However, scene by scene, the movie is so obsessed by its quest for ""genuineness"" that it becomes comical at first, then outright hard to watch toward the end. I began getting suspicious when the priest charged with investigating potential miracles walks into the beauty parlor where our would-be heroine cuts hair and, evidently, flirts with priests.<br /><br />The plot: A woman without faith in God begins receiving the wounds of Christ (the Stigmata) and is baffled and upset about the ordeal. A priest is sent straight from the Vatican to investigate the case. Is Frankie possessed by Satan, or a vessel for Jesus Christ?<br /><br />The only miracle in this film is that it finally ends."
tt0150786,Gregory's Two Girls,Bill Forsyth,1999,116,Comedy,"First of all my heartfelt commiserations to anyone who bought a cinema ticket in the hope of seeing a film in the same mould as the fantastic Gregory's Girl and Local Hero but ended up leaving the theatre feeling disappointed and vaguely cheated. While it's true that sequels are usually, bar a few notable exceptions, a mistake and exist merely to provide studio executives with an opportunity to cash in on the success of a previous film by offering us either a thinly disguised retread of the original story or a plot line so far removed from the intentions of the original that the resulting film makes no sense. In the case of Gregory's Two Girls, Bill Forsyth has the dubious honour of managing to commit both sins - on the one hand revisiting the plot of Gregory's Girl, while at the same time serving up a frankly incredible and moronic storyline involving Scottish arms dealers. Schoolboy Gregory is now a teacher at the same school where at the tender age of sixteen, he harboured a hopeless passion for the football playing Dorothy. Although now thirty five, Gregory still harbours a hopeless passion but now for the football playing Frances, also sixteen, despite the fact that music teacher, Bel has made it clear that she is attracted to him. His passion for Frances and his desire to impress her lead to his involvement in a scheme to expose a local arms dealer who also happens to be an old schoolfriend. There's no point in going any further as the rest of the story is forgettable and the ending makes no real sense at all. The main problem lies with the character of Gregory himself, in that there is no sign of the endearing and charming sixteen year old Gregory who actively and comically pursues Dorothy convinced that he would eventually win her over. At thirty five, Gregory is presented to us as a rather sad and friendless creature whose life is neither active nor comic. Outside of work his time is spent watching videos of Noam Chomsky and reading magazines about international injustices. As his friends and family from the previous film have seemingly vanished, save two pointless scenes with his younger sister, who no longer offers him advice or seems at all interested in his life, we are left confused about what it is Gregory really wants, who he is and why he is the way he is. Why for example is he friendless? Why does he never see his father, who is clearly still alive? Why has he returned to teach at the school he once attended? Why is he so interested in Noam Chomsky and injustice? Why has he become so apathetic? Why is he attracted to Frances? Why isn't he attracted to Bel until the last twenty minutes of the film? What in heaven's name do Bel or Frances see in him as he is neither drop dead gorgeous or even interesting? Why does he continue to try and impress Frances even after he and Bel have become an item and when their association threatens to completely disrupt his life? Are we really to believe that a Scottish arms dealer openly selling weapons of torture to oppressive regimes could manage to evade media scrutiny but fall foul of a couple of school-kids? Does Gregory really think that dumping a handful of computers into the sea will change anything? To make matters worse, actor John Gordon Sinclair attempts to rehash his performance as the adolescent Gregory right down to the facial expressions and awkward body language. Unfortunately on a thirty five year old it just comes across as odd and vaguely creepy. On top of that, it's hard to feel any sympathy for, or empathy with a teacher who has erotic dreams involving sex with one of their uniform wearing pupils while they both lie on a pile of gym mats. Rather than being amusing it simply smacks of paedophilia. It's hard to know what was going through Bill Forsyth's head when he wrote this script or why he thought fans of the original film would embrace a story so completely lacking in the charm, wit and warmth that turned the first movie into a classic. I can only assume that the plan was to craft a film about a man who was refusing to grow up and commit to adult life and perhaps whose happiest memory was of being sixteen and pursuing the best looking girl in the school but who by degrees is forced to accept that a life lived in the past is no life at all.That at least could have been the basis of a film which was thematically interesting and intelligent. As it is Gregory's Two Girls adds up 116 wasted and pointless minutes saying nothing and signifying even less. Gregory's Girl was responsible for launching Bill Forsyth's career, here's hoping that Gregory's Two Girls won't be responsible for sinking it."
tt0161023,Tumbleweeds,Gavin O'Connor,1999,102,"Comedy,Drama",We've all seen this story a hundred times. You can see each plot turn coming a mile away. The relationship between the mother and daughter is way too sweet and understanding to pass for realistic. Janet Mcteer's performance is stock southern hot- ticket mother in vintage clothes. Should have been made for the Lifetime Channel.
tt0161219,Advice from a Caterpillar,Don Scardino,1999,90,"Comedy,Drama,Romance","My girlfriend has the habit of going to Blockbuster and choosing movies no-one has ever heard anything about. Admittedly, at times, it has led to some fun discoveries. Often times, the best that can be said is they definitely run an hour and a half.<br /><br />She brought home ""Advice From A Caterpillar."" She was excited because the box said it was funny. Lucky for us, the propaganda on the boxes never lie.<br /><br />This movie was an exercise in patience. This is one of those movies where, unless you are a pretentious and shallow person who likes watching movies about yourself, you will hate every character in the movie. Until the introduction of the one nice character. Which the lead annoying pretentious character will fall in love with and act in such a way that, in the real world, would drive anyone away.<br /><br />MILD SPOILERS FROM HERE ON<br /><br />So a bunch of emotionally vapid, stuck-up, pretentious artists swear off love and find success in their careers. Then, they meet a nice, intelligent, emotionally mature and loving character (an almost perfect guy). We then watch the woman, the annoyingly pretentious artist (in her 30's?) freak out as she falls in love. So she tries to flee from the nice, intelligent, emotionally mature man and stay with the married man with whom she's been having great but empty sex. She is rude to the man and does everything in her power to drive him away. In the real world, she would have been quite successful. I certainly wanted to flee from her and I wasn't even in a relationship with her!<br /><br />Although its nice that the man 'fought for his love', I never wanted her to have him. (Nor did my girlfriend) She didn't deserve him. And, why I wonder, did the director think that the 'almost perfect guy' should be punished by having to win a relationship with her? When the artist was asking the 'almost perfect guy' to leave, we were screaming for him to leave too. There's a problem with a movie when the heroine of the film is so annoying, childish and stupid that you want her to fail.<br /><br />Beyond that, let me say that Andy Dick made me laugh a few times even though his character was also pretentious to the point of annoyance. Regarding the other characters, they were well acted, morally bankrupt and annoying characters.<br /><br />It is a comedy and I can say I did laugh a few times in the film. Unfortunately, not much laughing happened until the last 10 minutes or so. But by the time I had those laughs, I had been praying for the movie to end for far too long. I needed to get these vapid characters out of my life.<br /><br />If you want to watch people you hate struggle with a love for people they don't deserve, then this is the movie for you."
tt0162677,Summer of Sam,Spike Lee,1999,142,"Crime,Drama,Romance","This movie is bad news and I'm really surprised at the level of big name talent who would ever agree to appear in such a piece of junk as this. I imagine there were a few strangled agents sprawled across Hollywood Blvd. as a result of this fiasco. What really gets you is that it could have been good. The directors star appeal and the subject matter was sufficient fodder to spark interest and ticket sales, but this is a flop. The multiple story lines all go from bad to silly by the pictures end, and you end up feeling like a mouse in a maze looking for a piece of cheese that turns out to be rotten. What Spike is able to achieve is revenge against any Italians who may have beat him up when he was a kid or insulted him, as the movie does quite a number on perpetuating outdated and probably offensive Italian stereotypes. As with any Spike Lee film there is some really thought provoking and magical camerawork. He does have the gift of grabbing your psyche and transporting you into his vision if only for a few memorable scenes. But the question remains...can you endure the other 2 hours of head scratching and clock watching as you wonder and wait for the ending that has to be there somewhere."
tt0162889,Return of the Boogeyman,"Deland Nuse, Ulli Lommel",1994,76,Horror,"in fact,it's basically the same movie.and they couldn't even get the time line of events correct.maybe that was intentional due to laziness or not caring.either way,this thing is a real woofer.it doesn't even deserved to be called a movie.i viewed this as a so called second feature on the disc containing the original The Boogeyman.i thought my head would explode,and i urge you to run as far in the opposite direction of this thing,if you should be cursed with the misfortune of combing across it's path.it should come with a warning label like:Warning-may cause your i.q to drop several points if you are within it's vicinity.for me,there's no doubt this thing is a 0/10"
tt0165494,Ringmaster,Neil Abramson,1998,90,Comedy,"I will admit that I have seen maybe five minutes of ""Jerry Springer"". I don't consider myself a snob, but I really think that I am above watching what's on his show. You should try to elevate yourself above that too.<br /><br />I saw this movie as part of a social studies event I was conducting. I was told that this movie really had little to do with Springer himself, rather it centered on the lives of those who would appear on ""Springer."" Handled better, this movie might have actually been a fascinating look at how pathetic these people's lives actually are. I will admit, I felt a twinge of empathy for Connie (Molly Hagan). This is all she has in life. How sad that she feels she must go on Jerry's show in order to resolve this.<br /><br />I really feel sorry for Molly Hagan appearing in this. Have you noticed that after this movie, she has mainly been relegated to ""B"" roles on TV? I will say this about Hagan. She is an extremely beautiful and intelligent woman. I have no doubt that she is very earnest in her acting and she tries to play her roles with a lot of empathy. The problem is that Hagan can't carry a scene on her own. She just doesn't have what it takes to do a lead role. Her best work will always be Angel on ""Herman's Head"" (a show that was not great, but its heart was in the right place) and when she guested on ""Seinfeld"" as Sister Roberta."
tt0167456,Thunderbirds,Jonathan Frakes,2004,95,"Action,Adventure,Comedy","The original Thunderbirds earned a place in TV history. It was, and still is, much beloved - indeed, the entire first 10 minutes of the Wallace and Gromit movie (the Wererabbit) is a direct lift of Thunderbirds, down to a direct replay of the original Thunderbird 2 launching sequence (if you don't believe me, get the movie, and then get a copy of the original episode where Thunderbird 2 is launched).<br /><br />This movie was a crass attempt at making a kids' movie - when the original was loved and enjoyed by kids and adults alike! In the original, the Thunderbirds spent all of their time rescuing people who were often trapped when Mother Nature or Technology went horrible wrong (yes, there was also the occasional criminal act). The Thunderbirds put their own lives and resources at risk for no reward - the very essence of heroism and selflessness. There was little physical violence. The Thunderbirds challenged the imagination to a degree - how many of us would dream of someday building a Thunderbird 2? And don't underestimate the power of entertainment to do this - many Japanese attribute their fascination with humanoid robots to the old Astroboy cartoon.<br /><br />But this movie was a poor re-image of the original. This movie came across as a meld between Thunderbirds and Loony Tunes - I mean, we have Anthony Edwards as Brain imitating Porky Pig's stuttering????? Much of the action consists of Kung Fu/Power Rangers type fighting. Indeed, there were funny sound effects when someone got nailed on the head with a frying pan. The tech that fired our imagination was absent - instead we have these kids running around, using a plot device that was NEVER in the original series (having the entire team take off at once, leaving the base occupied by the kids and Brain). Then there was a dose of ""Use the Force Luke"" mysticism thrown in when TinTin would levitate something or another, coupled with the The Hood using aerodynamics that looked like they were lifted from ""Crouching Tiger, Hidden Dragon"". About the only thing missing was for The Hood to go ""TinTin, I am your Uncle"" with a breath mask voice. The heart that made Thunderbirds unique was GONE.<br /><br />The only bright point was Ron Cook's portrayal of Parker - he caught it perfectly. But the actress playing Lady Penelope came across as a child - HUH???? <br /><br />And this is why we hate this movie. When someone puts out something that was popular to a fan base, and expects the fans to shell out money to watch, and then delivers something than wasn't even close to what the fans expect - well, I am sorry, that is just plain WRONG! OK, so if they were making a kids' movie - fine - next time distribute it straight to video, where many of these belong. But don't package something up in a familiar wrapper and change the innards."
tt0171363,The Haunting,Jan de Bont,1999,113,"Fantasy,Horror,Mystery","Effect(s) without cause is generally not possible in the real world but in the world of Hollywood remakes, not only is it possible, it's required. The Haunting has been given the computer treatment courtesy of a 1st-class cinematographer-turner-director who once showed promise (Jan de Bont- Speed) but has since produced a string of big budget garbage (Twister, Speed 2).<br /><br />Actor are superfluous in a movie of this type and they seem to realize it. Liam Neeson and Cathrine Zeta-Jones act like they wish they were anywhere but in this film. Lili Taylor makes an attempt to add something to the proceedings but whatever that something might be is unknown since the script feels like half of it is missing. Events just happen, good and bad ghosts show up with no rhyme or reason and then the story just ends with a most unsatisfying non-event meant to wrap up the previous 90 minutes of inanity.<br /><br />There really isn't even reason to see this for the effects since we all know that anything can be put on screen now. Why not watch effects in the service of a good story instead of just for their own sake?"
tt0175880,Magnolia,Paul Thomas Anderson,1999,188,Drama,"Great cast. Great acting. Unpredictable story line for the first half<br /><br />hour or so. I was really wanting to know what was going to<br /><br />happen to each of these unredeeming characters, and how their<br /><br />seemingly disparate lives would become intertwined. But when<br /><br />the writers took out the glue to start connecting the players, they<br /><br />mistakenly used super glue and brought the movie to a standstill<br /><br />for the last two hours. I kept thinking it would get better, but it only<br /><br />got worse. Don't believe the reviews. This is a waste of time. <br /><br />Think about it -- Tom Cruise made ugly -- why? The gorgeous<br /><br />hunky bartender wearing braces -- why? I know it had to do with<br /><br />the plot, but without them, at least there would have been one<br /><br />attractive cast member to remember."
tt0179443,Rancid Aluminum,Edward Thomas,2000,91,"Comedy,Crime,Drama",We know from other movies that the actors are good but they cannot save the movie. A waste of time. The premise was not too bad. But one workable idea (interaction between real bussinessmen and Russian mafia) is not followed by an intelligent script
tt0180303,If You Only Knew,David Snedeker,1999,107,"Comedy,Romance","This horrendously bad piece of trash manages to be racist, sexist and homophobic all at once, while pretending to be terribly chic and sophisticated. Atrocious performances, a cliche ridden screenplay, and boring direction make this movie one to steer clear of. Two scenes were especially offensive - the one in which Schaech scrubs his tongue after being kissed by another man (could it really have been that gross), and the scene where Eastwood is kissed by Schaech's best friend, who is pretending to be Russian. After he leaves the room she exclaims ""f**king foreigners""! So much for her being a cultured artist who dreams of living in Paris!?!<br /><br />Jonathon Schaech can be a likeable actor on screen, and is astonishingly good-looking. It's a shame he didn't learn more from working with cutting edge gay director Gregg Araki on an earlier film, and try to salvage this film from descending into a string of gay stereotypes and a mire of homophobia."
tt0184463,The Fear: Resurrection,Chris Angel,1999,87,Horror,"Twenty years ago, the five years old boy Michael Hawthorne witnessed his father killing his mother with an axe in an empty road and committing suicide later. On the present days, Michael (Gordon Currie) invites his girlfriend Peg (Stacy Grant) and his best friends Chris (Myc Agnew), Jennifer (Emmanuelle Vaugier), Lisa Ann (Kelly Benson), Ned (Brendon Beiser), Mitch Maldive (Phillip Rhys) and Trish (Rachel Hayward) to spend the Halloween in the country with his grandparents in their farm. He asks his friends to wear costumes that would represent their greatest innermost fear, and together with his Indian friend Crow (Byron Chief Moon), they would perform an ancient Indian celebration using the carved wooden dummy Morty (Jon Fedele) that would eliminate their fears forever. The greatest fear of Michael is to become a serial killer like his father, but something goes wrong and Morty turns into his father, killing his friends.<br /><br />""The Fear: Resurrection"" is a disappointing and pointless slash movie that uses the interesting concept of eliminating the greatest innermost fear of each friend before it grows, but in a messy screenplay full of clichés. There are some exaggerated performances, like for example Ms. Betsy Palmer; others very weak, but in general the acting is good. Unfortunately there is no explanation why the dummy is brought to live; further, in spite of being surrounded by close friends, the group does not feel pain or sorrow when each one of them dies. The low-pace along more than fifty minutes could have been used to built a better dramatic situation. In the very end, Michael shows a charm that his father was interested that I have not noticed along the story. I do not know whether the previous reference was edited in the DVD released in Brazil with 87 minutes running time. The special effects are very reasonable for a B-movie. My vote is four.<br /><br />Title (Brazil): ""Fear 2: Uma Noite de Halloween"" (""Fear 2: One Night of Halloween"")"
tt0190524,Left Behind: The Movie,Vic Sarin,2000,96,"Action,Drama,Fantasy","I didn't agree with any of the theology in the Left Behind series, but nonetheless I found the books gripping and I read 8 of 12 of them. Undeniably good writing and interesting story. However, I didn't have very high expectations for the movie. There was no way mainstream Hollywood would have taken up a Christian series and produced a big-budget movie. So it was done independently... and it just felt like I was watching a really long TV show. It just didn't FEEL like a movie; it didn't have that movie ""experience"" to it, if anybody knows what I'm talking about. So the movie suffered because of that, and the low-budget, poor special effects were another detraction for me.<br /><br />On top of that, I feel that Gordon Currie was woefully miscast as Nicolie Carpathia. Reading the book, my impression of NC was that he was supposed to be this charming, dazzling, amazingly handsome guy who spoke English with almost zero trace of an accent. So I imagined somebody like Pierce Brosnan in the role. Instead, they found some Clay Aiken pencil-neck who looks like an employee of the month from Best Buy, and gave him a really bad fake accent. So that lost a few stars for me right there. A movie is just not convincing when the major villain doesn't look or sound the way he's supposed to.<br /><br />The acting was okay, but nothing to write home about. Some of the scenes - like one of the conversion scenes (can't remember which one) - were real seat-squirmers for me. And some of the Christian rock music or whatever it was, was really out of place for some of the scenes, like in the one with Kirk Cameron praying in the bathroom.<br /><br />In short, it wasn't a bad movie, but it just didn't do it for me. Stick to the book, folks, it's much better."
tt0190897,The All-New Popeye Hour,"Ray Patterson, Carl Urbano, George Gordon, Oscar Dufau, Chris Cuddington, Rudy Zamora",1978,60,"Adventure,Animation,Family","POPEYE AND BIG FOOT **; POPEYE'S ENGINE COMPANY **; GETTING POPEYE'S GOAT **1/2<br /><br />I used to lap these up as a kid but, catching an episode of the series comprising three cartoons back-to-back now i.e. several years later (they preceded the theatrical screening of the pirate yarn RAIDERS OF THE SEVEN SEAS [1953]), I can see how they don't hold up all that well! The character of Popeye isn't exactly sympathetic to begin with, Olive Oyl distinctly overbearing and Bluto's antics failed to elicit much interest either  in short, the scripts were alarmingly thin, fairly awful and generally unfunny to boot. They're strictly juvenile fare, yet I doubt today's kids would even have the patience to stick with them!; furthermore, the animation style is unattractive.<br /><br />Taking each short per se, I guess they improved from one to the other: after the initial shock, one adapted to its mediocre quality as it were, so that the third cartoon easily results in being the most enjoyable of the lot  Popeye is entrusted with a mascot army goat whose immense appetite causes him no end of mischief (hardly original, I know, but always an amusing ploy). One interesting element here was that the shorts were bookended with Popeye delivering moralistic bits of wisdom to the kids in the audience."
tt0192766,A Wake in Providence,Rosario Roveto Jr.,1999,92,Comedy,"While some performances were good-Victoria Rowell, Adrienne Barbeau, and the two Italian girlfriends come to mind-the story was lame and derivative, the emphasis on the girlfriend's racial background was handled clumsily at best, and the relatives were mostly portrayed as stereotypes, not as real people. I found myself wincing uncomfortably at many moments that were supposed to be funny. I can hardly comprehend why the local paper here in SF said this was a good movie, and wonder WHO posted the glowing review here on IMDb. Very disappointed in this movie, and mad I actually went to a theatre to see it, based on the faulty connection to Garden State, which is a far funnier, more inventive, and touching movie than this one. I must especially mention the emotional climax in the church, which was so wooden and by-the-numbers that I nearly left, and some in the audience actually DID. THAT was followed by a silly climax at the graveyard, which I saw coming 10 minutes before it happened. I really don't like being misled to spend my money so uselessly."
tt0196267,Cruel Intentions 2,Roger Kumble,2000,87,Drama,"They had such potential for this movie and they completely fall flat. In the first Cruel Intentions, we are left wondering what motivated the lead characters to become the way they are and act the way they do. There is almost NO character development whatsoever in this prequel. It's actually a very sad story but this film did nothing for me. It was as if they left out good writing in place of unneeded f-words. And the end makes absolutely no sense and doesn't explain anything. The writing was just terrible. Another thing that bothered me was that they used at lease 3 of the EXACT SAME lines that were in the original. Such as ""down boy"", or the kissing scene, and a few others I can't remember. I was not impressed at all by Robin's acting, but Amy did a great job. That's about the only thing that reconciled this movie."
tt0197570,The Hungry Bachelors Club,Gregory Ruzzin,1999,93,"Comedy,Drama,Romance","I have to agree with some of the other comments and even go a step further. <br /><br />Nothing about this film worked, absolutely nothing. Delmar our central character makes the decision to become a surrogate mother in order to earn enough money to buy a restaurant but along the way fall for a wise ex-jailbird. At the same time her friend Hortense is trying to get her lawyer boyfriend to finally marry her. She also happens to be sleeping with Marlon who is desperately in love with her. Then there's Delmar's brother Jethro who gets involved with a former coke addict, Missy who reveals she was sexually abused by her adopted father. On the sidelines we also have the eccentricmother who has an assortment of equally odd friends, one of whom dies on the couch at the beginning of the film. So far so good but after introducing these characters and story lines addressing life, death, grief and love in the first half, the film simply loses direction. <br /><br />If the writer had only selected one or two characters and allowed us to follow their stories maybe things would have been fine but equal screen time is given to all with the result that no one story or character is fully developed. For instance, why does Delmar think she will be able to hand over her child in exchange for money, especially when the prospective parents are a creepy bigoted lawyer and his semi alcoholic and depressed wife? Why is Hortense so desperate to marry a man who is a jerk and clearly doesn't love her? How is it Missy manages to kick her coke habit overnight? Is Jethro regularly drawn to women with overwhelming problems, or is Missy the exception? Has Delmar and Jethro's mother always been on the eccentric side, or is it a more recent development? Why is Jethro so keen on Cadillacs that he has one in the middle of his living room? Why did Moses spend years in prison for stealing a car, a relatively minor crime? How does Delmar manage to end up giving birth to Moses' baby when there is no suggestion that they ever had sex? <br /><br />These questions are posed in the screenplay but sadly are never answered. I can only assume they were answered in the original novel and that is why the writer felt the need to include it all in the script. Big mistake. Losing several subplots especially the Hortense and Marlon story, which adds nothing to the overall film, would have tightened things considerably and allowed more time to develop the Delmar, Jethro and Moses characters who are clearly more central to the plot and underlying themes than anyone else. <br /><br />Add to that the most pedestrian directing style seen outside of the average soap opera and the result is a huge missed opportunity for all, including Jorja Fox who does her best to rise above the material. I'm not surprised that this appears to have been the director's last film as this effort shows no evidence of a visual style or ability to tell a moving and intelligent story."
tt0199650,Jill Rips,Anthony Hickox,2000,94,"Drama,Thriller","I think Dolph Lundgren had potential at being a big action star a la Schwarzenegger, Stallone, and even Van Damme to certain degree. He had some big moments in his career but he also made some poor choices and this is definitely one of them although made later in his career. The strange thing about Jill The Ripper (or Jill Rips...or Tied Up) is that I honestly think they seriously thought they were making a provocative and serious thriller? It shows in the way that they describe it on IMDb, on the DVD case, in the commentaries, and this film is not serious. To call it campy would be a huge understatement. The film tries to be complex and intelligent when in fact it's nothing more than shallow, confusing and gratuitous. On top of that they put Lundgren, who is known for action films, in an attempt at a serious role which makes it even more campy because his range as an actor is pretty limited. The entire film revolves around the kinky sex world and yet they attempt at making it a serious thriller? Just the plot and premise immediately make it a B-Movie Porn at very best.<br /><br />Dolph Lundgren plays disgraced former cop and raging alcoholic Matt Sorenson who decides to play Detective when his brother is murdered. I mean put aside the numerous plot holes that has Lundgren getting free roam to investigate crime scenes, and witnesses and everything else even though he's not a cop anymore and you still have a pretty strange and rather lack luster performance from Lundgren. Danielle Brett is Lundgren's eventual love interest and his brother's widow. Brett plays her role decently enough considering the script and campy story. The supporting cast is huge and no one particularly stands out in their performances unless it's on the negative side such as the absolutely horrible performance by Victor Pedtrchenko who seems to go by several different names in the film, boasts an awful accent and is a really awful villain.<br /><br />I honestly tried to get into the mystery and film and watch closely but there wasn't any reason to because it was all a jumble of ridiculous plot and gratuitous sex games including a downright ridiculously hilarious scene where Lundgren goes under cover and is strung upside down nearly naked. To explain how classy and well done this movie is (sarcasm...sarcasm) the back of the DVD I picked up (it was really cheap) has Lundgren's character listed as ""Murray Wilson"" (not the name of his character in the film.) While somehow Lundgren manages to be usually watchable the film falls flat on it's face trying to be serious. Considering director Anthony Hickox is infamous for really B-Movie Horror flicks it only makes sense even though I think he was really trying to be serious. Hard core cult Lundgren fans will have to see it...no one else should...certainly for any sort of mystery or suspense. 3/10"
tt0200374,Shaka Zulu: The Citadel,Joshua Sinclair,2001,179,Drama,"Amen to Magsel. There was a lot of confusion going on. First off, how do you know which movie you are purchasing? Henry Cele stars in every one of them. I bought this movie thinking it was the miniseries...WHAT A LETDOWN!! It would have been a comedy but for the young girl being raped. David Hasselhoff (spelling?) is OK for popcorn TV but he was not believable in this film (where was his English accent?) AND WHAT'S WITH THE LOVE STORY??? The movie was supposed to be about a young man's rise to military power - not the slave ship captain getting jiggly with the English maiden looking for her daddy...<br /><br />If I had paid more than $7 for this movie, I would have to call the police - because that would be a crime!"
tt0201538,Les convoyeurs attendent,Benoît Mariage,1999,94,"Comedy,Drama","Strange... I like all this movie crew and dark humor movies; but didn't like this one at all! It's awful, horrible and surely not funny at all. Pity cannot do a whole movie plot, disgust either. And it was really boring. Long empty moments fills the movie; it could have been removed. It should have been in another shorter format, surely. Maybe i expected too much from the crew - like saving the movie lol -. It's also filled with overused clichés of characters and situations... I don't get it why people liked it... ""Poetry"", ""hope""; nope 'mam, didn't see anything like that! ^^ All in all, it's empty and crude, pitiful and hopeless. Oh darn this one........"
tt0202458,Love.com,Sherwood Ball,2002,85,Thriller,"It is a pity that you cannot vote zero stars on IMDb, because I would not have hesitated! In fact I would go so far as to say that this film was in the negative stars. <br /><br />I, like many others, bought this film thinking that because it has Michael Madsen in it, it could be good... No chance! This film was shocking! Imagine a movie length 'The Bold and the Beautiful', well, Primal Instinct did not even come close to that good, and I had previously thought that there would be nothing worse than a movie length 'The Bold and the Beautiful'. <br /><br />Michael Madsen, how could you do this to us? The worst part is, I didn't fast forward a bit, I was hoping that at the end they would reveal that it was all some sort of sick joke, that they thought it would be funny to make us watch such a horribly bad film.<br /><br />Where do I start...? Directing - Zero Stars, Screenplay - Zero Stars, Acting - Zero Stars, Cinematography - Zero Stars, Digital Effects - Zero Stars, Production Design - Zero Stars, Make-up - Zero Stars, Casting - Zero Stars, Editing - Zero Stars, Trailer - Half a Star, Graphic Design - Half a Star, DVD Menu - Half a Star.<br /><br />However I think that it is very important to have seen bad films just so that you know what a really bad film is, so for that reason I am happy that I saw this film, just so that I have a bad film to put at the bottom of my list."
tt0203408,The Omega Code,Robert Marcarelli,1999,100,"Action,Adventure,Fantasy","I truly wish I was not writing this review. I'm a Christian, so I waited anxiously to see this movie. It seemed great -- a Christian movie with some fairly famous stars and a plot that seemed intriguing (not that I buy the Bible Code itself -- you can make it say anything you want. I do, however believe everything inside the Bible). So I'm sitting on the edge of my seat enjoying the previews, when the movie comes on and manages to destroy my mood in a matter of minutes. I had to bite my lip to stop from commenting on the terrible writing and acting while I was in the theater (I would have been torn to pieces by the people cheering at the rather clumsy but basically uplifting scenes and gasping at the insanely obvious and predictable Tension Scenes, I'm sure). Once the final credits began to roll, however, I could reflect. There were many parts of the movie I liked -- some mostly unexpected plot twists, some effects that were indeed special (I'm not counting the Visions. Those were poorly done), and some interesting technical work -- fades, sets, that type of thing. Unfortunately, I got the distinct impression that if I read the book of Revelation to a monkey and set the monkey in front of a typewriter for an hour, I could've gotten a better script. And the music was beyond cheesy (even for a Bond fan who likes kinda cheesy music in scenes of action and intrigue). So I wish I could be like everyone else in the theater -- like the people who came out crying and breathless because of how incredible it was -- but I'm not someone who can be appeased by a writer who throws some words over a Biblical shell and slaps a Christian stamp on it. I need a good plot and believable dialogue before I can enjoy most movies, and this just didn't have either. I'm sorry, but I wouldn't recommend this film to anyone. And that's the tragedy. When will we see some intelligent Christian fiction? It has to be out there somewhere..."
tt0211181,102 Dalmatians,Kevin Lima,2000,100,"Adventure,Comedy,Family","...because this was simply awful. 101 Dalamatians was funny even if formulaic, but this is nothing more than puerile drivel. The same plot except with the story excised from it; the world's most intelligent and horribly annoying macaw; Tim McInnerny proving that he really can't do comedy (everone remembers Percy in Blackadder but that was his high spot - it's all been downhill since then); direction so poor that if a group of college students had made this you'd throw it in the bin and tell them to do it again - properly this time. Ieuan Grufford better go back to Hornblower sharpish, whilst Glenn Close and Gerard Diepardieu ought to go into hiding for several years.<br /><br />Perhaps I could be too harsh; after all I didn't manage to sit through the whole film. It gets 1/10; only because I can't give it 0."
tt0218619,Soul Survivors,Stephen Carpenter,2001,84,"Horror,Mystery,Thriller","Inept, boring, and incoherent supernatural ""thriller"" in which college student Cassie (Melissa Sagemiller) is the constant victim of hallucinations and nightmares after a car accident claims the life of her boyfriend Sean (Casey Affleck).<br /><br />I can't begin to tell you how bad this is...nothing of any importance ever happens nor is there ever any sort of actual entertainment value. I did not like this cast in this particular film - they are all sadly unconvincing (then again, their roles are no good). To promote this as a horror film is a joke. Where are the scares? There's no sense or suspense - there are a few good songs but that's about it.<br /><br />How on Earth did this project get the green light? Writer-director Steve Carpenter has no discernible vision or talent that I can sense. Worst of all, the conclusion really makes the whole movie pointless.<br /><br />The alleged ""killer cut"" that I watched is 86 minutes of pure tedium.<br /><br />1/10"
tt0219400,Waking Up in Reno,Jordan Brady,2002,91,"Comedy,Romance","I've seen some crappy movies in my life, but this one must be among the very worst. Definately bottom 100 material (imo, that is).<br /><br />We follow two couples, the Dodds (Billy Bob Thornton as Lonnie Earl and Natasha Richardson as Darlene) and the Kirkendalls (Patrick Swayze as Roy and Charlize Theron as Candy) in one car on a roadtrip to Reno.<br /><br />Apparently, Lonnie isn't too happy with his sex-life, so he cheats on his wife with Candy, who's despirately trying to have a baby. Roy, meanwhile, isn't too sure if his sperm is OK so he's getting it checked by a doctor.<br /><br />Now, I had read the back of the DVD, but my girlfriend didn't, and she blurted out after about 20 minutes: 'oh yeah, she's gonna end up pregnant but her husband can't have any baby's'. Spot on, as this movie is soooo predictable. As well as boring. And annoying. Meaningless. Offensive. Terrible.<br /><br />An example of how much this movie stinks. The two couples set out in their big car towards Nevada, when they are stopped by 2 police-officers, as they didn't stop at a stop-sign. The guys know each other and finally bribe the two officers with a case of beer. Not only is this scene pointless and not important (or even relevant) for the movie, it takes about 5 minutes! It's just talk and talk and talk, without ever going somewhere.<br /><br />I still have to puke thinking about the ending though. Apparently, Roy ISN'T having problems down there so he IS the father of the child. How many times does that happen in the movies... try something new! The cheated wife ultimately forgives her husband and best friend for having the affair and they all live happily ever after. Yuck.<br /><br />Best scene of the movie is right at the end, with a couple of shots of the Grand Canyon. Why couldn't they just keep the camera on that for 90 minutes?<br /><br />One would expect more from this cast (although Thornton really tries), but you can't really blame them. Writers, shame on you!<br /><br />1/10."
tt0235406,The Game,Bill Rebane,1984,84,Horror,"This movie had what sounded like a good premise: 9 people facing their fears to win one million dollars. Unfortunately, it did not turn out to be a good movie. There are several scenes that are way too long and really pointless like the dancing scene. A few scenes are just an excuse to point the camera at female body parts. The acting is bad, but some of the lines are amusing in their awfulness. What's really strange is that towards the end of the movie it turns into like a 5 minute western, and at the end, the twists, of which their were several, don't make sense with the rest of the movie. It seemed as though the director just added stuff on because he thought it would look cool, while conveniently ignoring the plot of the movie up to that point. It just didn't make a lot of sense. The only creepy thing was the old people dancing down the hall, but that doesn't even come close to making up for the rest of this mess."
tt0237616,The Prodigy,Edward T. McDougal,1999,104,Drama,"I went to school with Jeremy Earl, that is how I heard of this movie, I don't really know if it was in the theater's at all. I don't recall the name. I have seen it, it is like one of those after school specials. The acting is OK, not great. The plot was kind of weak and the lines were pretty corny. So the only comment I can give this movie is ""Eh"" I borrowed the movie from Jeremy, if I was in a movie rental place, this is one that I would walk past and after watching it I wouldn't recommend it to anyone past middle school age. I've also noticed that many times when urban kids are portrayed, the slang is overused or just outdated. Many times I think thats what makes their characters unbelievable."
tt0240684,The Little Mermaid 2: Return to the Sea,"Jim Kammerud, Brian Smith",2000,75,"Adventure,Animation,Comedy","Disney goes to the well one too many times as anybody who has seen the original LITTLE MERMAID will feel blatantly ripped off. Celebrating the birth of their daughter Melody, Ariel and Eric plan on introducing her to King Triton. The celebration is quickly crashed by Ursula 's sister, Morgana who plans to use Melody as a defense tool to get the King 's trident. Stopping the attack, Ariel and Eric build a wall around the ocean while Melody grows up wondering why she cannot go in there.<br /><br />Awful and terrible is what describes this direct to video sequel. LITTLE MERMAID 2 gives you that feeling everything you watch seemed to have come straight other Disney movies. I guess Disney can only plagiarize itself! Do not tell me that the penguin and walrus does not remind you of another duo from the LION KING!<br /><br />Other disappointing moments include the rematch between Sebastien and Louie, the royal chef. They terribly under played it! The climax between Morgana and EVERYONE seemed to be another disappointment.<br /><br />I will not give anything away, but in 75 minutes, everything seemed incredibly cramped and too much to handle. An embarrassment to Disney, LITTLE MERMAID 2 is better left to rent and laugh at. Then you can prepare for the rest of the other sequels Disney is going to drown you in later on."
tt0242798,Proximity,Scott Ziehl,2001,100,"Action,Crime,Mystery","Former brat pack actor and all round pretty boy Rob Lowe stars in a film set in a high security American prison . I had a gut feeling his character was going to be popular for all the wrong reasons like Tobias in the first series of OZ , but PROXIMITY isn`t that kind of film , it`s more like a "" Man on the run "" film like THE FUGITIVE . It also makes a nod to the themes of punishment and justice with James Coburn putting in a cameo as the spokesman for a justice for victims pressure group but any intelligent discussion on how society should treat criminals is completely ignored as the film degenerates into tired old cliches of shoot outs and car chases"
tt0245407,Crush,John McKay,2001,108,"Comedy,Drama,Romance","I was gifted with this movie as it had such a great premise, the friendship of three women bespoiled by one falling in love with a younger man.<br /><br />Intriguing.<br /><br />NOT! I hasten to add. These women are all drawn in extreme caricature, not very supportive of one another and conspiring and contriving to bring each other down.<br /><br />Anna Chancellor and Imelda Staunton could do no wrong in my book prior to seeing this, but here they are handed a dismal script and told to balance the action between slapstick and screwball, which doesn't work too well when the women are all well known professionals in a very small town.<br /><br />And for intelligent women they spend a whole pile of time bemoaning the lack of men/sex/lust in their lives. I felt much more could have been made of it given a decent script and more tension, the lesbian sub-plot went nowhere and those smoking/drinking women (all 3 in their forties???) were very unrealistic - even in the baby scene - screw the baby, gimme a cigarette! Right.<br /><br />Like I said, a shame of a waste. 4 out of 10."
tt0247164,American Nightmare,Jon Keeyes,2002,91,Horror,"this movie is outrageous. by outrageous, i mean awful. i had more fun watching the paint dry at my local hardware store on an august day while suffering from a migraine and heat stroke. the acting got progressively worse as the ""movie"" advanced, and the directors use of euphoric drugs became apparent as the final scenes approached. when misty was shot to death she decided that it would be prudent to blink post mordem. that was not intelligent. truthfully, stevie wonder could have caught that with his eyes closed. if you are deciding between playing with a nail gun while intoxicated and watching this movie, bear in mind that the nail gun will probably give you a better story to tell your friends."
tt0249624,Gabriel & Me,Udayan Prasad,2001,84,Drama,"I almost made a fool of myself when I was going to start this review by saying "" This movie reminded me of BILLY ELLIOT "" but then I looked up the resume of screenwriter Lee Hall only to find out that he was the guy who wrote BILLY ELLIOT so it's Mr Hall who's making a fool of himself not me <br /><br />Am I being a bit cruel on him ? No because Lee has something most other aspiring screenwriters from Britain don't have - He has his foot in the door , he has previously written a successful British movie that won awards and made money at the box office and what does he do next ? He gives the audience more of the same <br /><br />Young Jimmy Spud lives on some kitchen sink estate . He is bullied at school and no one loves him . The only thing keeping him going is that he has aspirations to be a ballet dancer . No actually he has aspirations to be an angel but considering his household he may as well be a ballet dancer . He has a macho waster of a father who thinks "" Ballet dancers are a bunch of poofs while his granddad says "" Ballet dancers are as tough as any man you could meet . I remember seeing the Bolshoi ballet ... "" Yup Ballet is a main talking point on a run down British council estate those days - NOT . Come to think of it neither is left wing politics which seems to be the sole preserve of middle class do gooders who live in nice big houses , so right away everything about this set up feels ridiculously false <br /><br />Another major criticism is that this is a film that has no clue who it's trying to appeal to . I have often criticised Channel 4 for broadcasting movies at totally inappropriate times ( THE LAND THAT TIME FORGOT at 6 am for example ) but they showed this at 2 am and for once they've got it spot on . Considering the story involves politics , ballet dancing ( Gawd I hate it ) lung cancer and poverty there's no way this can be deemed suitable for a family audience but since the main protagonist is an 11 year old child and features angels and ballet dancers ( Don't blame me if I seem obsessed with the subject - there was no need to refer to them ) there's not much here for an intelligent adult audience either . <br /><br />Of course if Lee Hall had been told at the script development stage by the producers that he should write a story featuring a schoolboy and an angel and had flatly refused saying that he wanted to write about other themes and stories then I will apologise but throughout the movie you do get the feeling that once the film was completed it was going to be marketed to the exact same audience who enjoyed BILLY ELLIOT"
tt0252028,Surviving Christmas,Mike Mitchell,2004,91,"Comedy,Romance","May contain spoilers.<br /><br />I say that, but anyone savvy enough to be reading this can probably figure out every plot turn right from the start.<br /><br />This is not a movie that I liked. I didn't hate it in the way of some movies that insult your intelligence, but it all felt too predictable on its trudge to the requisite happy ending. There were funny bits along the way to be sure, but few were original. At least it didn't go for the gutter.<br /><br />Christina Applegate looks fresh, and Ben Affleck works hard. Their scenes together are actually the only redeeming feature. Everyone else is a cardboard cutout, including, surprisingly, James Gandolfini, who must have made this as a favor to someone.<br /><br />All in all, it's a harmless, but not inspiring, 90 minutes."
tt0253335,No Turning Back,"Julia Montejo, Jesus Nebot",2001,98,"Crime,Drama,Thriller","Heavy-handed moralism. Writers using characters as mouthpieces to speak for themselves. Predictable, plodding plot points (say that five times fast). A child's imitation of Britney Spears. This film has all the earmarks of a Lifetime Special reject.<br /><br />I honestly believe that Jesus Nebot and Julia Montejo set out to create a thought-provoking, emotional film on a tough subject, exploring the idea that things are not always black and white, that one who is a criminal by definition is not necessarily a bad human being, and that there can be extenuating circumstances, especially when one puts the well-being of a child first. However, their earnestness ends up being channeled into preachy dialogue and trite situations planted to move the plot along. The decent production values and interesting use of documentary-style camera footage are not enough to accomplish their aim when the script and the acting fall flat.<br /><br />Logic is often compromised for the sake of creating tension: Soid first tries to blackmail Pablo into participating in her documentary in exchange for helping them escape, then in the same breath basically tells him not to trust her because she's not helping them out of altruism. Well, duh. And for a man on the run, Pablo is far too swayed by a temper tantrum. Cristina's well-being is so important to him that he's fleeing capture and jail or deportation for her, but he's willing to risk all that to appease her when she doesn't want to go to Mexico. Right. Talk above over-permissive parenting. Third, when Pablo's employer Charlie gives the phone to Detective Bright, she is remarkably unprofessional, especially given her seniority - did she really think she was persuasive? Oh, yeah, I would have turned myself in. CCH Pounder's Detective Wims could wipe the floor with her.<br /><br />To be fair, I'd like to list the things I liked. Um, I liked the midget. And I liked the fact that the midget was named Sexy. There's cross-dressing, always a plus; juvenile cross-dressing, no less! Harry is infinitely cuter than Cristina. But my favorite moment in the film has to be when Cristina kicks Detective Not-So-Bright. I also find it interesting that, in a heavily minority cast (which I much appreciate, by the way), the black character is the racist one. Too bad it's just thrown out there and not further explored.<br /><br />There's a distinctive, unconventional score, but it's nonetheless generally context-unspecific, not enhancing mood or tension in any scene, except the pathetic, anguished wailing every time the main character is in anguish, as though they think his acting doesn't show it enough: 'Just in case you weren't sure, he's upset, and we have the musical cues to prove it.'<br /><br />Stilted, clichéd dialogue results in a depressing lack of subtext; everything has to be spelled out in dialogue, even when the body language had been up 'til then conveying it just fine. For example, every impassioned speech Pablo makes, and Mrs. Knight's lament that her child won't be crawling into bed with them in the morning.<br /><br />'Papi, tell me about Mama again' - what shameless, blatant exposition introducing the generic dead wife! (She's always the most beautiful woman the widower had ever seen, the kindest he had ever met. Why can't we see a man cry over a woman like Shakespeare's - she may be fat, ugly, obnoxious, but his love for her is deep as oceans? Now _there's_ a story which would move me.)<br /><br />The police always being literally one step behind them gives many scenes the out-of-place feeling of a French farce. Most boring foot chases ever - Bright and Lightning are so out-of-shape and easily-fooled (he certainly isn't quick as lightning, and she, well, I don't feel the need to spell things out). Some guy dragging along a small child outrunning a bicycle cop, complete with macho biker picking a fight but then being felled by a child? To quote Margaret Cho, that's so sad. Would we ever see this on 'Cops '?<br /><br />Hackneyed and over-the-top deus ex machina: as an employer, would you really waive checking his green card just because he can quote the author of the inspirational saying on a poster behind your desk?<br /><br />Plus several scenes, including the above, threaten to devolve into porn: 'Well, I'll do this favor for you, as long as you do something for me...' I can almost hear the bowm-chicka-bowm-bowm.<br /><br />When the parents view the footage shot of Pablo's remorse, the grieving mom's freak-out is the most real the movie feels. Unfortunately, this is diminished by the fact that she looks completely swayed by his emotional speech right up until she goes ballistic. A more ambivalent look would be more convincing here.<br /><br />I'm in constant awe of the stupidity of the main character doing things for the sake of plot: holding up a convenience store without a mask, visiting the dead girl's grave. And why doesn't the mother recognize his face from when she saw him before he drove off?! 'You seem awfully familiar...'<br /><br />What is the purpose of that wholly unnecessary, somewhat gratuitous scene with Soid and the artificially-enhanced bartender? Character development? Tch. Too little, too late.<br /><br />Speaking of unnecessary traits that never went anywhere, Detective Lightning's saying skeptical Detective Bright must be a Scorpio shows how little he really knows about the occult. And I don't think that believing in fate quite qualifies as voodoo mumbo jumbo.<br /><br />At the end, when Bright holds Pablo as he dies - wait, why does she care now? Her character is as inconsistent as Soid's. What, she has to shoot him just because she said 'Stop, or I'll shoot'? (She's cared _so_much_ about her integrity thus far.) He was unarmed. There was no need for lethal force. What's wrong with shooting him in the leg to immobilize him?<br /><br />Finally, Cristina's childlike acceptance of her mother's death giving Dr. Knight peace over his daughter's death - so forced. And the contrivance of the family whose child was killed becoming Cristina's new family... It angers me that she could be a 'replacement' for their little girl. It's also unrealistic that a white couple would take in the Latino daughter of the man who killed their own daughter. I'm not saying there aren't generous, loving people who would do that. I'm just saying that the characters here are never developed far enough for me to believe that _they_ would do that.<br /><br />I find it offensive that another IMDb reviewer said that of course as a woman she was moved by the sappy scenes. I am a woman who reserves my emotional movements for moments that don't wax sentimental in a manufactured manner.<br /><br />Co-writer, co-director, co-star Nebot said himself he wore too many hats during this production. Too many cooks may spoil the broth, but one cook alone just might end up making an after-school special.<br /><br />In conclusion, this film's title has less to do with the story and more to do with the feeling of regret, helplessness, and loss accompanying the revelation that you will never see your money again."
tt0253840,The Triumph of Love,Clare Peploe,2001,112,"Comedy,Romance","Let me be clear. I've used IMDb for years. But only today I went through the trouble of registering on the site, just so I could give this movie the lowest possible rating. I've seen hundreds of films, some of them bad, a few awful. Never, though, have i seen such a contrast of pretense and incompetence, of high intentions and failure.<br /><br />Mira Sorvino is horribly cast as the princess, but entirely unbelievable as Phocion, a young boy. Fiona Shaw is always an entertaining character, but the dialogue in the film is much worse, even, than in the insipid French play that is the source (Marivaux never reached Hollywood until now, and we should keep it that way).<br /><br />To illustrate, for example, that Leontine is a brilliant, passionate philosopher and scientist, she is shown frantically pouring chemicals from beaker to beaker, shouting out names of famous scientists. And the romance between Agis and the princess is played even sillier. For this, the pair should receive a joint 'Clair Danes' award, which in a just world would be awarded for gratuitously anachronistic and uninspired re-interpretation of interesting teens from literature as brats of the 1990's (see Miss Danes in Les Miserables).<br /><br />Aside from the atrocious plot and dialogue, there are some attempts to introduce artistic tropes into the filming. For example, there are moments when a handful of spectators are faded in and out of view of the action, sitting in chairs, watching the principal characters. The Director wants us to realize she's adapted a play. I get it. But it doesn't happen at all until far into the film. At that point, seeing a crowd of people sitting in chairs for a moment, then disappearing, is creepy and distracting. They're like some sort of un-scary zombie crowd, appearing through the mists, filling us with dread. When you see the horrible frolic and song that ends this movie, you'll want to rouse your own crowd of zombies and kill them all for the grave injustise of poisoning your mind for 112 minutes.<br /><br />-Matthew McGuire"
tt0257044,Road to Perdition,Sam Mendes,2002,117,"Crime,Drama,Thriller","This film is overblown, predictable, pretentious, and hollow to its core. The settings are faithful to the era but self-conscious in their magnification by prolonged exposure. The lingering over artifacts stops the action and cloys almost as much as the empty dialogue. Tom Hanks seems to be sleepwalking much as Bruce Willis did in Hart's War. Tom, you can't give depth to a character simply by making your face blank! The content did not warrant the histrionic acting by Paul Newman. This is a dud wrapped in an atomic bomb casing."
tt0257106,Scary Movie 2,Keenen Ivory Wayans,2001,83,"Comedy,Horror","I *loved* the original Scary Movie. I'm a huge fan of parody- it is my favorite form of humor. It is sometimes regarded as the most intelligent form of humor. The Wayans boys seemed to grasp that concept perfectly in the original film, then temporarily forgot it when making the sequel. I think the Wayans' are a family of comical geniuses. Alas, even geniuses make mistakes.<br /><br />The movie begins with promise. I liked ""The Exorcist"" parody, especially the ""come on out, ma"" gag. Now, that's Wayans-quality material. But, other than that, I can only think of two other times I laughed: 1) when Tori Spelling is seduced in the middle of the night by a spirit, then becomes clingy and starts talking about marriage with him. Meanwhile, he's saying, ""It was just a booty call!!"" That was kinda funny. 2) The ""Save the Last Dance"" parody where the Cindy character inadvertently beats up a girl while practicing her new moves. But even the short-lived giggles are no match for the side-splitting laughs of the first Scary Movie.<br /><br />The rest of the movie is pure trash, filled with cheap gross-out gags. Jokes from the first movie which were subtle or implied are magnified and overdone. For example, in Scary Movie I, several innuendos are made to imply that the character Ray is gay. This was hilarious. But, in Scary Movie II, the whole penis-strangulation scene with Ray under the bed was mind-numbing and incredibly unfunny. This is the pattern of the whole film. Shock humor *alone* doesn't take a movie very far. This was a trend in 2000 and 2001, unfortunately. <br /><br />As much as it pains me to rate a Wayans movie so low, I have to give this one a 2 out of 10."
tt0261277,The Sea That Thinks,Gert de Graaff,2000,100,"Adventure,Biography,Comedy","I won't spend a lot of time nor energy on this comment. I just want to add it because all the comments were so positive I felt like I just had to let people know that not everyone is so thrilled, let alone intellectually provoked by this attempt at creating a captivating philosophical cinematic enigma. Some scenes seemed promising, playing with visual dimensions, but couldn't hold up the rest. I felt like I was stoned for the first time again, having semi-philosophical conversations with fellow adolescents.<br /><br />What a futile attempt to raise Dutch cinema to new heights. I'd rather watch Jesus is een Palestijn, without all the pretentions and with straight forward humor, also raising questions about life and the realities we create for ourselves.<br /><br />Gert de Graff is not Jean-Luc Godard or Tarkovsky and appearantly never will be."
tt0262333,Chronopolis,Piotr Kamler,1982,52,"Animation,Drama,Fantasy","If you're watching this without an inkling of an idea what the story is about, then you're in for quite the surprise. Even then the synopsis has painted a picture of a rather sane storyline, but the actual film is anything but.<br /><br />As the synopsis went, it tells of an obsessed mountain climber, which you'll see as the prologue before the opening credits and text crawl, which tells you of the presence of Chronopolis, an imaginary city that exists in dreamy manuscripts of the mind (note to self  this spells trouble with flashing lights), where its inhabitants are immortals yearning for a change in their omnipresence. They can see our world, and notice of all persons this mountain climber, and the synopsis explained that they decided to contact him through alchemy, creating an intelligent sphere to meet the man.<br /><br />What that translated to, is a repetitive piece of animation that a 5 year old kid could produce. Have shapes created, though credit goes to the stop motion style, and put it through a mind-numbing loop. And repeat until your eyes start to close, then move on to the next scene. If anything, the Chonopolisians (if this term exists) really love their sticks and balls, constantly playing at conjuring up that magical sphere, and having a field day playing with it before releasing it to the ""other"" world. It gets no better as well, when the man interacts with the sphere in yet another hypnotically boring and sleep inducing sequence.<br /><br />Thank goodness of course that the run time is shorter than what's advertised, which is 57 minutes (or less) against the 70 stated. While firmly dated, its dull colours, non-existent story, scratchy soundtrack and repetitive pictures will win over no fans. Don't waste time."
tt0268978,A Beautiful Mind,Ron Howard,2001,135,"Biography,Drama,Mystery","First off, the movie was not true to facts at all. I just saw the documentary a few days earlier and the movie wasn't anything like it. First of all Nash was a genius at mathematics and this is what the movie should have been about not a story about a man who was cured and who found love at the end and so on. Also there are a lot of scenes that were just plain wrong - the scene where he rode around with a bike at the campus happened in his early university years not after it. In my opinion Russell Crowe didn't fit to this part at all since he doesn't look the intelligent/individualist type, therefore he really couldn't play one. It would have been great if it would have focused more on the mathematics (similar to Pi) and not the over-dramatized lovelife. At this level ABM was too hollywood-ish and too superficial to be great. Personally I think he wasn't mad nor paranoid and he was onto something since people of that caliber tend to know more than we ""lesser mortals"". 5/10"
tt0269266,Nightmare,Byeong-ki Ahn,2000,97,"Crime,Horror,Thriller","The reviews I read for this movie were pretty decent so I decided to check it out. BAD IDEA! This is another movie about a ghost out for revenge against a group friends. The story is stupid, mix two parts Ringu with one part Prom Night, a sprinkle of I Know what you did Last Summer, and add a tiny dash of Single White Female - now blend until completely nonsensical. There is nothing new to this plot, and revisiting the clichés I've grown so fond of wasn't even entertaining this time. This movie jumps to and from the past too much, and once I made sense of it all I realized it still didn't make much sense. Characters go from sane to psycho killer in the blink of an eye. Speaking of characters, they are all your stereotypical favorites - the greedy selfish lawyer, the egocentric actress, the has-been baseball star, the video voyeur, the bitter girl, the spooky quiet chick, the 'nicer-than-nice' nice girl, a freakin' black cat... and I didn't care about any of them. Perhaps a better writer could have made the movie work, there were some decent scenes in it, but overall this movie was a mess. I should also mention a certain 'video tape' that would have been IMPOSSIBLE to shoot. <br /><br />This movie isn't the worst Asian horror has to offer by far, but it is still pretty bad. If you just want to see some creepy images in the dark, or just want to laugh out loud at some over the top acting, or just want to yell ""you're stupid!"" at a movie screen, or just want to have another Asian horror flick up your sleeve when someone asks you how many you've seen - this movie is for you. <br /><br />Those seeking a decent plot look elsewhere."
tt0272147,Vampires: Los Muertos,Tommy Lee Wallace,2002,93,"Action,Horror,Thriller","Ugh, what can I say other than, ugh. I rented this film because it was labeled as a sequel to the original Vampires. This movie could not have been any lamer. Lacking not only in plot, but the acting is atrocious. Combined with some obvious plot holes makes this movie a very hard one to watch. Many times I questioned my own sanity at continuing to watch the film long after the plot had jumped the shark. Here's a sampling of the lamer aspects...<br /><br />***SPOILERS***<br /><br />Professional ""Slayer"" insists on sleeping outdoors by himself at night. He wakes up to a woman crying, sitting no more than 3 feet from him in the middle of nowhere. He immediately goes to comfort her without questioning her sudden appearance. She goes from crying to seducing him, and he lets it happen with obvious results...<br /><br />One of the main characters is Zoe, was bitten by a Vampire, but as long as she takes these ""experimental pills"" she got in Mexico City, she's fine, although her body temperature is below room temperature...<br /><br />Guard outside of monastery where hero is staying the night is killed by vampires, hero leaves the next day. He then returns a day later only to be surprised that the vampires attacked the monastery the night after he left...<br /><br />...avoid this movie."
tt0274711,People I Know,Daniel Algrant,2002,100,"Crime,Drama,Mystery","Saw this movie in an early preview, and I cannot stress enough how bad I thought this film was. From the very beginning, the audience was groaning over Pacino's awful southern accent. Poor Al looked really, really haggard, and I can't decide whether this was purposely part of his role as a drug addicted publicist, or perhaps he just didn't get any sleep before coming to the set. Much worse than Pacino's close ups, however, is the wretched excuse for a plot. Early in the film we are given indications that Pacino's character is gay, and I suspect that is what the screenwriter had originally intended. Later, however, we are supposed to suspend our incredulity and believe that both Tea Leoni and Kim Basinger (both of whom are sleepwalking through lame roles) lust after this elderly, half dead looking, effeminate man with the ridiculous accent. The worst part overall was the main plot thread, which had to do with some corporate espionage that is never fully explained and we never, ever care about in the slightest. Because this was a preview I will reserve my final judgment, because of the possibility of re-shoots and editing, but you can bet I will not pay a cent to see this in theaters."
tt0275067,Wendigo,Larry Fessenden,2001,91,"Horror,Mystery,Thriller","This movie is S-L-O-W. Spent most of the movie actually waiting for it to 'begin'.<br /><br />The setting was bleak, the script was bleak, the cinematography was bleak, the plot was bleak, the budget was low (not that all low budget movies are bad, but this one had no redeeming features).<br /><br />The plot was more consumed with a vengeful, slightly deranged hunter than the actual Wendigo which made a very brief appearance toward the end of the movie. This in itself was disappointing as this 'Wendigo' was just a bizarre mix of a tree and a stag. Everything about the movie was uninspiring.<br /><br />The parents of the little boy appeared to be rather aloof and at times seemed completely detached from their son. Whether this was down to bad acting or a bad script I'm not sure, but it only heightened my disappointment and boredom levels.<br /><br />There was no food for thought, nothing to pique an interest. With no real intrigue or chill factor, this movie creaked along so painfully, you just couldn't care less what happened by the end.<br /><br />Wendigo's ambiance reminds me of the dull movie shown at the awards ceremony toward the end of 'Mr Bean's Holiday': a movie which is artistic and nonsensical, trying too hard to to be deep and meaningful, but coming across as pretentious and boring.<br /><br />I would never want to watch this again. I only watched it to the end in the vain hope that something interesting might happen ... but it didn't."
tt0286610,"Broken Bow, Part 1",James L. Conway,2001,44,"Action,Adventure,Drama","While it's early to say how the series will evolve, I can say that the pilot was less than I thought it would be. There is still potential for the series, however. Of course when I first saw Voyager I thought it had potential, too - but was sorely disappointed. My gut tells me Enterprise won't be as bad as Voyager, however.<br /><br />As for the impressions of the pilot...<br /><br />The pilot had some good ideas and good themes. I liked the introduction. The show's opening credits were interesting, with the progress of exploration and a fitting theme song. Scott Bakula is excellent in the role of captain.<br /><br />Where it fell short for me was largely that the story lacked the ""feel"" of setting out on a grand adventure. The plot of the episode itself was more a ""generic"" Trek story with the themes of ""exploration"" and ""first step towards space"" merely subplot and subtext. Were you to edit out the references to this being the first deep space mission, the plot would be hard to differentiate between the eras of Enterprise, TOS or TNG. The central plot didn't reflect or do justice to the grand theme of the series.<br /><br /> The plot of launching the first mission would have been grand enough without the ""action"". Instead of isolated references to the newness of exploration, they could have been the story. Get a little more nostalgic and philosophical about it (oh, for a TV show that once again would make us THINK). Make us feel the excitement of ""the wind"" and being on ""the sea"" instead of distracting us with a rescue and a plethora of gunplay. There was WAY too much gunplay.<br /><br />We had the feeling more that humans were the ""freshmen"" in an established school. New kids on the block, as opposed to venturing into a largely unknown universe. Sadly, the Klingons landed on our doorstep instead of us finding them. That meeting could have been far more historic and far more sociological. Just how DO two such different societies interact? Don't just hint about it, SHOW it!<br /><br />I had to think of it more as `Trek with an akward crew and limited technology' as opposed to `the first brave steps into the unknown'. I wanted to see something newer and fresher. The series promises to have a new concept but so far I haven't seen this new, great concept.<br /><br />I will conclude with reiterating the sentiment that the series has potential. There are some interesting characters. Bakula is wonderful. Blalock has potential. The overall theme is the most interesting since we first saw Kirk in a world before Apollo 11. If only future episodes can do justice to this grand and wonderful theme, we will have a show which will create new legends.<br /><br />You shoot an arrow into the air... Good luck Capt. Archer.<br /><br />To the producers: TAKE MORE RISKS AND MAKE US *THINK*! :-)"
tt0290382,A Wrinkle in Time,John Kent Harrison,2003,251,"Adventure,Family,Fantasy","We all know that some of the greatest movies of all time were based on books. While not particularly accurate adaptations, these movies were nonetheless excellent films. Some great examples are the Harry Potter series, the Lord of the Rings trilogy, and, to a lesser extent, almost every Disney film ever made. However, I must regretfully announce that A Wrinkle in Time is not one of those movies. Not only does it fail to meet some of the most basic expectations of Madeleine L'Engle's fan base, it manages to defy the standards of scriptwriting, acting, special effects and, ultimately, respect for the audience. Mind you, I'm not trying to be mean; on the contrary, I went into this affair with an open mind. I figured that a made-for-T.V. movie would make up for its lack of razzle-dazzle in its script. After all, the Star Wars spin-off Ewoks was decent, if a little silly. Come to think of it, the original Star Wars was made on ""a lunch money budget"", and look where it took George Lucas! However, from the first scene onward, disappointment started enveloping me as if I'd gotten too close to the Black Thing while tessering. <br /><br />The same way Greedo shooting first became the symbol of the Star Wars Special Edition of 1997 (a disaster of monumental proportions involving a disgruntled director making several hideous changes to a beloved classic), Mrs. Whatsit has officially become my personal symbol for the confusion and stupidity that is A Wrinkle in Time. The reason for this is the fact that she has been mutated beyond belief. Aside from the slightly controversial decision of casting Alfre Woodard (Star Trek: First Contact and Radio) as our favorite star-turned-mentor, the filmmakers decided it appropriate to introduce her as a crow. That's right, a crow. Moreover, the heavenly centaurion form of this greatly beloved character has been hacked at by what looks to be a demented eight-year-old; the majestic half-man, half-horse with wings has become a huge human head with a creepy smile mounted awkwardly on the bowlegged body of a horse that happens to be sporting a pair of wings in the middle. Had I been five, this would have psychologically traumatized me for life. The worst part is the fact that when it spoke, it was shown from behind so as to avoid the responsibility to lip sync, resulting in a scene that was spent looking at the back of its head and seeing a single, unmoving cheek, thus rendering the piece of special effects less believable than E.T.<br /><br />Having gotten the most painful part out of the way, I must go on to the tear-inducing one: the characters, the acting, and the story. I, personally, had always imagined Meg to look somewhat similar to Moaning Myrtle from the Harry Potter films: plain hair, glasses, and a figure most supermodels would find laughable. She was always a slightly anxious, humorously pessimistic math genius who quite simply could not have cared less about the imports and exports of Nicaragua. In the film, she is an unpleasant know-it-all for whom I have no sympathy whatsoever. In fact, she makes me feel sorry for poor Mr. Jenkins, her school principal, who continuously has to deal with her. Calvin, the kind, intelligent kid who everyone thinks is a jock has becomea jock! The irony is horrible. As for the memorable Happy Medium, they took the pleasant old woman who liked to look at happy things and replaced her with a being who is ""above gender"" and likes to look at ""funny"" things, such as girls falling off of swings. The only three people I can think of who did a decent job are Charles Wallace, Mrs. Whatsit and the Man With Red Eyes (nicknamed ""the Dude With Red Eyes"" due to his complete reinvention as a character).<br /><br />The story is a mess. A good comparison to this aspect of the movie is Harry Potter and the Prisoner of Azkaban, which didn't do a good job of retelling the story found in the book, yet kept the sole of the original work. Here, the sole of the book is having a pleasant chat with Hades down in the underworld, apparently unaware that its body is being destroyed. As the Dark Lord complements the sole on how well it showed that truth has to be felt and not seen, the flat-nosed wookies of Ixchel (who replace the wondrous beings who hold Aunt Beast among their ranks) tear the spine up. As the God of the Dead notes how subtle the terror of the Earth-like Camazotz was, the torn pages are scattered in the sandstorm and lost in the darkness of the land of evil. <br /><br />I am very sorry that this film exists. I do not believe that the actors were genuinely bad. It's the way the characters are written that ruins it. A Wrinkle in Time deserved to be adapted by Lawrence Kasdan, directed by George Lucas or Steven Spielberg, enhanced at Industrial Light and Magic, scored by John Williams, given its sound at Skywalker Sound, edited by THX and marketed by Twentieth Century Fox. In its current state, the film is unworthy to be shown to self-respecting people. Even Madeleine L'Engle thought it was bad. The book was Good, the film was Bad, and Mrs. Whatsit was Ugly.<br /><br />Score: 0.1/10 (If I could) <br /><br />Pros:<br /><br />They got the names right. <br /><br />Cons: <br /><br />It had horrible problems with the Cliffs Notes level of adaptation, script, acting and special effects, not to mention lack of evidence of ever having read the book. Oh, and the main cover/poster has a picture of the three main characters riding a flying horse over a castle. Some might say that this symbolizes high adventure. I say it symbolizes the irresponsibility of the cover artist who didn't even bother to Photoshop Meg's arm on properly."
tt0295529,Power Play,Joseph Zito,2003,100,"Action,Thriller","There are some great philosophical questions. What is the purpose of life? What happens when we die? And WHY DO THEY MAKE MOVIES THIS BAD??? The premise is absurd. Thre acting is one dimensional. The special effects are overdone. And the movie is one unending gun battle among some of the lousiest shots Hollywood ever produced. But then, if they had been good shots, everybody would have been dead in the first five minutes and there would be no movie. Too bad it didn't happen that way. Tempted to turn it off several times, I stuck with it to see just how bad it could get. Glad I did because (SPOILER?) the last line is the crowning stupidity of the whole dopey, dismal scenario.It is not even worthy of second feature status at a third rate drive-in in off season. Apart from the general awfulness of the film, I worry deeply about its impact on young audiences. The Americans crank out crap like this and then wonder why events like Columbine happen. This is truly banal cinema on a Brobdingnagian scale!"
tt0300214,Morvern Callar,Lynne Ramsay,2002,97,Drama,"When a movie of a book seems pointless and incomprehensible, the cause can invariably be found in the book: either it was pointless to start with, or the point is one not easily conveyed to film, or the movie missed the point, which is the most frequent of these results, and the easiest to happen, especially when the point is one not easily defined. The book ""Morvern Callar"" has a point; every reader of the book must have felt this, and felt as if he had gotten it; but I suspect most of them could not state it in words. I'm not sure I can, myself, but perhaps it comes to this, or something like it: Things come, things go, such is life, but we carry on; or at any rate some of us--people like Morvern--do. No doubt a more erudite critic could construct a more adequate definition. But the important fact is that there is a point--possibly the sum of the entire story is the point--and that this would have been the main thing to keep in view, and to carry over, in adapting the story to film. The maker of this film evidently missed the point, and doesn't substitute one of her own; and so the film is about nothing.<br /><br />This is not the usual complaint of a book-lover that his favorite text has been violated. The merit of the book is something I conceded grudgingly: in reading it I found it a bloody nuisance, and an occasion for kicking the author in the pants and getting him in to finish the job properly. The narrative is supposed to be the work of the half-educated Morvern, but that illusion is constantly dispelled by a dozen different types of literary effect, as if the author were poking at her with his pen; there are inconsistencies of style and tone, as if different sections had been composed at different times; and any conclusions I could reach about Morvern had to remain tentative because it was uncertain which implications the author intended and which he did not: for instance, despite Morvern's own self-characterization as a raver, am I wrong that in the end she remains essentially a working-class Scots girl, and beneath her wrapping of music downloads not so different from those of generations past? In any case, despite my irritation at the author, I couldn't deny that his book stuck with me; and what I couldn't get out of my head was his character's attitude, her angle on the world, which was almost as vivid as a Goya portrait. Morvern is the kind of person who's always encountering situations at once rather comic and rather horrible; occasionally she invites them but more often they land on her, like flies, so that much of her life consists of a kind of gauche but graceful slogging-through, unconsciously practical and unconsciously philosophical--and that doesn't begin to describe it idiosyncratically enough. The complex of incidents and of Morvern's responses to them are the substance of the book, and its achievement, in exposing a cross-section of existence it would be difficult to illuminate otherwise; for all my dislike of the book, I can see this.<br /><br />The Morvern just described is not the Morvern of the movie; or if it is, most of her is kept offscreen. An actress who might have been a good fit for the character, had she been the right age at the right time, is Angharad Rees, from the old TV series ""Poldark"". Samantha Morton, then, would seem like good casting: she's rather the same sort of actress, and in one of her earlier movies, ""Jesus' Son"", she played a girl who with a few adjustments could have been turned into this one. Unfortunately, as the film turned out, she doesn't have the character from the book to play. For one thing, the book is one that, if it is to be dramatized, virtually cries out for monologues by the main character to the audience; without her comments, her perspective, her voice, the story loses most of its meaning. It has lost more of it in that the adaptor has expurgated it of its comic and horrible elements: the most memorable incidents from the book are curtailed before they turn grotty, and so Morvern's responses (whether of amusement or distaste, depending on her mood) are missing too, and the incidents no longer have a reason for being in the story. In short, the filmmaker chose for some reason to turn a brisk, edgy serio-comic novel into a genteel art TV film, and chose as her typical image one of Ms. Morton languishing in a artistically shaded melancholy; as if the outing Morvern signs up for were a tour of the Stations of the Cross. This isn't at all what the book, or the Morvern of the book, was about. For another thing, the Morvern of the movie isn't Scottish (the actress said in an interview she hadn't had time to study up the accent), and she ought to be: it's important that she, her family, and her mates are all from a single place. And finally the film is missing the end of the story: Morvern's spending all she has and coming home to icy darkness: it's winter, the dam has frozen, the power has gone out, and the pub is dark. Minus this, and minus all of the rest, what's left is a failed art film, a dead film, about a subject whose strength lay precisely in her refusal, or native inability, ever to give in to being dead."
tt0303021,Second Name,Paco Plaza,2002,98,"Horror,Thriller","Spanish horrors are not bad at all, some are smart with interesting stories, but is not the case of ""Second Name"". It is badly directed, badly acted and boring...boring...boring, a missed chance for an interesting story."
tt0305396,The Crocodile Hunter: Collision Course,John Stainton,2002,90,"Action,Adventure,Comedy","The movie has several story lines that follow several different characters. The different story lines don't feel like one whole complete piece which makes this comedy a very incoherent one and gets even annoying to watch at times.<br /><br />It may sound weak and cliché but it's true; You're way better of watching the Crocodile Hunter series on the Discovery channel with Steve and Terri Irwin. It's more fun and even more hilarious than this movie is. I'm sure both cast and crew had lots of fun making this movie but the movie doesn't give us the viewers much pleasure. For a comedy it simply isn't funny enough and Steve and Terri Irwin just aren't good actors, not even when they play themselves! Their antics are simply not good enough to make an entire movie around and their scene's feel long, distracting and unnecessary and even annoying at times.<br /><br />The movie had quite some potential, I mean Steve Irwin is one character that in a strange way is both intriguing and hilarious to watch, so when I first heard that they were making a movie about 'the crocodile hunter' my first reaction was; brilliant! The movie however heavily suffers from its weak story and the incoherent story lines with uninteresting and unfunny characters. The movie does has a certain entertainment value, at least enough to make this movie watchable for at least once but still, I must certainly wouldn't recommend this movie.<br /><br />Watching this movie felt like a waste of time. Still this movie might be watchable just once, when it gets on TV, on a rainy afternoon. It does has some good moments but the story lines really completely ruin the movie and its potential.<br /><br />4/10"
tt0306063,Severed,Matt Green,2002,89,Horror,"0.5/10. This movie has absolutely nothing good about it. The acting is among the worst I have ever seen, what is really amazing is that EVERYONE is awful, not just a few here and there, everyone. The direction is a joke, the low budget is hopelessly evident, the score is awful, I wouldn't say the movie was edited, brutally chopped would be a more appropriate phrase. It combines serial killings, voodoo and tarot cards. Dumb. Dumb. Dumb. It is not scary at all, the special effects are hopelessly lame. laughably bad throughout. The writing was appallingly bad. The cinematography is real cheap looking, and very grainy sometimes, and the camera-work is dreadful. Again, what really does the movie in is how badly all the actors are. Cheesy."
tt0306568,Blood of the Samurai,Aaron Yamasato,2001,75,"Action,Adventure,Comedy","Trash/bad movies usually ain't bad because I will find them enjoyable. This one is so bad that I am out of words to describe it - its below ""bad"". There is an instruction in the beginning of the film that tell you what to do during the movie. Needless to say, the instruction and a dozen of beer couldn't help me seat through the entire film. One tagliner compares this one to KILLBILL which is certainly unthinkable and an insult to our intelligent. Obviously. this tagliner had a plan to tempt you into buying this DVD.<br /><br />If you are considering renting this one, put it down! If you are thinking of buying, Dont think! If you unlucky to have this dvd, dont play it, throw it in trash bin immediately."
tt0307875,Sunday,Charles McDougall,2002,109,Drama,This is supposed to be well-researched and based on fact. How come therefore that it's so packed with McGovernisms. Did the people of Derry live in some kind of bizarre Philip K. Dick world in which reality was uncannily like Cracker/ Liam/ Priest? Or is McGovern an idle hack who just keeps repeating hims
tt0311018,Disappearance,Walter Klenhard,2002,92,"Horror,Mystery,Thriller","A bickering, American family, vacationing in the west, discover a strange ghost town in the middle of the desert. Little do they know that this ghost town was once a test site for nuclear bombs, and a deadly presence is stalking them. I generally love mystery-horror films like this. ""Cube"", Spielberg's ""Duel"" and ""The Birds"" are all great examples of movies that give no answers but nonetheless leave us intrigued and wanting more. Apparently, ""Disappearance"" writer/director Walter Klenhard was trying to make just that kind of film, and whether or not he succeeded is up to the viewer. I personally think he got about half way there, then the film just sunk.<br /><br />The actors are all kind of just ""ho-hum"". Their not especially bad but we as an audience never really feel their fear and they react to situations in unrealistic ways. Is anyone else absolutely SICK of characters just walking out off to investigate strange sounds?!?!? At least give them SOME kind of justification for doing so!?!?!?<br /><br />As far as made-for-TV films go it's an above average fair for sure. Director Klenhard Should be commended for really milking the desert environment for everything it offered and some of the setting were striking. There's a really cool scene where two characters find an old nuclear test ground were the sand had been completely melted to glass for as far as the eye could see. I wonder if that was real<br /><br />No gore to speak of, and the 'creatures'or what ever the hell it is that's after these peopleare never shown, not to mention that we are never even given a real clue as to what they are (Mutants, aliens, ghosts or ancient evil Indian spiritsOh, that really narrows it down for us!) or where the come from. <br /><br />There are lots of clichés here, too. Why is it that towns-folk in these kinds of films are always really, really dumb? Why is there always an old guy everyone thinks is crazy that turns out to be correct? Why? Why? Why? How 'bout a NEW scenario, folks! <br /><br />""Disappearance"" tries to be different and intelligent but ultimately fails in that in many ways it's too familiar to us fans of direct-to-video horror fodder. Hey, I've seen much worse films, and disappearance ain't bad, it's just too Average.<br /><br />4/10."
tt0314204,Creature Unknown,Michael Burnett,2004,79,"Horror,Mystery,Thriller","The monster from Enemy Mine somehow made his way into a small mountain community, where he has taken up residence. He's being hunted by a female doctor-turned-vigilante who is out to exterminate him. This female assassin, who looks like a refugee from a Motley Crue video, rides around on a motorcycle and tries to save a bunch of kids who have chosen to have a Big Chill weekend right smack dab in the middle of the monster's turf. Decapitations and lots of blood are primarily in place to draw attention away from the story which limps along like a bad version of the Island of Dr. Moreau (and yes, it's worse than the one with Val Kilmer)."
tt0317676,House of the Dead,Uwe Boll,2003,90,"Action,Adventure,Horror","Laid up and drugged out, as a kidney stone wended its merry way through my scarred urinary tract, with absolutely nothing better to do than let the painkillers swoon me into semi-oblivion, I happened to catch this movie on cable. I wouldn't want anyone to think that I paid to view it in a cinema, or rented it, or  heaven forfend!  that I watched it STRAIGHT.<br /><br />Having played this sensationally gruesome video game and avidly trod the doomed rooms and dread passageways of The House, battling Chariot (Type 27), The Hanged Man (Type 041), and other impossible sentinels, my curiosity was piqued as to how the game would transfer to the movie screen.<br /><br />It doesn't.<br /><br />The banal plot revolves around a group of ""crazy kids""  a la Scooby Doo  attending a remote island for a world-shaking ""rave""  whatever that is. (You kids today with your hula-hoops and your mini-skirts and your Pat Boone) After bribing a boat captain thousands in cash to ferry them there (a stupidity which begs its own network of rhetoric), they find the ""rave"" deserted.<br /><br />Passing mention is made of a ""house""  presumably the titular House Of The Dead  but most of the action takes place on fake outdoor sets and other locales divorced from any semblance of haunted residence.<br /><br />A fallen video camera acts as flashback filler, showing the island in the throes of a  party?! Is that it? Oh, so this ""rave"" thingy is just a ""party""? In the grand tradition of re-euphemizing ""used cars"" as ""pre-owned"", or ""shell shock"" as ""post-traumatic stress disorder"", the word ""party"" is now too square for you drug-addled, silicone-implanted, metrosexual jagoffs? <br /><br />It is learned that the party was broken up by rampaging zombies. Intelligent thought stops here<br /><br />I don't think the pinheads who call themselves screenwriters and directors understand the mythos behind zombie re-animation. Zombies can't die  they're already UN-DEAD. They do not bleed, they know no pain. Unless their bodies are completely annihilated, they will continue being animated. At least, that's what my Jamaican witch priestess tells me.<br /><br />Which means that a .45 shot into their ""hearts"" is not going to stop them, nor will a machete to the torso. And a shotgun blast to the chest will certainly NOT bring forth gouts of blood. At least in the video game's logic, the shooter pumps so many rounds into each monster that it is completely decimated, leaving a fetid mush that cannot re-animate itself.<br /><br />Yet each actor-slash-model gets their Matrix-circular-camera moment, slaying zombies on all fronts with single bullets and karate chops to the sternum. Seriously, these zombies are more ineffective than the Stormtroopers from ""Return Of The Jedi"", who get knocked out when Ewoks trip them.<br /><br />I suppose the film's writer, Mark Altman, having penned the not-too-shabby ""Free Enterprise"", felt compelled to insert a Captain Kirk reference, in the character of Jurgen Prochnow, who must have needed milk money desperately to have succumbed to appearing in this aromatic dung-swill. There is also a reference to Prochnow's primo role in the magnificent ""Das Boot"", when one of the untrained B-actors mentions that he ""looks like a U-Boat Captain"". "". I wonder how many of this movie's target audience of square-eyed swine picked up on ANY of the snide references to other films, as when Prochnow declares, ""Say hello to my little friend"", presaging his machine gun moment. <br /><br />Aimed at a demographic who have not the wherewithal to comprehend the Sisyphean futility of the video-game concept (i.e. the game ends when you die  you cannot win), this is merely a slasher film for the mindless and mindless at heart. Accordingly, everyone dies in due course, except for a heterosexual pair of Attractive White People.<br /><br />A better use for this film's scant yet misused budget might have been to send the cast through Acting School, although Ona Grauer's left breast did a good job, as did her right breast  and those slomo running scenes: priceless! I especially liked the final scene with Ona trying to act like she's been stabbed, but looking like she's just eaten ice cream too fast.<br /><br />Attempting to do something more constructive with my time, I pulled out my Digitally-Restored, 35th Anniversary, Special Edition, Widescreen Anamorphic DVD of ""Manos: The Hands Of Fate."" Ah, yes!  the drugs were suitably brain-numbing - now HERE was some quality film-making<br /><br />(Movie Maniacs, visit: www.poffysmoviemania.com)"
tt0319147,Casomai,Alessandro D'Alatri,2002,114,"Comedy,Romance","(Spoilers)<br /><br />I was very curious to see this film, after having heard that it was clever and witty. I had to stop halfway because of the unbearable boredom I felt.<br /><br />The idea behind the film would have been acceptable: depicting the way the relationship between a man and a woman evolves, through all the problems and difficulties that two people living in a big city can experience. What made me dislike the whole film were two things.<br /><br />First of all, the film was so down-to-earth that it looked as if, by describing the problems that a couple must solve on a day-to-day basis, it became itself ordinary and dull.<br /><br />Secondly, the overall sloppiness of the production, with dialogues that were barely understandable.<br /><br />Too bad."
tt0325597,The Captives,Eric Stanze,2001,71,"Drama,Horror,Thriller","A young man kills a young woman for no reason. The man's brother is jailed on charges that he was an accomplice, but soon escapes. Upon escaping, the seemingly innocent man kidnaps three victims and soon he ropes his girlfriend in on the plot. If this isn't bad enough, the situation quickly makes a downward spiral.<br /><br />This film had some good aspects and many bad ones. Its strongest aspect was lead actress Emily Haack. Setting aside the fact she's nude in a fair amount of this film, she presents herself as a decent actress and a very strong character. I see no reason she cannot take this experience and somehow turn it into a career in some way. I was convinced she was a ruthless individual.<br /><br />Also, the makers of this film were very bold and pulled no punches. Graphic nudity (both male and female), coprophagia, and extreme anal violence are not shied away from. I like my horror films to push the boundaries a little bit, and this one ignored them altogether, gladly skipping towards Gomorrah. Maybe it was too much, but I think they achieved what they were looking for.<br /><br />But now the negative aspects. First, and most noticeable, this film is very low budget and the film quality shows this. I can excuse that -- the plot was decent, the acting fine and in some scenes the lower quality film actually made the movie more disturbing (a more realistic feel). So, I won't scold them for having low-grade equipment. What I will scold them for is the use of poor choices in shots. For no reason I can ascertain (besides plumping the movie), there is a large amount of footage of a cemetery. I don't really know why, and I frankly started dozing off at this point because it was so long and pointless.<br /><br />I also take issue with the title. The idea here was to deceive people into thinking this film had some connection to the classic ""I Spit on Your Grave"". Now, there is a line that seems to imply the main character is the daughter of the woman from this other film. And the themes are very loosely the same (a woman getting revenge on men). But there is no firm connection and the reason this title was chosen was for the video store customer to think they were getting a sequel. This was deceptive and dishonest.<br /><br />My last major complaint is that this plot makes no real sense. Not even a little bit. A woman is killed in the beginning for no reason. A prison escapee finds time to kidnap people to torture them, for no reason (because they wronged his girlfriend?). The same man goes from good to very evil without explanation. Likewise, the female lead (Haack) turns fro ma normal person to someone who is overly cruel and sadistic, for no reason at all, and against people who for the most part were only marginally mean to her (a neighbor offering drugs for sex is wrong, but by no means worth getting tortured for).<br /><br />Don't let this title fool you, or the claims that the film is incredibly shocking. Yes, some scenes were shocking, but the vast majority of the film is dull and makes you want to take a nap. If you see this in the video store or on Netflix, just keep browsing. Or rent it, and we can sit around and vent about it for hours. You have been warned."
tt0327940,In Your Face,Tim Tommasino,2002,105,Action,"Mind, my friends and I saw the movie based off it's title alone. It's cute, though obvious in it's plot and direction-- you know where the movie is going within the first five minutes. My main contention with the plot is that while it remains tolerably consistent, they never explain a lot of the things behind the characters. An alcoholic father, overworked mother, stressed-out sister... that's a bad family, but aside from the occasional mention from the sister, there's not any resolution. I was also confused as to the scene with the bottles... it seemed pretty random.<br /><br />The writing is a secondary concern... the kids weren't bad actors, but their script left a lot to be desired. Unfortunately, what could have been a cute niche movie was pushed aside for a single, blah special effect, lame scripting, and a glaringly obvious plot."
tt0328031,King of the Ants,Stuart Gordon,2003,102,"Crime,Drama,Thriller","You can't imagine how I looked forward to King of the Ants. As a massive Gordon fan, I awaited the European premiere with wicked anticipation.especially since I loved Dagon - Gordon's last achievement - so much. King of the Ants premiered here in my country and it was Gordon himself who came to present it. Unfortunately, I couldn't go and congratulate him for it afterwards. King of the Ants is his most uninspired and mediocre film to date. Really, the quality level never surpassed ordinary TV-thriller standards. The plot outline is terribly routine and with the exception of a few poor scenes, the typical Gordon-touch is never recognized. On top of that, the already weak script has more holes than a Swiss bowl of cheese! It involves a young wannabe-crook who's hired to commit a murder. So he does.and of course they're not paying him.and of course he falls in love with the victim's wife.and of course he avenges himself.. Only the sequences in which the guy descents in a spiral of madness are worth a mention and they're the only ones reminding you of the fact you're still watching a Stuart Gordon film. The acting performances are below average with McCenna as the heroic lowlife, George `Norm Peterson' Wendt as the chubby bastard and Kari Wuhrer as the good-hearted sex bomb. Extremely illogical things happen constantly and the dullness of the story becomes irritating very quickly, while the make-up effects aren't enough to even satisfy amateur-horror fans. I read a few other comments on King of the Ants, claiming it's Gordon's best since it finally is a thought-provoking and mature film.Well, if that's the case.I rather stay immature and give Re-Animator another viewing, thank you very much. Oh well, I guess every good director runs out of steam and inspiration eventually.too bad it also overcame Stuart Gordon."
tt0329502,The Poet,Paul Hills,2003,100,"Drama,Romance,Thriller","Imagine pulling back the mask of a lethal assassin and finding Barbara Cartland there... that's what happens with this film.<br /><br />The opening showed promise, but soon it drops all pretenses of being a thriller (or even an imaginative love story) and the only reason they made this story becomes abundantly clear: to fill a gap in their female viewing market by creating yet another re-hash of 'mis-understood, brooding bad-boy' (Andrei) meets 'innocent, whimsical beauty' (Paula). <br /><br />Rather than waste any time in creating an original premise, the filmmakers went straight for the money-shot: the bad boy being tamed by said whimsical beauty. Thence follows a string of insincere and heavily-clichéd love scenes sprinkled with pseudo philosophical/poetic fluff. Andrei's admission of being (eponymously) a 'poet' is levered in to round out the perceived qualities a Byronic hero should have - but even when we're told in heavy, underlined writing who and what he is, it's still difficult to believe it - or care.<br /><br />For a Byronic hero/antihero to work, the story needs subtlety, style and innovation - all of which are utterly absent here. This is not a modern day Phantom of the Opera, it's just what happens when a weak and rather silly woman (with loose knicker elastic) dates a bad man, who, after meeting her, seems as dangerous as bunny slippers.<br /><br />The performances might have saved this film, had they been any good: the female lead is preoccupied with looking sexy and 'otherworldly', no matter how forced or ridiculous; and poor Dougray Scott appears to have been drugged as he shambles through his part. This is not his best work. The glimmers of interest were brought by Jürgen Prochnow as 'Vashon', and Andrew Lee Potts as the young photographer/brother. A better movie would have offed the sister and kept the brother instead."
tt0331509,Funky Monkey,"Harry Basil, Gene Quintano",2004,94,"Comedy,Family","I bought this movie from Gamestop's discount used movie bin and the cover caused me to laugh uncontrollably so I bought it for 99cents. The movie itself is retarded and they use like ten different monkeys throughout the whole film that hardly look alike. Not to mention they use a stunt double who is just a short guy in costume making a desperate attempt to impersonate a monkey.<br /><br />The director more than likely committed a murder-suicide with the chimpanzees after the movie debuted in a preview for some other low rent Warner Bros. film and he ended up owing money to the studio. It also doesn't help that he wasn't even infamous for the terrible job he did, he wasn't even known for producing a poop-chute film.<br /><br />Why was this movie ever made?"
tt0331834,Alive,Ryūhei Kitamura,2002,110,"Action,Drama,Horror","I'll keep this short, as I know I don't need to say much.<br /><br />""Alive"" is a strange little film that obviously appeals to some, but I found it to be shockingly bland from almost the very beginning. The film did very little to make any of the characters likable and the story at times became so convoluted that I completely lost interest. As I said, I know others enjoyed it, but I found Kitamura's ""Alive"" to be anything but - a lame, extremely boring drama disguised as a thought-provoking action sci-fi flick. I felt like I was suckered into watching this film, based by its intriguing premise and uber-exciting cover art.<br /><br />My suggestion? Pass it up for Kitamura's far more enjoyable freshman effort ""Versus"" or his 2004 riot ""Godzilla: Final Wars"".<br /><br />...And don't get me wrong, I'm always up for a good thinking man's film, but this certainly wasn't it. There was nary a moment that I actually cared about a single event taking place in this overly-preachy, dialogue-heavy movie.<br /><br />If you wanna talk about something... talk about boring."
tt0332658,Intermission,John Crowley,2003,105,"Comedy,Crime,Drama","This was no Trainspotting or Guy Ritchie film. It was a big wannabee. It wanted to be an edgy, nervous-laughter, urban-life affirming film, but it's more of a camera jerky, mess. It's a lot easier to imitate something else, than to create a real story with real characters. From the beginning, I couldn't care less about the characters or what they were involved in. They were always always hitting, pissing, or crying on each other. Only, there wasn't any substance to what they were doing. The dialog between characters is meant to be hip, revealing, instead it comes out trite, and one scene after another is predictable. I know there are viewers out there that really liked this movie, so I could be wrong."
tt0334541,Tremors 4: The Legend Begins,S.S. Wilson,2004,101,"Action,Adventure,Comedy","Well...tremors I, the original started off in 1990 and i found the movie quite enjoyable to watch. however, they proceeded to make tremors II and III. Trust me, those movies started going downhill right after they finished the first one, i mean, ass blasters??? Now, only God himself is capable of answering the question ""why in Gods name would they create another one of these dumpster dives of a movie?"" Tremors IV cannot be considered a bad movie, in fact it cannot be even considered an epitome of a bad movie, for it lives up to more than that. As i attempted to sit though it, i noticed that my eyes started to bleed, and i hoped profusely that the little girl from the ring would crawl through the TV and kill me. did they really think that dressing the people who had stared in the other movies up as though they we're from the wild west would make the movie (with the exact same occurrences) any better? honestly, i would never suggest buying this movie, i mean, there are cheaper ways to find things that burn well."
tt0337640,Hollywood North,Peter O'Brian,2003,89,Comedy,"Ouch! This one was a bit painful to sit through. It has a cute and amusing premise, but it all goes to hell from there. Matthew Modine is almost always pedestrian and annoying, and he does not disappoint in this one. Deborah Kara Unger and John Neville turned in surprisingly decent performances. Alan Bates and Jennifer Tilly, among others, played it way over the top. I know that's the way the parts were written, and it's hard to blame actors, when the script and director have them do such schlock. If you're going to have outrageous characters, that's OK, but you gotta have good material to make it work. It didn't here. Run away screaming from this movie if at all possible."
tt0339531,Sasquatch Hunters,Fred Tepper,2005,88,"Action,Horror,Thriller","This is the biggest piece of lamo I've ever watched. It is excruciatingly boring I would have rather sat through a seminar on creationism than have watched this if i had known it was going to be as boring as it was. Not even the 40 seconds of the hot chick in the bikini with the big ta tas redeems this of anything lower than a 1.<br /><br />The reviews of this movie claiming that this movie is ""unintentionally funny"" are absurd and just plain WRONG. Not one thing is funny about this movie. they spend the first 50 or so minutes walking through the woods talking about stuff you wouldn't understand nor care about and it is just as lame when the people start dying because you don't even know who the people are because they are so UNINTERESTING. Honestly though, I didn't watch it to the ending, but that should say something about how horrible it is. WORST MOVIE EVER.<br /><br />Immediately after ejecting this filth from my DVD player I started scraping it against the cement in front of my house, not wanting other blockbuster customers to have to fall upon the same mistake i had made as to rent this movie. Then Zach peed his pants. Thankyou for your time."
tt0340883,Open House,Dan Mirvish,2004,95,Musical,"The premise is amazing and the some of the acting, notably Sally Kellerman and Anthony Rapp, is charming... but this film is near unwatchable. The music sounds as if it comes from some sort of the royalty free online site and the lyrics as if they were written with a rhyming dictionary open on the lap. Most of the singing is off-key. I think they may have filmed with the singing accapella and put in the music under it... The dialogue is really stupid and trite. The movie works best when it is actually talking about the real estate but unfortunately it strays to often into stupid farcical sub-plots. I found myself checking my watch after ther first twenty minutes and after 40 wondering 'when is it ever going to end.'"
tt0346293,Hitler: The Rise of Evil,Christian Duguay,2003,93,"Biography,Drama,History","I have recently watched this movie twice, and I can't seem to understand why the h*ll the makers made this pile of crap. I mean, yes, It gives a great impression of Hitler's environment, and I mean the way they reproduced Austria in the late 1890's, WWI and the Inter-war period. What I can't understand is why they pictured Hitler as a 100% pure evil, mad, unreliable, mentally unstable freak. He was after all a very thoughtful, loving and intelligent man who of course had his dark sides, no doubt about that. But why in heaven's name portray him in this way? All of his positive aspects have been cut out of the scenario, leaving nothing but a very propaganda-like portrait of a man who had the biggest influence on modern civilization ever. Yes, he threw Germany into the devastating 2nd World War. Yes, he was racist, and yes he was at times menially unstable especially at the end of the war. All true. But again; why the hell did they plain LIE to the public? To warn us?<br /><br />I absolutely don't think this movie was a warning. The true danger of Hitler and the Nazi's was the fact they were able to rise to power at moments of severe global weakness. The fact this evil was so recognizable yet so embraced by almost every German alive (not to mention Austrians and a LOT of other people) makes it a warning to modern civilization, NOT the fact Hitler was such a 'weirdo'. If it would have been like the makers make us believe - I would have been convinced that the German people were retarded. A man like the one in this movie would have never gotten anywhere near party leader - not to mention ReichsKanzler. <br /><br />4/10"
tt0352394,Hellborn,Philip J. Jones,2003,90,"Fantasy,Horror","Because others have gone to the trouble of summarizing the plot, I'd like to mention a few points about this film. There may be spoilers here; I don't care enough to filter them out.<br /><br />- Given the film's low budget, the creature design was quite good. It's actually nice to see a direct-to-video horror film that's not slathered with awful CGI. Unfortunately the digital film quality's quite grainy in places, and it's most noticeable in the well-lit white halls of the asylum.<br /><br />- Ridiculous lighting design plagues parts of this film, to say nothing of the variations in the passage of time. I understand the director might have been trying to simulate dementia, but in order for this to be effective consistent time flow needed to be established. As-is, it merely seems amateurish.<br /><br />- Plot twists were numerous but consistently predictable. I neither had a doubt in my mind of the identity of the robed cultists, nor of the fact that some kind of lame evil-trumps-good development would surface at the end.<br /><br />- This may seem like quibbling, but characters in this film reliably fail to employ any kind of common sense. First of all, regulatory commissions would be all over a mental health center that unilaterally declared all patient and employee deaths cardiac arrest-induced. Why would the head psychiatrist also be capable of performing autopsies? Why wasn't a plot point made of these impressive qualifications, or of his introduction to his odd choice of religion? What's the background? What's supposed to make us care about anyone in this? And just as importantly, who in their right mind would go through the introduction to the place, see everything that was so frighteningly wrong with it, and then conclude that it was still a fine place to pursue a residency? This film didn't even respect its characters enough to give their intelligence the benefit of the doubt.<br /><br />Bottom line: See The Wicker Man instead."
tt0365686,Revolver,Guy Ritchie,2005,111,"Action,Crime,Drama","When Ritchie first burst on to movie scene his films were hailed as funny, witty, well directed and original. If one could compare the hype he had generated with his first two attempts and the almost universal loathing his last two outings have created one should consider - has Ritchie been found out? Is he really that talented? Does he really have any genuine original ideas? Or is he simply a pretentious and egotistical director who really wants to be Fincher, Tarantino and Leone all rolled into one colossal and disorganised heap? After watching Revolver one could be excused for thinking were did it all go wrong? What happened to his great sense of humour? Where did he get all these mixed and convoluted ideas from? Revolver tries to be clever, philosophical and succinct, it tries to be an intelligent psychoanalysis, it tries to be an intricate and complicated thriller. Ritchie does make a gargantuan effort to fulfil all these many objectives and invests great chunks of a script into existential musings and numerous plot twists. However, in the end all it serves is to construct a severely disjointed, unstructured and ultimately unfriendly film to the audience. Its plagiarism is so sinful and blatant that although Ritchie does at least attempt to give his own spin he should be punished for even trying to pass it off as his own work. So what the audience gets ultimately is a terrible screenplay intertwined with many pretentious oneliners and clumsy setpieces.<br /><br />Revolver is ultimately an unoriginal and bland movie that has stolen countless themes from masterpieces like Fight Club, Usual Suspects and Pulp Fiction. It aims high, but inevitably shots blanks aplenty.<br /><br />Revolver deserves to be lambasted, it is a truly poor film masquerading as a wannabe masterpiece from a wannabe auteur. However, it falls flat on its farcical face and just fails at everything it wants to be and achieve."
tt0365960,Zero Day,Ben Coccio,2002,92,Drama,"I am fully aware there is no statistical data that readily supports the correlation between video games and real life violence. The movie is false and phony because it is in complete contradiction of itself, which is what I tried to emphasize in my original review. The movie fails, not necessarily because I really do think these kids were influenced by video games, but because the movie sets it up as ""random"" and doesn't follow through. Let me clarify. In Aileen: Life and Death of a Serial Killer, you can see her claims about the police and being controlled by radio waves are ridiculous, yet she is so troubled, she really believes them to be true. The viewer can make the distinction however. In Zero Day, the 2 kids keep saying how they are not influenced by anything environmental, which is obviously false since everything they do contradicts this. Neo-nazism, talking about going on CNN with Wolf Blitzer (which is laughable not only because they know his name, but its a shameless attempt by the filmmaker to get coverage of his bad movie)..etc. This movie doesn't depict 'reality', it shows nothing but phoniness to prove a point. Unfortunately you fell for the bait and didn't see this, and you didn't pick up on it from my review either. The entire movie is just taking Michael Moore's hypothesis and applying it to something ""real life"" in hopes of validating and it fails, not necessarily because the hypothesis is wrong, but because the movie is wrong and doesn't support it. Of course I don't think kids that play video games are more likely to kill people, but if I'm not mistaken, didn't video tape exist of the Columbine kids (or some teen killers) shooting guns in the forest claiming how much they looked or acted like the weaponry in Doom? Hmmmmmmm, the distinction is kids are most likely aware of the media, influenced, but obviously balanced or intelligent enough that its not even an issue. Zero Day is a bad movie not because I really believe a correlation exists, but because the film maker doesn't know what hes trying to say, and the movie does more to disprove his point then support it. It's almost as if the new ratings given to video games made someone upset so they came up with 'Zero Day' in retaliation. If you want to see the 'mindless' teen killer theory pulled off right, go watch Bully."
tt0366292,One Missed Call,Takashi Miike,2003,112,"Horror,Mystery","Acclaimed Japanese director Takashi Miike can't seem to get the wheels moving with this torpid thriller, an adaptation of Yasushi Akimoto's book concerning an evil old woman (and child abuser!) who is part of a new urban legend: if your cell-phone rings with a strange tone--and you see the message 'One Missed Call'--you will replay the message only to hear your own final words before your death. Most successful part of the film is the trenchant satire of Reality TV cameras intruding on the future victims, but the not-so-elaborate deaths (which include a hidden piece of red candy!) are disappointing and dispiriting. The frequent shots of ravaged dead bodies are actually displayed rather discreetly, and this overall politeness may be the reason why the film is ultimately so staid. Hollywood predictably jumped on the far-fetched plot in 2008, yet the U.S. version fared no better. NO STARS from ****"
tt0366555,The Hazing,Rolfe Kanefsky,2004,87,"Comedy,Horror","This was truly dreadful! It had a terrible storyline, was poorly acted, and was like an amateur remake of evil dead but not nearly as good.<br /><br />It took all my tenacity to make it through this one, it's a good job I didn't have to visit the toilet else I doubt I would have come back! This one makes Hammer House of Horror look like a big screen Hollywood epic. <br /><br />The only value to this movie was the never ending supply of beautiful women. Not a bad one among them! <br /><br />If you want to letch with your friends after a night on the beer then this one's for you ... else avoid it like the plague!"
tt0367817,S.I.C.K. Serial Insane Clown Killer,Bob Willems,2003,97,"Horror,Thriller","Hey everyone...<br /><br />There really isn't much to say for this movie at all. The basic plot is that a guy (Brandon) takes a few friends on a trip to his cabin in the woods for a weekend holiday away from work. After picking up a girl on the way there, things start going badly wrong for all of them.<br /><br />The storyline alone (written by the actor playing Brandon, I believe, although I could be wrong here) is unlikely and unconvincing, and is acted out accordingly. The ""Clown Killer"" himself is a rather a sad excuse for a psychotic killer. Far from being a dark, mysterious but most of all, intelligent predator, we are instead offered a rather clumsy, nursery rhyme-singing buffoon who appears to be going through a minor mid life crisis. The only thing that warranted the writing of this comment were the sex scenes and whatever gore there was in the film (the quality of the film led me to derive some enjoyment out of such things).<br /><br />In short, this film falls below every possible set standard. Admittedly, I was sharing a few beers with a close friend as I watched this, so we managed to scrape together some relative entertainment value out of this film and it is therefore only fair to mention that S.I.C.K did fall just shy of a two rating. However, in reality, (and with the benefit of hindsight) the one star rating is a more than legitimate score for this film.<br /><br />1 star out of ten."
tt0371212,Shooting Livien,Rebecca Bagley-Cook,2005,90,"Drama,Music,Romance","This film is really something of a curate's egg, good in parts. In contrast to other reviewers, I found that the main fault with it is its inability to draw in the viewer's interest in the characters and the plot. I sat through it because I'm interested in rock'n'roll and the dynamics of bands, but if I were to evaluate it purely on the basis of its merit as a movie, I would have to give it the thumbs down, with a few caveats: Jason Behr is good in the part of John Livien, and quite convincing as a rock singer; the narrative regarding his childhood trauma is unclear, although we are given hints in Livien's well-acted relationship to his parents, but his behaviour is ultimately bizarre to the viewer (which it shouldn't be). Nevertheless the idea of using a stage persona to solve inner conflicts is interesting, albeit not novel nor fully explored as a theme in this film. The allusions to John Lennon were irritating, but I confess I'm not a Beatles fan. At any rate, Livien and his band reminded me more of Oasis than the Beatles, in the sense that there was something derivative about them. Another frustrating thing about the movie was the way it opened up with some interesting - albeit middlebrow and high-school level - philosophical musings of the lead character, but left the threads of his thinking there, only to pick them up again in the middle of the film very briefly, when Livien says, ""before God, there was music"" (ever seen that ad for Tia Maria in the 1990s, ""Before time, there was Tia Maria""? That's what sprung to mind anyway); it seems an idiotic conclusion, and the viewer has no idea how he reached it, but he's entitled to it. Fortunately his bassist and friend, played ably by Dominic Monaghan, seems to acknowledge the fallacy of this thinking when he responds ""You don't know that"".<br /><br />In all, the limited strengths of the direction and the plot could go either way on future projects, into pointless banality or into an interesting and more mature perspective."
tt0374569,Che: Part Two,Steven Soderbergh,2008,135,"Biography,Drama,History","(48 out of 278 people found this comment useful, and counting...)<br /><br />People are such suckers for image and looks - as much as for the intellectually hollow ""idealism"" that lurks behind Communism. Che's charisma and looks have as much to do with his iconic stature as the misinformation that has been spread by Leftist propaganda (such as this movie) about him.<br /><br />I don't know what's worse: being captured by one of Che's murder-squads or having to sit through 4 hours of this typically Soderberghian garbage. The question isn't why this pet-project was made but what took them so long. By ""them"" I'm referring, of course, to Left-wing Hollywood and its ""secret"" love of Marxist tyrants (Lenin, Castro... take your pick). I am fascinated that it took decades for one of Tinseltown's least talented liberal directors to finally take on such an irresistibly biased propaganda project. Where was Oliver Stone all these years? Robert Redford? Tim Robbins? Warren Beatty? Alan Pakula? George Clooney? Barbra Streisand even? It's a mystery. All these overrated ""artists"" have often indulging themselves in similar, politically one-sided projects, yet somehow Che Guevara, who is arguably the most popular and well-known Communist, hasn't been a film topic of theirs yet.<br /><br />""Guerrilla"" has all the hallmarks of an American truth-bending story of an epic scale; there is as much factual detail to be found here as in other similar Hollywood big-budget political fairy-tale bios such as ""Malcolm X"" or ""Gandhi"", i.e. almost none. The movie stars Del Toro as the famous Argentinian revolutionary. Nevertheless, however controversial and criminal this man's actions may have been, one thing nobody could take away from him: he was an intelligent manipulator who came from a rich family - which is why Del Toro fits the bill only visually. Del Toro may be an interesting, charismatic actor and he may resemble Guevara physically, but he exudes no intellectual qualities whatsoever, hence he makes Guevara come off as too primitive. Casting such mediocrities as Bratt, Philips and Franka Incompetente only underlines the director's lack of sound judgment.<br /><br />The movie is to the most part extremely slow (no surprise there), and visually uninteresting. Even a director as brilliant as Kubrick would have carefully considered releasing a movie that goes beyond the 3-hour mark, so it's quite telling that this Soderbergh, who has only made one or two solid movies and early on in his career, would think that His Oceanic Grandness was up to the task. If you think the film's length indicates that a bulk of Che's life has been shown here - then think again. Soderbergh focuses on Che's last phase, and a lot of the movie is tedious jungle nonsense, full of Guevara's alleged idealism. (Psychopaths don't have ideals.) I do wonder what kind of a mind this highly esteemed director has to have to actually choose to ignore some of Che's earlier life. Did he actually consider it too uninteresting? A massacre of 600 people holds no interest for the viewer, huh? Amazing. Some much better directors than this over-praised charlatan would have easily fit not one but two complete biographies into a 4-hour movie.<br /><br />Soderbergh, in a sense, becomes an accomplice by never addressing the negative, dark side - which is more than 90% - of Guevara. By spreading this kind of historical inaccuracy, consciously ignoring the ugly truth (God forbid he should taint the holy image of Che), Soderbergh proves himself not a humanist - a fake image which most Hollywood and pop music personalities struggle very hard all their careers to uphold - but the opposite: that he cares only about ideas, never about the people on whom these ideas are tested (like on guinea pigs). Soderbergh and the like are elitists of the worst kind; such people often have a latent contempt for the ""proleteriat"" (what a stupid term) they're supposedly siding with.<br /><br />Half of all students around the world wear Che's image on their red and orange shirts, but without ever knowing why. He has become an iconic figure for clueless, uninformed, very often young people, who think that by having this man's face on their chest that somehow makes them appear ""edgy"", intellectual, hip or interesting. In reality, wearing a Che shirt only underlines one's overall shallowness and total disinterest in self-education. (Wouldn't YOU want to find out more about a person before you start advertising his/her face to the world?) Wearing Che's by-now cliché image has become as common as having a Bart Simpson coffee cup. All those ""Che-wearers"" probably know more about Marge's blue hair than they'll ever read up on about Fidel Castro's dead ally.<br /><br />After everything that'd been done in the name of Marx, one would think that these mongrel ""ideals"" would be finally laid to rest. It seems mankind will never learn. Stalin, Mao, Kim Il, Pol Pot, Castro, Milosevic, Ceausescu, the Iron Curtain, a hundred million dead, more than a billion ruined physically and/or mentally through this system... so none of that matters, huh? <br /><br />The fact that Del Toro won a Cannes Award should only surprise those who are absolutely clueless as to how Cannes and other European festivals work - and vote. Hint: Sean Penn headed a jury not long ago.<br /><br />For my music-related rants, go to: http://rateyourmusic.com/collection/Fedor8/"
tt0375210,White Noise,Geoffrey Sax,2005,101,"Drama,Horror,Mystery","Absolutely one of the worst movies of the year. The plot is ridiculous, the characters poorly developed, and the premise irritatingly stupid. It all begins when Michael Keaton, fresh off of doing nothing noteworthy since Batman, loses his beautiful author wife, Anna, to a car accident, possibly caused by her driving one of those convertible VW bugs even though she's supposed to be rich. In his grief, Batman moves to a new apartment and takes up a hobby: recording nothing and then watching it. He learned this from a really fat pathetic guy who got murdered by three tall shadowy fellows who lived in his TV. Pretty soon, he starts to see dead people, thanks to EVP, or Electronic Voice Phenomenon, which is evidently this deal wherein dead people can send messages to living people through tape recorders, video cameras, dead cell phones (""Anna cell calling? But she's...DEAD!...Must be ghosts. Mhmmm. No other possible explanation. I'd better start messing around with this indiscriminately."") etc. Why they can't just write something down on a piece of paper or knock over some stuff to form creative pictograms is never explained. ANyway, eventually Batman discovers that he's actually seeing the future, and he decides to go help this woman he doesn't know. He gets out of his house just in the nick of time, because the tall dark guys enter just after he leaves (""D*mn it! Can travel between the living and dead using electronics, but I'll be d*mned if we can be on time! Am I right guys? (They nod in bemused agreement).""). He tracks this lady to a warehouse and finds out that this character from the first ten minutes of the movie (look hard, or you'll miss him!) is actually a serial killer working for three tall shadowy demons, who in Raiders of the Lost Ark style swoop down and kill him, looking like the cartoons that they are. Just then some detectives show up and save the lady. After Batman's funeral, he decides to send a message from beyond the grave apologizing to his son for being an idiot, evidently feeling that the best way to protect his kid from the horrors of EVP is to expose him to it. The little kid just smiles. Nothing phases that dude, not even when his dad, Batman of course, starts talking to TV's. The high-point of the movie was when someone's phone rang and some guy yelled out, ""It's Anna!"""
tt0381966,Creep,Christopher Smith,2004,85,"Horror,Mystery,Thriller","Honestly, I went to see the movie, not because of the actors, not because of the plot but because it was rated 17 here in Luxembourg and a movie has to be really brutal or pornographic to be put in this category. Believe me, being a movie-freak, I have seen quite a lot of brutal films in my lifetime (Ichi the killer, Irreversible, Hellraiser) but this movie was by far the most disturbing and brutal picture I have ever seen. <br /><br />The plot is plain stupid, the directing is awful, acting was mediocre even the music was a cheap copy of so-called ""Horror Soundtracks"". There isn't a single intelligent aspect in the whole movie, and some of the scenes are really hard to stand. (especially the scene, where you see the embryos in the glasses and hear the baby cries--horrible). I can't understand why the movie was rated 16 in Germany, where normally the criteria are real tough (e.g. kill-bill (brutal but it made fun of itself and had great allusions to Asian cinema and besides a magnificent directing) even a movie like state of grace is rated 18). No one can call this a Horror movie, because actually it was more about showing gore than about scaring the public (Showing the ""Creep's"" face in the middle of the movie was a very bad decision); for me (excuse my expression) it is just one insane director living out his disturbing fantasies. In some scenes you see violence, that has absolutely nothing to do with the plot nor does it explain anything. The plot has holes and flaws, the dialog is boring, honestly I can't mention a single positive aspect of the movie except for the British and Scottish accent.<br /><br />If I had something to say, I would ban this movie from the theaters, I fully understand why none of the big production companies invested their money in this crap.<br /><br />I'm looking forward to getting feedbacks to my thread and I'd be happy to discuss about one or the other topic.<br /><br />""Livin' the dream baby, livin' the dream"" David Aames"
tt0384814,Ask the Dust,Robert Towne,2006,117,"Drama,Romance","The 1930' were a golden age of Los Angeles with its film industry and great potential of various other possibilities to become rich and famous and happy. People were arriving there hoping to fulfill their dreams. Expecting open arms and welcoming offers there were only a few who managed to succeed and find their way to stardom, majority then condemned to live starving, disillusioned and unwanted, searching for a bit of respect in dirty bars and nasty hotel rooms. <br /><br />Young Italian-American writer Arturo Bandini arrives to LA on a similar quest - to spread his charms around to get one of those beautiful wealthy women and to write an excellent novel that would set him on a career path, having so far written a single short story published in an obscure anthology. Wishing to create a romantic masterpiece he seems to be unable to produce anything without experiencing it himself though, occasionally, he sends pieces of magazine stories to a local editor that helps him survive. He is proud to present himself as an Italian but deep in his heart he truly feels his Italian origin as a burden. The little money and the courage to conquer the world he once had are all long gone and watching his dream turning into a hangover he holds a last single nickel to spend. <br /><br />The coffee she brought him was cold and sour and spitting a curse on her triggers a never-ending relationship of insults, unspoken excuses and a love concealed beneath. Camilla being an uneducated girl trying to receive US citizenship through a marriage also carries her heavy cross of a non-perspective racial heritage. Though she is much of a stronger and life experienced person her situation as a beautiful Mexican woman is much harder to deal with than Arturo is able to realize. <br /><br />Is it obvious that Arturo eventually finds his inspiration to work on the novel? Is it possible that their love finally finds its place in the sun? Is it likely that their romance takes an unlucky turn?<br /><br />It is very surprising to find out that the chemistry between the two main characters, performed by Salma Hayek and Colin Farrell, does not work. The relationship lacks the raw and authentic feelings. Hayek though livelier a character compared to Farrell's forgot to arm Camilla with the passion and strength of her once brilliant character Frida. Also it is hard to have faith in a character which being intelligent but uneducated and illiterate uses quite difficult vocabulary and complicated sentences. A tougher character of a Phil Marlowe sort would definitely suit Farrell better, though he looks stunning in a period costume, he seems very lost trying to find the fragile world of a twenty-year old dreamer balancing between a hidden love and desire to be true to himself. <br /><br />Feeling embarrassed watching the two on the screen is not right. Their relationship might have been wild but it is more likely what a thunder and a lightning are without a storm, far from real passion, feelings just described not felt inside. It is very sad that such a potential of an interesting script and good actors was wasted, turned into a grey average of soon-to-be-forgotten."
tt0390614,Waqt: The Race Against Time,Vipul Amrutlal Shah,2005,153,"Comedy,Drama,Family","I cannot believe that the Indian film industry still puts out such third-rate dross as Waqt. For starters, the storyline is totally implausible  spoilt son gets thrown out of family home so as to teach him some self-sufficiency. So what does he do? He promptly goes on to win some national talent contest by doing some star jumps in front of a panel of judges (I honestly am not joking here). In the meantime, his dad is dying of lung cancer, but keeps it a secret from the son, but he survives long enough to see his son become famous, to see his new grandson and also make a new toy giraffe with his own hands.<br /><br />The acting is cringe worthy in its hamminess  no effort was made to try and act in any convincing manner by any of the main players in this film. As usual for Indian films, the family lived in a huge mansion and seemed relatively untouched by the concerns of the real world.<br /><br />To be honest, the main losers when such dire films are made are the intelligent viewers who made the mistake of seeing such a film. The actors, such as Amitabh Bachchan and Akshay Kumar, will still be revered as Gods by those people who have nothing but blind faith in Bollywood."
tt0399877,What the #$*! Do We (K)now!?,"William Arntz, Betsy Chasse, Mark Vicente",2004,109,"Comedy,Documentary,Drama","I'm still trying to decide if this is indeed, the worst film I have ever seen - A very disturbing problem with this film is that real scientists are interviewed, but their footage is edited to make it look as though they support the ideas of the many BSers who populate this film. The BS to signal ratio of the interviews is about ten thousand to one - at the end, the interviewees seem to be saying, ""We want you to _think_ !!"", but they themselves are too lazy to do simple research about things they assert as fact.<br /><br />If you feel that you are open-minded, and wish to expand your consciousness, please be open-minded enough to read some actual books about quantum theory: ""Einstein's Universe"", Nigel Calder (a slim volume, not a challenge), ""The Cosmic Code"", by Heinz Pagels. If you can't bring yourself to read a book, please don't complain to reviewers about being ""open-minded"".<br /><br />To recap, this film is just unbelievably bad.<br /><br />You know what's a really good film which questions the nature of reality? ""Thirteenth Floor"", directed by Roland Emmerich, with Craig Bierko, Gretchen Mol, Vincent D'onofrio. Smart, sexy, thought-provoking."
tt0400497,Herbie: Fully Loaded,Angela Robinson,2005,101,"Adventure,Comedy,Family","There are few uplifting things to say about this, but I can mention Matt Dillon doing his best to make something out of nothing and the many split screens and graphics that are worthwhile. As most race movies suffer from the premise that car lovers are not that intelligent, we end up with movies like this.<br /><br />Lindsay Lohan who surprised so much in Mean Girls has to make better decisions which roles to take. Here she can only fail.<br /><br />Children will only be mildly entertained because it tries to appeal more to adults than children (although still pretty dumb). The ones in the theater I saw it with showed no real interest after a couple of minutes. And as a family sports movie this is horrible. The better moments are in the beginning at the scrapyard creating some sentiment and later in the car-bash fest creating some tension. If you develop a car as a central character you have to develop it better than here. After a few obligatory race scenes you are in for the best part: being able to leave the multiplex in your own car."
tt0408304,"Yo soy Boricua, pa'que tu lo sepas!","Liz Garbus, Rosie Perez",2006,86,Documentary,"I hated the way Ms. Perez portrayed Puerto Ricans! We are not all ghetto - and we do speak Spanish- not Puerto Rican! I can not speak for the uneducated persons you have run into. But our language is intact, our island is our pride. Puerto Rico is better off economically than any other Caribbean island! I'm glad we are not like Cuba, Dominican Republic or Haiti, free from American influence? Free in true poverty, not the U.S. standard of poverty. We are not victims we are resilient, humble,honest and intelligent people. Our ancestry does include strong African roots, but not ""black"" roots- I have nothing in common with Black Americans 9do the research).<br /><br />The analogy between Pedro Albizu, Che Guevarra and Martin L. King could not be more off the mark.<br /><br />MLK was a great hero a true revolutionary- an honest man who saw a day when we would all be free.<br /><br />Che Guevarra helped Castro create the Cuba that is today, is that why boat fulls of Cubans risk their lives to come to America- because Che made such a better place for them? You had a great, awesome, bright idea but you politicized it too much. We have so many things to be proud of as a people - don't bring shame to our people by victimizing us. I am not a Nuyorican and perhaps that is why I can't share your views. I am Puerto Rican, I speak Spanish, I am not a victim and I have been able to accomplish many of my goals in America. If there is a part 2 in the future - less politics more history more stories of triumph- there are many.<br /><br />Damaris Maldonado"
tt0408309,"Carmilla, the Lesbian Vampire",Vince D'Amato,2004,85,"Drama,Horror","Feature of early 21 century cinema of lets pit different evil creatures and bad guys against each other. We haven't seen stuff like this since Godzilla v King Kong and the like. Always sounds great on paper when you're splicing up and in a haze of the good stuff you have an inspired idea and see the whole playing out before you like Beethoven's symphonies. Then you come to writing it. Great ideas like all vampires are female. Ergo hot, seductive deadly but in a way I want to perish sort of way. And all zombies are men. well thats what men are like to a woman just after shes been dumped or cheated on right? So it all looks good up to actually making it. Then the rot starts to set in. Mosters have fight. Nothing much happens. Another fight. Philosophical noodling and cods wallop. Eureka we've found how to win. Big fight again and the End. Sounds great doesn't it? If it was made an indie company it would be great. But this is Hollywood with the eye on the bucks: gloss instead of what the fans want. It all could have been gore soaked beautiful."
tt0410162,The King Maker,Lek Kitaparaporn,2005,92,"Adventure,Drama","THE KING MAKER will doubtless be a success in Thailand where the similar (but superior) 'The Legend of Suriyothai' set box office records. The film directed by Lek Kitaparaporn after a screenplay by Sean Casey based on historical fact in 1547 Siam has some amazingly beautiful visual elements but is disarmed by one of the corniest, pedestrian scripts and story development on film.<br /><br />The event the picture relates is the arrival of the Portuguese soldier of fortune Fernando de Gamma (Gary Stretch) whose vengeance for this father's murderer drives him to shipwrecked, captured and thrown into slavery and put on the bloc in Ayutthaya in the kingdom of Siam where he is purchased by the beautiful Maria (Cindy Burbridge) with the consent of her father Phillipe (John Rhys-Davies), a man with a name and a past that are revealed as the story progresses. There is a plot to overthrown the King and Fernando and his new Siamese sidekick Tong (Dom Hetrakul), after some gratuitous CGI enhanced choreographed martial arts silliness, are first rewarded by the King to become his bodyguards, only to be imprisoned together once Queen Sudachan (Yoe Hassadeevichit) reveals her plot to kill the king and son to allow her lover Lord Chakkraphat (Oliver Pupart) to take over the rule of Siam. Yet of course Fernando and Tong escape and are condemned to fight each other to save the lives of their families (Tong's wife and children and Fernando's now firm love affair with Maria) with the expected consequences.<br /><br />The acting (with the exception of John Rhys-Davies) is so weak that the film occasionally seems as though it were meant to be camp. The predominantly Thai cast struggle with the poorly written dialog, making us wish they had used their native Thai with subtitles. The musical score by Ian Livingstone sounds as though exhumed form old TV soap operas. But if it is visual splendor you're after there is plenty of that and that alone makes the movie worth watching. It is a film that has obvious high financial backing for all the special effects and masses of cast and sets and shows its good intentions. It is just the basics that are missing. Grady Harp"
tt0415778,End Game,Andy Cheng,2006,93,"Action,Thriller","End Game started well, the least said about the end the better. it seemed like things we're happening just to keep the plot going, for example the reporter who at first is a very inquisitive, intelligent person, half way through does something really stupid and totally out of character, we are given no reason for this apart from, the next scene wouldn't make sense without it. The whole story could have been told in about 30 minutes, it would have made an average TV political drama The brilliant Cuba Gooding Jr. is very watchable however and James Woods does an admirable job considering.<br /><br />The end game was honestly one of the worst films I've ever seen......and that's saying something, I've seen Gigli."
tt0417148,Snakes on a Plane,David R. Ellis,2006,105,"Action,Adventure,Crime","I chose to see this movie because it got a good score here on IMDb. But a lot of people either have really poor taste or someone's been fixing the score.<br /><br />Either way it was a real disappointment. The movie is exactly as stupid and far fetched as the title would suggest. There really is no reason to give a summary of the plot - but here goes: it felt like someone had been thinking: ""Wouldn't it be cool to make a movie where there were snakes on a plane? And then the snakes for some reason would go crazy and start biting and stuff?!?"" And that's about it! The plot is thin and unoriginal. The snakes are bad CGI (but it makes sense to cut corners on a movie that no one in their right mind will recommend to anyone!). The acting is poor, and all people are unbelievable stereo types.<br /><br />To sum it up: It's one of the worst movies I've ever seen - stay away!"
tt0420223,Stranger Than Fiction,Marc Forster,2006,113,"Comedy,Drama,Fantasy","STRANGER THAN FICTION angered me so much, I signed up on IMDb just to write this review. STRANGER THAN FICTION is a surprisingly complex, touching and thought-provoking movie until the very end. Once you suspend multiple lapses of logic (why didn't Will Ferrell hear Emma Thompson's voice 10 years ago when she fist started writing her book? ""The phone rang. The phone rang again."" How could she not know it's him calling? etc.), the movie challenges one's thoughts about mortality, fate, and sacrifice.<br /><br />The brief history of literary themes provided by Dustin Hoffman should especially entertain former English majors. And Maggie Gyllenhaal is always a pleasure, even though Will Ferrell might just as easily be an ax murderer as a bumbling soul. Her quick trust of him is a mighty big leap of faith.<br /><br />Ah, but the ending. Until the very end, I would have given 9 out of 10 stars to this movie. The movie as a metaphor for life's journey, as a tribute to the notion of 'writing true,' as a reminder that great literature is either comedy or tragedy, but not both, is outstanding. The entire movie leads the viewer to understand and accept the moment of Will Ferrell's fate. And no matter how endearing a character he may have become, we know full well why we will accept the ending. The last act occurs, the screen goes white, the credits roll. A profound and powerful end to an almost perfect film. An end that would have been debated for weeks.<br /><br />NO!!!!!!!!!! No credits rolled. Say it isn't so. Say Hollywood didn't tack on another 10 minutes of crap that completely undermined the integrity and heart of the movie. Dustin Hoffman got it right when he said, ""It's no longer a masterpiece; it's OK."" An apt review of the movie. Except to me, it wasn't even OK. I was so offended about the betrayal of 'writing true,' about the decision to pander the film that I actually burst into angry tears explaining this on the ride home from the movie. I don't often cry. I could care less about most movies, but I am still angry about this one.<br /><br />My questions for Zack Helm, the writer, are this: did the original movie end when the screen went white? And were you forced by the vapid movie powers-that-be to tack on an ending unfaithful to the core of the movie? Or did you tack that maudlin ending on yourself? I've read you're brilliant. I hope your original script ended the movie the first time.<br /><br />I know Zack Helm will never see this review, and I've been unable to find a contact for him to ask myself. But, please, movie-goers, am I the only one who feels this way about STRANGER THAN FICTION? One good thing came from me seeing this movie: I doubly admire LOST IN TRANSLATION now."
tt0426236,Rising,Martin Wood,2004,88,"Action,Adventure,Drama","Seeing as I hate reading long essays hoping to find a point and being disappointed, I will first tell everyone that this movie was terrible. Downright terrible. And not, surprisingly for the reasons mentioned in the first review. I thought I might agree with him, seeing as he gave the movie the rank it deserved, but was sorrowfully rebuked upon reading what he said. I am quite ashamed to be taking the same side as someone who commented that the movie ""definitely lacks good-looking females."" Let me be the first to say, ""Wow! that was definitely some serious in-depth reviewing there. My mind can hardly comprehend the philosophical musings about this movie."" Seriously though, a lack of ""good-looking females"" shouldn't be considered an essential to a movie. If you're desperate enough for ""good-looking females"" you should really watch other types of movies, not necessarily falling into the sci-fi category."
tt0427038,Carlito's Way: Rise to Power,Michael S. Bregman,2005,100,"Action,Crime,Drama","Quote: theurgist: Anyone with an I.Q. over 50 would have seen this film what it is, an intelligent well acted prequel to a modern day classic, yes it doesn't have a blockbuster cast or a huge budget BUT it is still very well done and had me hooked for the full duration.<br /><br />An I.Q. over 50 you say.. that most mean you have an I.Q. lower than 50.. its name is CARLITOS WAY: Rise to power !!! meaning it should have something whit the first one to do.. <br /><br />all and all its a OK movie if.. YOU CHANGE THE TITLE AND NO CHARACTERS NAMED CARLITO BRIGANTE!!!<br /><br />P.s don't comment on a movie if you don't know anything about movies. but i guess an I.Q. under 50,, you wont know what the hell i am yelling about...<br /><br />Peace out!!"
tt0430304,Little Man,Keenen Ivory Wayans,2006,98,"Comedy,Crime","Comes this heartwarming tale of hope. Hope that you'll never have to endure anything this awful again. *cough* Razzie award *cough*<br /><br />I disliked this movie because it was unfunny, predictable and inane. While watching I felt like I was in a psychology experiment to determine how low movie standards could get before people complained. When I requested my money back at the end of the movie I was informed that because I watched the whole thing 'I wasn't entitled to reimbursement'. I was told by the assistant manager that several people had complained and gotten refunds already though.<br /><br />The movie summary is pretty basic. The midget thief steals a diamond and the poses as a baby to elude police. Underneath this clever outline however, lies a repertoire of original, fresh and hilarious skits. Or not.<br /><br />Ask yourself the following: Do you like to see people getting hit by pans? Do you like fart jokes? Do you like to see midgets posing as babies threatened with a thermometer in the anus? Do you like tired racial jokes? Do you think babies say 'goo goo goo goo goo gaa gaa'? Do you drool?<br /><br />If you answered 'yes' to any of the above then this movie is definitely for you. Although it has been billed in some places as 'The Worst Movie of the Decade', there is probably a movie or 2 that are worse...somewhere. I can't say for sure. I gave this movie 2 stars because we all know a review with only one star would indicate bias on the part of the reviewer and then the review wouldn't be taken seriously. <br /><br />This lowbrow comedy is intended for a less intelligent audience and I cannot in good conscience recommend it to anyone. Save your money for something funny.<br /><br />Respect"
tt0430768,Wild Tigers I Have Known,Cam Archer,2006,88,Drama,"One would think that a film about a young person's coming to terms with his burgeoning homosexuality would be anything but boring. Think again. This production should be bottled and sold as a cure for insomnia because it's about ten times as potent as any sleep aid on the market. It's almost as if the film maker *considered* making a movie, but got lazy and decided instead to run a series of random (and randomly BORING) images and go-nowhere scenes, throw in a couple of actual scenes featuring actual acting, pretend that good lighting ins't important in the film-making process, and wrap it up under the auspices of an ""arthouse"" film. This is exactly kind of crappy product that makes it easy for a lot of traditional film-makers to poo-poo the indie film movement, and which keeps the general public from more easily embracing indie films.<br /><br />If you're interested in films covering this subject matter, you'd be much better off tuning in to some of the great short films available at Logo's website or renting Get Real. Better yet, read Stone Butch Blues. Whatever you do, skip this long-winded piece of dreck."
tt0432283,Fantastic Mr. Fox,Wes Anderson,2009,87,"Adventure,Animation,Comedy","I went in not knowing anything about this movie and I walked out in an half hour knowing everything about it. It was one of worst movies I've ever seen. I'm a generally a nice person but if somebody told me they liked this movie, I would probably never talk to them again. Anybody who likes it throughly is most likely to have an extremely dry, hermit type personality. I'm gonna also include that they think they are pretty intelligent too, just like the self-centered fart bags who do the voices for the movie. I know everyone has different types of humor, some people may not even like mine, but that's okay; I don't think this covers any range of humor though. This movie is as flat and dull as Wes Anderson's mind. Go in and get ready to walk out; it's best to get your money back too."
tt0433360,Dark Remains,Brian Avenet-Bradley,2005,91,Horror,"Okay. Look- I've seen LOTS and I do mean LOTS of these types of films. You know, the ones where the DVD cover just look SO good and scaarrryyy that you just cant WAIT to see it? Well, I got GOT again. And I'm getting' pretty tired of it. But I digress. It's pretty simple. It sucked(I know, rather juvenile) but it did. AndI SO agree with the other poster that if we had to sit through the boring thing, why oh WHY did the lead actress have to be so unnattractive?Distractingly so if I may add. And the scowl she used convey unresolved pain/grief over the death of her daughter did little help. I mean, Jesus.. Oh, but the crawling-on-her-back-demon thingee was pretty neat..."
tt0436301,Feeding the Masses,Richard Griffin,2004,85,Horror,"As you may have gathered from the title, I wholeheartedly believe this movie to be the worst zombie movie of all time. The acting, camera-work, writing, special effects and anything else remotely related to this movie sucked. People have argued that while this movie is terribly-acted and terribly-produced but it comes through with a witty intelligent script. Wow. The plot has more holes than I or anyone else could possibly count. For starters, why would the government tell everyone to go back to work when it's not safe? I know the government's supposed to be evil but they don't gain anything by killing the entire population of the country. There wouldn't be anyone to govern! Another thing that I was wondering about, even if the government told everyone to go to work, why would people go if the streets were swarming with zombies? Were the zombies going to hide in the bushes and ambush the unsuspecting people in order to aid the government in their plot to kill everyone on the planet? And how about the ending? That stupid Torch guy sacrifices his life in order to get a few close up shots of the zombies. He probably forgot that every camera made in the last 35 years has a zoom feature. And another thing, why does he say Hindenburg before he dies. The Hindenburg was a rare event seen by a very few people. The zombie menace will been seen by everyone in the country, possibly the world. He doesn't think anyone else will get a few snapshots? They also managed to ruin the only semi-interesting scene in the film when the soldier is watching the exotic dancer. Why did the zombie hide behind a curtain for five minutes before attacking the girl? Especially when the zombie could have come through the DOOR. It's probably just something an unintelligent zombie movie fan such as myself wouldn't understand. Every day I pray that God with increase my brain capacity long enough for me to figure out all the subtle nuances in Feeding the Masses.<br /><br />Anywho, I think it's interesting that this is the first movie that gave me the desire to physically hurt the people involved in the production. Hey Trent Haaga, I'm calling you out!"
tt0439932,The Jane Show,"George Bloomfield, T.W. Peacocke, Brian K. Roberts, Paul Fox, Craig Pryce, Ron Murphy, Chris Deacon",2004,30,Comedy,"Here's why the Jane Show won't work. Once again Canadian bonehead producers and writers can't create a sitcom without putting some kind of different spin on it. I guess these people don't watch a lot of T.V. from the U.S. which has the sitcom model down pat. No, here we have to do something different, we have to make the A story absolutely absurd and then have a meaningful B story to try to make up for it. The characters are two dimensional and the story lines are way over the top: Forklift races??? give me freaking break. Here's a little advice for the writers of the show, Don't write funny situations, find the funny in situations. And remember, you have to be born with a sense of humor to write truly funny stuff, not just be an improv monkey."
tt0444628,Fay Grim,Hal Hartley,2006,118,"Action,Comedy,Thriller","This is a low-budget spoof of the espionage genre. To help frame your expectations, you should know that: (1) The acting is wildly heavy-handed. The stars are having great fun delivering their lines with excessive eye movement, frequent hand gestures, and off-key pacing. (2) The script deliberately lacks continuity and plausibility. Oftentimes lines are abruptly jarring and humorous because they have absolutely no relevance to previous plot elements. (3) Shots are frequently framed in off-balance angles, poking fun at genre excesses. (4) A pop-eyed Jeff Goldblum delivers complex and classically preposterous dialog in a winningly sarcastic manner.<br /><br />The film has a guiding intelligence, deliberately starting with a plot element stolen from the B-films of the 1930's: a secret code with a structure that would defy explanation by Carl Sagan. The film's over-the-top acting is used mostly for comic effect during the first 90 minutes. In an early running gag, Fay Grim's son Ned is so frequently told to leave that you can't help chuckling while feeling sorry for the lad. Parker Posey's nicely choreographed fall from bed also helps set a humorous tone early in the film.<br /><br />The film's slow pacing does not enhance the comedy elements or the drama elements that later emerge. The film's impact as drama is significantly lessened by the early comedy. Moreover, it is hard to be overly involved with the characters and their fates when the early portions of the film are so sarcastic. The musical score is intentionally heavy handed, and I found this (and the off-kilter camera angles) more irritating than humorous.<br /><br />The over-the-top acting, the implausible and nearly incomprehensible plot of conspiracies/counter conspiracies, and the slow pacing will grind on many viewers. The movie is much too long at 158 minutes.<br /><br />That said, fans who are receptive to the film's sarcasm might want to watch again ... using closed captioning to best catch the intelligent ridiculousness of the dialog. The film was too slow for me and the sarcasm felt more heavy-handed than light-hearted. But, the comedy may well appeal to your tastes. The film is worth a view for those who enjoy independent films, fans of director Hal Harley, or devotees of Parker Posey (who has the most camera time)."
tt0444736,The Naked Brothers Band: The Movie,Polly Draper,2005,90,"Comedy,Family,Music","A very bad attempt at a young spinal tap. At least the music in spinal tap was good.<br /><br />This is really a very sad case of Hollywood nepotism at it's worst. A bunch of Hollywood execs, bad musicians and producers create some ""poopie"" show so their kids can be in the spotlight. Oh please!!! The potty humor was even bad. I hate this stuff when there is really incredibly talented kids (musicians, actors and artists) out there busting their butts to have success and this crap comes along.<br /><br />Help u all!!!! Why wasn't Gene Simmons in it??? Ameriac's taste in entertainment is going down the toilet."
tt0446725,Kissing on the Mouth,Joe Swanberg,2005,78,"Drama,Romance","""It's like hard to like describe just how like exciting it is like to make a relationship like drama like with all the like pornographic scenes thrown like in for like good measure like, and to stir up like contro- like -versy and make us more like money and like stuff."" - Ellen, the lost quote.<br /><br />""Kissing, Like, On the, Like, Mouth And Stuff"" is like the best like artistic endeavor like ever made. Watching like Ellen's hairy arms and like Chris masturbating was like the height of my years-long movie-viewing experience and stuff. But before I like begin like breaking new U.S.-20-something-airhead records with the my ""likes"", let me like just briefly list like the high- like -lights of this visual like feast: <br /><br />1. Chris doing the deed with his genitals. And not just that: the way the camera (guided so elegantly by Ellen and Patrick) rewards the viewer with a full-screen shot of Chris's fat white-trash stomach after he finishes the un-Catholic deed - that was truly thrilling. I can in all honesty say that I've never seen such grace. Chris, you should do more such scenes in your next movies, because that is exactly what we needed as a continuation of what that brilliant, brilliant man, Lars von Trier and his ""Idiots 95"", started. A quick w*** and then a hairy, fat, white belly: what more can any movie-goer ask for?! Needless to say, I can sit all day and watch Chris ejaculate (in spite of the fact that I'm straight)... Such poetry in motion. Such elegance, such style. No less than total, divine inspiration went into filming that sequence - plus a solid amount of Zen philosophy. Even Barbra Streisand could not get any more spiritual than this.<br /><br />2. Ellen's hairy, thick arms. The wobbly-camera close-ups, so skillfully photographed by our two directors of photography (I can't emphasize this enough), Ellen and Patrick, often caused confusion regarding the proper identification of the sex in question. There were several scenes when we would see a part of a body (a leg, arm or foot), yet it was often a guessing game: does that body-part belong to a man or a woman? Naturally, Chris and his fellow artists, Ellen, Patrick and whatsername, cast themselves on purpose, because their bodies were ideal for creating this gender-based confusion. It was at times hard to guess whether one is seeing a female or male leg. Patrick is so very thin and effeminate in his movements, so hairless and pristine, whereas Ellen and the other girl are so very butch, what with their thick legs and arms. Brilliant. <br /><br />3. Brilliant - especially the way that neatly ties in with the theme of role reversal between the sexes: so utterly original and mind-blowing. Ellen behaves like a man, wants sex all the time, while her ex Patrick wants to talk - like a girl. Spiffing.<br /><br />4. Ellen's search for a Leftist mate. ""He must love 'The Simpsons', which is quite Leftist."" I am glad that the makers of this movie decided to break the long tradition of offering us intelligent Leftists. Ellen is such a refreshing - and realistic - change. The number of ""likes"" that she and her liberal friends manage to utter in less than 80 minutes is truly phenomenal (3,849, to be exact). They have managed to realistically transfer their real-life ineptness onto the big screen with a minimum of effort, and I applaud them for that.<br /><br />5. The close-ups of toes. Plenty of stuff here for foot-fetishists, which I think is a very liberal, highly commendable way of reaching out to sexual minorities. After all, shoe- and foot- fetishists are offered so little in modern cinema, so it's nice to see that someone out there CARES.<br /><br />KOTM, or rather, KLOTLMAS, offers more than meets the eye. It is not just a modest little film about shallow people engaging in hollow relationships while indulging in meaningless conversations. No, it's much more than that. It's about the light that guides all silly creatures; the guiding light that dominates the futile lives of various pseudo-artistic wannabes who just dropped out of film school, and plan to assault our senses with dim-witted drivel that will hopefully play well at pretentious festivals like Sundance and Cannes, enabling them to gain the necessary exposure hence some real cash for a change, with which they will later hire the likes of Sean Penn and George Clooney in promoting the saving of this planet and the resolving of ALL political problems this world faces. What better way to do that than by making porn at the very start? <br /><br />If Chris and Ellen did the camera here, as is clearly stated in the end-credits, then who held the camera while the two of them were in front of it? They probably hired some passers-by and shoved the camera into their hands...<br /><br />Go to http://rateyourmusic.com/~Fedor8, and check out my ""TV & Cinema: 150 Worst Cases Of Nepotism"" list."
tt0450345,The Wicker Man,Neil LaBute,2006,102,"Horror,Mystery,Thriller","If Edward Woodward was the the flicks watching this film then that's what he would scream out in horror. <br /><br />I'm sorry folks but enough's enough. We had Get Carter, The Italian Job, Alfie and now this. What's the similarities? No. It's not exactly a coincidence that three of the originals star Maurice Micklewhite and the other stars another great British actor. The main common ingredient in those originals IS the britishness of the films. They weren't made to impress Hollywood. They were quirky English films with a unique charm/atmosphere that just cannot be replicated in the USA. The word is CULT and what better way to destroy a cult film than to bastardise it with a remake or even a sequel. <br /><br />Wicker 06 had a tough task before it even hit the road. Wicker 73 is even more enigmatic that other said cult films; it defies genre, intelligent scripts, A-grade actors, the music score, set-pieces that defy description and all the stories surrounding the film.<br /><br />So here comes a remake. Don't worry. No originals were harmed in the making of this remake. Some major aspects of the story needed to be reworked for the modern USA - communications, paganism, virgins. But that's just about the whole premise. So we give the cop a Nam style trauma past complete with shock music flashbacks for the cheap scares. Then with no mobile phone mast on the island that sorts the communication out - but in the real world this wouldn't happen. Cops just don't go missing. Give him a blood link for motivation rather than the clash of beliefs and you have the remake. Wafer thin though, isn't it?<br /><br />It's just that it was all laid on with a trowel. The name alterations were simply hammy, almost Carry On, there was no sense of community on the island, no centre of town to catch your bearings, just a few houses dotted about a forest and that was it. Willow was just annoying by not giving out any info at all and Cage was useless to let her get away with it. When he went into the well you just knew he would get locked it. The screenplay was signposted all the way to the end - and you just wanted it to hurry up and end. The epilogue was absolutely hilarious and didn't know when to stop. <br /><br />That ending is probably the best way to summarise the difference between the two. One ends in the most beautiful sunset after the most horrific day. The other ends with a post-production explain-it-all-to-the-thickies type conclusion.<br /><br />I loved the original but went to the cinema with an open mind and was excited to see the film. I left thankful in the knowledge that this film will probably end up beneath a highway somewhere only this time mercifully forgotten forever."
tt0453671,Garam Masala,Priyadarshan,2005,146,"Comedy,Romance","I never understood why some people dislike Bollywood films: they've got charismatic actors, great dance numbers, and heightened emotion--what's not to like? What I didn't realize was that I had only seen the upper-crust of Bollywood. Then I watched ""Garam Masala"". I could tell from the first scene that this was not a movie I was going to like (the film opens with a montage of the two leads driving around a city and apparently happening serendipitously on a series of photo setups populated with gyrating models), but I kept hoping things would improve. Sadly, they didn't. The main problem is that the two protagonists, Mac & Sam, are completely unsympathetic. They spend the entire movie lying to women--and lying brutally- -in order to get them into bed, and the audience is supposed to find this funny, and be charmed. The boys are unscrupulous and inept, and not in a lovable way. Mac even goes so far as to have one of the women drugged in order to keep her from discovering his cheating. The script is extremely poor, with repetitive scenes, setups that never lead to anything, and illogical actions and statements by the characters. In fact, the characters are never really developed at all. The males are boorish, greedy jerks, and the women merely interchangeably beautiful. If you go by this movie, you would think that ""air hostesses"" are pretty easy to pass from man to man. In reality, betrayal is not so humorous. <br /><br />The only bright spots I found in the movie were one dance number that had brilliant sets, and a few slapsticky moments involving the French-farce, door-slamming aspects of the story. But Bollywood dancing is better enjoyed in movies choreographed by Farah Khan, and for slapstick you might as well just go straight to the silent comedies of Buster Keaton and Harold Lloyd, who seem to have influenced writer/director Priyadarshan not a little. Priyadarshan also takes false credit for inventing the story: the basic premise of the plot is stolen from the 1960 play ""Boeing Boeing."" The original author of that work, Marc Camoletti, is credited nowhere. At least Priyadarshan changed the title for this remake, rather than brazenly using the original without giving credit, as he did in his 1985 version of this same tale. (According to IMDb's credits list.)"
tt0454349,Johnny Test,"Larry Jacobs, John Lei, Paul Riley, Chris Savino, Joseph Sherman, Mauro Casalese",2005,30,"Action,Adventure,Animation","This show is dull, lame, and basically rips off all sorts of various things in order to make it ""original."" First off: The animation is so ugly... Johnny's hideous... and everyone's annoying. The twins look like teen female Dexters from ""Dexter's Lab,"" and Johnny is almost like a more intelligent male Dee Dee (also from ""Dexter's Lab."") Secondly: The plots... are painfully lame, making them hard to follow. The gags are corny, and nothing really makes me feel compelled to laugh a little bit... especially when it tries to be funny. I only saw two episodes, but those alone turned me off.<br /><br />Third off: The whole theme song starts off by ripping off the tune to Green Day's ""American Idiot."" And, while I am not a big fan of that band, I find it really dumb that they would take the same opening melody, and then subtly change it, in order to make it their own.<br /><br />Case in point... it's a big fat ugly bore. 1/10"
tt0455507,The God Who Wasn't There,Brian Flemming,2005,62,"Biography,Documentary,History","I'm an incorrigible skeptic and agnostic and was thus expecting to enjoy this film. After watching it, however, I honestly believe that I could have made a better documentary myself. Its arguments appear to have only four spurious sources (despite his being listed in the credits on IMDb I didn't see Richard Dawkins anywhere), it's edited together crudely with laughably amateurish computer effects, and it doesn't make even the slightest attempt to appear impartial. The narration is pervaded throughout with a sneering, almost adolescent anti-Christian sentiment, ruining any possibility that the film might actually change someone's mind as opposed to just preaching to the choir (i.e. me). Though there is some interesting discussion of the historicity of Jesus, the movie hits an unbearable snag when it begins to dwell heavily on the Christian school which the director attended as a child, an institution which apparently scarred him badly psychologically as it obsesses him to this day.<br /><br />Though TGWWT obviously had a low budget, there was still an opportunity here to make an intelligent commentary on the highly questionable roots of Christianity. There's certainly a dearth of skeptically-minded religious documentaries on the market, and this film could have helped fill the void. Instead, the director chose to insult our intelligence with this piece of garbage, which in the end appears to be some sort of therapeutic exercise for him. It's too bad that his Christian upbringing traumatized him, but he needn't subject an audience to his coping mechanism."
tt0455538,How to Lose Friends & Alienate People,Robert B. Weide,2008,110,"Biography,Comedy,Drama","If you have read the book - do not set your hopes high, if you have not - go read it, and never watch the film. It is strange to learn that Toby Young was actually involved a lot in the writing of the script (as he claims himself in the post script of the book). Because the film is very different from the book.<br /><br />What the film seems to be aiming at - taking a rather thought provoking and entertaining piece that combines philosophical ideas with plain funny sarcasm and simplifying it so that everyone would understand it - it achieves with perfection. The film is full of bad and cheap jokes suitable for a sitcoms, and has lost any meaningful message that it could have had.<br /><br />You are better off not seeing it."
tt0459387,The Great Ecstasy of Robert Carmichael,Thomas Clay,2005,96,"Crime,Drama","This movie commits what I would call an emotional rape on the viewer. The movie supposedly caused quite a stir among the critics in Cannes, but for me the final scene was just a pathetic attempt for a newbie director to get himself noticed. Hardly a voice in the discussion on the issue of violence, drug abuse or juvenile delinquency (or any other issue, for that matter).<br /><br />The main character's metamorphosis from good, but troubled boy to the vicious rapist is virtually nonexistent, whereas the rape scene (being an over-dragged, exaggerated version of the rape scene from ""A clockwork orange"") is unbearable and I refuse to comment on its aesthetic values. There are some things an artist should not do to try and achieve his/her goal. At least in my opinion.<br /><br />To wrap it up: shockingly brutal, revolting and NOT WORTH YOUR TIME. See ""A clockwork orange"" or ""Le pianiste"" instead."
tt0459392,SharkMan,Michael Oblowitz,2005,92,"Action,Adventure,Comedy","If you read my review of SyFy's ""Dinoshark"", you know that I can appreciate the low-budget schlock that these made-for-television movies can provide. They're stupid...they're silly...but they're still pretty fun in a ""so bad, it's good"" kind of way. So, still smacking with guilt for liking (and recommending) the undeniably hokey ""Dinoshark"", I sat down to watch ""Hammerhead: Shark Frenzy"", a SyFy Original Movie about a half-man, half-hammerhead monster terrorizing people on an island. With the SyFy Channel's sure-fire recipe for creating B-movie creature features and a cast that includes William Forsythe and Hunter Tylo, how could it possibly go wrong? Well, to my surprise, it actually misses the mark...not by much, but enough to make me not recommend it. Why? Well, first of all, its titular monster, the dreaded hammerhead-human hybrid, takes a backseat to a bunch of faux-military thugs who really become the movie's primary villain. Though the hammerhead does rack up the body count, he (or it or whatever you call the thing) only arrives just before someone is going to be munched upon and leaves directly after. The rest of the movie is filler, pitting our heroes against the aforementioned soldiers. That, to me, is just not as compelling as watching a walking hammerhead eat people! <br /><br />Please Read The Full Review On My Blog: www.horrormoviejournal.blogspot.com"
tt0461642,7 Dwarves: The Forest Is Not Enough,"Miguel Angelo Pate, Sven Unterwaldt Jr.",2006,95,"Comedy,Fantasy","Despite what a lot of other people thought about the first movie, I really liked it. This one however. How to sum it up in one word?: This movie is (and here comes the word): CRAP!<br /><br />But let's look at it part by part: Here is the plot: Finally the old queen has been removed from her castle, but her successor: Snow white has problems of another sort: The Court-Jester, Father of her son, has gone astray, as the super, Spliss, goes to the extreme, to battle his gray hair and sells the royal offspring for some blond and full hair. In her desperation Snow white seeks the help of Bubi (Otto Walkees),who must first find his other six dwarf companions and then try to find the royal offspring or at least try to find the name of Rumpelstiltskin.<br /><br />The whole plot seems to have been written on a weekend, where the writers were very drunk but were just under pressure from the studio to write the screenplay. <br /><br />Yes, there are some good jokes. Even for fans of the first part, or for fans of any of the other actors, it's really not worth buying the the DVD. Believe me. <br /><br />The only thing, that at least kind of saves the movie from complete oblivion, are the performances of some of the actors. That's why I gave the move 3/10. Sadly, the script is so bad that none of the actors or all of them combined can make up for the bad story.<br /><br />For example, at one point, they even cross over in our reality, and sadly.. they don't do anything funny while being here. <br /><br />Still, a lot of great actors in this movie: Otto Waalkes, Ralf Schmitz, Martin Schneider, Nina Hagen, Cosma Shiva Hagen, (Especially funny): Rüdiger Hoffmann as the mirror, Helge Schneider and many more but sadly all these comedians aren't able to bring this really bad script to life. <br /><br />Maybe it is a treat for some hardcore fans but for regular movie goers or by now DVD Renters or buyers it's not worth the money. <br /><br />I even regret renting the movie."
tt0461887,Space Race,"Mark Everest, Christopher Spencer",2005,240,"Documentary,Drama","I've just visited Russian forum of our TV-channel that had showed this film. Well... 99 per cent of active Russian audience is disappointed. We wanted to see more true facts of our space achievements in this film. But authors had in mind something else... :( We are big and beautiful country with intelligent people living here. We are proud of all our space dreams, real achievements on the one hand in this field and in science on the other hand. So I'd like to ask authors: Where is our LUNOHOD? And where, the Hell our MIR station? Ah? I'm quite sure, that LUNOHOD events took place much earlier Armstrong's ""walk on Moon"". And to comment numerous technical and science mistakes - I really have no time and enough space here! Se our constructive critics in Russian forum on www.1tv.ru"
tt0463392,Zombie Nation,Ulli Lommel,2004,81,Horror,"This film has to be the worst I have ever seen. The title of the film deceives the audience into thinking there maybe hope. The story line of the film is laughable at best, with the acting so poor you just have to cringe. The title 'Zombie Nation' implies a hoard of zombies when in fact there are six in total. This cannot be categorised as a horror film due to the introduction of cheesy 80's music when the zombies 'attack'. The zombies actually talk and act like human beings in the film with the only difference being the make up which looks like something out a La Roux video. If you ever get the chance to buy this film then do so, then burn the copy."
tt0466500,Life Hits,Christian E. Christiansen,2006,93,Drama,"Råzone is an awful movie! It is so simple. It seems they tried to make a movie to show the reel life. Just like Zappa did many years ago. But unfortunately Denmark lacks good young actors. Leon are by many still the little girl in ""krummernes Jul"", and Laura is simply not good enough to play such an important role. several times in the movie she plays with out soul and this is destroying the movie!<br /><br />Even though i consider it a movie you ought to see. I do not agree that the youth are behaving like this, but i think it can show how it can end, if you are letting your child down. Also it is important to support danish movies and new companies like ""Film folket""!<br /><br />all in all I think people should see Råzone. Not because it is a great film, but because it is a movies which is dealing with important themes. I also think it is important to point out that there are some violent scenes in it, and actually it is in these scenes, Laura is acting best. - like the ending where she is holding the gun!"
tt0468482,Fungicide,Dave Wascavage,2002,84,"Comedy,Horror","This was just horrible the plot was just OK, but the rest of the was was bad . I mean come on puppet and then they even tried to make the movie digital and that made it even worse! Normally I would like low-budget movie but this was just a waste of time and almost made me want to return the set that it came on. I have about ten low-budget movie set with like 6-8 movies on them and I would have to say this is the worse movie out of all of them. Also the wording is off and they use a fake plastic machetes that doesn't even look like a real one, they could of used one that looked even a little close to a real one so save your time and money and don't watch this horrorible movie."
tt0469913,Good Time Max,James Franco,2007,79,Drama,"The movie is about two brothers that are supposed to be alike - but are not in any way expect for being smart - one is a surgeon and they other is able to write a computer code. Geniuses as they like to call themselves which sounds very exaggerated if you compare it to personal characteristics can you perceive from the material of the title.<br /><br />I honestly didn't like the style of the movie. I believe that anxiety, confusion and deep blues it brings are there for a purpose, but what I don't get is why there is so much of it. The movie is cheap on scenes and tells the story basically with no human aspect in it at all. It gives the comic book like experience. However it's visually numbing the viewer, it somehow brings him inside the blues with brief dialogs, monotonic scenes, dynamic cut, music and abrupt noises.<br /><br />The movie's storyline is very simple, most of what's going on is being dramatically pictured for long minutes, mostly in confusing delirium simulating effects of drug use and dynamic cuts.<br /><br />I will say openly that this movie didn't meet my expetations a tiny bit."
tt0472033,9,Shane Acker,2009,79,"Action,Adventure,Animation","My thoughts on the movie, 9<br /><br />It was not good, not good at all. Visually, it was great. I was pleased with the pacing, the camera angles, etc. However, the characters? eh, kinda bland. Plot? It sucked.<br /><br />This movie seemed more new age crap than anything else. Organized religion is presented as cowardly and fearful. Science isn't portrayed any better. It creates a monster weapon that kills everything... but ""souls"" have the power to destroy monsters and bring life? Really?<br /><br />That's something that bites my ass a bit too. Here we have a CGI movie... created with science... and they're using it to give us the message that science will destroy the world while promoting the idea that spirituality will save us? At least they had the decency to have one of the characters ask,<br /><br />""Okay, so now what?"" (or something similar). I couldn't hear it too well because of the crowd immediately getting up and making a break for the exit. It was a ""okay... it was just barely entertaining enough to sit here for the entire movie but now let's get out of here as fast as possible!"" type of exit.<br /><br />This is one of those movies where you can't think if you want to enjoy it. Just look at the visuals and nod your head prettily. Any thought as to, ""what's the point of that?"" will suck you out of disbelief and make you eye the exit sign with longing.<br /><br />Okay... SPOILERS follow.<br /><br />So, basically, a scientist creates ""the Machine"" that is capable of creating other, intelligent, robotic life. Evil humans use it as a weapon. However, the scientist realizes that he is also at fault. He gave the Machine his intellect, but didn't give it his heart. <br /><br />The Machine goes Skynet on humanity's collective ass and wipes out all life on earth, finally slowly powering down. However, the scientist manages to survive and create walking sock-puppets. Each one, containing a piece of the scientist's soul.<br /><br />The last one, #9 wakes up not knowing anything about the world. He sees a strange device nearby and picks it up. He meets up with another like himself, #2. <br /><br />Well, #2 gets captured by a last surviving robot of the Machine. #9 finds more like himself ands sets off to rescue #2. <br /><br />They succeed.<br /><br />#9 notices that there is a matching hole that fits the device perfectly. He inserts it and the Machine comes back to life... pulling out #2's soul in the process.<br /><br />The movie then continues with action scenes with #9 trying to rescue his soul-yanked compatriots. <br /><br />They eventually succeed and destroy the Machine. They release the souls of their fallen friends, who go up into the clouds. It then rains and we see life returning back to the planet.<br /><br />Hunh?!?<br /><br />That makes no sense. None at all. Why the heck did the scientist want to split his soul into 9 homunculi? What did it accomplish? Were they created to stop the machine? Everything is dead! The machine was dead! Why bother?!?<br /><br />Why did he expect nine little critters to succeed when nothing else had? Why not create a second intellectual machine, but with a ""soul"" to fight the first.. at least that would have seemed like it would have had a reasonable chance at success.<br /><br />Why did they have to have their souls sucked into the device by the Machine and then destroy the Machine and then release the souls in order to bring life back to earth? Why not just wait for the machine to power down and bring life back without all the rest of the insane steps?"
tt0472047,B.T.K. Killer,Ulli Lommel,2005,82,"Biography,Crime,Drama","My mother worked with Dennis L. Raider for eleven years, not to mention shared an office with him. When it was announced he was BTK, she was shocked. The whole day was just her telling stories about how she never would have seen him as the Wichita Killer. I've heard her re-tell them many times. I've inquired her about a lot of things, and gone to all the interviews that she was asked to go to. I've read the entire book written about Raider, Wichita is my hometown and I was surprised that such a thing could happen in Kansas.<br /><br />There was another BTK movie on TV not too long ago, and I thought this one would have been better at portraying Dennis' killings, maybe even have some intelligent touches to his motives.<br /><br />I'm going to be very blunt with the flaws in this movie. This is based on my mom's portrayal of him, all my readings on him, and the video tapes I've seen of him talking.<br /><br />First of all, the camera angles were horrible. It looked as though it had been shot on a home video camera. The acting was terrible and I couldn't even bear to watch it.<br /><br />Dennis Raider never had long hair. Dennis Raider was a ""very anal man"" and was a ""follow the rule book"" kind of guy. He wasn't as nice as the movie made him look, he was very polite and abrupt, business like. Same goes for his killings, as far as we all know. If you've seen his confession in court, you can already guess.<br /><br />And as for the obsession with the slaughter house? No. Never have I read or has Dennis Raider confessed to having a problem with animal cruelty or people squishing bugs. In fact, he practiced on cats and dogs for choking methods. Yet through-out the whole movie he was putting animals in his victim's faces and acting like he cared about the well-being of them.<br /><br />Dennis Raider never killed the people that he knew, he confessed this, but in the movie in his first killing he tells the lady he knows her also.<br /><br />I really don't even want to go in to this movie, and I'm already ranting. This is NOT what you want to watch if you are interested in the actual happenings of BTK. This is NOT what you want to watch if you want a good horror movie. If you want a badly shot half-porno with some slaughter scenes served the side, then this is your kind of movie."
tt0473310,Ram Gopal Varma Ki Aag,Ram Gopal Varma,2007,171,"Action,Adventure,Comedy","In a variant of Sholay , Ram Gopal Verma ventures into what can be called an unknown territory where the blockbuster takes a new shape. The Thakur goes south.Mohanlal as Narsimha the police inspector whose family has been killed seeks vengeance Madrasi style. The accent is totally South Indian in contrast to Thakur from the north. The severing of the hands of Thakur by Gabbar is also cut down to the fingers in Aag. So make up costs are cut down because there is no effort to hide the hands instead only a long shouldered Kurta covers up for the cut fingers. Moreso in the climax where the Thakur uses his legs and says""Tere Liye to mere paer hi kaafi hai"" here Narsimha uses his finger stubs to fire a gun and kill the villain. Babban, the new avtar of gabbar is also different. He is not from Bihar or UP. He is Bambaiya. Gabbar's infamous laugh is also in two instalments this time and is more subdued. Babban asks for Diwali instead of Holi and romances Urmila the replacement of Helen in Mehbooba. he also dances and enjoys dancing with Abhisheh who plays Jalal Agha in Mehbooba.Babban is more intelligent this time. He tosses the apple and asks the question that made Isaac Newton discover laws of gravitation. Basanti is more verbose than the Auto driver Ghungroo. Nisha Kothari cannot play the auto driver and looks too artificial using words like 'entertain' and 'too much' with gay abandon. Viru was fun whereas Ajay Devgun is a misfit for the role. The God Speaks to Basanti incident and the shooting lessons and the Koi Haseena song and the water tank sequences are painful. The water tank turns into a well and the drunk Devgun is so bad in the sequence that the audience would have wanted him to commit suicide. Jai was composed and serious. Prashant Raj is better than the others because we do not expect anything from him. But he also bungles on the Mausi sequence. He is not as romantic as Jai with the mouth organ . Jaya's role played by Sushmita changes careers. A pure housewife turns into a doctor this time plunging into full time social service after her husband is killed. She too lacks the pain that Jaya displayed. Her flirtations with Jai are more open this time. Samba gets a bigger role this time as Tambe. He does not have to point guns and answer questions of Gabbar this time. He follows Babban wherever he goes and is a bodyguard with more visibility outside the den. Horses give way to Jeeps and auto. The Gabbar's hideout here keeps changing and Ramgarh becomes Kaliganj. All in all it is more of a spoof than anything else. RGV comes up with his own interpretation of the classic. But we remember the original so well even after three decades that our minds refuse to accept stylized versions and changed dialogues. So we call it a spoof. So Mr.RGV(Sholay ) and Farhan Akhtar (Don) and JPDutta(Umrao jaan) stop making remixes and start making originals."
tt0473553,The Tooth Fairy,Chuck Bowman,2006,89,"Horror,Thriller","When I saw this movie cover, the first thing I thought was that it was made for video. The second thing that came to mind was how similar this looked to another terrible movie ""Darkness Falls"", the tale of this dumb witch who killed people in the dark. Unfortunately, Darkness Falls was quite the masterpiece compared to this pile of garbage, and this movie should not have been made.<br /><br />The film starts off with a small back story for the witch, or, more like a pointless introduction of two little kids who are going to go meet the tooth fairy in hopes of her giving them a shiny new bicycle for their tooth. The opening is filmed poorly, and like the rest of the movie, it's certainly not scary. In present time, the movie is about Peter (Lochlyn Munroe). Peter's renting out his house, and his ex-girlfriend Darcy (Chandra West), and her daughter Cole come to stay there. Cole meets a neighborhood child, and they talk of the Tooth Fairy, and how you shouldn't lose your tooth, or she'll come for you. Unfortunately seconds later, it looks like the Tooth Fairy steals her bike and knocks her tooth out (How ironic). Will Cole survive the wrath of the Tooth Fairy, and will her mother and Peter be able to save her, and rekindle their romance...this is a bad movie, you could probably figure it out.<br /><br />One of the main problems with this idiotic film is how undefined the Tooth Fairy is. They say she kills you if you lose your tooth, but nope. She's more like a serial killer who kills at random, and if you lose your tooth, you're definitely going to go. She steals a bike, so apparently she's a thief too. I said earlier that the idea for this movie was based on Darkness Falls, but where did they get the inspiration for the Tooth Fairy's appearance? Let's see. She looks like a burn victim, and she previously went around the neighborhood slaughtering children. Hmmm...it's almost as though she's an exact rip-off of Freddy Krueger from the ""Nightmare on Elm Street"" films. And this is not the worst part of this awful mess, the climax is. This movie might have the most laughable climax (Not literally laughable because I found it more sickening than funny) I've ever seen. Don't see this.<br /><br />Just a little trivia. Lochlyn Munroe was in Scary Movie, and Jianna Ballard was in Scary Movie 3, and they both were in this, so apparently Scary Movie stars are forced to end out their career with bad scary movies.<br /><br />My rating: 1/2 out of ****. 80 mins. R for violence."
tt0475937,The Abandoned,Nacho Cerdá,2006,99,"Horror,Mystery,Thriller","This movie is simply not worth the time or money spent. Full of clichés and a plot that makes absolutely no sense ! I cant believe that so many people have given this awful movie a 10. My guess is they are stooges of the movie maker. <br /><br />If I could give this movie a zero, I would. Too bad IMDb doesn't allow that. <br /><br />The only reason I watched it because I went with a friend who really wanted to see it. Whats sad is that I never had great expectations from this movie to begin with and yet I felt short changed. Take my word, don't waste your $8 on this piece of trash. The only entertainment I got out of the movie was making fun of the directors name. In all, highly NOT RECOMMENDED !"
tt0479651,Dasavatharam,K.S. Ravikumar,2008,188,"Action,Adventure,Drama","I normally only write reviews for movies I really hated or really liked. And, as you can probably tell from the number of stars up there, I didn't like it. By now, I assume you have read about the plot or maybe even seen the movie, so I'll skip the summary. Let's break this down, pros and cons:<br /><br />Cons: The concept: The premise was set up to be interesting. Using Chaos theory as a theme was interesting. However, it wasn't carried out so well. Correct me if I'm wrong, but it seems to me that Chaos theory was kind of misrepresented. The event that occurred in the movie seemed more like contrived coincidence than anything. I guess the Butterfly effect was represented by the whole ""God(s) causes Tsunami to bring back statue."" The presentation comes off as really sloppy though. Some people call this intelligent, but it just seems to be another souped up action film.<br /><br />Storyline: Is it just me, or does it seem that Kamal just threw this together to give him an excuse to play ten roles? The plot is extremely contrived; Govind kept losing the vial so many times in obscure accidents (his friend just happens to mix up the vial with a package he was sending to India, a crazy old lady just happens to throw the vial into an idol, half the cast just happens to unexpectedly meet up in the same hospital, and the case with the idol just happened to get mixed up with one that belonged to a famous singer.)<br /><br />CGI: Oh god, the CGI. It was even worse than the special effects in Jaws 3, and those sucked. Right away, I could tell which parts were animated. Even my ten-year-old cousin knows that underwater cars don't look like that. <br /><br />Stunts: Yes, I now that action scenes in Tamil movies aren't realistic, but the stunts in this one were horrid and actually distracted me from the story.<br /><br />Make up: I have to admit, they did a better job than expected. I thought Kamal would be playing people with similar skin tones, so the two fake white guys and the fake Japanese Aikido guy caught me off guard. However, it was still pretty bad, I could easily tell which ones were wearing masks.<br /><br />The songs: The music was distracting and out-of-place in many instances.<br /><br />Asin: Her character was possibly the most annoying one in the movie. She was loud, ditsy, and obsessed irrationally about that idol. I actually found myself wishing she would die.<br /><br />Plot holes and Fridge Logic: Let me get this straight: a lab monkey was smart enough to get past a password-locked door, but not intelligent enough to tell the difference between a bar of chocolate and a vial with a deadly virus in it. And then, an ex-CIA agent who's after the vial figures out it's headed for India. Instead of immediately following it, he marries a pole dancer first. A famous Punjabi singer with cancer checks into a small town hospital in the third world when he could easily afford the best medical treatment available. Furthermore, he gets shot in the throat with a bullet. You'd think he would be killed, but instead, the magic bullet has cleared his tumor. You read that right, a BULLET knocked out the tumor. <br /><br />Pros... The Naidu Character: Possibly the only likable part of the movie was his comedy."
tt0480011,Closure,Dan Reed,2007,80,"Crime,Drama,Horror","An unpleasant woman and an equally unpleasant man are violently and horribly assaulted by a group of two-dimensional psycho thugs during a night-time encounter on a forest road in Shropshire, England. The man and woman who were assaulted plan and carry out a revenge attack on their attackers...<br /><br />Utterly repellent piece of voyeuristic trash, somehow masquerading as 'thought-provoking' drama, whilst actually coming across as sub-Michael Winner cr*p (you just know that Oliver Reed and Susan George would have been cast had it so easily have been made in the 1970s). What happens to Alice (Gillian Anderson) and Adam (Danny Dyer) is appalling and devastating, yet Dan Reed somehow manages to rub the viewer's nose in every last glob of its sexual nastiness. His camera lingers hungrily on Anderson's naked body both during and after the assault, whilst the script leaves almost all the characters floundering in a turgid sea of two dimensional cliché. His script forces his characters to behave in such a way as to alienate the viewer further from the 'victims' by shoving more ghastly situations into their faces (Adams's attempted post-incident assaults on both Sophie and Alice; Alice's assault on Heffer AFTER his suicide-attempt confession).<br /><br />The quandary comes from the central protagonists' performances - Dyer is a horrible actor, incapable of light and shade as the young male victim of the initial assault (he'll end up in Eastenders, mark my words), but Anderson is extraordinary. Even as the atrocious script forces her character to behave in depraved and ludicrous ways, she somehow delivers an extraordinarily compelling and complicated characterisation as a self-indulgent, arrogant hedonist who encounters such horrors and needs to retaliate.<br /><br />A vile and pointless film then, almost but not quite rescued by a compelling central female performance."
tt0480035,The Eden Formula,John Carl Buechler,2006,92,"Action,Adventure,Horror",I got this as a turkey movie and was I not disappointed.<br /><br />Acting - overall even though many have been in other movies it is clear that they had to work hard to act this bad so constantly over this entire movie with out accidentally letting slip some degree of acting.<br /><br />Plot - being generous I could say that the scriptwriter did originally start with a plot but but did his best to ignore it. the plot broke down faster then a Chinese knock off computer <br /><br />Scrip - now that was an abomination of nature. it failed to flow with any rhyme or reason. the majority of the lines by the characters were at best pathetic to imbecilic. the script worked hard to make sure that no character managed to get to be considered memorable. I have watched other movies where the extras were more interesting and memorable.<br /><br />Special effects - ROTFLMAO!!!!! They were short bus special <br /><br />Directing - until you can come up with your own directing ability copy the style of your favorite directer otherwise you will only make failures like this.<br /><br />It is good to know that your friends/family have been giving you 10 stars for this movie
tt0486583,Fred Claus,David Dobkin,2007,116,"Comedy,Family,Fantasy","Every Christmas eve I make my kids endure yet another showing of It's A Wonderful Life. I also thoroughly enjoyed Bad Santa. So sue me. I admit it. I like cheesy, schmaltzy movies. I like excellent, intelligent ones too, but as with so many things, variety is a good thing. What would the Christmas season be without the annual cinematic ka-ching ka-ching of Santa in all his guises, from Edmund Gwenn to Billy Bob Thornton? Fred Claus will make no one forget Bedford Falls, but I do not believe a Christmas film should have to reach iconic stature to succeed. ""Fred"" is a perfectly OK holiday movie, with enough humor for the adults and sufficient charm for the kids. My wife and I laughed a lot, even if most of the humor was obvious and Vince was just being Vince. Paul Giamatti was a top-notch Santa, which helped a lot. Not a great flick, and unlikely to become must-viewing for anyone's annual Christmas traditions. But my wife and daughter and I enjoyed it for what it was, holiday schmaltz with a small dash of spice. There's nothing wrong with that."
tt0494230,Gospel of Deceit,Timothy Bond,2006,88,Thriller,"I watched this movie last week sometime and had the biggest laugh i've had in a long while. The plot of the film is pretty dumb and convoluted in a badly crafted way. The only plus to be found anywhere in the film are Corey Savier's impressive abs. Alexandra Paul (i think that's her name) is horrendous as the preacher's wife who has a history of depression. Ted McKenzie is gross and his character's a twit on top of it all. And as if the fact that you think she's having sex with her son isn't enough, they throw in needless sax solos at every opportunity! The end and climax of this film is absolutely abysmal and also laughable. I mean who the hell wants to carry the child of a con who tried to make you think he was your son and that you were having an incestuous relationship with him!"
tt0497116,An Inconvenient Truth,Davis Guggenheim,2006,96,Documentary,"Let's be honest shall we? Al Gore no more TRULY cares about the environment than most folks care about contacting foot fungus. It's a hook! Make no mistake, Al Gore is a POLITICIAN! Three years ago he was busted/ticketed in his home state doing 70 mph in a 55 mph zone driving NOT a hybrid, a Yugo, or even a GM Metro but a LINCOLN (go google it if you like)! Or how about the fact that Mr. Gore & his Hollywood buddies continue to use a private fuel-guzzling jets to attend the premiers of ""An Inconvenient Truth."" So much for conservation huh, Al? Anyway, it takes a mere minute to subjectively look at ""An Inconvenient Truth"" & discover the main fundamental flaw. While the film parades out many seemingly impressive scientists to tell the audience the EFFECTS of supposed ""global Warming"" there is not one scientist to tell us the supposed CAUSE of it. For example: I can take a hundred folks out to a parking lot & they can point out an automobile which is not running right. BUT can they tell you with any degree of certainty WHY? Generally not! A second flaw, just how accurate were the weather instruments 100 years ago (the toilet wasn't even invented yet)? What did they have, a June bug in a match box? Hell, even 50-60 years ago? Therefore, how do we know with ANY degree of certainty that the planet is ""getting warmer"" when the records of yesteryear are highly questionable at best? Or that man is THE sole cause of it? The answer is we don't & Science is NEVER a consensus. Thirty years ago, Time Magazine did a cover proclaiming a ""New Ice Age"". The truth is that any 6th grade science teacher well versed in Earth Science will tell you that Volcanic Erruptions, Solar Activity & El Ninos have more to do with our eradicate changes in climate conditions than supposed ""Global Warming."" Finally, what Al Gore fails to adequately address is; even IF America decides to follow the global gospel according to Al & implement everything he recommends, how are we going to get the rest of the world to follow suit when we can't even get them to agree on something so obvious as terrorism? Answer: It's wishful thinking, Mr. Gore & you being a former VP of the USA know it! If the folks who produced ""An Inconvenient Truth"" were really honest, they would have titled their film ""Al Gore Wants Attention."" But what I'd really like is for someone to ask the former VP this; why were two of the planet's biggest polluters (AKA China & India) EXEMPT from abiding by the Kyoto Accords? Anyway, I hear the producers of A.I.T are working on their next film entitled ""Gnomes, Fairies & Elves: Our Endangered Friends."""
tt0497323,Anamorph,Henry Miller,2007,103,"Crime,Horror,Thriller","I should say right away that I checked the spoilers box only because I'm giving this comment the amount of thought proportional to what this mess of a movie deserves, and don't want to be held responsible for some plot point incidentally slipping out.<br /><br />This comment will take the form of a tirade for the simple reason that I am still under the influence of this movie, having just watched it, and the unique effect this has renders one incapable of the sort of forethought and paragraph structure required for coherent, reasoned criticism. That is not a compliment. It isn't the narcotic effect of a truly hypnotic or thought provoking movie. The feelings it stirs up combine like some uncomfortable emotional Voltron, composed of a confusing mix of some form of rage, the vague desire to take a shower, the rudderless, sinking feeling of true betrayal one gets when they realize they have given 109 minutes of their lives into the hands of someone who would not only squander it, but do so in such a pompous, artless way. And I probably wouldn't have done anything super productive with that 109 minutes anyway! But even if I'd spent it on something trivial, like a power block of masturbation and online poker, I would have felt more fulfilled when all was said and done.<br /><br />The problems with this movie are myriad, and in better times I'd articulate exactly what they were in a semi-adult fashion. But in keeping with what this movie deserves, I think I'll most likely stick to the realm of masturbation jokes and cartoon references.<br /><br />The most irritating and terminal flaw is that while watching this movie one is keenly aware that the makers and participants think they are making a much smarter movie than they are. Demonstrating the depth of knowledge one could pick up in a one semester survey of Western art history at a community college or trade school, the art-jargon is piled on thick and from all directions, with much of it supplied by talk between our hero, the tortured detective Stan (Willem Dafoe, who I will forgive for this movie due to him being Willem Dafoe) and his accented antique dealer buddy Blair (Peter Stormare, taking a break from playing a sociopath for whom murder comes easy by playing a 2-dimensional plot device in a movie about a sociopath for whom murder comes easy). And talk they do. In fact, we are dropped into this story at a crime scene that may indicate the reemergence of a serial killer Stan thinks he killed years earlier, so all the back story is established partially through unclear flashback, but primarily through stilted conversations between Stan and his dealer, or Stan and his colleague, the unforgivably irritating Carl (Scott Speedman). And although I differentiate the character Carl (Scott Speedman) from the actor who plays him by using parentheses, I must admit that very early on in the film I despised this character so much that I actually found myself sincerely wishing harm on the actor portraying him (Scott Speedman). Not anything too fancy. Not death or paralysis, necessarily.. But maybe herpes? Or maybe a stage light could fall on him and crush his arm? This is a dangerous digression, but I'm not editing it out because I want to leave anyone reading this who's thinking about paying to see this train wreck of a movie with a clear impression of the horrible wishes and feelings it stirs in even the most peaceful man.<br /><br />Well, I'm sort of running out of steam here.. over the course of writing this the sick feelings this movie brought up in a me have subsided, my head has cleared a bit. Realizing now that I'm still investing time in something related to this piece of sh!t is startlingly similar to waking up after a night of suicidally heavy drinking next to the heaving form of a still slumbering 200 pound college girl. Your first urge is a desperate desire to flee. This is natural."
tt0499570,Slipstream,Anthony Hopkins,2007,96,"Comedy,Drama,Fantasy","I actually had quite high hopes going into this movie, so I took what was given with a grain of salt and hoped for the best. About 1/3 of the way through the film I simply had to give up, quite simply the movie is a mish-mash of stuff happening for no apparent reason and it's all disconnected. I love movies that make you think, but this movie was just a bunch of ideas thrown together and never really connected.<br /><br />Don't think it's David Lynch-esquire as some would have you believe, it is nowhere near that realm other than some trippy visuals. Saying it's artsy to disguise the fact there's no apparent plot or story is just a manner or justifying why you wasted the 1.5 hours in the film. The acting was good, but that cannot save lack of story. I do agree with the one comment posted previously... ""it's like being in some other person's head... while they're on drugs,"" in other words nothing makes sense."
tt0499603,10 Items or Less,Brad Silberling,2006,82,"Comedy,Drama","I love Morgan Freeman. Paz Vega is an attractive, appealing and talented actress. I'm sure that this would have been a good movie had anything happened in it. Nothing does. It's short (less than 90 minutes). It was 75 minutes too long. After an hour of frustration, I scanned through the remaining 20-odd minutes. Excruciating.<br /><br />Freeman plays an actor - who hasn't worked in a while - researching a part that he might play, as a checkout clerk in a supermarket. He visits the supermarket where she works. Nothing happens. She decides to give him a ride home and they go to an Arby's, a Target, a car wash. Nothing happens. They converse about their lives. Nothing happens. Ever.<br /><br />I don't get it. But I also don't get the Bill Murray flicks ""Lost In Translation"" and ""Broken Flowers"". If you like those movies, maybe you'll like this. Lots of people find movies like this whimsical, charming, or - for reasons that escape me - find the dialog fascinating. A common device in movies of this ilk is to have a LONG take of stillness/silence after an actor delivers a line that's supposed to be meaningful. We know it's meaningful because it's followed by two minutes of nothing on the screen. Sorry, I must be a philistine. I don't get it. To me, these kinds of movies aren't funny, or charming, or thought-provoking. They're just boring. Why? Because there's no comedy. No drama. No tension. No laughs. No suspense. No action. Nothing to watch. In short, none of the things I go to the movies for. I can be bored for free. I see oddball/quirky characters in real life. I go to Target, and fast-food restaurants, and car-washes. These elements do not a movie make, even if stars are doing this stuff. I pay to be entertained.<br /><br />If you're crazy about Morgan Freeman and just like to hear him ramble on about nothing, have fun. If you wanna drool over Paz Vega, you can look and listen to her. But nothing happens, I promise. A total snoozefest."
tt0758781,Seed,Uwe Boll,2006,90,Horror,"The name Uwe Boll is automatically linked to bad horror/cult cinema and every new movie he releases  which is about two, three per year  immediately always receives negative ratings and harsh criticism. You're actually almost tempted to think this is just a contemporary hype. You know, like it's popular to hate Uwe Boll whether you liked his movies or not. Let me just assure you that this is NOT the case. Uwe Boll is a terrible writer/director and quite frankly a menace to the entire film-making industry. ""Seed"" is another most unfortunate of proof that. In here, Boll tries so desperately hard to come across as controversial and shocking that he overlooks numerous other elements that any movie essentially needs to exist, like a plot, a narrative structure, character development, tension building ""Seed"" is a hideous movie, full of gratuitous filth and incompetent padding footage. I once read that ""Seed"" was Uwe Boll's interpretation of the nowadays popular horror trend of Torture Porn flicks, but that's not even close. The film inarguably does borrow some influences from ""Saw"" and ""Hostel"", but basically it's just another umpteenth dull slasher with an indestructible killer and video game violence. <br /><br />The first 45 minutes of ""Seed"" are beyond boring and actually just confirm all the obvious things you already knew were going to happen. For you see, Boll was stupid enough to begin his film with a (hyper- fast) scrolling text explaining there's a federal US law claiming that death row prisoners have to be set free if three attempts to electrocute them fail. So you know this will happen later on, but still the first three quarters are wasted on catching a serial killer and bringing him to the electric chair. Seed is a mute serial killer who supposedly slaughtered 666 victims (exaggerate much?) who wears a bag over his head. He watches real-life animal cruelty footage (and thus WE watch real-life animal cruelty footage; thanks for that Mr. Boll) and videotapes people as the slowly decompose in their cellar (including a crying baby which is really sick and twisted). When he's finally captured, during the most amateurish and implausible police manhunt ever filmed, and put on death row, the film even becomes more retarded. After being buried alive because the electric chair couldn't fry him, Max Seed crawls back to the surface and goes on a brand new killing spree; this time mainly focusing on the people who arrested and executed him. <br /><br />The senseless plot twists and complete lack of story depth of this movie go way past being just bad; they're downright infuriating and insulting the intelligence level of the average horror movie fanatic. Multiple twists and sub plot in ""Seed"" are simply impossible to accept by the reasonable functioning human mind because they're just too dumb! Nobody believes that cops and prison staff members will just bury a mass murderer alive without shooting a few bullets through his head first. Nobody will accept that a fugitive convict cannot be found for another six months even though he went straight back to the exact same hideout place where they first caught him! ""Seed"" is full of retarded little things like these and the movie gets dumber with each minute that passes. Personally, I refuse to accept that the cast & crew members didn't notice this as well. It really makes you think that Uwe Boll simply neglects all advice and criticism, and just stubbornly shoots his movies the way he wants to. I imagine his yelling stuff like ""shut up and do as you are told"" to his actors whenever they remark that the scene they're shooting doesn't make a lick of sense. <br /><br />Just for the fun of upsetting people, there's a gigantically overlong sequence where Max Seed smashes an elderly lady to death with a hammer whilst she's tied up to a chair in the middle of her own living room. Instead of shocking, as Boll intended it to be, this sequence masterfully epitomizes how pathetic and wannabe controversial the whole film in fact is. ""Seed"" is horrendous, it's disgusting, it's pitiable, it's  Boll."
tt0765447,Evening,Lajos Koltai,2007,117,"Drama,Romance","Some of these viewer comments are just ridiculous. Not painful to watch with your significant other? I was apologizing to my boyfriend the entire movie. <br /><br />It was so slow and awfully strange. <br /><br />Both Redgraves,Vanessa and Natasha were unfit for this, especially with Vanessa doing that ridiculous brash American accent. <br /><br />Claire Danes was the same wiggly-lipped awkward girl that she was in My So-Called Life. She has yet to push herself in any way. Girl, find a new way to pretend to cry! <br /><br />Meryl Streep was one of the only redeeming part of this movie, she was on screen for five minutes, and I swear to God, she reached out of the movie screen and slapped me awake. <br /><br />Oh! And Hugh Dancy, who gets better every time I see him. <br /><br />Glenn Close and Eileen Atkins were also great in their two and a half scenes. <br /><br />I mean, this was a well-shot movie, it was very pretty, the settings were interestingly dressed, providing relief for the intense boredom I was feeling. <br /><br />I don't know, It's just pretty pathetic when a movie that boasts a cast comprised of ""The greatest actresses of our time"" sucks so much. It sure had more than a few noticeable editing errors, and the main character (Ann) was a huge jerk. I was glad she died. But that's because I felt bad for Lila, Ann's friend -- mostly because these two ladies were better actors and made me feel a little empathy. <br /><br />Ugh. BAD job, Evening the film. You weren't entertaining and you weren't even thought-provoking. I sure hope the book was better, so it didn't waste even more of people's time. 3/10"
tt0780595,Redline,Andy Cheng,2007,95,Action,Okay so I went into this movie not really expecting much I figured an action flick similar to The Fast and the Furious. Some nice cars some nice girls somewhat of a decent plot. Unfortunately I would have to say that this was probably the worst movie I have seen this year. Don't get me wrong the cars were nice and the girls were OK but the way they put the movie together was just plain crappy to put it nicely. The story just never made you care about the cast and the movie seemed just pieced together. So overall this movie was not the worst thing ever by far but if your looking for a movie to go to this weekend I would pass on this one for now.
tt0783518,Flight of Fury,Michael Keusch,2007,98,"Action,Thriller","Unless you are mentally ill or the most die hard segal fan you will tire of this horrendous excuse for a film in under 5 minutes.<br /><br />The Plot - Even for a Seagal film, the plot is just stupid. I mean its not just bad, its barely coherent.<br /><br />The Acting - Unbelievably wooden. Literally seen better acting in porno's. Ironically this film tries to cash in on this audience which a 'lesbian love scene' which is utterly cringe-worthy.<br /><br />Special Effects - wouldn't look out of place in a 60's sword and sorcery flick.<br /><br />Unless you suffer from insomnia and have exhausted all other cures, don't make the same mistake as i did and buy this DVD, as you will be asking for that hour and a half of your life back."
tt0783608,The Walker,Paul Schrader,2007,108,"Crime,Drama,Mystery","The film is bad. There is no other way to say it. The story is weak and outdated, especially for this country. I don't think most people know what a ""walker"" is or will really care. I felt as if I was watching a movie from the 70's. The subject was just not believable for the year 2007, even being set in DC. I think this rang true for everyone else who watched it too as the applause were low and quick at the end. Most didn't stay for the Q&A either.<br /><br />I don't think Schrader really thought the film out ahead of time. Many of the scenes seemed to be cut short as if they were never finished or he just didn't know how to finish them. He jumped from one scene to the next and you had to try and figure out or guess what was going on. I really didn't get Woody's (Carter) private life or boyfriend either. What were all the ""artistic"" male bondage and torture pictures (from Iraq prisons) about? What was he thinking? I think it was his very poor attempt at trying to create this dark private subculture life for Woody's character (Car). It didn't work. It didn't even seem to make sense really.<br /><br />The only good thing about this film was Woody Harrelson. He played his character (Car) flawlessly. You really did get a great sense of what a ""walker"" may have been like (say twenty years ago). He was great and most likely will never get recognized for it. <br /><br />As for Lauren, Lily and Kristin... Boring.<br /><br />Don't see it! It is painful! Unless you are a true Harrelson fan."
tt0787475,Hot Rod,Akiva Schaffer,2007,88,"Comedy,Sport","Quite possibly the worst movie I've ever seen; I was ready to walk out after the first ten minutes. The only people laughing in the theater were the tweeners. Don't get me wrong, I love silly, stupid movies just as much as the next gal, but the whole premise, writing and humor stunk. It seemed to me that they were going for a ""Napoleon Dynamite"" feel - strange and random scenes which would lead to a cult audience. Instead, it ended up being forced, awkward and weird.<br /><br />The only bright light was Isla Fisher and I just felt utterly awful that she (and Sissy Spacek) had signed up for this horrible thing.<br /><br />Thank gosh I didn't pay for it."
tt0787523,Towelhead,Alan Ball,2007,124,Drama,"I saw this film at its premier at Sundance 09.<br /><br />Since American Beauty is a movie that had something to say, I had hopes for Towelhead. Unfortunately, it was a disappointment. In fact, of countless movies I've seen in almost a dozen Sundance festivals, Towelhead is the only Sundance movie I've ever wanted to walk out early from.<br /><br />The worst problem with Towelhead is that it so obviously originates with a collection of ""provocative"" concepts concerning cultural stereotypes, rather than with an organic human drama. The screenplay derives from the novel of the same name by Alicia Erian. The famous Edith Wharton quote comes to mind: I have never known a novel that was good enough to be good in spite of its being adapted to the author's political views. That observation is especially devastating for Towelhead because its political views are so stale and simplistic. If there ever was a time when Towelhead's white male villains, condescending portrayals of blacks, ironic treatments of foreign cultures, etc., were fresh, it's long past.<br /><br />For a more detailed review, please look up any of the many professional reviews available online. Almost all rate this movie poorly and expose the shallow and manipulative tissue it is based on.<br /><br />On the other hand, the amateur reviewers seem more easily bamboozled. As you read through the reviews in this and similar sites, you'll frequently come across superlatives: ""stunning,"" ""breathtaking,"" ""profound,"" ""shocking,"" ... It embarrasses me to read them, but it does not surprise me. Indeed, I've encountered many people who seem to regard any book or movie dealing with racial, cultural, gender, or sexual issues as deeply moving, thought provoking, full of profound insight. If you are such a person, by all means, rent Towelhead and be moved by it. On the other hand, if you set your standards higher, you can safely pass on this one."
tt0791304,Georgia Rule,Garry Marshall,2007,113,"Comedy,Drama","I haven't seen this, & don't plan to see this movie or any other that includes Lindsay......unless & until ""poor little rich girl"" straightens out her life for a 2 year period beginning with her most recent arrest in July 2007.<br /><br />In fact, I don't know anyone that has gone to see ANY of Lindsay's recent movies. I rather imagine 2007 will be the high water mark in her movie making career, until she cleans up her act. All of the recent publicity has only hindered her movie making career, if she has any further aspirations to make any more movies <br /><br />Up to this time, movie producers have actively sought Lindsay for roles in their upcoming production. Now, Lindsay will probably have to go to auditions & actually compete for ANY role. Her reputation is currently ""poison"" & quite possible could have a negative effect on box office ticket sales on any movie she is in.<br /><br />Sooooo....now Lindsay is going to have to deal with ""not being wanted"".....is she going to be able to handle this?<br /><br />I wonder if even Jay Leno will want to have Lindsay back on his TV Show?<br /><br />All of the foregoing is merely my OPINION. I have no inside information."
tt0800069,The Hills Have Eyes 2,Martin Weisz,2007,89,"Horror,Thriller","The premise of this awaited sequel was really good and after the huge success of the remake I expected a lot sincerely.<br /><br />The sad truth is that this movie is really absurd and inept. The situations are dumb and beyond reason and the acting is truly awful.<br /><br />This time there aren't likable characters or violins unlike the remake. Also, the gore is not that abundant and when it happens it's truly bad.<br /><br />The violence is minimal and it's a shame because there are many arguments that make you think that there's room for heavy violence. I mean, there's a SWAT team that is hunting a family of cannibal mutants. You surely expect something different! When I watched it on the movies I wanted my money back.<br /><br />Anyways this is a clear example of how rushed out movies turn out to be a mess and demonstrate poor quality on all aspects.<br /><br />A mess that let down the fans of the remake like me. That's why sequels are never welcomed; at least this movie isn't as terrible as the 1985 sequel to the original."
tt0806203,Carriers,"David Pastor, Àlex Pastor",2009,84,"Adventure,Drama,Horror","""Carriers"" follows the exploits of two guys and two gals in a stolen Mercedes with the words road warrior on the hood hightailing it down the highway for the beach with surfboards strapped to the top of their car. Brian (Chris Pine of ""Star Trek"") is driving and his girlfriend Bobby (Piper Perabo of ""Coyote Ugly"")has shotgun, while Brian's younger brother, Danny (Lou Taylor Pucci of ""Fanboys"") and his friend--not exactly girlfriend--Kate (Emily VanCamp of ""The Ring 2"") occupy the backseat. This quartet of twentysomething characters are living in a nightmare. Apparently, a viral pandemic--which co-directors & co-scenarists Alex Pastor and David Pastor tell us absolutely nothing about--has devastated America. Naturally, the lack of exposition shaves off at least fifteen minutes that would have slowed down this cynical melodrama about how humans degenerate in a crisis and become their own worst enemies.<br /><br />This lethal virus gives you the shingles and then you bleed and die. Most everybody runs around wearing those white masks strapped to their nose and mouth by a thin rubber band. Initially, this foursome encounters a desperate father, Frank (Christopher Meloni of ""Runaway Bride""),and his cute little daughter Jodie (Kiernan Shipka of ""Land of the Lost"") blocking the highway with their SUV. Brian swerves around Frank when he tries to waylay them, but in the process, the oil pan in their Mercedes ruptures and they wind up on foot. Reluctantly, they hitch a ride with Frank after they seal Jodie up in the rear of the SUV. She wears a mask over her nose and mouth and it is speckled with blood. Frank has heard that doctors are curing ailing people at a hospital and they head to it. Sadly, somebody has lied to Frank. The hospital physician is giving the last couple of kids some Kool-Aid that will put them out of their misery. The cure did not improve their condition. Everybody else in town is dead. Kate tries without success to get a dial tone on every phone. Frank realizes that there is no hope for his daughter and he lets the heroic quartet appropriate his SUV and take off.<br /><br />Indeed, ""Carriers"" qualifies as a relentlessly depressing movie about the effects of a pandemic on four sympathetic people who degenerate into homicidal murderers to protect themselves. They reach a country club and frolic around on a golf course until another four show up in suits and masks with pump-action shotguns. Incredibly, our protagonists manage to escape without getting shot, but Brian has a scare when he almost falls into the water with a floating corpse. Eventually, they discover that one of them has become infected. Later, as they are about to run out of gas, Brian blocks the highway like Frank did at the outset. Danny tries to stop a pair of older Christian women driving the car. Danny lies that his pregnant wife is about to give birth and he needs their help. Brian throws caution to the wind and blasts away at the ladies with his automatic pistol when they refuse to help them. Brian catches a slug in the leg from the passenger, but he kills her. <br /><br />No,""Carriers"" is not a beer & pizza movie that you can either laugh off or laugh with because the humor is virtually non-existent. By the end of this 84-minute movie, our heroes have turned into villains who only care only for themselves and their plight. Chris Pine makes quite an impression as fun-loving Brian and his energetic performance is the only reason to hang with this hokum, while the only other well-known actress, Piper Perabo, is relegated to an inconsequential girlfriend role. As Bobby, she makes tragic the mistake of showing compassion to a dying little girl and pays an awful price. It is a testament to Pine's performance that he can change his character to the point of putting himself before others. Essentially, Pine has the only role that gives him the ability to pull a one-eighty from happy-go-lucky guy to heartless guy. <br /><br />The two directors are Spanish brothers, and they never let the momentum flag. Since there is no relief in sight, ""Carriers"" sinks into predictability. ""Irréversible"" cinematographer Benoît Debie does a fantastic job with his widescreen lensing and as unsavory as this road trip becomes, Debie makes it look like a dynamic film. Aside from the lack of a happy ending or closure in any sense of the word, ""Carriers"" suffers because it is so horribly cynical. The scene when the German shepherd attacks Danny conjures up the most suspense, but even it could have been improved. Unfortunately, the Pastor brothers do not scare up either much tension or suspense. By fade-out, you really don't care what happens to anybody."
tt0815241,Religulous,Larry Charles,2008,101,"Comedy,Documentary,War","Bill Maher's Religulous is not an attack on organized religion. It's an attack on Christianity and Islam. Apart from ridiculing a bunch of Rabbis inventing warped machines to get around Sabbath regulations, he really doesn't attack Judaism and seems enraged when a Rabbi actually challenges the existence of the State of Israel. If Bill Maher followed his hypothesis to its logical conclusion, he would realize that the very creation of Israel in the Palestinian Territories is based on the so called 'holy books' of organized religion. This is evidence of his complete and utter lack of objectivity or focus in the creation of this film.<br /><br />I find it really hard to believe that the man is atheist or even all that intelligent. Anyone can go up to a religious person and laugh at them and call them stupid for their beliefs but what do you have to offer them in return? Nowhere does he actually tell them why he thinks they're stupid. What makes him the ""rational"" person in the room? In a way it reflects how he really isn't and in the process ends up looking just as stupid as those people.<br /><br />If you want to watch a good movie/documentary about the actual evils of religion and how religion can actually be detrimental to the human civilization, watch Richard Dawkins' 'Root of All Evil?'. It is a brilliantly researched documentary, clearly outlining what it hopes to achieve and how.<br /><br />Bill Maher's Religulous is not funny, poses no interesting questions nor does it provide any insight on so controversial a topic. It seems to be the rantings and ravings of an old man disgruntled with his Catholic upbringing. I almost feel sorry for him."
tt0818682,Islam: What the West Needs to Know,"Bryan Daly, Gregory M. Davis",2006,98,Documentary,"It is not obvious from viewing this film (so I recommend viewers research the people who present their case in it) but this presentation on the realities of Islam, and its encouragement of violence and intolerance against all non-Muslims is lacking objectiveness, and also completely fails to factor in the human condition. It is one thing to document that the Koran says many things about how a devout Muslim is required to interact with non-Muslims, but any realist is able to realize that not every human who feels himself or herself to be a follower of Islam, will agree with and comply with all tenets of that faith and system. There is reason to call much about the presenters into question, such that viewers need to see the presentation with a healthy skepticism; don't swallow it all, hook, line, and sinker, without some thinking of your own.<br /><br />One specific, for instance, is researching the person Walid Shoebat; who claims to be a former Muslim who perpetrated an act of terrorism in Bethlehem. There are many wise people in the world who believe neither of these assertions. I am not nor have I ever been a Muslim. I have never read the Koran. I am not a Christian, nor a member of _any_ faith. But I am an intelligent and discerning human. While the film is quite disturbing, in its presentation of how SOME Muslims view their obligation to Islam; I remind you that there is more to Islam than the views of the fundamentalists. Just as their are fundamentalists and evangelical Christians, so, too, there are variations in the intensity of belief and obligation among Jews and Muslims.<br /><br />When you watch this film, you need to have the salt shaker on hand. One grain will not be enough, you'll need more. Please use your own mind and think for yourself, research what is presented, and evaluate the state of the world and how Islam fits within it based on more than what is said in 98 minutes of video. There is a common thread of political affiliation among those who put this film together, indicating a definite bias. Be your own brain."
tt0828154,The Pervert's Guide to Cinema,Sophie Fiennes,2006,150,Documentary,"Already his first claim, that desires are always artificial, is totally fallacious.<br /><br />When a Jehovah Witness reject gets his own documentary on movies  or anything for that matter - it's time for anyone to get their own. Although far, far more intelligent than, say, Paris Hilton (I know, not too difficult) Zizek's mouth spews just as much baloney as hers, just a different kind. He combines the worst from both his professional worlds: psychoanalysis and philosophy. Both fields are notorious for conveniently offering the expert b*lls***osopher plenty of leeway to create unprovable theories, to rant without a beginning or end, and to connect concepts almost randomly, in the process misusing the English language by creating a semantic jumble only a mother can love. Example: there are three main Marx brothers hence what a ""great"" idea to connect them with three levels of human consciousness, the id, the ego and the super-ego. I'm kind of surprised he didn't play a clip from ""Snowhite"" and make an analogy between the seven dwarfs and the seven levels of Gahannah (Moslem hell). It's like the premise of Schumacher's ""The Number 23"": play with numbers long enough, and you can come up with any kind of cockamamie theory you want, even linking Ancient Greeks with Princess Di's death.<br /><br />However, there is an entertainment element to TPGTC: watching a raving lunatic sweat like a hog while uttering delusional chants masked as intellectual analysis can be quite a lot of fun. Why watch ""Cuckoo's Nest"" or any other madhouse drama when you can have Zizek for more than 2 hours? It's like watching an amusing train wreck. Admittedly, he is almost funny on one or two occasions.<br /><br />I have always been mystified by people who desperately try to elevate movie-making into an exalted intellectual social science. Giving idiotic movies like ""Birds"" this much thought, hence this much credit, probably has its fat creator laughing in his grave. The raw truth is that the vast majority of movies have zero intellectual value, and the few ones that do have some intelligence don't require a shrink-turned-philosopher to draw one a map to understand them  unless one is a complete idiot. Zizek sees layers and layers of meaning in the most banal movies. Hallucinogenic drugs must be rather popular and cheap in Slovenia these days...<br /><br />When Zizek showed the bathtub hole in the ""Psycho"" shower scene, I thought he was going to say something about galactic black holes; how they drain the life out of stars just as the bathtub hole sucks in Janet Leigh's blood. Or perhaps he could have said how the hole represents Leigh's vagina, with the blood flowing into it instead of out (as in menstruation), this representing some kind of ""clever (Zizekian) irony"". Speaking of which, the real irony is that if Hitchcock had really put that much thought into every scene (and the script), his movies wouldn't have been the illogical, far-fetched crap that they often are. The point of these bathtub hole analogies was to show just how easy it is to improvise about ""hidden, deep meanings"". And when you add Zizek's fanciful terminology from philosophy and psychology, layering these terms on top of these analogies like wedding cake decorations, you get a rambling jumble that can instantly impress the uneducated - i.e. the easily impressionable and the gullible.<br /><br />Zizek utters a number of (unintentionally) funny things here, one of the most absurd ideas being when he associates Anthony Perkins's cleaning of the bloodied bathroom with ""the satisfaction of work, of a job well done"". Don't laugh... Neither Hitchcock nor the writer of ""Psycho"" could have ever even vaguely entertained this notion that Perkins might be enjoying a job well done - the cleaning of a blood-stained toilet - while they were conceiving/directing that scene. Talk about putting words into one's (dead) mouth, but in the context of misinterpreting what the director had to ""say"".<br /><br />I like Zizek's initial thoughts on Tarkovsky's terrific ""Solaris"", but then he has to ruin a rare good impression by dragging in ""anti-feminism"" and other nonsense into his theory.<br /><br />Zizek's attitude towards logic is that of a dog toward its plastic bone. ""I just want to play with it all day!"" Logic has its rules, and is not supposed to be raped - at least not publicly - by the likes of him. He seems to regard logic, proof, common-sense, and reason as enemies or mere throwaway toys; concepts to be either avoided, twisted to fit the end-goal, or simply annihilated. Zizek is the LSD-tripped hippie, and all his favorite movies are his own personal ""2001""s.<br /><br />The fact that Zizek over-focuses on two of the most overrated directors - and ones whose films often LACK intelligence, if anything - such as Hitchcock and Lynch, only further diminishes his already low credibility. I was surprised De Palma didn't feature more prominently; that's another lame director who writes inept scripts. Zizek has a field day with Lynch's incomprehensible ""Lost Highway"". There are just as many interpretations of that movie as there are people who watched it.<br /><br />Zizek's comment that the viewer readily accepts von Trier's laughable, ""ground-breaking"" physical set-up in ""Dogville"" made me snicker. <br /><br />However, Zizek doesn't only make up stuff as he goes along, he also indulges heavily in the ""bleedin' obvious"". Like all ""social scientists"" (an oxymoron), he wraps his very trite ""observations"" into articulate (if full of spitting) and sometimes complex blankets of language. After all, sociology functions in precisely the same way: it makes us believe we are hearing something new when in fact it's what we already all know, but told in an eloquent way - which fools the more unobservant listener.<br /><br />I was half-expecting for men in white suits to suddenly appear out of nowhere and strap him up in a loonie-suit...<br /><br />Slavoj Zizek: soon as a stalker in a kid's park near you.<br /><br />http://rateyourmusic.com/list/Fedor8/150_worst_cases_of_nepotism/"
tt0840094,Five Days,"Otto Bathurst, Toby Haynes, Simon Curtis, Peter Hoar",2007,60,"Crime,Drama,Mystery","If you don't mind having your emotions toyed with, then you won't mind this movie. On the other hand, if you enjoy British crime mysteries, following clues and seeing how they all logically fall into place at the end, you'll be very disappointed.<br /><br />Here are some of the logical inconsistencies that lead to that disappointment: <br /><br />* While the police utilize the CCTV cameras early on to gather clues about the mystery, the huge truck that stopped and blocked the children's view just before her disappearance doesn't get caught on camera. This is a critical piece of the mystery. It's inconsistent to have the car the children were in caught on camera and not the big truck that is so critical to the mystery.<br /><br />* The movie goes to great lengths to show the sophistication of the equipment in tracking down the children's movements but misses the opportunity to utilize the same sophisticated equipment is tracking down vehicles that may have entered the crime scene from camera-visible locations adjacent to the crime scene as part of developing clues.<br /><br />* In England, driving is on the left. The director goes out of his way to have the car at the crime scene park on the right, several meters away from the flower kiosk, when it could have easily parked immediately behind, or even on the side; as the huge truck did.<br /><br />* The police forensics team is so meticulous as to find a discarded cell phone in a sewer drain several miles from the scene of the crime, but can't find any blood evidence from the head injury right at the crime scene, even though they secured the scene just hours after the disappearance and with no intervening rainfall.<br /><br />* Search dogs were not used at all to find the missing children; this from the country that is well known for developing the hound dog for search and hunting.<br /><br />* It is illogical that such a highly publicized news story would not turn up the presumably innocent truck driver that stopped at the flower kiosk.<br /><br />* It is illogical that the mother would go to such extremes and expend so much effort to leave carpet fiber clues under her fingernails for her eventual murder investigators even coaxing her daughter to do the same-- while she simply could not have crawled out of the unguarded mobile home. If she had enough sense about her to ask her daughter to get carpet fibers under her nails, she could of just as easily asked her daughter to call out for help or even leave the mobile home that was in a crowded residential park.<br /><br />* The suspect that abducted the little girl was portrayed as mentally slow/dimwitted --justifying his unknowingly drowning of the mother but, he was smart enough not to cooperate with the police and also fully exercise his rights not to self-incriminate.<br /><br />There are more inconsistencies like this that will lead to a true sleuth aficionado's disappointment. 'Five Days' is a very weak British crime story."
tt0885435,I Love New York,"Tom Maguire, Zach Kozek, Claudia Frank, Robert Sizemore, Matthew Ruecker, Ryan Polito",2007,60,Reality-TV,"""I Love New York"" is another entry by VH-1 (MTV Networks) showing the entertaining side of dating a shrill, obnoxious, woman. It must have been an easy decision to take the most wildest, Ebonics speaking, craziest contestant - and her mother - and give them a show on this network. Many will argue, ""this is a show"". True, it's not as bad as it's previous show, ""Flavor of Love"" - but it's just as bad.<br /><br />It reminds me of a skit from the 90's show ""In Living Color"" where Keenan Ivory Wayans was imitating the boxer Mike Tyson on ""The Love Connection"" dating show and he picked ""Robin Givens"" for a date. Mike talked of how the date was okay, but how the obnoxious mother kept butting in. This show reminds me of that.<br /><br />The men are chosen and given names to degrade themselves and the woman that they are dating more - (I would think an intelligent man looking to date an intelligent woman would NOT allow her - and her mother - to give you a name that is so ghetto, you'll embarrass yourself every time you appear on TV.) but these are professional reality actors, so why bother.<br /><br />It escapes me to discover what is so entertaining about all of this. The fact that this is as fake as her newly implanted additions? 15 Minutes of fame and hundreds of thousands of dollars in ad time for the network? (Well, you can't hate them for trying to make a buck.) Maybe the wonder is - who would want to be with this woman past an hour? Or wonder if she and her mother's next show would be on the WWF! Any way you slice it, it's a train wreck you've seen countless times before so by now the shock value is down to nil.<br /><br />No twist or turn will make this a more interesting train wreck, or any different from any of the others. Appeals to the lowest common denominator and for those calling an ""end"" to reality shows, this is just another nail in the coffin as to why they should end, immediately."
tt0887971,While She Was Out,Susan Montford,2008,86,"Crime,Drama,Thriller","My, how the mighty have fallen. Kim Basinger is a great actress but she was definitely slumming when she took this role. This movie is bad for one reason in particular: lapses in logic. Its looks like one of those movies that would have been passable with all its plot holes if it had came out in the 80s and 90s but in 2008 it just looks real stupid. This is the worst thriller I've ever seen and I've seen The Bone Collector and Twisted.<br /><br />The story details Della(Kim Basinger)is just getting from buying gifts in a mall an is harassed by a gang of thugs that end up killing a cop that came to her aid. From then on she is chased by these idiotic goons through an abandoned street and she gets rid of them one by one with a toolbox full of tools.<br /><br />So many things are wrong with this movie. As I said this movie leaps over logic at every turn and with the exception of Kim Basinger, the acting is made-for-TV bad. Hell, this pseudo thriller is made-for-TV bad. The way she kills each of these politically correct thugs(1 Caucasian, 1 Hispanic, 1 Asian and 1 African American all coming together to stalk a Caucasian woman. Don't you just love America?)is laughable to a fault. The way she killed the Hispanic guy made me laugh hysterically. The sex scene with the main hoodlum was so out in left field that it make you shake your head in shame. I only recommend this to lovers of bad films and no one else. Anybody else especially Kim Basinger fans would do well not to own this flick. You don't want see an actress you respect in a film this bad now do you? Of course not. You were warned."
tt0906091,To Die in Jerusalem,Hilla Medalia,2007,40,"Documentary,Short","It's pretty clear that the director and production crew set out to paint a less than flattering picture of the Palestinian girl and her family. The film and it's website tries to imply that Ayat has a secret reason for blowing herself and Rachel up- a boyfriend problem- perhaps pregnancy. Neatly glossed over is the fact that Ayat had herself just witnessed the death of a close friend at the hands of the Israelis'-just outside her home. Gosh,so why on earth would a young, pretty, intelligent girl with plans for college go and do such a thing? Could it be that the hormonal, emotional teenager was traumatized by seeing seeing someone she loved die before her very eyes? This detail merits all of 5 seconds in the movie. Another neatly sidestepped detail is that Avigail Levy, Rachels' mother, could have prevented the destruction of the building the Akhras family lived in(along with 22 other families). One distinctly gets the impression that she's offering this as a ""concession"" - should Mrs. Akhras agree to speak with her.""why should I?"" she says.(since the movie was made the home has been destroyed- apparently the interview didn't result in what she wanted- so bring on the bulldozers)Mrs Levy claimed that she ""wanted the movie to be cathartic as well as a symbol of hope, a chance to transcend entrenched hatreds""- instead she uses it as an excuse to harangue Ayats mother, while dangling the house as a carrot.Moreover although the two women live only 4 miles apart, she is so out of touch with the realities of the occupation for her Palestinian neighbors, that she really thinks that Mrs. Akhras can just drop over for a cup of coffee?Please.And she forgoes the one chance she had to meet Mrs. Akhras in person and see what kind of life she lives.(the Akras family originally came from Jaffa, but now live crammed into a refugee camp only 4 miles from where the Levys live in comparative luxury.Any sympathy I would have had for the obviously well to do Mrs. Levy is dissolved by her air of self-righteous bitchiness.By contrast, Ayats mother comes off as kind,forthright and loving- in spite of the best efforts by the post production crew to paint her and her family as monsters. Heck even the music and sound design was one sided- I guess the muezzin sings ALL day every day 4 miles from the Levy family home, always in a sharply contrasting key from the sappy new-age music that scores this drab excuse for a documentary.Also there is the small matter of translations - Mrs. Levy DIRECTLY addresses the camera in English when she has something worked out to say ahead of time, Hebrew when she doesn't. Mrs.Akhras spoke only Arabic which received sometimes a TRANSLATION, sometimes TRANSLITERATION, always awkward, and very suspect for a supposedly objective movie.They also ""sweated"" her under the lights, while Mrs. Levy sat in (air conditioned) comfort.Rotten editing for Mrs. Akhras' segments too. I gave it a 2 because I liked Ayats mother and father, who seemed like good decent people. Shame on HBO, producers and director, for releasing such a stink-bomb."
tt0926129,Prom Night,Nelson McCormick,2008,88,Horror,"...let me count the ways.<br /><br />1. A title-only 'remake' that pulls out every cliché in the slasher handbook.<br /><br />2. A plot so predictable that it becomes quite pathetic.<br /><br />3. A completely weak execution of all attempts at suspense or thrills.<br /><br />4. A PG-13 rating that insures no gore, violence, or sex.<br /><br />5. A villain that is not frightening or even mysterious.<br /><br />6. A cast of characters that are so thinly written and stereotyped that we couldn't possibly care about them.<br /><br />7. A lack of any effectively creepy atmosphere (much unlike the original Prom Night).<br /><br />8. A script of dialog that's beyond poor - it's mind numbing. <br /><br />9. A series of cardboard performances (not sure whether to blame the actors or the lousy aforementioned script for that).<br /><br />10. A completely inept teen-targeted slasher remake that's not brave enough to attempt to have an imagination - or even to show a puddle of blood.<br /><br />It's a no-brainer horror fans, save your money.<br /><br />BOMB out of ****"
tt0974959,American Pie Presents: Beta House,Andrew Waller,2007,85,Comedy,"First off to get my own personal feelings out of the way let me start by saying that I hate so called comedies where every single character is written and played as being so stupid that you wounder if they're all the result of inbreeding.<br /><br />Now I will say this I did see the first three American Pie movies and while they weren't the most amazing movies that I'd ever seen they were all right (and outright masterpieces compared to the three ""American Pie Presents"" films), I still feel compelled to ask what the hell were they thinking when they made this movie?<br /><br />I also have a few other questions too.<br /><br />Who thought that this was an acceptable use of studio funds and production resources? <br /><br />who approved the final script (and what was that person smoking when they approved it)? <br /><br />And lastly why did anyone think that it deserved to be released into theaters where the average cost of admission is between 10 and 15 dollars depending on where you live when it should have gone straight to the discount bin at Blockbuster or Wal Mart?<br /><br />There is so much wrong with this movie that I can't write a really comprehensive review of it because it would exceed the maximum allowed words on this forum so I'll just touch on the biggest things wrong with it.<br /><br />The plot is generic uninspired and stupid and characters are all about as interesting as watching paint dry for eighty minutes but the biggest thing that I can see wrong with this movie is the acting.<br /><br />While most of the cast are talentless no namers who will probably be forgotten in a few years,<br /><br />the one and only big name in this movie is Eugene Levy who spends almost all of the time he is on screen with this knowing smirk on his face that says to the viewer ""I know this isn't funny and I'm wasting my talents but hey I'm getting payed for it so who cares"" he doesn't even try to make any of his jokes funny (he really deserves better than this garbage). <br /><br />As I mentioned above most of the rest of the cast are horrible even though some of them have been in some really great TV shows, Tyrone Savage (from the classic Canadian series Wind At My Back) plays a character who is so unbearable unlikeable and irritating (there are things that he could teach to tropical skin diseases)that you almost wish he'd die a slow and painful death on screen, Christopher McDonald (NCIS, Law & Order) just hangs around on screen and wastes what talent he does have by being in this film.<br /><br />Maybe the next film in this series will just be a soft core porn with a story line so they can get around the MPAA and get an R rating this movie goes all out with pointless nudity vulgarity and pointlessly offencive sexual content that it should have gotten the X rating (the ratings board must have been drunk or on drugs when they reviewed this film for its rating). <br /><br />It's interesting that twenty five years ago when Wes Craven submitted A Nightmare On Elm Street to the MPAA for a rating review they forced him to cut twenty five seconds of footage (I believe that it was part of a death scene that had a silicone casting of a breast in it) to avoid getting an X rating and he had no other choice but to do it or the film wouldn't have been released, <br /><br />but this kind of needlessly offensive trash can get the R rating today because it's all done in the name of comedy, if this movie was a drama or horror film with this kind of content there would have been a huge stink over the content and it would havegotten the dreaded X rating.<br /><br />The last thing that really annoys me is the writing, this movie is written to play out like the wet dream of some twelve year old kid with an extremely overactive sexual imagination its quite juvenile and extraordinarily crass, nearly every expository situation that is supposed to move the corpse that this movie calls a plot along is so telegraphed that any intelligent viewer can see it coming a mile away and and the so called characters are just stereotypes of stereotypes of stereotypes, never mind the often repulsive sexual references and constant unnecessary scenes of deviant sexual behavior it feels like this film was written by some incompetent first year hack in a low rent film school script writing class.<br /><br />the long and short of it is its time to kill this series before it gets any stupider more crass and offensive, this pie is filled with road apples."
tt0995752,Tashan,Vijay Krishna Acharya,2008,120,"Action,Comedy,Drama","The storyline was okay. Akshay Kumar was good as always and that was the only good thing about the movie. Kareena Kapoor looked bad. There was so hue and cry over her size zero but she did not looked good leaner. I don't know why the hell did Anil Kapoor accepted such a bad role. There was nothing much to do for him in the movie. Just because it is a Yashraj film does not means that an actor should accept the role however bad it is. Said Ali khan was alright. I think that it is high time that Indian directors and producers start thinking of Indian customers as intelligent lot. What are we ? fools!!!! What do they think, they will show 2 men taking on a SWAT squad to teeters and we will believe them. Is the Indian police so stupid that they are trying to nab some criminals.... they take an entire squad of 100 + policemen and no one was there to surround the palace. The action was crap and I have never seen such bad action. Akshay Kumar was between a circle of 30-40 policemen all shooting at him..... and he shooting back at them. None of the policemen's bullet touched him but he killed all the policemen. Crap. CRAP.<br /><br />I think the fight director who thought of this scene should take retirement.<br /><br />I strongly recommend NOT TO SEE THIS MOVIE."
